season,week,game_id,home_team,away_team,home_score,away_score,point_diff,pred_home,home_win,neutral
2010,1,2010_01_MIN_NO,NO,MIN,14.0,9.0,5.0,0.6308379805132328,1,False
2010,1,2010_01_MIA_BUF,BUF,MIA,10.0,15.0,-5.0,0.6003422868728453,0,False
2010,1,2010_01_DET_CHI,CHI,DET,19.0,14.0,5.0,0.7369390991639005,1,False
2010,1,2010_01_IND_HOU,HOU,IND,34.0,24.0,10.0,0.5266224644723504,1,False
2010,1,2010_01_DEN_JAX,JAX,DEN,24.0,17.0,7.0,0.5393549520473296,1,False
2010,1,2010_01_CIN_NE,NE,CIN,38.0,24.0,14.0,0.6903881307728386,1,False
2010,1,2010_01_CAR_NYG,NYG,CAR,31.0,18.0,13.0,0.5201978985208654,1,False
2010,1,2010_01_ATL_PIT,PIT,ATL,15.0,9.0,6.0,0.6006531147845685,1,False
2010,1,2010_01_CLE_TB,TB,CLE,17.0,14.0,3.0,0.5860329326123542,1,False
2010,1,2010_01_OAK_TEN,TEN,OAK,38.0,13.0,25.0,0.7285048536947355,1,False
2010,1,2010_01_GB_PHI,PHI,GB,20.0,27.0,-7.0,0.5870448911929784,0,False
2010,1,2010_01_SF_SEA,SEA,SF,31.0,6.0,25.0,0.4839545026431023,1,False
2010,1,2010_01_ARI_STL,STL,ARI,13.0,17.0,-4.0,0.36298510001143763,0,False
2010,1,2010_01_DAL_WAS,WAS,DAL,13.0,7.0,6.0,0.45070903174200516,1,False
2010,1,2010_01_BAL_NYJ,NYJ,BAL,9.0,10.0,-1.0,0.5787654262842313,0,False
2010,1,2010_01_SD_KC,KC,SD,21.0,14.0,7.0,0.3616580085091585,1,False
2010,2,2010_02_ARI_ATL,ATL,ARI,41.0,7.0,34.0,0.5564204932563569,1,False
2010,2,2010_02_TB_CAR,CAR,TB,7.0,20.0,-13.0,0.6528175574274471,0,False
2010,2,2010_02_BAL_CIN,CIN,BAL,15.0,10.0,5.0,0.4906620156355319,1,False
2010,2,2010_02_KC_CLE,CLE,KC,14.0,16.0,-2.0,0.59183328982268,0,False
2010,2,2010_02_CHI_DAL,DAL,CHI,20.0,27.0,-7.0,0.6502661427217158,0,False
2010,2,2010_02_PHI_DET,DET,PHI,32.0,35.0,-3.0,0.32744793090631297,0,False
2010,2,2010_02_BUF_GB,GB,BUF,34.0,7.0,27.0,0.6973647959288729,1,False
2010,2,2010_02_MIA_MIN,MIN,MIA,10.0,14.0,-4.0,0.6448070611888638,0,False
2010,2,2010_02_PIT_TEN,TEN,PIT,11.0,19.0,-8.0,0.6019783972075516,0,False
2010,2,2010_02_SEA_DEN,DEN,SEA,31.0,14.0,17.0,0.5754980987420277,1,False
2010,2,2010_02_STL_OAK,OAK,STL,16.0,14.0,2.0,0.653385637291331,1,False
2010,2,2010_02_NE_NYJ,NYJ,NE,28.0,14.0,14.0,0.4965535611429004,1,False
2010,2,2010_02_JAX_SD,SD,JAX,38.0,13.0,25.0,0.6895428218287901,1,False
2010,2,2010_02_HOU_WAS,WAS,HOU,27.0,30.0,-3.0,0.4908657484713492,0,False
2010,2,2010_02_NYG_IND,IND,NYG,38.0,14.0,24.0,0.6250620515949287,1,False
2010,2,2010_02_NO_SF,SF,NO,22.0,25.0,-3.0,0.4210392307579593,0,False
2010,3,2010_03_CLE_BAL,BAL,CLE,24.0,17.0,7.0,0.7034160314296086,1,False
2010,3,2010_03_CIN_CAR,CAR,CIN,7.0,20.0,-13.0,0.6050223335493977,0,False
2010,3,2010_03_DAL_HOU,HOU,DAL,13.0,27.0,-14.0,0.6432171469270311,0,False
2010,3,2010_03_SF_KC,KC,SF,31.0,10.0,21.0,0.5770061252120184,1,False
2010,3,2010_03_DET_MIN,MIN,DET,24.0,10.0,14.0,0.7945699249625802,1,False
2010,3,2010_03_BUF_NE,NE,BUF,38.0,30.0,8.0,0.7218086294574829,1,False
2010,3,2010_03_ATL_NO,NO,ATL,24.0,27.0,-3.0,0.6601305673525903,0,False
2010,3,2010_03_TEN_NYG,NYG,TEN,10.0,29.0,-19.0,0.5173741971061174,0,False
2010,3,2010_03_PIT_TB,TB,PIT,13.0,38.0,-25.0,0.4809795921095282,0,False
2010,3,2010_03_PHI_JAX,JAX,PHI,3.0,28.0,-25.0,0.4494754624154982,0,False
2010,3,2010_03_WAS_STL,STL,WAS,30.0,16.0,14.0,0.40695237956619673,1,False
2010,3,2010_03_OAK_ARI,ARI,OAK,24.0,23.0,1.0,0.6935030109328061,1,False
2010,3,2010_03_IND_DEN,DEN,IND,13.0,27.0,-14.0,0.4698806050236181,0,False
2010,3,2010_03_SD_SEA,SEA,SD,27.0,20.0,7.0,0.41340101365574383,1,False
2010,3,2010_03_NYJ_MIA,MIA,NYJ,23.0,31.0,-8.0,0.5091232114839968,0,False
2010,3,2010_03_GB_CHI,CHI,GB,20.0,17.0,3.0,0.4679218066192506,1,False
2010,4,2010_04_SF_ATL,ATL,SF,16.0,14.0,2.0,0.7424678696978043,1,False
2010,4,2010_04_NYJ_BUF,BUF,NYJ,14.0,38.0,-24.0,0.4207655962575105,0,False
2010,4,2010_04_CIN_CLE,CLE,CIN,23.0,20.0,3.0,0.47778131815545233,1,False
2010,4,2010_04_DET_GB,GB,DET,28.0,26.0,2.0,0.8463686845059426,1,False
2010,4,2010_04_CAR_NO,NO,CAR,16.0,14.0,2.0,0.7049587904091065,1,False
2010,4,2010_04_BAL_PIT,PIT,BAL,14.0,17.0,-3.0,0.6221487200548985,0,False
2010,4,2010_04_SEA_STL,STL,SEA,20.0,3.0,17.0,0.4721367191094666,1,False
2010,4,2010_04_DEN_TEN,TEN,DEN,20.0,26.0,-6.0,0.6807648823343097,0,False
2010,4,2010_04_IND_JAX,JAX,IND,31.0,28.0,3.0,0.3916222722932986,1,False
2010,4,2010_04_HOU_OAK,OAK,HOU,24.0,31.0,-7.0,0.3854598895895739,0,False
2010,4,2010_04_WAS_PHI,PHI,WAS,12.0,17.0,-5.0,0.7322279266431636,0,False
2010,4,2010_04_ARI_SD,SD,ARI,41.0,10.0,31.0,0.6517765886335931,1,False
2010,4,2010_04_CHI_NYG,NYG,CHI,17.0,3.0,14.0,0.55402359580194,1,False
2010,4,2010_04_NE_MIA,MIA,NE,14.0,41.0,-27.0,0.47815321446809406,0,False
2010,5,2010_05_DEN_BAL,BAL,DEN,31.0,17.0,14.0,0.6605318454388074,1,False
2010,5,2010_05_JAX_BUF,BUF,JAX,26.0,36.0,-10.0,0.5565613522431471,0,False
2010,5,2010_05_CHI_CAR,CAR,CHI,6.0,23.0,-17.0,0.5974712280810428,0,False
2010,5,2010_05_TB_CIN,CIN,TB,21.0,24.0,-3.0,0.6122409690380715,0,False
2010,5,2010_05_ATL_CLE,CLE,ATL,10.0,20.0,-10.0,0.42602445640587217,0,False
2010,5,2010_05_STL_DET,DET,STL,44.0,6.0,38.0,0.4578470934500767,1,False
2010,5,2010_05_NYG_HOU,HOU,NYG,10.0,34.0,-24.0,0.6468236215146959,0,False
2010,5,2010_05_KC_IND,IND,KC,19.0,9.0,10.0,0.6945559814535709,1,False
2010,5,2010_05_GB_WAS,WAS,GB,16.0,13.0,3.0,0.42028300954984554,1,False
2010,5,2010_05_NO_ARI,ARI,NO,30.0,20.0,10.0,0.41269352214787686,1,False
2010,5,2010_05_TEN_DAL,DAL,TEN,27.0,34.0,-7.0,0.5758152312106385,0,False
2010,5,2010_05_SD_OAK,OAK,SD,35.0,27.0,8.0,0.36013121691972394,1,False
2010,5,2010_05_PHI_SF,SF,PHI,24.0,27.0,-3.0,0.42571742780870897,0,False
2010,5,2010_05_MIN_NYJ,NYJ,MIN,29.0,20.0,9.0,0.636092090309759,1,False
2010,6,2010_06_SEA_CHI,CHI,SEA,20.0,23.0,-3.0,0.6691720255323573,0,False
2010,6,2010_06_MIA_GB,GB,MIA,20.0,23.0,-3.0,0.6800626419924868,0,False
2010,6,2010_06_KC_HOU,HOU,KC,35.0,31.0,4.0,0.7024372701818481,1,False
2010,6,2010_06_BAL_NE,NE,BAL,23.0,20.0,3.0,0.603718000390848,1,False
2010,6,2010_06_DET_NYG,NYG,DET,28.0,20.0,8.0,0.771060270315162,1,False
2010,6,2010_06_ATL_PHI,PHI,ATL,31.0,17.0,14.0,0.5701706494561439,1,False
2010,6,2010_06_CLE_PIT,PIT,CLE,28.0,10.0,18.0,0.73970780943618,1,False
2010,6,2010_06_SD_STL,STL,SD,20.0,17.0,3.0,0.3700436710303768,1,False
2010,6,2010_06_NO_TB,TB,NO,6.0,31.0,-25.0,0.47907607833592064,0,False
2010,6,2010_06_NYJ_DEN,DEN,NYJ,20.0,24.0,-4.0,0.4305360540101185,0,False
2010,6,2010_06_OAK_SF,SF,OAK,17.0,9.0,8.0,0.5659826726781507,1,False
2010,6,2010_06_DAL_MIN,MIN,DAL,24.0,21.0,3.0,0.5738905842269277,1,False
2010,6,2010_06_IND_WAS,WAS,IND,24.0,27.0,-3.0,0.4356914707212478,0,False
2010,6,2010_06_TEN_JAX,JAX,TEN,3.0,30.0,-27.0,0.4737088874988832,0,False
2010,7,2010_07_CIN_ATL,ATL,CIN,39.0,32.0,7.0,0.6659437138334393,1,False
2010,7,2010_07_BUF_BAL,BAL,BUF,37.0,34.0,3.0,0.7491809757014468,1,False
2010,7,2010_07_SF_CAR,CAR,SF,23.0,20.0,3.0,0.6463785148334289,1,False
2010,7,2010_07_WAS_CHI,CHI,WAS,14.0,17.0,-3.0,0.6193201305177034,0,False
2010,7,2010_07_JAX_KC,KC,JAX,42.0,20.0,22.0,0.580759453087286,1,False
2010,7,2010_07_PIT_MIA,MIA,PIT,22.0,23.0,-1.0,0.48279553967847266,0,False
2010,7,2010_07_CLE_NO,NO,CLE,17.0,30.0,-13.0,0.7712709619576565,0,False
2010,7,2010_07_STL_TB,TB,STL,18.0,17.0,1.0,0.6904354754116202,1,False
2010,7,2010_07_PHI_TEN,TEN,PHI,37.0,19.0,18.0,0.567328369673688,1,False
2010,7,2010_07_ARI_SEA,SEA,ARI,22.0,10.0,12.0,0.5129510843565012,1,False
2010,7,2010_07_OAK_DEN,DEN,OAK,14.0,59.0,-45.0,0.6629361170800125,0,False
2010,7,2010_07_NE_SD,SD,NE,20.0,23.0,-3.0,0.4840371962126188,0,False
2010,7,2010_07_MIN_GB,GB,MIN,28.0,24.0,4.0,0.6147660362072962,1,False
2010,7,2010_07_NYG_DAL,DAL,NYG,35.0,41.0,-6.0,0.5544653319014441,0,False
2010,8,2010_08_MIA_CIN,CIN,MIA,14.0,22.0,-8.0,0.5530834652874881,0,False
2010,8,2010_08_JAX_DAL,DAL,JAX,17.0,35.0,-18.0,0.6907533717603241,0,False
2010,8,2010_08_WAS_DET,DET,WAS,37.0,25.0,12.0,0.442337725969388,1,False
2010,8,2010_08_BUF_KC,KC,BUF,13.0,10.0,3.0,0.6795138183279728,1,False
2010,8,2010_08_GB_NYJ,NYJ,GB,0.0,9.0,-9.0,0.6358579409725491,0,False
2010,8,2010_08_DEN_SF,SF,DEN,24.0,16.0,8.0,0.4590018973421167,1,True
2010,8,2010_08_CAR_STL,STL,CAR,20.0,10.0,10.0,0.44778764478480154,1,False
2010,8,2010_08_TEN_SD,SD,TEN,33.0,25.0,8.0,0.47987926304557205,1,False
2010,8,2010_08_TB_ARI,ARI,TB,35.0,38.0,-3.0,0.5802084439947818,0,False
2010,8,2010_08_MIN_NE,NE,MIN,28.0,18.0,10.0,0.7012145392024238,1,False
2010,8,2010_08_SEA_OAK,OAK,SEA,33.0,3.0,30.0,0.519680044502831,1,False
2010,8,2010_08_PIT_NO,NO,PIT,20.0,10.0,10.0,0.5590788251326817,1,False
2010,8,2010_08_HOU_IND,IND,HOU,30.0,17.0,13.0,0.6231816189274421,1,False
2010,9,2010_09_TB_ATL,ATL,TB,27.0,21.0,6.0,0.678737677289466,1,False
2010,9,2010_09_MIA_BAL,BAL,MIA,26.0,10.0,16.0,0.6825156422465646,1,False
2010,9,2010_09_CHI_BUF,BUF,CHI,19.0,22.0,-3.0,0.4963019188588779,0,False
2010,9,2010_09_NO_CAR,CAR,NO,3.0,34.0,-31.0,0.4272175225959428,0,False
2010,9,2010_09_NE_CLE,CLE,NE,34.0,14.0,20.0,0.3333160645537395,1,False
2010,9,2010_09_NYJ_DET,DET,NYJ,20.0,23.0,-3.0,0.34002561100286843,0,False
2010,9,2010_09_SD_HOU,HOU,SD,23.0,29.0,-6.0,0.5944100244967174,0,False
2010,9,2010_09_ARI_MIN,MIN,ARI,27.0,24.0,3.0,0.6350542592942143,1,False
2010,9,2010_09_NYG_SEA,SEA,NYG,7.0,41.0,-34.0,0.43515728570976014,0,False
2010,9,2010_09_KC_OAK,OAK,KC,23.0,20.0,3.0,0.5447947727605881,1,False
2010,9,2010_09_IND_PHI,PHI,IND,26.0,24.0,2.0,0.49844739990780607,1,False
2010,9,2010_09_DAL_GB,GB,DAL,45.0,7.0,38.0,0.6848037451925685,1,False
2010,9,2010_09_PIT_CIN,CIN,PIT,21.0,27.0,-6.0,0.4557796556654278,0,False
2010,10,2010_10_BAL_ATL,ATL,BAL,26.0,21.0,5.0,0.5645142169032391,1,False
2010,10,2010_10_DET_BUF,BUF,DET,14.0,12.0,2.0,0.6000987460453343,1,False
2010,10,2010_10_MIN_CHI,CHI,MIN,27.0,13.0,14.0,0.5593514149427626,1,False
2010,10,2010_10_NYJ_CLE,CLE,NYJ,20.0,26.0,-6.0,0.43666679493012306,0,False
2010,10,2010_10_CIN_IND,IND,CIN,23.0,17.0,6.0,0.7707617595771437,1,False
2010,10,2010_10_HOU_JAX,JAX,HOU,31.0,24.0,7.0,0.4618060631567149,1,False
2010,10,2010_10_TEN_MIA,MIA,TEN,29.0,17.0,12.0,0.46923419519223325,1,False
2010,10,2010_10_CAR_TB,TB,CAR,31.0,16.0,15.0,0.6084538018521924,1,False
2010,10,2010_10_KC_DEN,DEN,KC,49.0,29.0,20.0,0.5264894296287713,1,False
2010,10,2010_10_SEA_ARI,ARI,SEA,18.0,36.0,-18.0,0.6208412892997006,0,False
2010,10,2010_10_DAL_NYG,NYG,DAL,20.0,33.0,-13.0,0.699007591037919,0,False
2010,10,2010_10_STL_SF,SF,STL,23.0,20.0,3.0,0.6324957988307462,1,False
2010,10,2010_10_NE_PIT,PIT,NE,26.0,39.0,-13.0,0.5815410719155918,0,False
2010,10,2010_10_PHI_WAS,WAS,PHI,28.0,59.0,-31.0,0.4237719539113413,0,False
2010,11,2010_11_CHI_MIA,MIA,CHI,0.0,16.0,-16.0,0.5841867960456237,0,False
2010,11,2010_11_BAL_CAR,CAR,BAL,13.0,37.0,-24.0,0.4008829517816116,0,False
2010,11,2010_11_BUF_CIN,CIN,BUF,31.0,49.0,-18.0,0.6246412883858751,0,False
2010,11,2010_11_DET_DAL,DAL,DET,35.0,19.0,16.0,0.7075103482217603,1,False
2010,11,2010_11_CLE_JAX,JAX,CLE,24.0,20.0,4.0,0.5844846932574066,1,False
2010,11,2010_11_ARI_KC,KC,ARI,31.0,13.0,18.0,0.5976435071539009,1,False
2010,11,2010_11_GB_MIN,MIN,GB,3.0,31.0,-28.0,0.42534636373850865,0,False
2010,11,2010_11_HOU_NYJ,NYJ,HOU,30.0,27.0,3.0,0.7059529854997273,1,False
2010,11,2010_11_OAK_PIT,PIT,OAK,35.0,3.0,32.0,0.6844366450534692,1,False
2010,11,2010_11_WAS_TEN,TEN,WAS,16.0,19.0,-3.0,0.7126251308998762,0,False
2010,11,2010_11_SEA_NO,NO,SEA,34.0,19.0,15.0,0.7709245336097437,1,False
2010,11,2010_11_TB_SF,SF,TB,0.0,21.0,-21.0,0.5519174191601927,0,False
2010,11,2010_11_ATL_STL,STL,ATL,17.0,34.0,-17.0,0.3515189248759244,0,False
2010,11,2010_11_IND_NE,NE,IND,31.0,28.0,3.0,0.5408198106498449,1,False
2010,11,2010_11_NYG_PHI,PHI,NYG,27.0,17.0,10.0,0.6204300425575929,1,False
2010,11,2010_11_DEN_SD,SD,DEN,35.0,14.0,21.0,0.688217678819152,1,False
2010,12,2010_12_NE_DET,DET,NE,24.0,45.0,-21.0,0.2933892372855268,0,False
2010,12,2010_12_NO_DAL,DAL,NO,27.0,30.0,-3.0,0.4476291234762262,0,False
2010,12,2010_12_CIN_NYJ,NYJ,CIN,26.0,10.0,16.0,0.7939003534332195,1,False
2010,12,2010_12_GB_ATL,ATL,GB,20.0,17.0,3.0,0.5771485169931396,1,False
2010,12,2010_12_PIT_BUF,BUF,PIT,16.0,19.0,-3.0,0.3760191695795524,0,False
2010,12,2010_12_CAR_CLE,CLE,CAR,24.0,23.0,1.0,0.6312218167132526,1,False
2010,12,2010_12_TEN_HOU,HOU,TEN,20.0,0.0,20.0,0.559010445906426,1,False
2010,12,2010_12_JAX_NYG,NYG,JAX,24.0,20.0,4.0,0.6403438224282253,1,False
2010,12,2010_12_MIN_WAS,WAS,MIN,13.0,17.0,-4.0,0.5498424334077788,0,False
2010,12,2010_12_MIA_OAK,OAK,MIA,17.0,33.0,-16.0,0.5250377637481388,0,False
2010,12,2010_12_KC_SEA,SEA,KC,24.0,42.0,-18.0,0.5153397073928275,0,False
2010,12,2010_12_TB_BAL,BAL,TB,17.0,10.0,7.0,0.682242073588623,1,False
2010,12,2010_12_PHI_CHI,CHI,PHI,31.0,26.0,5.0,0.5013090081764638,1,False
2010,12,2010_12_STL_DEN,DEN,STL,33.0,36.0,-3.0,0.6429824081401659,0,False
2010,12,2010_12_SD_IND,IND,SD,14.0,36.0,-22.0,0.6252685257571341,0,False
2010,12,2010_12_SF_ARI,ARI,SF,6.0,27.0,-21.0,0.5253685128328838,0,False
2010,13,2010_13_HOU_PHI,PHI,HOU,34.0,24.0,10.0,0.640130009759365,1,False
2010,13,2010_13_NO_CIN,CIN,NO,30.0,34.0,-4.0,0.3319303681433829,0,False
2010,13,2010_13_CHI_DET,DET,CHI,20.0,24.0,-4.0,0.34570862343304265,0,False
2010,13,2010_13_SF_GB,GB,SF,34.0,16.0,18.0,0.7408756508375295,1,False
2010,13,2010_13_DEN_KC,KC,DEN,10.0,6.0,4.0,0.6498712794275878,1,False
2010,13,2010_13_CLE_MIA,MIA,CLE,10.0,13.0,-3.0,0.6510538775020868,0,False
2010,13,2010_13_BUF_MIN,MIN,BUF,38.0,14.0,24.0,0.6726489493773476,1,False
2010,13,2010_13_WAS_NYG,NYG,WAS,31.0,7.0,24.0,0.7162540793165127,1,False
2010,13,2010_13_JAX_TEN,TEN,JAX,6.0,17.0,-11.0,0.6141111469582071,0,False
2010,13,2010_13_OAK_SD,SD,OAK,13.0,28.0,-15.0,0.7527892922679792,0,False
2010,13,2010_13_STL_ARI,ARI,STL,6.0,19.0,-13.0,0.5792920920117183,0,False
2010,13,2010_13_DAL_IND,IND,DAL,35.0,38.0,-3.0,0.7105647899889768,0,False
2010,13,2010_13_CAR_SEA,SEA,CAR,31.0,14.0,17.0,0.5851010574507669,1,False
2010,13,2010_13_ATL_TB,TB,ATL,24.0,28.0,-4.0,0.42700417331863705,0,False
2010,13,2010_13_PIT_BAL,BAL,PIT,10.0,13.0,-3.0,0.6022552418520203,0,False
2010,13,2010_13_NYJ_NE,NE,NYJ,45.0,3.0,42.0,0.5548714477889168,1,False
2010,14,2010_14_IND_TEN,TEN,IND,28.0,30.0,-2.0,0.4535315721856447,0,False
2010,14,2010_14_CLE_BUF,BUF,CLE,13.0,6.0,7.0,0.48288668544547103,1,False
2010,14,2010_14_ATL_CAR,CAR,ATL,10.0,31.0,-21.0,0.29630781527563704,0,False
2010,14,2010_14_GB_DET,DET,GB,7.0,3.0,4.0,0.26533714634868827,1,False
2010,14,2010_14_OAK_JAX,JAX,OAK,38.0,31.0,7.0,0.6197385551691886,1,False
2010,14,2010_14_CIN_PIT,PIT,CIN,23.0,7.0,16.0,0.7974178978986856,1,False
2010,14,2010_14_TB_WAS,WAS,TB,16.0,17.0,-1.0,0.4956166609277489,0,False
2010,14,2010_14_STL_NO,NO,STL,31.0,13.0,18.0,0.8060407672055538,1,False
2010,14,2010_14_SEA_SF,SF,SEA,40.0,21.0,19.0,0.5968068161003426,1,False
2010,14,2010_14_DEN_ARI,ARI,DEN,43.0,13.0,30.0,0.5589083115705525,1,False
2010,14,2010_14_NE_CHI,CHI,NE,7.0,36.0,-29.0,0.47117846443072975,0,False
2010,14,2010_14_MIA_NYJ,NYJ,MIA,6.0,10.0,-4.0,0.693237872606611,0,False
2010,14,2010_14_KC_SD,SD,KC,31.0,0.0,31.0,0.6839353954993879,1,False
2010,14,2010_14_PHI_DAL,DAL,PHI,27.0,30.0,-3.0,0.47697295826707153,0,False
2010,14,2010_14_NYG_MIN,MIN,NYG,3.0,21.0,-18.0,0.4289648283199251,0,True
2010,14,2010_14_BAL_HOU,HOU,BAL,28.0,34.0,-6.0,0.4862260704599936,0,False
2010,15,2010_15_SF_SD,SD,SF,34.0,7.0,27.0,0.7364949849318314,1,False
2010,15,2010_15_NO_BAL,BAL,NO,30.0,24.0,6.0,0.5417628301027472,1,False
2010,15,2010_15_ARI_CAR,CAR,ARI,19.0,12.0,7.0,0.5220821098576001,1,False
2010,15,2010_15_CLE_CIN,CIN,CLE,19.0,17.0,2.0,0.5298733403428786,1,False
2010,15,2010_15_WAS_DAL,DAL,WAS,33.0,30.0,3.0,0.7068810913056626,1,False
2010,15,2010_15_JAX_IND,IND,JAX,34.0,24.0,10.0,0.7020565376930799,1,False
2010,15,2010_15_BUF_MIA,MIA,BUF,14.0,17.0,-3.0,0.7055939046687107,0,False
2010,15,2010_15_PHI_NYG,NYG,PHI,31.0,38.0,-7.0,0.5543857872696836,0,False
2010,15,2010_15_KC_STL,STL,KC,13.0,27.0,-14.0,0.5096684008824272,0,False
2010,15,2010_15_DET_TB,TB,DET,20.0,23.0,-3.0,0.7173116659367843,0,False
2010,15,2010_15_HOU_TEN,TEN,HOU,31.0,17.0,14.0,0.5536610756790395,1,False
2010,15,2010_15_ATL_SEA,SEA,ATL,18.0,34.0,-16.0,0.32219557241918234,0,False
2010,15,2010_15_DEN_OAK,OAK,DEN,39.0,23.0,16.0,0.6576769208347607,1,False
2010,15,2010_15_NYJ_PIT,PIT,NYJ,17.0,22.0,-5.0,0.6408282768654352,0,False
2010,15,2010_15_GB_NE,NE,GB,31.0,27.0,4.0,0.6723094787498191,1,False
2010,15,2010_15_CHI_MIN,MIN,CHI,14.0,40.0,-26.0,0.5360523935250845,0,False
2010,16,2010_16_CAR_PIT,PIT,CAR,27.0,3.0,24.0,0.8038118165206742,1,False
2010,16,2010_16_DAL_ARI,ARI,DAL,27.0,26.0,1.0,0.46092702126367396,1,False
2010,16,2010_16_NE_BUF,BUF,NE,3.0,34.0,-31.0,0.2917207344695217,0,False
2010,16,2010_16_NYJ_CHI,CHI,NYJ,38.0,34.0,4.0,0.5532747517048332,1,False
2010,16,2010_16_BAL_CLE,CLE,BAL,10.0,20.0,-10.0,0.3459974456413718,0,False
2010,16,2010_16_WAS_JAX,JAX,WAS,17.0,20.0,-3.0,0.696445658995858,0,False
2010,16,2010_16_TEN_KC,KC,TEN,34.0,14.0,20.0,0.5534722950346486,1,False
2010,16,2010_16_DET_MIA,MIA,DET,27.0,34.0,-7.0,0.7180336256324699,0,False
2010,16,2010_16_SF_STL,STL,SF,25.0,17.0,8.0,0.5190117822227691,1,False
2010,16,2010_16_SD_CIN,CIN,SD,34.0,20.0,14.0,0.31360103895001046,1,False
2010,16,2010_16_HOU_DEN,DEN,HOU,24.0,23.0,1.0,0.4414614199772425,1,False
2010,16,2010_16_IND_OAK,OAK,IND,26.0,31.0,-5.0,0.398732423827999,0,False
2010,16,2010_16_NYG_GB,GB,NYG,45.0,17.0,28.0,0.602499341227021,1,False
2010,16,2010_16_SEA_TB,TB,SEA,38.0,15.0,23.0,0.6796802678640292,1,False
2010,16,2010_16_NO_ATL,ATL,NO,14.0,17.0,-3.0,0.6116680051937996,0,False
2010,16,2010_16_MIN_PHI,PHI,MIN,14.0,24.0,-10.0,0.7219231807812173,0,False
2010,17,2010_17_CAR_ATL,ATL,CAR,31.0,10.0,21.0,0.82808382462871,1,False
2010,17,2010_17_CIN_BAL,BAL,CIN,13.0,7.0,6.0,0.7777789146025643,1,False
2010,17,2010_17_PIT_CLE,CLE,PIT,9.0,41.0,-32.0,0.3389601269130279,0,False
2010,17,2010_17_MIN_DET,DET,MIN,20.0,13.0,7.0,0.4589997981028383,1,False
2010,17,2010_17_OAK_KC,KC,OAK,10.0,31.0,-21.0,0.6609560079027711,0,False
2010,17,2010_17_MIA_NE,NE,MIA,38.0,7.0,31.0,0.7871904109285842,1,False
2010,17,2010_17_TB_NO,NO,TB,13.0,23.0,-10.0,0.7245612446778349,0,False
2010,17,2010_17_BUF_NYJ,NYJ,BUF,38.0,7.0,31.0,0.7544056677414551,1,False
2010,17,2010_17_SD_DEN,DEN,SD,28.0,33.0,-5.0,0.32224076476415425,0,False
2010,17,2010_17_CHI_GB,GB,CHI,10.0,3.0,7.0,0.6355221263573925,1,False
2010,17,2010_17_JAX_HOU,HOU,JAX,34.0,17.0,17.0,0.5810649581834838,1,False
2010,17,2010_17_TEN_IND,IND,TEN,23.0,20.0,3.0,0.7570453123800235,1,False
2010,17,2010_17_DAL_PHI,PHI,DAL,13.0,14.0,-1.0,0.7062666629800305,0,False
2010,17,2010_17_ARI_SF,SF,ARI,38.0,7.0,31.0,0.6023997132147131,1,False
2010,17,2010_17_NYG_WAS,WAS,NYG,14.0,17.0,-3.0,0.42962371419912343,0,False
2010,17,2010_17_STL_SEA,SEA,STL,16.0,6.0,10.0,0.53159637194562,1,False
2011,1,2011_01_NO_GB,GB,NO,42.0,34.0,8.0,0.6059025815477364,1,False
2011,1,2011_01_PIT_BAL,BAL,PIT,35.0,7.0,28.0,0.5997524616884163,1,False
2011,1,2011_01_ATL_CHI,CHI,ATL,30.0,12.0,18.0,0.5291431002513428,1,False
2011,1,2011_01_CIN_CLE,CLE,CIN,17.0,27.0,-10.0,0.5735893463997404,0,False
2011,1,2011_01_IND_HOU,HOU,IND,34.0,7.0,27.0,0.4909325492373978,1,False
2011,1,2011_01_TEN_JAX,JAX,TEN,16.0,14.0,2.0,0.5748634239190514,1,False
2011,1,2011_01_BUF_KC,KC,BUF,7.0,41.0,-34.0,0.6684875480787308,0,False
2011,1,2011_01_PHI_STL,STL,PHI,13.0,31.0,-18.0,0.444556038173812,0,False
2011,1,2011_01_DET_TB,TB,DET,20.0,27.0,-7.0,0.654093234750209,0,False
2011,1,2011_01_CAR_ARI,ARI,CAR,28.0,21.0,7.0,0.596643145072875,1,False
2011,1,2011_01_MIN_SD,SD,MIN,24.0,17.0,7.0,0.6693474124442699,1,False
2011,1,2011_01_SEA_SF,SF,SEA,33.0,17.0,16.0,0.6330048040930809,1,False
2011,1,2011_01_NYG_WAS,WAS,NYG,28.0,14.0,14.0,0.4871445494764909,1,False
2011,1,2011_01_DAL_NYJ,NYJ,DAL,27.0,24.0,3.0,0.6494648749558977,1,False
2011,1,2011_01_NE_MIA,MIA,NE,24.0,38.0,-14.0,0.42263108319815873,0,False
2011,1,2011_01_OAK_DEN,DEN,OAK,20.0,23.0,-3.0,0.5124252445091774,0,False
2011,2,2011_02_OAK_BUF,BUF,OAK,38.0,35.0,3.0,0.5453295227093634,1,False
2011,2,2011_02_GB_CAR,CAR,GB,23.0,30.0,-7.0,0.34156147084391697,0,False
2011,2,2011_02_KC_DET,DET,KC,48.0,3.0,45.0,0.562440457541187,1,False
2011,2,2011_02_CLE_IND,IND,CLE,19.0,27.0,-8.0,0.692651851246776,0,False
2011,2,2011_02_TB_MIN,MIN,TB,20.0,24.0,-4.0,0.5482168035806128,0,False
2011,2,2011_02_CHI_NO,NO,CHI,30.0,13.0,17.0,0.5593465281748585,1,False
2011,2,2011_02_JAX_NYJ,NYJ,JAX,32.0,3.0,29.0,0.7008563835777044,1,False
2011,2,2011_02_SEA_PIT,PIT,SEA,24.0,0.0,24.0,0.733443202389552,1,False
2011,2,2011_02_BAL_TEN,TEN,BAL,26.0,13.0,13.0,0.3924422895490042,1,False
2011,2,2011_02_ARI_WAS,WAS,ARI,22.0,21.0,1.0,0.6216554875711066,1,False
2011,2,2011_02_DAL_SF,SF,DAL,24.0,27.0,-3.0,0.6095085328678317,0,False
2011,2,2011_02_CIN_DEN,DEN,CIN,24.0,22.0,2.0,0.5100115422559317,1,False
2011,2,2011_02_HOU_MIA,MIA,HOU,13.0,23.0,-10.0,0.5097637701806939,0,False
2011,2,2011_02_SD_NE,NE,SD,35.0,21.0,14.0,0.6543799738286408,1,False
2011,2,2011_02_PHI_ATL,ATL,PHI,35.0,31.0,4.0,0.5745976351734405,1,False
2011,2,2011_02_STL_NYG,NYG,STL,28.0,16.0,12.0,0.6527514131529303,1,False
2011,3,2011_03_NE_BUF,BUF,NE,34.0,31.0,3.0,0.3638013468256012,1,False
2011,3,2011_03_JAX_CAR,CAR,JAX,16.0,10.0,6.0,0.5314106232571801,1,False
2011,3,2011_03_SF_CIN,CIN,SF,8.0,13.0,-5.0,0.5425335487833917,0,False
2011,3,2011_03_MIA_CLE,CLE,MIA,17.0,16.0,1.0,0.5713318987423166,1,False
2011,3,2011_03_DET_MIN,MIN,DET,23.0,26.0,-3.0,0.5230339331509463,0,False
2011,3,2011_03_HOU_NO,NO,HOU,40.0,33.0,7.0,0.6290805713690292,1,False
2011,3,2011_03_NYG_PHI,PHI,NYG,16.0,29.0,-13.0,0.6330517695430302,0,False
2011,3,2011_03_DEN_TEN,TEN,DEN,17.0,14.0,3.0,0.6898427344801762,1,False
2011,3,2011_03_NYJ_OAK,OAK,NYJ,34.0,24.0,10.0,0.42993710836161825,1,False
2011,3,2011_03_KC_SD,SD,KC,20.0,17.0,3.0,0.7049175735582132,1,False
2011,3,2011_03_BAL_STL,STL,BAL,7.0,37.0,-30.0,0.37813108796190076,0,False
2011,3,2011_03_GB_CHI,CHI,GB,17.0,27.0,-10.0,0.5025219431616477,0,False
2011,3,2011_03_ARI_SEA,SEA,ARI,13.0,10.0,3.0,0.5277529390296951,1,False
2011,3,2011_03_ATL_TB,TB,ATL,16.0,13.0,3.0,0.5239249655225137,1,False
2011,3,2011_03_PIT_IND,IND,PIT,20.0,23.0,-3.0,0.5360197357045674,0,False
2011,3,2011_03_WAS_DAL,DAL,WAS,18.0,16.0,2.0,0.6159297747864847,1,False
2011,4,2011_04_CAR_CHI,CHI,CAR,34.0,29.0,5.0,0.7148875850161903,1,False
2011,4,2011_04_BUF_CIN,CIN,BUF,23.0,20.0,3.0,0.546722493552671,1,False
2011,4,2011_04_TEN_CLE,CLE,TEN,13.0,31.0,-18.0,0.5211384502201973,0,False
2011,4,2011_04_DET_DAL,DAL,DET,30.0,34.0,-4.0,0.5822024959084214,0,False
2011,4,2011_04_PIT_HOU,HOU,PIT,17.0,10.0,7.0,0.537282307853859,1,False
2011,4,2011_04_NO_JAX,JAX,NO,10.0,23.0,-13.0,0.3673166126226819,0,False
2011,4,2011_04_MIN_KC,KC,MIN,22.0,17.0,5.0,0.570090736563294,1,False
2011,4,2011_04_SF_PHI,PHI,SF,23.0,24.0,-1.0,0.6235166652379995,0,False
2011,4,2011_04_WAS_STL,STL,WAS,10.0,17.0,-7.0,0.5067170436408212,0,False
2011,4,2011_04_NYG_ARI,ARI,NYG,27.0,31.0,-4.0,0.47927046531312706,0,False
2011,4,2011_04_ATL_SEA,SEA,ATL,28.0,30.0,-2.0,0.42170511043814635,0,False
2011,4,2011_04_DEN_GB,GB,DEN,49.0,23.0,26.0,0.80270710964643,1,False
2011,4,2011_04_NE_OAK,OAK,NE,19.0,31.0,-12.0,0.44305022925926135,0,False
2011,4,2011_04_MIA_SD,SD,MIA,26.0,16.0,10.0,0.6998619890818013,1,False
2011,4,2011_04_NYJ_BAL,BAL,NYJ,34.0,17.0,17.0,0.6208802666942811,1,False
2011,4,2011_04_IND_TB,TB,IND,24.0,17.0,7.0,0.6097475918674604,1,False
2011,5,2011_05_PHI_BUF,BUF,PHI,31.0,24.0,7.0,0.5276669328795338,1,False
2011,5,2011_05_NO_CAR,CAR,NO,27.0,30.0,-3.0,0.34769602338312017,0,False
2011,5,2011_05_OAK_HOU,HOU,OAK,20.0,25.0,-5.0,0.6574815081426832,0,False
2011,5,2011_05_KC_IND,IND,KC,24.0,28.0,-4.0,0.6339888447006828,0,False
2011,5,2011_05_CIN_JAX,JAX,CIN,20.0,30.0,-10.0,0.5259594141187772,0,False
2011,5,2011_05_ARI_MIN,MIN,ARI,34.0,10.0,24.0,0.6071128064686941,1,False
2011,5,2011_05_SEA_NYG,NYG,SEA,25.0,36.0,-11.0,0.724158976057682,0,False
2011,5,2011_05_TEN_PIT,PIT,TEN,38.0,17.0,21.0,0.6168516414571407,1,False
2011,5,2011_05_TB_SF,SF,TB,48.0,3.0,45.0,0.5483403457888277,1,False
2011,5,2011_05_SD_DEN,DEN,SD,24.0,29.0,-5.0,0.3650172836545349,0,False
2011,5,2011_05_NYJ_NE,NE,NYJ,30.0,21.0,9.0,0.7081115687719183,1,False
2011,5,2011_05_GB_ATL,ATL,GB,14.0,25.0,-11.0,0.4904084824532389,0,False
2011,5,2011_05_CHI_DET,DET,CHI,24.0,13.0,11.0,0.574561564479017,1,False
2011,6,2011_06_CAR_ATL,ATL,CAR,31.0,17.0,14.0,0.7480821396413663,1,False
2011,6,2011_06_IND_CIN,CIN,IND,27.0,17.0,10.0,0.5853418822708681,1,False
2011,6,2011_06_SF_DET,DET,SF,19.0,25.0,-6.0,0.5876930926040574,0,False
2011,6,2011_06_STL_GB,GB,STL,24.0,3.0,21.0,0.8326252729343572,1,False
2011,6,2011_06_BUF_NYG,NYG,BUF,27.0,24.0,3.0,0.607036219083232,1,False
2011,6,2011_06_JAX_PIT,PIT,JAX,17.0,13.0,4.0,0.774076576640812,1,False
2011,6,2011_06_PHI_WAS,WAS,PHI,13.0,20.0,-7.0,0.5685930560913929,0,False
2011,6,2011_06_HOU_BAL,BAL,HOU,29.0,14.0,15.0,0.671864841615698,1,False
2011,6,2011_06_CLE_OAK,OAK,CLE,24.0,17.0,7.0,0.656406998326957,1,False
2011,6,2011_06_DAL_NE,NE,DAL,20.0,16.0,4.0,0.7497703816281871,1,False
2011,6,2011_06_NO_TB,TB,NO,26.0,20.0,6.0,0.45743313880564435,1,False
2011,6,2011_06_MIN_CHI,CHI,MIN,39.0,10.0,29.0,0.6494424227442605,1,False
2011,6,2011_06_MIA_NYJ,NYJ,MIA,24.0,6.0,18.0,0.671718473982586,1,False
2011,7,2011_07_WAS_CAR,CAR,WAS,33.0,20.0,13.0,0.4862637248153893,1,False
2011,7,2011_07_SEA_CLE,CLE,SEA,6.0,3.0,3.0,0.6165386547203578,1,False
2011,7,2011_07_ATL_DET,DET,ATL,16.0,23.0,-7.0,0.5766554793494003,0,False
2011,7,2011_07_DEN_MIA,MIA,DEN,15.0,18.0,-3.0,0.6245891924708236,0,False
2011,7,2011_07_SD_NYJ,NYJ,SD,27.0,21.0,6.0,0.5387032639286101,1,False
2011,7,2011_07_CHI_TB,TB,CHI,18.0,24.0,-6.0,0.47914013004750566,0,True
2011,7,2011_07_HOU_TEN,TEN,HOU,7.0,41.0,-34.0,0.5581983461238558,0,False
2011,7,2011_07_PIT_ARI,ARI,PIT,20.0,32.0,-12.0,0.33985947110221487,0,False
2011,7,2011_07_KC_OAK,OAK,KC,0.0,28.0,-28.0,0.6681609301373423,0,False
2011,7,2011_07_STL_DAL,DAL,STL,34.0,7.0,27.0,0.7207709530762607,1,False
2011,7,2011_07_GB_MIN,MIN,GB,27.0,33.0,-6.0,0.3234441158983102,0,False
2011,7,2011_07_IND_NO,NO,IND,62.0,7.0,55.0,0.7336310412988711,1,False
2011,7,2011_07_BAL_JAX,JAX,BAL,12.0,7.0,5.0,0.30182065548826376,1,False
2011,8,2011_08_ARI_BAL,BAL,ARI,30.0,27.0,3.0,0.8187372552738948,1,False
2011,8,2011_08_MIN_CAR,CAR,MIN,21.0,24.0,-3.0,0.5832817375844086,0,False
2011,8,2011_08_JAX_HOU,HOU,JAX,24.0,14.0,10.0,0.6999965397979578,1,False
2011,8,2011_08_MIA_NYG,NYG,MIA,20.0,17.0,3.0,0.7267874834909537,1,False
2011,8,2011_08_NO_STL,STL,NO,31.0,21.0,10.0,0.284852948103871,1,False
2011,8,2011_08_IND_TEN,TEN,IND,27.0,10.0,17.0,0.664455089428692,1,False
2011,8,2011_08_WAS_BUF,BUF,WAS,23.0,0.0,23.0,0.6539525755854073,1,False
2011,8,2011_08_DET_DEN,DEN,DET,10.0,45.0,-35.0,0.4090464493281383,0,False
2011,8,2011_08_NE_PIT,PIT,NE,25.0,17.0,8.0,0.5086922294557791,1,False
2011,8,2011_08_CIN_SEA,SEA,CIN,12.0,34.0,-22.0,0.4625989338701049,0,False
2011,8,2011_08_CLE_SF,SF,CLE,20.0,10.0,10.0,0.72802634878339,1,False
2011,8,2011_08_DAL_PHI,PHI,DAL,34.0,7.0,27.0,0.5716315352336773,1,False
2011,8,2011_08_SD_KC,KC,SD,23.0,20.0,3.0,0.49117195134641767,1,False
2011,9,2011_09_NYJ_BUF,BUF,NYJ,11.0,27.0,-16.0,0.5334600325847827,0,False
2011,9,2011_09_SEA_DAL,DAL,SEA,23.0,13.0,10.0,0.6919464698064715,1,False
2011,9,2011_09_CLE_HOU,HOU,CLE,30.0,12.0,18.0,0.7233168860501877,1,False
2011,9,2011_09_ATL_IND,IND,ATL,7.0,31.0,-24.0,0.37530800536331954,0,False
2011,9,2011_09_MIA_KC,KC,MIA,3.0,31.0,-28.0,0.7046043639940791,0,False
2011,9,2011_09_TB_NO,NO,TB,27.0,16.0,11.0,0.6391569301043619,1,False
2011,9,2011_09_SF_WAS,WAS,SF,11.0,19.0,-8.0,0.35951243302090413,0,False
2011,9,2011_09_DEN_OAK,OAK,DEN,24.0,38.0,-14.0,0.7349865046071193,0,False
2011,9,2011_09_CIN_TEN,TEN,CIN,17.0,24.0,-7.0,0.5959118302381977,0,False
2011,9,2011_09_STL_ARI,ARI,STL,19.0,13.0,6.0,0.5560508292195611,1,False
2011,9,2011_09_NYG_NE,NE,NYG,20.0,24.0,-4.0,0.6998395048588439,0,False
2011,9,2011_09_GB_SD,SD,GB,38.0,45.0,-7.0,0.44061472145805886,0,False
2011,9,2011_09_BAL_PIT,PIT,BAL,20.0,23.0,-3.0,0.6066696576552179,0,False
2011,9,2011_09_CHI_PHI,PHI,CHI,24.0,30.0,-6.0,0.5776740916545183,0,False
2011,10,2011_10_OAK_SD,SD,OAK,17.0,24.0,-7.0,0.6183093859040282,0,False
2011,10,2011_10_NO_ATL,ATL,NO,23.0,26.0,-3.0,0.57755520929113,0,False
2011,10,2011_10_TEN_CAR,CAR,TEN,3.0,30.0,-27.0,0.4797129293480849,0,False
2011,10,2011_10_PIT_CIN,CIN,PIT,17.0,24.0,-7.0,0.4706191098035248,0,False
2011,10,2011_10_STL_CLE,CLE,STL,12.0,13.0,-1.0,0.6289705908272288,0,False
2011,10,2011_10_BUF_DAL,DAL,BUF,44.0,7.0,37.0,0.5850356738843469,1,False
2011,10,2011_10_JAX_IND,IND,JAX,3.0,17.0,-14.0,0.5664425901884393,0,False
2011,10,2011_10_DEN_KC,KC,DEN,10.0,17.0,-7.0,0.6860773236731155,0,False
2011,10,2011_10_WAS_MIA,MIA,WAS,20.0,9.0,11.0,0.6037873282835822,1,False
2011,10,2011_10_ARI_PHI,PHI,ARI,17.0,21.0,-4.0,0.7457052232096819,0,False
2011,10,2011_10_HOU_TB,TB,HOU,9.0,37.0,-28.0,0.5028439372301184,0,False
2011,10,2011_10_BAL_SEA,SEA,BAL,22.0,17.0,5.0,0.2958382902733707,1,False
2011,10,2011_10_DET_CHI,CHI,DET,37.0,13.0,24.0,0.610272238946279,1,False
2011,10,2011_10_NYG_SF,SF,NYG,27.0,20.0,7.0,0.6476520622022519,1,False
2011,10,2011_10_NE_NYJ,NYJ,NE,16.0,37.0,-21.0,0.5286629181531249,0,False
2011,10,2011_10_MIN_GB,GB,MIN,45.0,7.0,38.0,0.81911428137994,1,False
2011,11,2011_11_NYJ_DEN,DEN,NYJ,17.0,13.0,4.0,0.40608587306172883,1,False
2011,11,2011_11_CIN_BAL,BAL,CIN,31.0,24.0,7.0,0.6772373371199941,1,False
2011,11,2011_11_JAX_CLE,CLE,JAX,14.0,10.0,4.0,0.56662019113657,1,False
2011,11,2011_11_CAR_DET,DET,CAR,49.0,35.0,14.0,0.7118281330340348,1,False
2011,11,2011_11_TB_GB,GB,TB,35.0,26.0,9.0,0.7900589418714026,1,False
2011,11,2011_11_BUF_MIA,MIA,BUF,35.0,8.0,27.0,0.5531357416683786,1,False
2011,11,2011_11_OAK_MIN,MIN,OAK,21.0,27.0,-6.0,0.4690503173510868,0,False
2011,11,2011_11_DAL_WAS,WAS,DAL,24.0,27.0,-3.0,0.3757497440263317,0,False
2011,11,2011_11_ARI_SF,SF,ARI,23.0,7.0,16.0,0.8042221892343587,1,False
2011,11,2011_11_SEA_STL,STL,SEA,7.0,24.0,-17.0,0.56527040303107,0,False
2011,11,2011_11_TEN_ATL,ATL,TEN,23.0,17.0,6.0,0.6609274823722697,1,False
2011,11,2011_11_SD_CHI,CHI,SD,31.0,20.0,11.0,0.6813580979668465,1,False
2011,11,2011_11_PHI_NYG,NYG,PHI,10.0,17.0,-7.0,0.5943596581302766,0,False
2011,11,2011_11_KC_NE,NE,KC,34.0,3.0,31.0,0.7590316239586473,1,False
2011,12,2011_12_GB_DET,DET,GB,15.0,27.0,-12.0,0.3942041220253279,0,False
2011,12,2011_12_MIA_DAL,DAL,MIA,20.0,19.0,1.0,0.6775477854190102,1,False
2011,12,2011_12_SF_BAL,BAL,SF,16.0,6.0,10.0,0.5603144108229835,1,False
2011,12,2011_12_MIN_ATL,ATL,MIN,24.0,14.0,10.0,0.7778790323634148,1,False
2011,12,2011_12_CLE_CIN,CIN,CLE,23.0,20.0,3.0,0.6781040633077096,1,False
2011,12,2011_12_CAR_IND,IND,CAR,19.0,27.0,-8.0,0.5907768110051415,0,False
2011,12,2011_12_HOU_JAX,JAX,HOU,13.0,20.0,-7.0,0.374772435654335,0,False
2011,12,2011_12_BUF_NYJ,NYJ,BUF,28.0,24.0,4.0,0.7187350472750119,1,False
2011,12,2011_12_ARI_STL,STL,ARI,20.0,23.0,-3.0,0.5764190776655704,0,False
2011,12,2011_12_TB_TEN,TEN,TB,23.0,17.0,6.0,0.6081379607425698,1,False
2011,12,2011_12_CHI_OAK,OAK,CHI,25.0,20.0,5.0,0.47043778799191366,1,False
2011,12,2011_12_WAS_SEA,SEA,WAS,17.0,23.0,-6.0,0.653545130420743,0,False
2011,12,2011_12_NE_PHI,PHI,NE,20.0,38.0,-18.0,0.445108089713543,0,False
2011,12,2011_12_DEN_SD,SD,DEN,13.0,16.0,-3.0,0.6636577323691527,0,False
2011,12,2011_12_PIT_KC,KC,PIT,9.0,13.0,-4.0,0.3806266148993129,0,False
2011,12,2011_12_NYG_NO,NO,NYG,49.0,24.0,25.0,0.6826267613126233,1,False
2011,13,2011_13_PHI_SEA,SEA,PHI,31.0,14.0,17.0,0.4422285449110168,1,False
2011,13,2011_13_TEN_BUF,BUF,TEN,17.0,23.0,-6.0,0.4646099067735289,0,False
2011,13,2011_13_KC_CHI,CHI,KC,3.0,10.0,-7.0,0.7546004526526313,0,False
2011,13,2011_13_ATL_HOU,HOU,ATL,17.0,10.0,7.0,0.567023485650472,1,False
2011,13,2011_13_OAK_MIA,MIA,OAK,34.0,14.0,20.0,0.491747016587768,1,False
2011,13,2011_13_DEN_MIN,MIN,DEN,32.0,35.0,-3.0,0.5296324998537755,0,False
2011,13,2011_13_IND_NE,NE,IND,31.0,24.0,7.0,0.8558120421962079,1,False
2011,13,2011_13_CIN_PIT,PIT,CIN,35.0,7.0,28.0,0.7267924542985592,1,False
2011,13,2011_13_CAR_TB,TB,CAR,19.0,38.0,-19.0,0.6668089419015457,0,False
2011,13,2011_13_NYJ_WAS,WAS,NYJ,19.0,34.0,-15.0,0.37604376918812416,0,False
2011,13,2011_13_BAL_CLE,CLE,BAL,10.0,24.0,-14.0,0.31732537198416333,0,False
2011,13,2011_13_DAL_ARI,ARI,DAL,19.0,13.0,6.0,0.4002642331448837,1,False
2011,13,2011_13_GB_NYG,NYG,GB,35.0,38.0,-3.0,0.33503883015310976,0,False
2011,13,2011_13_STL_SF,SF,STL,26.0,0.0,26.0,0.8214642378216089,1,False
2011,13,2011_13_DET_NO,NO,DET,31.0,17.0,14.0,0.7005571523251538,1,False
2011,13,2011_13_SD_JAX,JAX,SD,14.0,38.0,-24.0,0.4760268255326235,0,False
2011,14,2011_14_CLE_PIT,PIT,CLE,14.0,3.0,11.0,0.8354057713054314,1,False
2011,14,2011_14_IND_BAL,BAL,IND,24.0,10.0,14.0,0.848771752637916,1,False
2011,14,2011_14_ATL_CAR,CAR,ATL,23.0,31.0,-8.0,0.37748776576895426,0,False
2011,14,2011_14_HOU_CIN,CIN,HOU,19.0,20.0,-1.0,0.43378180259726373,0,False
2011,14,2011_14_MIN_DET,DET,MIN,34.0,28.0,6.0,0.7238977746525468,1,False
2011,14,2011_14_TB_JAX,JAX,TB,41.0,14.0,27.0,0.5217922589307135,1,False
2011,14,2011_14_PHI_MIA,MIA,PHI,10.0,26.0,-16.0,0.6277153685863524,0,False
2011,14,2011_14_KC_NYJ,NYJ,KC,37.0,10.0,27.0,0.7017027675002157,1,False
2011,14,2011_14_NO_TEN,TEN,NO,17.0,22.0,-5.0,0.43131834633211524,0,False
2011,14,2011_14_NE_WAS,WAS,NE,27.0,34.0,-7.0,0.2471868112818224,0,False
2011,14,2011_14_SF_ARI,ARI,SF,21.0,19.0,2.0,0.3646999885321505,1,False
2011,14,2011_14_CHI_DEN,DEN,CHI,13.0,10.0,3.0,0.4329495988105641,1,False
2011,14,2011_14_OAK_GB,GB,OAK,46.0,16.0,30.0,0.7968015086073542,1,False
2011,14,2011_14_BUF_SD,SD,BUF,37.0,10.0,27.0,0.6969523162008858,1,False
2011,14,2011_14_NYG_DAL,DAL,NYG,34.0,37.0,-3.0,0.6359696044873221,0,False
2011,14,2011_14_STL_SEA,SEA,STL,30.0,13.0,17.0,0.7031806489496734,1,False
2011,15,2011_15_JAX_ATL,ATL,JAX,41.0,14.0,27.0,0.7518447026135222,1,False
2011,15,2011_15_DAL_TB,TB,DAL,15.0,31.0,-16.0,0.4556271508812638,0,False
2011,15,2011_15_MIA_BUF,BUF,MIA,23.0,30.0,-7.0,0.4345024848251048,0,False
2011,15,2011_15_SEA_CHI,CHI,SEA,14.0,38.0,-24.0,0.6905223618925765,0,False
2011,15,2011_15_CAR_HOU,HOU,CAR,13.0,28.0,-15.0,0.8094267689525322,0,False
2011,15,2011_15_TEN_IND,IND,TEN,27.0,13.0,14.0,0.39751323951251566,1,False
2011,15,2011_15_GB_KC,KC,GB,19.0,14.0,5.0,0.2485433819599066,1,False
2011,15,2011_15_NO_MIN,MIN,NO,20.0,42.0,-22.0,0.26424456485529774,0,False
2011,15,2011_15_WAS_NYG,NYG,WAS,10.0,23.0,-13.0,0.7344332909592188,0,False
2011,15,2011_15_CIN_STL,STL,CIN,13.0,20.0,-7.0,0.41357523824254144,0,False
2011,15,2011_15_DET_OAK,OAK,DET,27.0,28.0,-1.0,0.5475467642038774,0,False
2011,15,2011_15_CLE_ARI,ARI,CLE,20.0,17.0,3.0,0.6630082167752173,1,False
2011,15,2011_15_NE_DEN,DEN,NE,23.0,41.0,-18.0,0.3581049580915649,0,False
2011,15,2011_15_NYJ_PHI,PHI,NYJ,45.0,19.0,26.0,0.48064599294586335,1,False
2011,15,2011_15_BAL_SD,SD,BAL,34.0,14.0,20.0,0.4383662127709292,1,False
2011,15,2011_15_PIT_SF,SF,PIT,20.0,3.0,17.0,0.5109968363885845,1,False
2011,16,2011_16_HOU_IND,IND,HOU,19.0,16.0,3.0,0.350565455830689,1,False
2011,16,2011_16_CLE_BAL,BAL,CLE,20.0,14.0,6.0,0.8164129382953237,1,False
2011,16,2011_16_DEN_BUF,BUF,DEN,40.0,14.0,26.0,0.4657850612303263,1,False
2011,16,2011_16_TB_CAR,CAR,TB,48.0,16.0,32.0,0.609340809364119,1,False
2011,16,2011_16_ARI_CIN,CIN,ARI,23.0,16.0,7.0,0.6097607322033037,1,False
2011,16,2011_16_OAK_KC,KC,OAK,13.0,16.0,-3.0,0.5769366208618464,0,False
2011,16,2011_16_MIA_NE,NE,MIA,27.0,24.0,3.0,0.7674766951000791,1,False
2011,16,2011_16_NYG_NYJ,NYJ,NYG,14.0,29.0,-15.0,0.6512157541079594,0,False
2011,16,2011_16_STL_PIT,PIT,STL,27.0,0.0,27.0,0.8668461179444689,1,False
2011,16,2011_16_JAX_TEN,TEN,JAX,23.0,17.0,6.0,0.6585254040274143,1,False
2011,16,2011_16_MIN_WAS,WAS,MIN,26.0,33.0,-7.0,0.5980905466262602,0,False
2011,16,2011_16_SD_DET,DET,SD,38.0,10.0,28.0,0.5404610302926041,1,False
2011,16,2011_16_PHI_DAL,DAL,PHI,7.0,20.0,-13.0,0.5678578948952818,0,False
2011,16,2011_16_SF_SEA,SEA,SF,17.0,19.0,-2.0,0.40474655464884024,0,False
2011,16,2011_16_CHI_GB,GB,CHI,35.0,21.0,14.0,0.7406949574014278,1,False
2011,16,2011_16_ATL_NO,NO,ATL,45.0,16.0,29.0,0.6531503987174233,1,False
2011,17,2011_17_DET_GB,GB,DET,45.0,41.0,4.0,0.7383064029993939,1,False
2011,17,2011_17_TEN_HOU,HOU,TEN,22.0,23.0,-1.0,0.6925065026743485,0,False
2011,17,2011_17_IND_JAX,JAX,IND,19.0,13.0,6.0,0.5507558545885417,1,False
2011,17,2011_17_NYJ_MIA,MIA,NYJ,19.0,17.0,2.0,0.5623522808678711,1,False
2011,17,2011_17_CHI_MIN,MIN,CHI,13.0,17.0,-4.0,0.40524207568248677,0,False
2011,17,2011_17_BUF_NE,NE,BUF,49.0,21.0,28.0,0.8433011026788165,1,False
2011,17,2011_17_CAR_NO,NO,CAR,45.0,17.0,28.0,0.8289127448458384,1,False
2011,17,2011_17_WAS_PHI,PHI,WAS,34.0,10.0,24.0,0.7797994061979033,1,False
2011,17,2011_17_SF_STL,STL,SF,27.0,34.0,-7.0,0.21771655423324393,0,False
2011,17,2011_17_SEA_ARI,ARI,SEA,23.0,20.0,3.0,0.5442082112180566,1,False
2011,17,2011_17_TB_ATL,ATL,TB,45.0,24.0,21.0,0.8086784674203296,1,False
2011,17,2011_17_BAL_CIN,CIN,BAL,16.0,24.0,-8.0,0.45693100199296943,0,False
2011,17,2011_17_PIT_CLE,CLE,PIT,9.0,13.0,-4.0,0.2743167000788885,0,False
2011,17,2011_17_KC_DEN,DEN,KC,3.0,7.0,-4.0,0.5488259106890117,0,False
2011,17,2011_17_SD_OAK,OAK,SD,26.0,38.0,-12.0,0.5408355753833849,0,False
2011,17,2011_17_DAL_NYG,NYG,DAL,31.0,14.0,17.0,0.569334569530886,1,False
2012,1,2012_01_DAL_NYG,NYG,DAL,17.0,24.0,-7.0,0.6289864623978579,0,False
2012,1,2012_01_IND_CHI,CHI,IND,41.0,21.0,20.0,0.6849564528259396,1,False
2012,1,2012_01_PHI_CLE,CLE,PHI,16.0,17.0,-1.0,0.44214839251265253,0,False
2012,1,2012_01_STL_DET,DET,STL,27.0,23.0,4.0,0.7560224567275884,1,False
2012,1,2012_01_MIA_HOU,HOU,MIA,30.0,10.0,20.0,0.6291987609221609,1,False
2012,1,2012_01_ATL_KC,KC,ATL,24.0,40.0,-16.0,0.5014791190478575,0,False
2012,1,2012_01_JAX_MIN,MIN,JAX,26.0,23.0,3.0,0.5615703049927936,1,False
2012,1,2012_01_WAS_NO,NO,WAS,32.0,40.0,-8.0,0.8100333895344027,0,False
2012,1,2012_01_BUF_NYJ,NYJ,BUF,48.0,28.0,20.0,0.666128502774729,1,False
2012,1,2012_01_NE_TEN,TEN,NE,13.0,34.0,-21.0,0.44406421333646096,0,False
2012,1,2012_01_SEA_ARI,ARI,SEA,20.0,16.0,4.0,0.5897335749096103,1,False
2012,1,2012_01_SF_GB,GB,SF,22.0,30.0,-8.0,0.6445412251061465,0,False
2012,1,2012_01_CAR_TB,TB,CAR,16.0,10.0,6.0,0.524686927365854,1,False
2012,1,2012_01_PIT_DEN,DEN,PIT,31.0,19.0,12.0,0.42627755599829625,1,False
2012,1,2012_01_CIN_BAL,BAL,CIN,44.0,13.0,31.0,0.6761088645030736,1,False
2012,1,2012_01_SD_OAK,OAK,SD,14.0,22.0,-8.0,0.5512523525899955,0,False
2012,2,2012_02_CHI_GB,GB,CHI,23.0,10.0,13.0,0.6768906218502354,1,False
2012,2,2012_02_KC_BUF,BUF,KC,35.0,17.0,18.0,0.5195662814179987,1,False
2012,2,2012_02_NO_CAR,CAR,NO,35.0,27.0,8.0,0.37489411034625864,1,False
2012,2,2012_02_CLE_CIN,CIN,CLE,34.0,27.0,7.0,0.6541795698257087,1,False
2012,2,2012_02_MIN_IND,IND,MIN,23.0,20.0,3.0,0.5580860703795587,1,False
2012,2,2012_02_HOU_JAX,JAX,HOU,7.0,27.0,-20.0,0.42251802269639416,0,False
2012,2,2012_02_OAK_MIA,MIA,OAK,35.0,13.0,22.0,0.5863653065655214,1,False
2012,2,2012_02_ARI_NE,NE,ARI,18.0,20.0,-2.0,0.7348407494085633,0,False
2012,2,2012_02_TB_NYG,NYG,TB,41.0,34.0,7.0,0.680783621443296,1,False
2012,2,2012_02_BAL_PHI,PHI,BAL,24.0,23.0,1.0,0.5227212612129498,1,False
2012,2,2012_02_DAL_SEA,SEA,DAL,27.0,7.0,20.0,0.5494940900237422,1,False
2012,2,2012_02_WAS_STL,STL,WAS,31.0,28.0,3.0,0.5343148929393571,1,False
2012,2,2012_02_NYJ_PIT,PIT,NYJ,27.0,10.0,17.0,0.601520463922209,1,False
2012,2,2012_02_TEN_SD,SD,TEN,38.0,10.0,28.0,0.6352758051407819,1,False
2012,2,2012_02_DET_SF,SF,DET,27.0,19.0,8.0,0.648423062784315,1,False
2012,2,2012_02_DEN_ATL,ATL,DEN,27.0,21.0,6.0,0.6721094365979547,1,False
2012,3,2012_03_NYG_CAR,CAR,NYG,7.0,36.0,-29.0,0.5260567845347796,0,False
2012,3,2012_03_STL_CHI,CHI,STL,23.0,6.0,17.0,0.7377260245229742,1,False
2012,3,2012_03_BUF_CLE,CLE,BUF,14.0,24.0,-10.0,0.517274154468469,0,False
2012,3,2012_03_TB_DAL,DAL,TB,16.0,10.0,6.0,0.6437244783022836,1,False
2012,3,2012_03_JAX_IND,IND,JAX,17.0,22.0,-5.0,0.5962553000328009,0,False
2012,3,2012_03_NYJ_MIA,MIA,NYJ,20.0,23.0,-3.0,0.6043040499610909,0,False
2012,3,2012_03_SF_MIN,MIN,SF,24.0,13.0,11.0,0.35659898634029835,1,False
2012,3,2012_03_KC_NO,NO,KC,24.0,27.0,-3.0,0.7446131128888266,0,False
2012,3,2012_03_DET_TEN,TEN,DET,44.0,41.0,3.0,0.5079658574625052,1,False
2012,3,2012_03_CIN_WAS,WAS,CIN,31.0,38.0,-7.0,0.4903670659542409,0,False
2012,3,2012_03_PHI_ARI,ARI,PHI,27.0,6.0,21.0,0.5318284646962611,1,False
2012,3,2012_03_ATL_SD,SD,ATL,3.0,27.0,-24.0,0.5754183753148977,0,False
2012,3,2012_03_HOU_DEN,DEN,HOU,25.0,31.0,-6.0,0.4650357323849938,0,False
2012,3,2012_03_PIT_OAK,OAK,PIT,34.0,31.0,3.0,0.43025840812144167,1,False
2012,3,2012_03_NE_BAL,BAL,NE,31.0,30.0,1.0,0.568594540301043,1,False
2012,3,2012_03_GB_SEA,SEA,GB,14.0,12.0,2.0,0.40911940509859895,1,False
2012,4,2012_04_CLE_BAL,BAL,CLE,23.0,16.0,7.0,0.8097453993860163,1,False
2012,4,2012_04_CAR_ATL,ATL,CAR,30.0,28.0,2.0,0.7255072776696101,1,False
2012,4,2012_04_NE_BUF,BUF,NE,28.0,52.0,-24.0,0.4151957613362331,0,False
2012,4,2012_04_MIN_DET,DET,MIN,13.0,20.0,-7.0,0.6368088472569772,0,False
2012,4,2012_04_TEN_HOU,HOU,TEN,38.0,14.0,24.0,0.7099859600822227,1,False
2012,4,2012_04_SD_KC,KC,SD,20.0,37.0,-17.0,0.45456537310238515,0,False
2012,4,2012_04_SF_NYJ,NYJ,SF,0.0,34.0,-34.0,0.515739753555424,0,False
2012,4,2012_04_SEA_STL,STL,SEA,19.0,13.0,6.0,0.41334589322914006,1,False
2012,4,2012_04_MIA_ARI,ARI,MIA,24.0,21.0,3.0,0.6419301356631777,1,False
2012,4,2012_04_OAK_DEN,DEN,OAK,37.0,6.0,31.0,0.5933654698685435,1,False
2012,4,2012_04_CIN_JAX,JAX,CIN,10.0,27.0,-17.0,0.523224713196969,0,False
2012,4,2012_04_NO_GB,GB,NO,28.0,27.0,1.0,0.6698714208333753,1,False
2012,4,2012_04_WAS_TB,TB,WAS,22.0,24.0,-2.0,0.5863719600543138,0,False
2012,4,2012_04_NYG_PHI,PHI,NYG,19.0,17.0,2.0,0.568854715824394,1,False
2012,4,2012_04_CHI_DAL,DAL,CHI,18.0,34.0,-16.0,0.5047795055528278,0,False
2012,5,2012_05_ARI_STL,STL,ARI,17.0,3.0,14.0,0.39886140433635336,1,False
2012,5,2012_05_MIA_CIN,CIN,MIA,13.0,17.0,-4.0,0.6034016075081355,0,False
2012,5,2012_05_GB_IND,IND,GB,30.0,27.0,3.0,0.33576231001564216,1,False
2012,5,2012_05_BAL_KC,KC,BAL,6.0,9.0,-3.0,0.37946665526639345,0,False
2012,5,2012_05_CLE_NYG,NYG,CLE,41.0,27.0,14.0,0.7500133658120569,1,False
2012,5,2012_05_PHI_PIT,PIT,PHI,16.0,14.0,2.0,0.6231059578728284,1,False
2012,5,2012_05_ATL_WAS,WAS,ATL,17.0,24.0,-7.0,0.36168014101197454,0,False
2012,5,2012_05_SEA_CAR,CAR,SEA,12.0,16.0,-4.0,0.5596787335065676,0,False
2012,5,2012_05_CHI_JAX,JAX,CHI,3.0,41.0,-38.0,0.43979020541577957,0,False
2012,5,2012_05_TEN_MIN,MIN,TEN,30.0,7.0,23.0,0.625781966328992,1,False
2012,5,2012_05_DEN_NE,NE,DEN,31.0,21.0,10.0,0.707630807103547,1,False
2012,5,2012_05_BUF_SF,SF,BUF,45.0,3.0,42.0,0.7298949593675291,1,False
2012,5,2012_05_SD_NO,NO,SD,31.0,24.0,7.0,0.5843537226211606,1,False
2012,5,2012_05_HOU_NYJ,NYJ,HOU,17.0,23.0,-6.0,0.46389189268620745,0,False
2012,6,2012_06_PIT_TEN,TEN,PIT,26.0,23.0,3.0,0.4098622299897664,1,False
2012,6,2012_06_OAK_ATL,ATL,OAK,23.0,20.0,3.0,0.7742077448801925,1,False
2012,6,2012_06_DAL_BAL,BAL,DAL,31.0,29.0,2.0,0.7527503971771108,1,False
2012,6,2012_06_CIN_CLE,CLE,CIN,34.0,24.0,10.0,0.4251006915851271,1,False
2012,6,2012_06_STL_MIA,MIA,STL,17.0,14.0,3.0,0.6504701558705431,1,False
2012,6,2012_06_IND_NYJ,NYJ,IND,35.0,9.0,26.0,0.6503709839418244,1,False
2012,6,2012_06_DET_PHI,PHI,DET,23.0,26.0,-3.0,0.6130200484476295,0,False
2012,6,2012_06_KC_TB,TB,KC,38.0,10.0,28.0,0.5309837119468199,1,False
2012,6,2012_06_BUF_ARI,ARI,BUF,16.0,19.0,-3.0,0.6927963806268241,0,False
2012,6,2012_06_NE_SEA,SEA,NE,24.0,23.0,1.0,0.42259006106489505,1,False
2012,6,2012_06_NYG_SF,SF,NYG,3.0,26.0,-23.0,0.6726742530348964,0,False
2012,6,2012_06_MIN_WAS,WAS,MIN,38.0,26.0,12.0,0.45495724138260923,1,False
2012,6,2012_06_GB_HOU,HOU,GB,24.0,42.0,-18.0,0.5983831627830639,0,False
2012,6,2012_06_DEN_SD,SD,DEN,24.0,35.0,-11.0,0.651427335400726,0,False
2012,7,2012_07_SEA_SF,SF,SEA,13.0,6.0,7.0,0.7015712499250362,1,False
2012,7,2012_07_TEN_BUF,BUF,TEN,34.0,35.0,-1.0,0.5886281403046698,0,False
2012,7,2012_07_DAL_CAR,CAR,DAL,14.0,19.0,-5.0,0.5786928721286685,0,False
2012,7,2012_07_BAL_HOU,HOU,BAL,43.0,13.0,30.0,0.5693753011228817,1,False
2012,7,2012_07_CLE_IND,IND,CLE,17.0,13.0,4.0,0.6187339064091443,1,False
2012,7,2012_07_ARI_MIN,MIN,ARI,21.0,14.0,7.0,0.5540937866630774,1,False
2012,7,2012_07_WAS_NYG,NYG,WAS,27.0,23.0,4.0,0.7141088188513345,1,False
2012,7,2012_07_GB_STL,STL,GB,20.0,30.0,-10.0,0.3695767024431114,0,False
2012,7,2012_07_NO_TB,TB,NO,28.0,35.0,-7.0,0.40701129335743375,0,False
2012,7,2012_07_NYJ_NE,NE,NYJ,29.0,26.0,3.0,0.6913328381452256,1,False
2012,7,2012_07_JAX_OAK,OAK,JAX,26.0,23.0,3.0,0.5844855845037695,1,False
2012,7,2012_07_PIT_CIN,CIN,PIT,17.0,24.0,-7.0,0.481760352346901,0,False
2012,7,2012_07_DET_CHI,CHI,DET,13.0,7.0,6.0,0.6526693754536184,1,False
2012,8,2012_08_TB_MIN,MIN,TB,17.0,36.0,-19.0,0.6788137900488163,0,False
2012,8,2012_08_CAR_CHI,CHI,CAR,23.0,22.0,1.0,0.7407081883983365,1,False
2012,8,2012_08_SD_CLE,CLE,SD,7.0,6.0,1.0,0.4060174866095714,1,False
2012,8,2012_08_SEA_DET,DET,SEA,28.0,24.0,4.0,0.5955371908027499,1,False
2012,8,2012_08_JAX_GB,GB,JAX,24.0,15.0,9.0,0.8084579601928579,1,False
2012,8,2012_08_MIA_NYJ,NYJ,MIA,9.0,30.0,-21.0,0.6007718122001916,0,False
2012,8,2012_08_ATL_PHI,PHI,ATL,17.0,30.0,-13.0,0.4688028167462151,0,False
2012,8,2012_08_WAS_PIT,PIT,WAS,27.0,12.0,15.0,0.7262486136158501,1,False
2012,8,2012_08_NE_STL,STL,NE,7.0,45.0,-38.0,0.27015276450184117,0,True
2012,8,2012_08_IND_TEN,TEN,IND,13.0,19.0,-6.0,0.6092491231838638,0,False
2012,8,2012_08_OAK_KC,KC,OAK,16.0,26.0,-10.0,0.5389799785440219,0,False
2012,8,2012_08_NYG_DAL,DAL,NYG,24.0,29.0,-5.0,0.4773805555283585,0,False
2012,8,2012_08_NO_DEN,DEN,NO,34.0,14.0,20.0,0.48352883643191463,1,False
2012,8,2012_08_SF_ARI,ARI,SF,3.0,24.0,-21.0,0.4215185242262945,0,False
2012,9,2012_09_KC_SD,SD,KC,31.0,13.0,18.0,0.7388830115183331,1,False
2012,9,2012_09_DEN_CIN,CIN,DEN,23.0,31.0,-8.0,0.4761122786582554,0,False
2012,9,2012_09_BAL_CLE,CLE,BAL,15.0,25.0,-10.0,0.355133020525274,0,False
2012,9,2012_09_ARI_GB,GB,ARI,31.0,17.0,14.0,0.7642303163045393,1,False
2012,9,2012_09_BUF_HOU,HOU,BUF,21.0,9.0,12.0,0.8124949677364803,1,False
2012,9,2012_09_MIA_IND,IND,MIA,23.0,20.0,3.0,0.49599942486105236,1,False
2012,9,2012_09_DET_JAX,JAX,DET,14.0,31.0,-17.0,0.45539054114969024,0,False
2012,9,2012_09_CHI_TEN,TEN,CHI,20.0,51.0,-31.0,0.41579163044302486,0,False
2012,9,2012_09_CAR_WAS,WAS,CAR,13.0,21.0,-8.0,0.5544098290752176,0,False
2012,9,2012_09_TB_OAK,OAK,TB,32.0,42.0,-10.0,0.6005871457706434,0,False
2012,9,2012_09_MIN_SEA,SEA,MIN,30.0,20.0,10.0,0.5647107253309385,1,False
2012,9,2012_09_PIT_NYG,NYG,PIT,20.0,24.0,-4.0,0.5906127647142307,0,False
2012,9,2012_09_DAL_ATL,ATL,DAL,19.0,13.0,6.0,0.7545789800608241,1,False
2012,9,2012_09_PHI_NO,NO,PHI,28.0,13.0,15.0,0.638071610339731,1,False
2012,10,2012_10_IND_JAX,JAX,IND,10.0,27.0,-17.0,0.5035931935651929,0,False
2012,10,2012_10_OAK_BAL,BAL,OAK,55.0,20.0,35.0,0.7585751109297217,1,False
2012,10,2012_10_DEN_CAR,CAR,DEN,14.0,36.0,-22.0,0.4662287912993852,0,False
2012,10,2012_10_NYG_CIN,CIN,NYG,31.0,13.0,18.0,0.444430906519333,1,False
2012,10,2012_10_TEN_MIA,MIA,TEN,3.0,37.0,-34.0,0.6690816796844489,0,False
2012,10,2012_10_DET_MIN,MIN,DET,34.0,24.0,10.0,0.5290290030368713,1,False
2012,10,2012_10_BUF_NE,NE,BUF,37.0,31.0,6.0,0.8125404723618981,1,False
2012,10,2012_10_ATL_NO,NO,ATL,31.0,27.0,4.0,0.5210056299437364,1,False
2012,10,2012_10_SD_TB,TB,SD,34.0,24.0,10.0,0.47344400655610674,1,False
2012,10,2012_10_NYJ_SEA,SEA,NYJ,28.0,7.0,21.0,0.5746473985132644,1,False
2012,10,2012_10_DAL_PHI,PHI,DAL,23.0,38.0,-15.0,0.6205462711433255,0,False
2012,10,2012_10_STL_SF,SF,STL,24.0,24.0,0.0,0.7936719204413364,0,False
2012,10,2012_10_HOU_CHI,CHI,HOU,6.0,13.0,-7.0,0.5015571038922653,0,False
2012,10,2012_10_KC_PIT,PIT,KC,16.0,13.0,3.0,0.8105534136092984,1,False
2012,11,2012_11_MIA_BUF,BUF,MIA,19.0,14.0,5.0,0.4858254832479702,1,False
2012,11,2012_11_ARI_ATL,ATL,ARI,23.0,19.0,4.0,0.7543922506254755,1,False
2012,11,2012_11_TB_CAR,CAR,TB,21.0,27.0,-6.0,0.5444941775303767,0,False
2012,11,2012_11_CLE_DAL,DAL,CLE,23.0,20.0,3.0,0.6772322905323364,1,False
2012,11,2012_11_GB_DET,DET,GB,20.0,24.0,-4.0,0.3809009528954481,0,False
2012,11,2012_11_JAX_HOU,HOU,JAX,43.0,37.0,6.0,0.8573347616446284,1,False
2012,11,2012_11_CIN_KC,KC,CIN,6.0,28.0,-22.0,0.4285978967958356,0,False
2012,11,2012_11_NYJ_STL,STL,NYJ,13.0,27.0,-14.0,0.5505712817497572,0,False
2012,11,2012_11_PHI_WAS,WAS,PHI,31.0,6.0,25.0,0.5112981781999486,1,False
2012,11,2012_11_NO_OAK,OAK,NO,17.0,38.0,-21.0,0.36921477014306003,0,False
2012,11,2012_11_SD_DEN,DEN,SD,30.0,23.0,7.0,0.6501276058929587,1,False
2012,11,2012_11_IND_NE,NE,IND,59.0,24.0,35.0,0.7779107811506215,1,False
2012,11,2012_11_BAL_PIT,PIT,BAL,10.0,13.0,-3.0,0.5598826101860086,0,False
2012,11,2012_11_CHI_SF,SF,CHI,32.0,7.0,25.0,0.6257465891100982,1,False
2012,12,2012_12_HOU_DET,DET,HOU,31.0,34.0,-3.0,0.348734009235927,0,False
2012,12,2012_12_WAS_DAL,DAL,WAS,31.0,38.0,-7.0,0.6248695586432818,0,False
2012,12,2012_12_NE_NYJ,NYJ,NE,19.0,49.0,-30.0,0.364779713142671,0,False
2012,12,2012_12_MIN_CHI,CHI,MIN,28.0,10.0,18.0,0.6564522323189804,1,False
2012,12,2012_12_OAK_CIN,CIN,OAK,34.0,10.0,24.0,0.6926052992031406,1,False
2012,12,2012_12_PIT_CLE,CLE,PIT,20.0,14.0,6.0,0.3422138278039741,1,False
2012,12,2012_12_BUF_IND,IND,BUF,20.0,13.0,7.0,0.6102246789208887,1,False
2012,12,2012_12_TEN_JAX,JAX,TEN,24.0,19.0,5.0,0.5079159722167029,1,False
2012,12,2012_12_DEN_KC,KC,DEN,9.0,17.0,-8.0,0.3219629145878083,0,False
2012,12,2012_12_SEA_MIA,MIA,SEA,24.0,21.0,3.0,0.5083907391474825,1,False
2012,12,2012_12_ATL_TB,TB,ATL,23.0,24.0,-1.0,0.4300768195990159,0,False
2012,12,2012_12_BAL_SD,SD,BAL,13.0,16.0,-3.0,0.4234353304190619,0,False
2012,12,2012_12_STL_ARI,ARI,STL,17.0,31.0,-14.0,0.6064078380362509,0,False
2012,12,2012_12_SF_NO,NO,SF,21.0,31.0,-10.0,0.532093877871917,0,False
2012,12,2012_12_GB_NYG,NYG,GB,38.0,10.0,28.0,0.4165365926733972,1,False
2012,12,2012_12_CAR_PHI,PHI,CAR,22.0,30.0,-8.0,0.5781237535355422,0,False
2012,13,2012_13_NO_ATL,ATL,NO,23.0,13.0,10.0,0.632378734326808,1,False
2012,13,2012_13_JAX_BUF,BUF,JAX,34.0,18.0,16.0,0.6013679383819421,1,False
2012,13,2012_13_SEA_CHI,CHI,SEA,17.0,23.0,-6.0,0.6636577443028969,0,False
2012,13,2012_13_IND_DET,DET,IND,33.0,35.0,-2.0,0.596006018747316,0,False
2012,13,2012_13_MIN_GB,GB,MIN,23.0,14.0,9.0,0.743486902800924,1,False
2012,13,2012_13_CAR_KC,KC,CAR,27.0,21.0,6.0,0.47607695518795673,1,False
2012,13,2012_13_NE_MIA,MIA,NE,16.0,23.0,-7.0,0.36383131212055536,0,False
2012,13,2012_13_ARI_NYJ,NYJ,ARI,7.0,6.0,1.0,0.640953090165576,1,False
2012,13,2012_13_SF_STL,STL,SF,16.0,13.0,3.0,0.33736347762345115,1,False
2012,13,2012_13_HOU_TEN,TEN,HOU,10.0,24.0,-14.0,0.28396721441858,0,False
2012,13,2012_13_TB_DEN,DEN,TB,31.0,23.0,8.0,0.7020548789980834,1,False
2012,13,2012_13_PIT_BAL,BAL,PIT,20.0,23.0,-3.0,0.6870432666365769,0,False
2012,13,2012_13_CLE_OAK,OAK,CLE,17.0,20.0,-3.0,0.5532879328690945,0,False
2012,13,2012_13_CIN_SD,SD,CIN,13.0,20.0,-7.0,0.5404717697837335,0,False
2012,13,2012_13_PHI_DAL,DAL,PHI,38.0,33.0,5.0,0.6512757897064131,1,False
2012,13,2012_13_NYG_WAS,WAS,NYG,17.0,16.0,1.0,0.4474448176180342,1,False
2012,14,2012_14_DEN_OAK,OAK,DEN,13.0,26.0,-13.0,0.31922972383492926,0,False
2012,14,2012_14_STL_BUF,BUF,STL,12.0,15.0,-3.0,0.5600450923671924,0,False
2012,14,2012_14_ATL_CAR,CAR,ATL,30.0,20.0,10.0,0.3092712615498983,1,False
2012,14,2012_14_DAL_CIN,CIN,DAL,19.0,20.0,-1.0,0.6475732231155835,0,False
2012,14,2012_14_KC_CLE,CLE,KC,30.0,7.0,23.0,0.6411226137376804,1,False
2012,14,2012_14_TEN_IND,IND,TEN,27.0,23.0,4.0,0.6627736067514856,1,False
2012,14,2012_14_NYJ_JAX,JAX,NYJ,10.0,17.0,-7.0,0.44963644634950595,0,False
2012,14,2012_14_CHI_MIN,MIN,CHI,21.0,14.0,7.0,0.4445217048018153,1,False
2012,14,2012_14_SD_PIT,PIT,SD,24.0,34.0,-10.0,0.685769739254414,0,False
2012,14,2012_14_PHI_TB,TB,PHI,21.0,23.0,-2.0,0.6699783359208277,0,False
2012,14,2012_14_BAL_WAS,WAS,BAL,31.0,28.0,3.0,0.4056850324267416,1,False
2012,14,2012_14_MIA_SF,SF,MIA,27.0,13.0,14.0,0.7496209001205674,1,False
2012,14,2012_14_NO_NYG,NYG,NO,52.0,27.0,25.0,0.5874125044820699,1,False
2012,14,2012_14_ARI_SEA,SEA,ARI,58.0,0.0,58.0,0.7003087172912547,1,False
2012,14,2012_14_DET_GB,GB,DET,27.0,20.0,7.0,0.7589930680882908,1,False
2012,14,2012_14_HOU_NE,NE,HOU,42.0,14.0,28.0,0.5838218892298725,1,False
2012,15,2012_15_CIN_PHI,PHI,CIN,13.0,34.0,-21.0,0.45153792779650265,0,False
2012,15,2012_15_NYG_ATL,ATL,NYG,34.0,0.0,34.0,0.596374158446574,1,False
2012,15,2012_15_DEN_BAL,BAL,DEN,17.0,34.0,-17.0,0.5834157552270258,0,False
2012,15,2012_15_GB_CHI,CHI,GB,13.0,21.0,-8.0,0.47001348229474366,0,False
2012,15,2012_15_WAS_CLE,CLE,WAS,21.0,38.0,-17.0,0.5452307961907362,0,False
2012,15,2012_15_IND_HOU,HOU,IND,29.0,17.0,12.0,0.755454403606616,1,False
2012,15,2012_15_JAX_MIA,MIA,JAX,24.0,3.0,21.0,0.7033521415218299,1,False
2012,15,2012_15_TB_NO,NO,TB,41.0,0.0,41.0,0.6769057819776775,1,False
2012,15,2012_15_MIN_STL,STL,MIN,22.0,36.0,-14.0,0.58629097703627,0,False
2012,15,2012_15_DET_ARI,ARI,DET,38.0,10.0,28.0,0.5244899553032629,1,False
2012,15,2012_15_SEA_BUF,BUF,SEA,17.0,50.0,-33.0,0.4365680239885864,0,False
2012,15,2012_15_CAR_SD,SD,CAR,7.0,31.0,-24.0,0.6198841543568031,0,False
2012,15,2012_15_PIT_DAL,DAL,PIT,27.0,24.0,3.0,0.5276493928125527,1,False
2012,15,2012_15_KC_OAK,OAK,KC,15.0,0.0,15.0,0.6203877039989439,1,False
2012,15,2012_15_SF_NE,NE,SF,34.0,41.0,-7.0,0.6743896024087118,0,False
2012,15,2012_15_NYJ_TEN,TEN,NYJ,14.0,10.0,4.0,0.48302443851768,1,False
2012,16,2012_16_ATL_DET,DET,ATL,18.0,31.0,-13.0,0.3086888856743328,0,False
2012,16,2012_16_OAK_CAR,CAR,OAK,17.0,6.0,11.0,0.6745078352992865,1,False
2012,16,2012_16_NO_DAL,DAL,NO,31.0,34.0,-3.0,0.5290637757652328,0,False
2012,16,2012_16_TEN_GB,GB,TEN,55.0,7.0,48.0,0.8089669220545298,1,False
2012,16,2012_16_MIN_HOU,HOU,MIN,6.0,23.0,-17.0,0.7761646301588966,0,False
2012,16,2012_16_NE_JAX,JAX,NE,16.0,23.0,-7.0,0.18752978209392027,0,False
2012,16,2012_16_IND_KC,KC,IND,13.0,20.0,-7.0,0.39237754750041165,0,False
2012,16,2012_16_BUF_MIA,MIA,BUF,24.0,10.0,14.0,0.662211870842361,1,False
2012,16,2012_16_SD_NYJ,NYJ,SD,17.0,27.0,-10.0,0.5855583228374336,0,False
2012,16,2012_16_WAS_PHI,PHI,WAS,20.0,27.0,-7.0,0.47514067447310376,0,False
2012,16,2012_16_CIN_PIT,PIT,CIN,10.0,13.0,-3.0,0.592524337963076,0,False
2012,16,2012_16_STL_TB,TB,STL,13.0,28.0,-15.0,0.532769160504422,0,False
2012,16,2012_16_CLE_DEN,DEN,CLE,34.0,12.0,22.0,0.7692078872582676,1,False
2012,16,2012_16_CHI_ARI,ARI,CHI,13.0,28.0,-15.0,0.482812411112891,0,False
2012,16,2012_16_NYG_BAL,BAL,NYG,33.0,14.0,19.0,0.6250062264231698,1,False
2012,16,2012_16_SF_SEA,SEA,SF,42.0,13.0,29.0,0.48102658838231077,1,False
2012,17,2012_17_TB_ATL,ATL,TB,17.0,22.0,-5.0,0.8234941712339633,0,False
2012,17,2012_17_NYJ_BUF,BUF,NYJ,28.0,9.0,19.0,0.5224214695371379,1,False
2012,17,2012_17_BAL_CIN,CIN,BAL,23.0,17.0,6.0,0.4887131800837951,1,False
2012,17,2012_17_CHI_DET,DET,CHI,24.0,26.0,-2.0,0.427847834873243,0,False
2012,17,2012_17_HOU_IND,IND,HOU,28.0,16.0,12.0,0.38354747932159244,1,False
2012,17,2012_17_CAR_NO,NO,CAR,38.0,44.0,-6.0,0.6812681769230178,0,False
2012,17,2012_17_PHI_NYG,NYG,PHI,42.0,7.0,35.0,0.7373347475653051,1,False
2012,17,2012_17_CLE_PIT,PIT,CLE,24.0,10.0,14.0,0.7008542081360334,1,False
2012,17,2012_17_JAX_TEN,TEN,JAX,38.0,20.0,18.0,0.6713659179450175,1,False
2012,17,2012_17_KC_DEN,DEN,KC,38.0,3.0,35.0,0.8778592948013225,1,False
2012,17,2012_17_GB_MIN,MIN,GB,37.0,34.0,3.0,0.39460247622256184,1,False
2012,17,2012_17_MIA_NE,NE,MIA,28.0,0.0,28.0,0.7932658915391676,1,False
2012,17,2012_17_OAK_SD,SD,OAK,24.0,21.0,3.0,0.7134832895355897,1,False
2012,17,2012_17_STL_SEA,SEA,STL,20.0,13.0,7.0,0.7457630101974121,1,False
2012,17,2012_17_ARI_SF,SF,ARI,27.0,13.0,14.0,0.773688412486284,1,False
2012,17,2012_17_DAL_WAS,WAS,DAL,28.0,18.0,10.0,0.5906115162202235,1,False
2013,1,2013_01_BAL_DEN,DEN,BAL,49.0,27.0,22.0,0.629633948702803,1,False
2013,1,2013_01_NE_BUF,BUF,NE,21.0,23.0,-2.0,0.38183715802901885,0,False
2013,1,2013_01_SEA_CAR,CAR,SEA,7.0,12.0,-5.0,0.4962330281546902,0,False
2013,1,2013_01_CIN_CHI,CHI,CIN,24.0,21.0,3.0,0.5776929103133485,1,False
2013,1,2013_01_MIA_CLE,CLE,MIA,10.0,23.0,-13.0,0.5212734137601873,0,False
2013,1,2013_01_MIN_DET,DET,MIN,34.0,24.0,10.0,0.4984518426711267,1,False
2013,1,2013_01_OAK_IND,IND,OAK,21.0,17.0,4.0,0.7030179405444323,1,False
2013,1,2013_01_KC_JAX,JAX,KC,2.0,28.0,-26.0,0.6016762205049745,0,False
2013,1,2013_01_ATL_NO,NO,ATL,23.0,17.0,6.0,0.5377589872061634,1,False
2013,1,2013_01_TB_NYJ,NYJ,TB,18.0,17.0,1.0,0.5881175431883114,1,False
2013,1,2013_01_TEN_PIT,PIT,TEN,9.0,16.0,-7.0,0.6675218358229904,0,False
2013,1,2013_01_GB_SF,SF,GB,34.0,28.0,6.0,0.5821005198308542,1,False
2013,1,2013_01_ARI_STL,STL,ARI,27.0,24.0,3.0,0.6226200018197364,1,False
2013,1,2013_01_NYG_DAL,DAL,NYG,36.0,31.0,5.0,0.5349781951941819,1,False
2013,1,2013_01_PHI_WAS,WAS,PHI,27.0,33.0,-6.0,0.7020925992034308,0,False
2013,1,2013_01_HOU_SD,SD,HOU,28.0,31.0,-3.0,0.5085071466729422,0,False
2013,2,2013_02_NYJ_NE,NE,NYJ,13.0,10.0,3.0,0.7829621170370724,1,False
2013,2,2013_02_STL_ATL,ATL,STL,31.0,24.0,7.0,0.6661763234208778,1,False
2013,2,2013_02_CLE_BAL,BAL,CLE,14.0,6.0,8.0,0.6929662301234042,1,False
2013,2,2013_02_CAR_BUF,BUF,CAR,24.0,23.0,1.0,0.5528593019466336,1,False
2013,2,2013_02_MIN_CHI,CHI,MIN,31.0,30.0,1.0,0.6626828721678616,1,False
2013,2,2013_02_WAS_GB,GB,WAS,38.0,20.0,18.0,0.6541980869537242,1,False
2013,2,2013_02_TEN_HOU,HOU,TEN,30.0,24.0,6.0,0.7067518613632429,1,False
2013,2,2013_02_MIA_IND,IND,MIA,20.0,24.0,-4.0,0.6221329293392432,0,False
2013,2,2013_02_DAL_KC,KC,DAL,17.0,16.0,1.0,0.44124740608594337,1,False
2013,2,2013_02_SD_PHI,PHI,SD,30.0,33.0,-3.0,0.5206245607849423,0,False
2013,2,2013_02_DET_ARI,ARI,DET,25.0,21.0,4.0,0.547655275117046,1,False
2013,2,2013_02_NO_TB,TB,NO,14.0,16.0,-2.0,0.45284581078502595,0,False
2013,2,2013_02_DEN_NYG,NYG,DEN,23.0,41.0,-18.0,0.4569551527891322,0,False
2013,2,2013_02_JAX_OAK,OAK,JAX,19.0,9.0,10.0,0.6238206879213026,1,False
2013,2,2013_02_SF_SEA,SEA,SF,29.0,3.0,26.0,0.5771094931758021,1,False
2013,2,2013_02_PIT_CIN,CIN,PIT,20.0,10.0,10.0,0.5990791633240818,1,False
2013,3,2013_03_KC_PHI,PHI,KC,16.0,26.0,-10.0,0.6246667770647488,0,False
2013,3,2013_03_HOU_BAL,BAL,HOU,30.0,9.0,21.0,0.5351413723844954,1,False
2013,3,2013_03_NYG_CAR,CAR,NYG,38.0,0.0,38.0,0.5713737270770327,1,False
2013,3,2013_03_GB_CIN,CIN,GB,34.0,30.0,4.0,0.5419120736224325,1,False
2013,3,2013_03_STL_DAL,DAL,STL,31.0,7.0,24.0,0.6240619398426223,1,False
2013,3,2013_03_CLE_MIN,MIN,CLE,27.0,31.0,-4.0,0.6632563370911622,0,False
2013,3,2013_03_TB_NE,NE,TB,23.0,3.0,20.0,0.8047350394924941,1,False
2013,3,2013_03_ARI_NO,NO,ARI,31.0,7.0,24.0,0.7152733819595253,1,False
2013,3,2013_03_SD_TEN,TEN,SD,20.0,17.0,3.0,0.5396737030574233,1,False
2013,3,2013_03_DET_WAS,WAS,DET,20.0,27.0,-7.0,0.6238017207549018,0,False
2013,3,2013_03_ATL_MIA,MIA,ATL,27.0,23.0,4.0,0.516804639491371,1,False
2013,3,2013_03_BUF_NYJ,NYJ,BUF,27.0,20.0,7.0,0.569393601016299,1,False
2013,3,2013_03_JAX_SEA,SEA,JAX,45.0,17.0,28.0,0.8496882290027223,1,False
2013,3,2013_03_IND_SF,SF,IND,7.0,27.0,-20.0,0.6369675916614911,0,False
2013,3,2013_03_CHI_PIT,PIT,CHI,23.0,40.0,-17.0,0.5183226873753013,0,False
2013,3,2013_03_OAK_DEN,DEN,OAK,37.0,21.0,16.0,0.7929289105093025,1,False
2013,4,2013_04_SF_STL,STL,SF,11.0,35.0,-24.0,0.4535405324715802,0,False
2013,4,2013_04_BAL_BUF,BUF,BAL,23.0,20.0,3.0,0.42527657169590855,1,False
2013,4,2013_04_CIN_CLE,CLE,CIN,17.0,6.0,11.0,0.41289362544435587,1,False
2013,4,2013_04_CHI_DET,DET,CHI,40.0,32.0,8.0,0.4762394997143332,1,False
2013,4,2013_04_SEA_HOU,HOU,SEA,20.0,23.0,-3.0,0.4783921782049335,0,False
2013,4,2013_04_IND_JAX,JAX,IND,3.0,37.0,-34.0,0.3585809288648565,0,False
2013,4,2013_04_NYG_KC,KC,NYG,31.0,7.0,24.0,0.527844875023493,1,False
2013,4,2013_04_PIT_MIN,MIN,PIT,34.0,27.0,7.0,0.47990026776367334,1,True
2013,4,2013_04_ARI_TB,TB,ARI,10.0,13.0,-3.0,0.5861616400368616,0,False
2013,4,2013_04_NYJ_TEN,TEN,NYJ,38.0,13.0,25.0,0.5853959421766463,1,False
2013,4,2013_04_PHI_DEN,DEN,PHI,52.0,20.0,32.0,0.8169048272577727,1,False
2013,4,2013_04_WAS_OAK,OAK,WAS,14.0,24.0,-10.0,0.5226404472468884,0,False
2013,4,2013_04_DAL_SD,SD,DAL,30.0,21.0,9.0,0.5262311170228362,1,False
2013,4,2013_04_NE_ATL,ATL,NE,23.0,30.0,-7.0,0.4495043339947697,0,False
2013,4,2013_04_MIA_NO,NO,MIA,38.0,17.0,21.0,0.6596407628568887,1,False
2013,5,2013_05_BUF_CLE,CLE,BUF,37.0,24.0,13.0,0.5879754901399425,1,False
2013,5,2013_05_NO_CHI,CHI,NO,18.0,26.0,-8.0,0.4691099284348813,0,False
2013,5,2013_05_NE_CIN,CIN,NE,13.0,6.0,7.0,0.4125611276650054,1,False
2013,5,2013_05_DET_GB,GB,DET,22.0,9.0,13.0,0.6790171868918513,1,False
2013,5,2013_05_SEA_IND,IND,SEA,34.0,28.0,6.0,0.4549855367396743,1,False
2013,5,2013_05_BAL_MIA,MIA,BAL,23.0,26.0,-3.0,0.526685406729936,0,False
2013,5,2013_05_PHI_NYG,NYG,PHI,21.0,36.0,-15.0,0.6141229944559812,0,False
2013,5,2013_05_JAX_STL,STL,JAX,34.0,20.0,14.0,0.7029985150742828,1,False
2013,5,2013_05_KC_TEN,TEN,KC,17.0,26.0,-9.0,0.6628959750088429,0,False
2013,5,2013_05_CAR_ARI,ARI,CAR,22.0,6.0,16.0,0.4791518914322936,1,False
2013,5,2013_05_DEN_DAL,DAL,DEN,48.0,51.0,-3.0,0.3986863058542477,0,False
2013,5,2013_05_HOU_SF,SF,HOU,34.0,3.0,31.0,0.6097596979920665,1,False
2013,5,2013_05_SD_OAK,OAK,SD,27.0,17.0,10.0,0.4654717509067533,1,False
2013,5,2013_05_NYJ_ATL,ATL,NYJ,28.0,30.0,-2.0,0.7136407273428167,0,False
2013,6,2013_06_NYG_CHI,CHI,NYG,27.0,21.0,6.0,0.7148808366733266,1,False
2013,6,2013_06_GB_BAL,BAL,GB,17.0,19.0,-2.0,0.5592764440003507,0,False
2013,6,2013_06_CIN_BUF,BUF,CIN,24.0,27.0,-3.0,0.43802531313581805,0,False
2013,6,2013_06_DET_CLE,CLE,DET,17.0,31.0,-14.0,0.6231492176192961,0,False
2013,6,2013_06_STL_HOU,HOU,STL,13.0,38.0,-25.0,0.648550384515506,0,False
2013,6,2013_06_OAK_KC,KC,OAK,24.0,7.0,17.0,0.6114695682612646,1,False
2013,6,2013_06_CAR_MIN,MIN,CAR,10.0,35.0,-25.0,0.5944780264874239,0,False
2013,6,2013_06_PIT_NYJ,NYJ,PIT,6.0,19.0,-13.0,0.5843328382086039,0,False
2013,6,2013_06_PHI_TB,TB,PHI,20.0,31.0,-11.0,0.6060450697494423,0,False
2013,6,2013_06_JAX_DEN,DEN,JAX,35.0,19.0,16.0,0.8941489866989716,1,False
2013,6,2013_06_TEN_SEA,SEA,TEN,20.0,13.0,7.0,0.7206013139826074,1,False
2013,6,2013_06_NO_NE,NE,NO,30.0,27.0,3.0,0.605783936661279,1,False
2013,6,2013_06_ARI_SF,SF,ARI,32.0,20.0,12.0,0.7190349017519848,1,False
2013,6,2013_06_WAS_DAL,DAL,WAS,31.0,16.0,15.0,0.6164709786347924,1,False
2013,6,2013_06_IND_SD,SD,IND,19.0,9.0,10.0,0.4808127805161618,1,False
2013,7,2013_07_SEA_ARI,ARI,SEA,22.0,34.0,-12.0,0.381224920112463,0,False
2013,7,2013_07_TB_ATL,ATL,TB,31.0,23.0,8.0,0.7327540559432214,1,False
2013,7,2013_07_STL_CAR,CAR,STL,30.0,15.0,15.0,0.6316799435819728,1,False
2013,7,2013_07_CIN_DET,DET,CIN,24.0,27.0,-3.0,0.48174459609667813,0,False
2013,7,2013_07_SD_JAX,JAX,SD,6.0,24.0,-18.0,0.34259052645873606,0,False
2013,7,2013_07_BUF_MIA,MIA,BUF,21.0,23.0,-2.0,0.6692787897678634,0,False
2013,7,2013_07_NE_NYJ,NYJ,NE,30.0,27.0,3.0,0.3342525796511639,1,False
2013,7,2013_07_DAL_PHI,PHI,DAL,3.0,17.0,-14.0,0.4532664578009788,0,False
2013,7,2013_07_CHI_WAS,WAS,CHI,45.0,41.0,4.0,0.48636280252325015,1,False
2013,7,2013_07_SF_TEN,TEN,SF,17.0,31.0,-14.0,0.4314264841037705,0,False
2013,7,2013_07_CLE_GB,GB,CLE,31.0,13.0,18.0,0.7192171917830611,1,False
2013,7,2013_07_HOU_KC,KC,HOU,17.0,16.0,1.0,0.5889796025148994,1,False
2013,7,2013_07_BAL_PIT,PIT,BAL,19.0,16.0,3.0,0.476505823837977,1,False
2013,7,2013_07_DEN_IND,IND,DEN,39.0,33.0,6.0,0.4152169785479619,1,False
2013,7,2013_07_MIN_NYG,NYG,MIN,23.0,7.0,16.0,0.48052035768162576,1,False
2013,8,2013_08_CAR_TB,TB,CAR,13.0,31.0,-18.0,0.42796345916609047,0,False
2013,8,2013_08_DAL_DET,DET,DAL,31.0,30.0,1.0,0.5176703056523406,1,False
2013,8,2013_08_SF_JAX,JAX,SF,10.0,42.0,-32.0,0.1681268781634593,0,True
2013,8,2013_08_CLE_KC,KC,CLE,23.0,17.0,6.0,0.6344101840094494,1,False
2013,8,2013_08_MIA_NE,NE,MIA,27.0,17.0,10.0,0.745314429734388,1,False
2013,8,2013_08_BUF_NO,NO,BUF,35.0,17.0,18.0,0.7735925399716042,1,False
2013,8,2013_08_NYG_PHI,PHI,NYG,7.0,15.0,-8.0,0.5629737427089787,0,False
2013,8,2013_08_NYJ_CIN,CIN,NYJ,49.0,9.0,40.0,0.7113956845512872,1,False
2013,8,2013_08_PIT_OAK,OAK,PIT,21.0,18.0,3.0,0.5014958719815887,1,False
2013,8,2013_08_ATL_ARI,ARI,ATL,27.0,13.0,14.0,0.4712073369520093,1,False
2013,8,2013_08_WAS_DEN,DEN,WAS,45.0,21.0,24.0,0.7726875292597023,1,False
2013,8,2013_08_GB_MIN,MIN,GB,31.0,44.0,-13.0,0.3689235381052046,0,False
2013,8,2013_08_SEA_STL,STL,SEA,9.0,14.0,-5.0,0.34732317287616177,0,False
2013,9,2013_09_CIN_MIA,MIA,CIN,22.0,20.0,2.0,0.4284061817148198,1,False
2013,9,2013_09_KC_BUF,BUF,KC,13.0,23.0,-10.0,0.4736840264754786,0,False
2013,9,2013_09_ATL_CAR,CAR,ATL,34.0,10.0,24.0,0.6139445232762112,1,False
2013,9,2013_09_MIN_DAL,DAL,MIN,27.0,23.0,4.0,0.6912635553472942,1,False
2013,9,2013_09_NO_NYJ,NYJ,NO,26.0,20.0,6.0,0.35512172236672257,1,False
2013,9,2013_09_TEN_STL,STL,TEN,21.0,28.0,-7.0,0.5339578633997986,0,False
2013,9,2013_09_SD_WAS,WAS,SD,30.0,24.0,6.0,0.5148858699691063,1,False
2013,9,2013_09_PHI_OAK,OAK,PHI,20.0,49.0,-29.0,0.6265781248122524,0,False
2013,9,2013_09_TB_SEA,SEA,TB,27.0,24.0,3.0,0.8368122087621487,1,False
2013,9,2013_09_BAL_CLE,CLE,BAL,24.0,18.0,6.0,0.47527361372981936,1,False
2013,9,2013_09_PIT_NE,NE,PIT,55.0,31.0,24.0,0.7821220885255056,1,False
2013,9,2013_09_IND_HOU,HOU,IND,24.0,27.0,-3.0,0.49955023079979904,0,False
2013,9,2013_09_CHI_GB,GB,CHI,20.0,27.0,-7.0,0.7241956849124813,0,False
2013,10,2013_10_WAS_MIN,MIN,WAS,34.0,27.0,7.0,0.5271775701106958,1,False
2013,10,2013_10_SEA_ATL,ATL,SEA,10.0,33.0,-23.0,0.38507748195018277,0,False
2013,10,2013_10_CIN_BAL,BAL,CIN,20.0,17.0,3.0,0.49680288896652985,1,False
2013,10,2013_10_DET_CHI,CHI,DET,19.0,21.0,-2.0,0.6383205713002913,0,False
2013,10,2013_10_PHI_GB,GB,PHI,13.0,27.0,-14.0,0.8031570325581232,0,False
2013,10,2013_10_STL_IND,IND,STL,8.0,38.0,-30.0,0.7479795093677573,0,False
2013,10,2013_10_OAK_NYG,NYG,OAK,24.0,20.0,4.0,0.6152003381668287,1,False
2013,10,2013_10_BUF_PIT,PIT,BUF,23.0,10.0,13.0,0.6263445976974131,1,False
2013,10,2013_10_JAX_TEN,TEN,JAX,27.0,29.0,-2.0,0.7887323930629928,0,False
2013,10,2013_10_CAR_SF,SF,CAR,9.0,10.0,-1.0,0.6571879907588868,0,False
2013,10,2013_10_HOU_ARI,ARI,HOU,27.0,24.0,3.0,0.6122857719433745,1,False
2013,10,2013_10_DEN_SD,SD,DEN,20.0,28.0,-8.0,0.37719667424894426,0,False
2013,10,2013_10_DAL_NO,NO,DAL,49.0,17.0,32.0,0.6612990914960276,1,False
2013,10,2013_10_MIA_TB,TB,MIA,22.0,19.0,3.0,0.4590685893570144,1,False
2013,11,2013_11_IND_TEN,TEN,IND,27.0,30.0,-3.0,0.490590190752912,0,False
2013,11,2013_11_NYJ_BUF,BUF,NYJ,37.0,14.0,23.0,0.4889784453721163,1,False
2013,11,2013_11_BAL_CHI,CHI,BAL,23.0,20.0,3.0,0.5715171516897681,1,False
2013,11,2013_11_CLE_CIN,CIN,CLE,41.0,20.0,21.0,0.7004534648996319,1,False
2013,11,2013_11_OAK_HOU,HOU,OAK,23.0,28.0,-5.0,0.6618152454933081,0,False
2013,11,2013_11_ARI_JAX,JAX,ARI,14.0,27.0,-13.0,0.34680375478130804,0,False
2013,11,2013_11_WAS_PHI,PHI,WAS,24.0,16.0,8.0,0.5620937015525999,1,False
2013,11,2013_11_DET_PIT,PIT,DET,37.0,27.0,10.0,0.5717479485255771,1,False
2013,11,2013_11_ATL_TB,TB,ATL,41.0,28.0,13.0,0.5048785293544296,1,False
2013,11,2013_11_SD_MIA,MIA,SD,20.0,16.0,4.0,0.576304779911944,1,False
2013,11,2013_11_SF_NO,NO,SF,23.0,20.0,3.0,0.6137697521375974,1,False
2013,11,2013_11_GB_NYG,NYG,GB,27.0,13.0,14.0,0.41236428094332694,1,False
2013,11,2013_11_MIN_SEA,SEA,MIN,41.0,20.0,21.0,0.7983196478272729,1,False
2013,11,2013_11_KC_DEN,DEN,KC,27.0,17.0,10.0,0.7460164957199017,1,False
2013,11,2013_11_NE_CAR,CAR,NE,24.0,20.0,4.0,0.480274730673096,1,False
2013,12,2013_12_NO_ATL,ATL,NO,13.0,17.0,-4.0,0.33888559300046395,0,False
2013,12,2013_12_NYJ_BAL,BAL,NYJ,19.0,3.0,16.0,0.6895751872433973,1,False
2013,12,2013_12_PIT_CLE,CLE,PIT,11.0,27.0,-16.0,0.5224138197791623,0,False
2013,12,2013_12_TB_DET,DET,TB,21.0,24.0,-3.0,0.6189054018919651,0,False
2013,12,2013_12_MIN_GB,GB,MIN,26.0,26.0,0.0,0.732544426328958,0,False
2013,12,2013_12_JAX_HOU,HOU,JAX,6.0,13.0,-7.0,0.7539101415742481,0,False
2013,12,2013_12_SD_KC,KC,SD,38.0,41.0,-3.0,0.6456653548790834,0,False
2013,12,2013_12_CAR_MIA,MIA,CAR,16.0,20.0,-4.0,0.4540977545235354,0,False
2013,12,2013_12_CHI_STL,STL,CHI,42.0,21.0,21.0,0.4777521710532945,1,False
2013,12,2013_12_IND_ARI,ARI,IND,40.0,11.0,29.0,0.5348447416013682,1,False
2013,12,2013_12_TEN_OAK,OAK,TEN,19.0,23.0,-4.0,0.5270070630015323,0,False
2013,12,2013_12_DAL_NYG,NYG,DAL,21.0,24.0,-3.0,0.5915014065778158,0,False
2013,12,2013_12_DEN_NE,NE,DEN,34.0,31.0,3.0,0.5434310226133968,1,False
2013,12,2013_12_SF_WAS,WAS,SF,6.0,27.0,-21.0,0.37623138200853634,0,False
2013,13,2013_13_GB_DET,DET,GB,40.0,10.0,30.0,0.47400625050247797,1,False
2013,13,2013_13_OAK_DAL,DAL,OAK,31.0,24.0,7.0,0.7106081066778545,1,False
2013,13,2013_13_PIT_BAL,BAL,PIT,22.0,20.0,2.0,0.6255481858216979,1,False
2013,13,2013_13_TB_CAR,CAR,TB,27.0,6.0,21.0,0.7609845119161358,1,False
2013,13,2013_13_JAX_CLE,CLE,JAX,28.0,32.0,-4.0,0.7277455962883186,0,False
2013,13,2013_13_NE_HOU,HOU,NE,31.0,34.0,-3.0,0.3289363660041288,0,False
2013,13,2013_13_TEN_IND,IND,TEN,22.0,14.0,8.0,0.6435703522615077,1,False
2013,13,2013_13_CHI_MIN,MIN,CHI,23.0,20.0,3.0,0.54469825441875,1,False
2013,13,2013_13_MIA_NYJ,NYJ,MIA,3.0,23.0,-20.0,0.4939678797447842,0,False
2013,13,2013_13_ARI_PHI,PHI,ARI,24.0,21.0,3.0,0.4576154267859143,1,False
2013,13,2013_13_ATL_BUF,BUF,ATL,31.0,34.0,-3.0,0.5022847641849465,0,True
2013,13,2013_13_STL_SF,SF,STL,23.0,13.0,10.0,0.7265687157696299,1,False
2013,13,2013_13_DEN_KC,KC,DEN,28.0,35.0,-7.0,0.38737697762444695,0,False
2013,13,2013_13_CIN_SD,SD,CIN,10.0,17.0,-7.0,0.44141647155259506,0,False
2013,13,2013_13_NYG_WAS,WAS,NYG,17.0,24.0,-7.0,0.49558198387079083,0,False
2013,13,2013_13_NO_SEA,SEA,NO,34.0,7.0,27.0,0.6158804340328767,1,False
2013,14,2013_14_HOU_JAX,JAX,HOU,27.0,20.0,7.0,0.45427909064820604,1,False
2013,14,2013_14_MIN_BAL,BAL,MIN,29.0,26.0,3.0,0.6917773943083504,1,False
2013,14,2013_14_IND_CIN,CIN,IND,42.0,28.0,14.0,0.6614480342743096,1,False
2013,14,2013_14_ATL_GB,GB,ATL,22.0,21.0,1.0,0.6590174797750383,1,False
2013,14,2013_14_CLE_NE,NE,CLE,27.0,26.0,1.0,0.8257103063204072,1,False
2013,14,2013_14_OAK_NYJ,NYJ,OAK,37.0,27.0,10.0,0.5996226225028534,1,False
2013,14,2013_14_DET_PHI,PHI,DET,34.0,20.0,14.0,0.553320961043833,1,False
2013,14,2013_14_MIA_PIT,PIT,MIA,28.0,34.0,-6.0,0.6037806278122099,0,False
2013,14,2013_14_BUF_TB,TB,BUF,27.0,6.0,21.0,0.592564333182734,1,False
2013,14,2013_14_KC_WAS,WAS,KC,10.0,45.0,-35.0,0.4895468966247822,0,False
2013,14,2013_14_TEN_DEN,DEN,TEN,51.0,28.0,23.0,0.8119367192461813,1,False
2013,14,2013_14_STL_ARI,ARI,STL,30.0,10.0,20.0,0.68011270928209,1,False
2013,14,2013_14_NYG_SD,SD,NYG,37.0,14.0,23.0,0.5489148867288427,1,False
2013,14,2013_14_SEA_SF,SF,SEA,19.0,17.0,2.0,0.4876527833731631,1,False
2013,14,2013_14_CAR_NO,NO,CAR,31.0,13.0,18.0,0.5770212685684835,1,False
2013,14,2013_14_DAL_CHI,CHI,DAL,45.0,28.0,17.0,0.513617037631498,1,False
2013,15,2013_15_SD_DEN,DEN,SD,20.0,27.0,-7.0,0.781520064552787,0,False
2013,15,2013_15_WAS_ATL,ATL,WAS,27.0,26.0,1.0,0.6278794273552925,1,False
2013,15,2013_15_CHI_CLE,CLE,CHI,31.0,38.0,-7.0,0.49337923397732947,0,False
2013,15,2013_15_HOU_IND,IND,HOU,25.0,3.0,22.0,0.7116940089110597,1,False
2013,15,2013_15_BUF_JAX,JAX,BUF,20.0,27.0,-7.0,0.5540132814213501,0,False
2013,15,2013_15_NE_MIA,MIA,NE,24.0,20.0,4.0,0.3815812862116229,1,False
2013,15,2013_15_PHI_MIN,MIN,PHI,48.0,30.0,18.0,0.523222901559454,1,False
2013,15,2013_15_SEA_NYG,NYG,SEA,0.0,23.0,-23.0,0.31735347899963734,0,False
2013,15,2013_15_SF_TB,TB,SF,14.0,33.0,-19.0,0.3789859189573556,0,False
2013,15,2013_15_NYJ_CAR,CAR,NYJ,30.0,20.0,10.0,0.7704941140200451,1,False
2013,15,2013_15_KC_OAK,OAK,KC,31.0,56.0,-25.0,0.4228259543073658,0,False
2013,15,2013_15_GB_DAL,DAL,GB,36.0,37.0,-1.0,0.574094651167117,0,False
2013,15,2013_15_NO_STL,STL,NO,27.0,16.0,11.0,0.33339779303793127,1,False
2013,15,2013_15_ARI_TEN,TEN,ARI,34.0,37.0,-3.0,0.42996114573628735,0,False
2013,15,2013_15_CIN_PIT,PIT,CIN,30.0,20.0,10.0,0.4250349049186018,1,False
2013,15,2013_15_BAL_DET,DET,BAL,16.0,18.0,-2.0,0.479729674466275,0,False
2013,16,2013_16_MIA_BUF,BUF,MIA,19.0,0.0,19.0,0.4367297361404002,1,False
2013,16,2013_16_NO_CAR,CAR,NO,17.0,13.0,4.0,0.5979521532337824,1,False
2013,16,2013_16_MIN_CIN,CIN,MIN,42.0,14.0,28.0,0.7022641030531364,1,False
2013,16,2013_16_DEN_HOU,HOU,DEN,13.0,37.0,-24.0,0.25211344140221514,0,False
2013,16,2013_16_TEN_JAX,JAX,TEN,16.0,20.0,-4.0,0.49717977603832436,0,False
2013,16,2013_16_IND_KC,KC,IND,7.0,23.0,-16.0,0.5507672289267528,0,False
2013,16,2013_16_CLE_NYJ,NYJ,CLE,24.0,13.0,11.0,0.5792714522324626,1,False
2013,16,2013_16_TB_STL,STL,TB,23.0,13.0,10.0,0.6200944865897768,1,False
2013,16,2013_16_DAL_WAS,WAS,DAL,23.0,24.0,-1.0,0.4876788187591728,0,False
2013,16,2013_16_NYG_DET,DET,NYG,20.0,23.0,-3.0,0.599840896490325,0,False
2013,16,2013_16_ARI_SEA,SEA,ARI,10.0,17.0,-7.0,0.7274359660256912,0,False
2013,16,2013_16_NE_BAL,BAL,NE,7.0,41.0,-34.0,0.5021860522360185,0,False
2013,16,2013_16_PIT_GB,GB,PIT,31.0,38.0,-7.0,0.5733995895904148,0,False
2013,16,2013_16_OAK_SD,SD,OAK,26.0,13.0,13.0,0.7645296100035112,1,False
2013,16,2013_16_CHI_PHI,PHI,CHI,54.0,11.0,43.0,0.5377606295808559,1,False
2013,16,2013_16_ATL_SF,SF,ATL,34.0,24.0,10.0,0.7971360440544966,1,False
2013,17,2013_17_CAR_ATL,ATL,CAR,20.0,21.0,-1.0,0.3522390030468715,0,False
2013,17,2013_17_BAL_CIN,CIN,BAL,34.0,17.0,17.0,0.6557323632907395,1,False
2013,17,2013_17_JAX_IND,IND,JAX,30.0,10.0,20.0,0.7981581317270218,1,False
2013,17,2013_17_NYJ_MIA,MIA,NYJ,7.0,20.0,-13.0,0.639567550456153,0,False
2013,17,2013_17_DET_MIN,MIN,DET,14.0,13.0,1.0,0.5985792584929187,1,False
2013,17,2013_17_WAS_NYG,NYG,WAS,20.0,6.0,14.0,0.678541477332894,1,False
2013,17,2013_17_CLE_PIT,PIT,CLE,20.0,7.0,13.0,0.7517395600770616,1,False
2013,17,2013_17_HOU_TEN,TEN,HOU,16.0,10.0,6.0,0.6586927722842743,1,False
2013,17,2013_17_SF_ARI,ARI,SF,20.0,23.0,-3.0,0.5032211252752662,0,False
2013,17,2013_17_GB_CHI,CHI,GB,28.0,33.0,-5.0,0.5396679448032728,0,False
2013,17,2013_17_BUF_NE,NE,BUF,34.0,20.0,14.0,0.7983221438387142,1,False
2013,17,2013_17_TB_NO,NO,TB,42.0,17.0,25.0,0.7557542039484201,1,False
2013,17,2013_17_DEN_OAK,OAK,DEN,14.0,34.0,-20.0,0.2125917504539236,0,False
2013,17,2013_17_KC_SD,SD,KC,27.0,24.0,3.0,0.6378342837050481,1,False
2013,17,2013_17_STL_SEA,SEA,STL,27.0,9.0,18.0,0.7770402051887818,1,False
2013,17,2013_17_PHI_DAL,DAL,PHI,22.0,24.0,-2.0,0.5587825474251368,0,False
2014,1,2014_01_GB_SEA,SEA,GB,36.0,16.0,20.0,0.7192279353370074,1,False
2014,1,2014_01_NO_ATL,ATL,NO,37.0,34.0,3.0,0.45698878988841973,1,False
2014,1,2014_01_CIN_BAL,BAL,CIN,16.0,23.0,-7.0,0.5107059202018973,0,False
2014,1,2014_01_BUF_CHI,CHI,BUF,20.0,23.0,-3.0,0.609972558992337,0,False
2014,1,2014_01_WAS_HOU,HOU,WAS,17.0,6.0,11.0,0.5880875474185979,1,False
2014,1,2014_01_TEN_KC,KC,TEN,10.0,26.0,-16.0,0.613264562933111,0,False
2014,1,2014_01_NE_MIA,MIA,NE,33.0,20.0,13.0,0.4484377096607186,1,False
2014,1,2014_01_OAK_NYJ,NYJ,OAK,19.0,14.0,5.0,0.6677408869784753,1,False
2014,1,2014_01_JAX_PHI,PHI,JAX,34.0,17.0,17.0,0.7224734929606621,1,False
2014,1,2014_01_CLE_PIT,PIT,CLE,30.0,27.0,3.0,0.7163046639608193,1,False
2014,1,2014_01_MIN_STL,STL,MIN,6.0,34.0,-28.0,0.6067198631015502,0,False
2014,1,2014_01_SF_DAL,DAL,SF,17.0,28.0,-11.0,0.4586355073340764,0,False
2014,1,2014_01_CAR_TB,TB,CAR,14.0,20.0,-6.0,0.42986198756300215,0,False
2014,1,2014_01_IND_DEN,DEN,IND,31.0,24.0,7.0,0.6726067972693889,1,False
2014,1,2014_01_NYG_DET,DET,NYG,35.0,14.0,21.0,0.5612206694216532,1,False
2014,1,2014_01_SD_ARI,ARI,SD,18.0,17.0,1.0,0.6106006794976214,1,False
2014,2,2014_02_PIT_BAL,BAL,PIT,26.0,6.0,20.0,0.5546634549715032,1,False
2014,2,2014_02_MIA_BUF,BUF,MIA,29.0,10.0,19.0,0.5246199163147628,1,False
2014,2,2014_02_DET_CAR,CAR,DET,24.0,7.0,17.0,0.6794390239439637,1,False
2014,2,2014_02_ATL_CIN,CIN,ATL,24.0,10.0,14.0,0.7226302138125027,1,False
2014,2,2014_02_NO_CLE,CLE,NO,26.0,24.0,2.0,0.4296441836817367,1,False
2014,2,2014_02_NE_MIN,MIN,NE,7.0,30.0,-23.0,0.510046458147981,0,False
2014,2,2014_02_ARI_NYG,NYG,ARI,14.0,25.0,-11.0,0.4722585632169051,0,False
2014,2,2014_02_DAL_TEN,TEN,DAL,10.0,26.0,-16.0,0.5905699393968495,0,False
2014,2,2014_02_JAX_WAS,WAS,JAX,41.0,10.0,31.0,0.6121937173695517,1,False
2014,2,2014_02_SEA_SD,SD,SEA,30.0,21.0,9.0,0.44136454264694913,1,False
2014,2,2014_02_STL_TB,TB,STL,17.0,19.0,-2.0,0.5383084106079881,0,False
2014,2,2014_02_KC_DEN,DEN,KC,24.0,17.0,7.0,0.7500746003036115,1,False
2014,2,2014_02_NYJ_GB,GB,NYJ,31.0,24.0,7.0,0.5903870969163365,1,False
2014,2,2014_02_HOU_OAK,OAK,HOU,14.0,30.0,-16.0,0.519496732346234,0,False
2014,2,2014_02_CHI_SF,SF,CHI,20.0,28.0,-8.0,0.743083581157813,0,False
2014,2,2014_02_PHI_IND,IND,PHI,27.0,30.0,-3.0,0.5710621588967473,0,False
2014,3,2014_03_TB_ATL,ATL,TB,56.0,14.0,42.0,0.6168624102084416,1,False
2014,3,2014_03_SD_BUF,BUF,SD,10.0,22.0,-12.0,0.5283319345369635,0,False
2014,3,2014_03_TEN_CIN,CIN,TEN,33.0,7.0,26.0,0.7455347109000637,1,False
2014,3,2014_03_BAL_CLE,CLE,BAL,21.0,23.0,-2.0,0.44072294384056726,0,False
2014,3,2014_03_GB_DET,DET,GB,19.0,7.0,12.0,0.5605010996370206,1,False
2014,3,2014_03_IND_JAX,JAX,IND,17.0,44.0,-27.0,0.3773978336152415,0,False
2014,3,2014_03_OAK_NE,NE,OAK,16.0,9.0,7.0,0.784342001688641,1,False
2014,3,2014_03_MIN_NO,NO,MIN,20.0,9.0,11.0,0.6420311684179032,1,False
2014,3,2014_03_HOU_NYG,NYG,HOU,30.0,17.0,13.0,0.5904701519574088,1,False
2014,3,2014_03_WAS_PHI,PHI,WAS,37.0,34.0,3.0,0.7211584607530315,1,False
2014,3,2014_03_DAL_STL,STL,DAL,31.0,34.0,-3.0,0.5936682577126488,0,False
2014,3,2014_03_SF_ARI,ARI,SF,23.0,14.0,9.0,0.553442627789169,1,False
2014,3,2014_03_KC_MIA,MIA,KC,15.0,34.0,-19.0,0.6098546954259206,0,False
2014,3,2014_03_DEN_SEA,SEA,DEN,26.0,20.0,6.0,0.5520466997616873,1,False
2014,3,2014_03_PIT_CAR,CAR,PIT,19.0,37.0,-18.0,0.7087998811855132,0,False
2014,3,2014_03_CHI_NYJ,NYJ,CHI,19.0,27.0,-8.0,0.5738500771364745,0,False
2014,4,2014_04_NYG_WAS,WAS,NYG,14.0,45.0,-31.0,0.5151624650526507,0,False
2014,4,2014_04_CAR_BAL,BAL,CAR,38.0,10.0,28.0,0.5412076909100666,1,False
2014,4,2014_04_GB_CHI,CHI,GB,17.0,38.0,-21.0,0.6024926007711832,0,False
2014,4,2014_04_BUF_HOU,HOU,BUF,23.0,17.0,6.0,0.49538925973909753,1,False
2014,4,2014_04_TEN_IND,IND,TEN,41.0,17.0,24.0,0.669544989081096,1,False
2014,4,2014_04_DET_NYJ,NYJ,DET,17.0,24.0,-7.0,0.5190053581233344,0,False
2014,4,2014_04_MIA_OAK,OAK,MIA,14.0,38.0,-24.0,0.36968138511842574,0,True
2014,4,2014_04_TB_PIT,PIT,TB,24.0,27.0,-3.0,0.7289829028394541,0,False
2014,4,2014_04_JAX_SD,SD,JAX,33.0,14.0,19.0,0.8236901584669376,1,False
2014,4,2014_04_ATL_MIN,MIN,ATL,41.0,28.0,13.0,0.5469998362001024,1,False
2014,4,2014_04_PHI_SF,SF,PHI,26.0,21.0,5.0,0.600508851590832,1,False
2014,4,2014_04_NO_DAL,DAL,NO,38.0,17.0,21.0,0.5293081102477517,1,False
2014,4,2014_04_NE_KC,KC,NE,41.0,14.0,27.0,0.4685189445434781,1,False
2014,5,2014_05_MIN_GB,GB,MIN,42.0,10.0,32.0,0.5825229899670548,1,False
2014,5,2014_05_CHI_CAR,CAR,CHI,31.0,24.0,7.0,0.6838665574836003,1,False
2014,5,2014_05_HOU_DAL,DAL,HOU,20.0,17.0,3.0,0.6959911595479926,1,False
2014,5,2014_05_BUF_DET,DET,BUF,14.0,17.0,-3.0,0.6475667292617041,0,False
2014,5,2014_05_BAL_IND,IND,BAL,20.0,13.0,7.0,0.5261236840187097,1,False
2014,5,2014_05_PIT_JAX,JAX,PIT,9.0,17.0,-8.0,0.36225139208704393,0,False
2014,5,2014_05_TB_NO,NO,TB,37.0,31.0,6.0,0.7111611611675291,1,False
2014,5,2014_05_ATL_NYG,NYG,ATL,30.0,20.0,10.0,0.6235857589089117,1,False
2014,5,2014_05_STL_PHI,PHI,STL,34.0,28.0,6.0,0.6525348671924736,1,False
2014,5,2014_05_CLE_TEN,TEN,CLE,28.0,29.0,-1.0,0.5876903230082033,0,False
2014,5,2014_05_ARI_DEN,DEN,ARI,41.0,20.0,21.0,0.6270760072723459,1,False
2014,5,2014_05_NYJ_SD,SD,NYJ,31.0,0.0,31.0,0.7400540004064605,1,False
2014,5,2014_05_KC_SF,SF,KC,22.0,17.0,5.0,0.6590527425117699,1,False
2014,5,2014_05_CIN_NE,NE,CIN,43.0,17.0,26.0,0.45418722092448094,1,False
2014,5,2014_05_SEA_WAS,WAS,SEA,17.0,27.0,-10.0,0.32424867113129346,0,False
2014,6,2014_06_IND_HOU,HOU,IND,28.0,33.0,-5.0,0.4231295756170136,0,False
2014,6,2014_06_NE_BUF,BUF,NE,22.0,37.0,-15.0,0.4749344940246697,0,False
2014,6,2014_06_CAR_CIN,CIN,CAR,37.0,37.0,0.0,0.6086243636807196,0,False
2014,6,2014_06_PIT_CLE,CLE,PIT,31.0,10.0,21.0,0.49588651436370773,1,False
2014,6,2014_06_GB_MIA,MIA,GB,24.0,27.0,-3.0,0.5366089634507265,0,False
2014,6,2014_06_DET_MIN,MIN,DET,3.0,17.0,-14.0,0.5188029583689616,0,False
2014,6,2014_06_DEN_NYJ,NYJ,DEN,17.0,31.0,-14.0,0.31616789362040326,0,False
2014,6,2014_06_BAL_TB,TB,BAL,17.0,48.0,-31.0,0.36639583801433206,0,False
2014,6,2014_06_JAX_TEN,TEN,JAX,16.0,14.0,2.0,0.7040019704648609,1,False
2014,6,2014_06_SD_OAK,OAK,SD,28.0,31.0,-3.0,0.29894616991775974,0,False
2014,6,2014_06_WAS_ARI,ARI,WAS,30.0,20.0,10.0,0.7524511752572247,1,False
2014,6,2014_06_CHI_ATL,ATL,CHI,13.0,27.0,-14.0,0.5669828791431151,0,False
2014,6,2014_06_DAL_SEA,SEA,DAL,23.0,30.0,-7.0,0.6898778578813484,0,False
2014,6,2014_06_NYG_PHI,PHI,NYG,27.0,0.0,27.0,0.641216492903193,1,False
2014,6,2014_06_SF_STL,STL,SF,17.0,31.0,-14.0,0.42555851607064193,0,False
2014,7,2014_07_NYJ_NE,NE,NYJ,27.0,25.0,2.0,0.7684659883473808,1,False
2014,7,2014_07_ATL_BAL,BAL,ATL,29.0,7.0,22.0,0.7531984110121012,1,False
2014,7,2014_07_MIN_BUF,BUF,MIN,17.0,16.0,1.0,0.6302710618012973,1,False
2014,7,2014_07_MIA_CHI,CHI,MIA,14.0,27.0,-13.0,0.5828527872528381,0,False
2014,7,2014_07_NO_DET,DET,NO,24.0,23.0,1.0,0.5821553636130521,1,False
2014,7,2014_07_CAR_GB,GB,CAR,38.0,17.0,21.0,0.5306744935591793,1,False
2014,7,2014_07_CIN_IND,IND,CIN,27.0,0.0,27.0,0.5928418900611625,1,False
2014,7,2014_07_CLE_JAX,JAX,CLE,24.0,6.0,18.0,0.38179924020161626,1,False
2014,7,2014_07_SEA_STL,STL,SEA,28.0,26.0,2.0,0.3864248777551133,1,False
2014,7,2014_07_TEN_WAS,WAS,TEN,19.0,17.0,2.0,0.5561524454805906,1,False
2014,7,2014_07_KC_SD,SD,KC,20.0,23.0,-3.0,0.7073581799638706,0,False
2014,7,2014_07_NYG_DAL,DAL,NYG,31.0,21.0,10.0,0.6873515173124124,1,False
2014,7,2014_07_ARI_OAK,OAK,ARI,13.0,24.0,-11.0,0.33207847610880814,0,False
2014,7,2014_07_SF_DEN,DEN,SF,42.0,17.0,25.0,0.6496347057211644,1,False
2014,7,2014_07_HOU_PIT,PIT,HOU,30.0,23.0,7.0,0.6323005235400159,1,False
2014,8,2014_08_SD_DEN,DEN,SD,35.0,21.0,14.0,0.6913325353253502,1,False
2014,8,2014_08_DET_ATL,ATL,DET,21.0,22.0,-1.0,0.35584099828547483,0,True
2014,8,2014_08_SEA_CAR,CAR,SEA,9.0,13.0,-4.0,0.5096762162073522,0,False
2014,8,2014_08_BAL_CIN,CIN,BAL,27.0,24.0,3.0,0.5207286259914913,1,False
2014,8,2014_08_MIA_JAX,JAX,MIA,13.0,27.0,-14.0,0.43757443772170734,0,False
2014,8,2014_08_STL_KC,KC,STL,34.0,7.0,27.0,0.6395081630857293,1,False
2014,8,2014_08_CHI_NE,NE,CHI,51.0,23.0,28.0,0.738782646779983,1,False
2014,8,2014_08_BUF_NYJ,NYJ,BUF,23.0,43.0,-20.0,0.5024368963819945,0,False
2014,8,2014_08_MIN_TB,TB,MIN,13.0,19.0,-6.0,0.5276162930139963,0,False
2014,8,2014_08_HOU_TEN,TEN,HOU,16.0,30.0,-14.0,0.5884436918367734,0,False
2014,8,2014_08_PHI_ARI,ARI,PHI,24.0,20.0,4.0,0.5778337719132892,1,False
2014,8,2014_08_OAK_CLE,CLE,OAK,23.0,13.0,10.0,0.6735796715789346,1,False
2014,8,2014_08_IND_PIT,PIT,IND,51.0,34.0,17.0,0.4313871225483141,1,False
2014,8,2014_08_GB_NO,NO,GB,44.0,23.0,21.0,0.5244421357685372,1,False
2014,8,2014_08_WAS_DAL,DAL,WAS,17.0,20.0,-3.0,0.7800078026941548,0,False
2014,9,2014_09_NO_CAR,CAR,NO,10.0,28.0,-18.0,0.5631763245539865,0,False
2014,9,2014_09_JAX_CIN,CIN,JAX,33.0,23.0,10.0,0.8055670758109248,1,False
2014,9,2014_09_TB_CLE,CLE,TB,22.0,17.0,5.0,0.6727557738208642,1,False
2014,9,2014_09_ARI_DAL,DAL,ARI,17.0,28.0,-11.0,0.5628068010799548,0,False
2014,9,2014_09_PHI_HOU,HOU,PHI,21.0,31.0,-10.0,0.406293783692177,0,False
2014,9,2014_09_NYJ_KC,KC,NYJ,24.0,10.0,14.0,0.7536441678882884,1,False
2014,9,2014_09_SD_MIA,MIA,SD,37.0,0.0,37.0,0.4806847407536937,1,False
2014,9,2014_09_WAS_MIN,MIN,WAS,29.0,26.0,3.0,0.6237505528683145,1,False
2014,9,2014_09_STL_SF,SF,STL,10.0,13.0,-3.0,0.7336785266629409,0,False
2014,9,2014_09_DEN_NE,NE,DEN,43.0,21.0,22.0,0.47490868756777105,1,False
2014,9,2014_09_OAK_SEA,SEA,OAK,30.0,24.0,6.0,0.8566626484333835,1,False
2014,9,2014_09_BAL_PIT,PIT,BAL,43.0,23.0,20.0,0.5352979890765611,1,False
2014,9,2014_09_IND_NYG,NYG,IND,24.0,40.0,-16.0,0.4519597479788377,0,False
2014,10,2014_10_CLE_CIN,CIN,CLE,3.0,24.0,-21.0,0.715290330260283,0,False
2014,10,2014_10_TEN_BAL,BAL,TEN,21.0,7.0,14.0,0.7462567633168639,1,False
2014,10,2014_10_KC_BUF,BUF,KC,13.0,17.0,-4.0,0.49083790515207903,0,False
2014,10,2014_10_MIA_DET,DET,MIA,20.0,16.0,4.0,0.5828747823079717,1,False
2014,10,2014_10_DAL_JAX,JAX,DAL,17.0,31.0,-14.0,0.243078617143895,0,True
2014,10,2014_10_SF_NO,NO,SF,24.0,27.0,-3.0,0.5979761731079072,0,False
2014,10,2014_10_PIT_NYJ,NYJ,PIT,20.0,13.0,7.0,0.3615147159434917,1,False
2014,10,2014_10_ATL_TB,TB,ATL,17.0,27.0,-10.0,0.5427817637400705,0,False
2014,10,2014_10_DEN_OAK,OAK,DEN,17.0,41.0,-24.0,0.2104410878217413,0,False
2014,10,2014_10_STL_ARI,ARI,STL,31.0,14.0,17.0,0.7521432174820568,1,False
2014,10,2014_10_NYG_SEA,SEA,NYG,38.0,17.0,21.0,0.7728854988063204,1,False
2014,10,2014_10_CHI_GB,GB,CHI,55.0,14.0,41.0,0.7052073759540046,1,False
2014,10,2014_10_CAR_PHI,PHI,CAR,45.0,21.0,24.0,0.6474686695589733,1,False
2014,11,2014_11_BUF_MIA,MIA,BUF,22.0,9.0,13.0,0.6354909663541092,1,False
2014,11,2014_11_ATL_CAR,CAR,ATL,17.0,19.0,-2.0,0.6919107071840509,0,False
2014,11,2014_11_MIN_CHI,CHI,MIN,21.0,13.0,8.0,0.5211231047675313,1,False
2014,11,2014_11_HOU_CLE,CLE,HOU,7.0,23.0,-16.0,0.6624411513094539,0,False
2014,11,2014_11_SEA_KC,KC,SEA,24.0,20.0,4.0,0.5124509865899881,1,False
2014,11,2014_11_CIN_NO,NO,CIN,10.0,27.0,-17.0,0.5877529255230933,0,False
2014,11,2014_11_SF_NYG,NYG,SF,10.0,16.0,-6.0,0.42280684609672203,0,False
2014,11,2014_11_DEN_STL,STL,DEN,22.0,7.0,15.0,0.31496802385579237,1,False
2014,11,2014_11_TB_WAS,WAS,TB,7.0,27.0,-20.0,0.6500005919755156,0,False
2014,11,2014_11_OAK_SD,SD,OAK,13.0,6.0,7.0,0.7986472378586744,1,False
2014,11,2014_11_DET_ARI,ARI,DET,14.0,6.0,8.0,0.6776072894739227,1,False
2014,11,2014_11_PHI_GB,GB,PHI,53.0,20.0,33.0,0.5389155253156263,1,False
2014,11,2014_11_NE_IND,IND,NE,20.0,42.0,-22.0,0.48854909956209724,0,False
2014,11,2014_11_PIT_TEN,TEN,PIT,24.0,27.0,-3.0,0.3994767928129503,0,False
2014,12,2014_12_KC_OAK,OAK,KC,24.0,20.0,4.0,0.2545300690223981,1,False
2014,12,2014_12_CLE_ATL,ATL,CLE,24.0,26.0,-2.0,0.5358225257080644,0,False
2014,12,2014_12_TB_CHI,CHI,TB,21.0,13.0,8.0,0.6705698009272434,1,False
2014,12,2014_12_CIN_HOU,HOU,CIN,13.0,22.0,-9.0,0.4110243592797624,0,False
2014,12,2014_12_JAX_IND,IND,JAX,23.0,3.0,20.0,0.8268364407873079,1,False
2014,12,2014_12_GB_MIN,MIN,GB,21.0,24.0,-3.0,0.37184372887652334,0,False
2014,12,2014_12_DET_NE,NE,DET,34.0,9.0,25.0,0.7431390125717529,1,False
2014,12,2014_12_TEN_PHI,PHI,TEN,43.0,24.0,19.0,0.7859171518833754,1,False
2014,12,2014_12_STL_SD,SD,STL,27.0,24.0,3.0,0.6464614122809562,1,False
2014,12,2014_12_ARI_SEA,SEA,ARI,19.0,3.0,16.0,0.5645968054883914,1,False
2014,12,2014_12_MIA_DEN,DEN,MIA,39.0,36.0,3.0,0.6684849183593186,1,False
2014,12,2014_12_WAS_SF,SF,WAS,17.0,13.0,4.0,0.7826517580235782,1,False
2014,12,2014_12_DAL_NYG,NYG,DAL,28.0,31.0,-3.0,0.4194868714664057,0,False
2014,12,2014_12_NYJ_BUF,BUF,NYJ,38.0,3.0,35.0,0.542322090882977,1,True
2014,12,2014_12_BAL_NO,NO,BAL,27.0,34.0,-7.0,0.5807670558753036,0,False
2014,13,2014_13_CHI_DET,DET,CHI,34.0,17.0,17.0,0.6570551685443189,1,False
2014,13,2014_13_PHI_DAL,DAL,PHI,10.0,33.0,-23.0,0.584873512847176,0,False
2014,13,2014_13_SEA_SF,SF,SEA,3.0,19.0,-16.0,0.5052365427117002,0,False
2014,13,2014_13_SD_BAL,BAL,SD,33.0,34.0,-1.0,0.6153108215155293,0,False
2014,13,2014_13_CLE_BUF,BUF,CLE,26.0,10.0,16.0,0.6187733759945269,1,False
2014,13,2014_13_TEN_HOU,HOU,TEN,45.0,21.0,24.0,0.6638914352049549,1,False
2014,13,2014_13_WAS_IND,IND,WAS,49.0,27.0,22.0,0.8000037313639261,1,False
2014,13,2014_13_NYG_JAX,JAX,NYG,25.0,24.0,1.0,0.4630835817330653,1,False
2014,13,2014_13_CAR_MIN,MIN,CAR,31.0,13.0,18.0,0.5175897224467135,1,False
2014,13,2014_13_NO_PIT,PIT,NO,32.0,35.0,-3.0,0.5906476264583364,0,False
2014,13,2014_13_OAK_STL,STL,OAK,52.0,0.0,52.0,0.7366513454660364,1,False
2014,13,2014_13_CIN_TB,TB,CIN,13.0,14.0,-1.0,0.3123526922806137,0,False
2014,13,2014_13_ARI_ATL,ATL,ARI,29.0,18.0,11.0,0.35144583951741115,1,False
2014,13,2014_13_NE_GB,GB,NE,26.0,21.0,5.0,0.4957227331113646,1,False
2014,13,2014_13_DEN_KC,KC,DEN,16.0,29.0,-13.0,0.5193244695189394,0,False
2014,13,2014_13_MIA_NYJ,NYJ,MIA,13.0,16.0,-3.0,0.4083598718134316,0,False
2014,14,2014_14_DAL_CHI,CHI,DAL,28.0,41.0,-13.0,0.4166613779163976,0,False
2014,14,2014_14_PIT_CIN,CIN,PIT,21.0,42.0,-21.0,0.6457633840160961,0,False
2014,14,2014_14_IND_CLE,CLE,IND,24.0,25.0,-1.0,0.3915884252358402,0,False
2014,14,2014_14_TB_DET,DET,TB,34.0,17.0,17.0,0.7941337751772948,1,False
2014,14,2014_14_HOU_JAX,JAX,HOU,13.0,27.0,-14.0,0.4433483953870784,0,False
2014,14,2014_14_BAL_MIA,MIA,BAL,13.0,28.0,-15.0,0.567474311717635,0,False
2014,14,2014_14_NYJ_MIN,MIN,NYJ,30.0,24.0,6.0,0.6890978877503906,1,False
2014,14,2014_14_CAR_NO,NO,CAR,10.0,41.0,-31.0,0.7110342596797363,0,False
2014,14,2014_14_NYG_TEN,TEN,NYG,7.0,36.0,-29.0,0.4862481221863647,0,False
2014,14,2014_14_STL_WAS,WAS,STL,0.0,24.0,-24.0,0.42047780613413954,0,False
2014,14,2014_14_KC_ARI,ARI,KC,17.0,14.0,3.0,0.597438897100784,1,False
2014,14,2014_14_BUF_DEN,DEN,BUF,24.0,17.0,7.0,0.7139659456799016,1,False
2014,14,2014_14_SF_OAK,OAK,SF,24.0,13.0,11.0,0.2796620048941406,1,False
2014,14,2014_14_SEA_PHI,PHI,SEA,14.0,24.0,-10.0,0.49942967289083695,0,False
2014,14,2014_14_NE_SD,SD,NE,14.0,23.0,-9.0,0.4578902863926336,0,False
2014,14,2014_14_ATL_GB,GB,ATL,43.0,37.0,6.0,0.7828283326864881,1,False
2014,15,2014_15_ARI_STL,STL,ARI,6.0,12.0,-6.0,0.5065802864026522,0,False
2014,15,2014_15_PIT_ATL,ATL,PIT,20.0,27.0,-7.0,0.4715871543040816,0,False
2014,15,2014_15_JAX_BAL,BAL,JAX,20.0,12.0,8.0,0.8308873235268882,1,False
2014,15,2014_15_GB_BUF,BUF,GB,21.0,13.0,8.0,0.4154417719640999,1,False
2014,15,2014_15_TB_CAR,CAR,TB,19.0,17.0,2.0,0.7395494984374062,1,False
2014,15,2014_15_CIN_CLE,CLE,CIN,0.0,30.0,-30.0,0.4276641305825746,0,False
2014,15,2014_15_HOU_IND,IND,HOU,17.0,10.0,7.0,0.7584314991671129,1,False
2014,15,2014_15_OAK_KC,KC,OAK,31.0,13.0,18.0,0.7804933880192935,1,False
2014,15,2014_15_MIA_NE,NE,MIA,41.0,13.0,28.0,0.7453929868790172,1,False
2014,15,2014_15_WAS_NYG,NYG,WAS,24.0,13.0,11.0,0.6597390205411207,1,False
2014,15,2014_15_DEN_SD,SD,DEN,10.0,22.0,-12.0,0.4716242334131821,0,False
2014,15,2014_15_NYJ_TEN,TEN,NYJ,11.0,16.0,-5.0,0.5401297680971293,0,False
2014,15,2014_15_MIN_DET,DET,MIN,16.0,14.0,2.0,0.6726656828214067,1,False
2014,15,2014_15_SF_SEA,SEA,SF,17.0,7.0,10.0,0.745559217714036,1,False
2014,15,2014_15_DAL_PHI,PHI,DAL,27.0,38.0,-11.0,0.6052646035896486,0,False
2014,15,2014_15_NO_CHI,CHI,NO,15.0,31.0,-16.0,0.44069101018351003,0,False
2014,16,2014_16_TEN_JAX,JAX,TEN,21.0,13.0,8.0,0.5918423458545998,1,False
2014,16,2014_16_PHI_WAS,WAS,PHI,27.0,24.0,3.0,0.3094722104541971,1,False
2014,16,2014_16_SD_SF,SF,SD,35.0,38.0,-3.0,0.5497284435549484,0,False
2014,16,2014_16_CLE_CAR,CAR,CLE,17.0,13.0,4.0,0.6313771195109517,1,False
2014,16,2014_16_DET_CHI,CHI,DET,14.0,20.0,-6.0,0.40851940589101604,0,False
2014,16,2014_16_BAL_HOU,HOU,BAL,25.0,13.0,12.0,0.4226198421810621,1,False
2014,16,2014_16_MIN_MIA,MIA,MIN,37.0,35.0,2.0,0.6344990253912396,1,False
2014,16,2014_16_ATL_NO,NO,ATL,14.0,30.0,-16.0,0.7124956088021691,0,False
2014,16,2014_16_NE_NYJ,NYJ,NE,16.0,17.0,-1.0,0.22193084591601536,0,False
2014,16,2014_16_KC_PIT,PIT,KC,20.0,12.0,8.0,0.5754281165048561,1,False
2014,16,2014_16_GB_TB,TB,GB,3.0,20.0,-17.0,0.2444786776717117,0,False
2014,16,2014_16_NYG_STL,STL,NYG,27.0,37.0,-10.0,0.6636388122708445,0,False
2014,16,2014_16_IND_DAL,DAL,IND,42.0,7.0,35.0,0.53745028812537,1,False
2014,16,2014_16_BUF_OAK,OAK,BUF,26.0,24.0,2.0,0.35222316952430216,1,False
2014,16,2014_16_SEA_ARI,ARI,SEA,6.0,35.0,-29.0,0.46884250489574125,0,False
2014,16,2014_16_DEN_CIN,CIN,DEN,37.0,28.0,9.0,0.4931038794515517,1,False
2014,17,2014_17_CLE_BAL,BAL,CLE,20.0,10.0,10.0,0.7274841416753235,1,False
2014,17,2014_17_JAX_HOU,HOU,JAX,23.0,17.0,6.0,0.7487784331101621,1,False
2014,17,2014_17_SD_KC,KC,SD,19.0,7.0,12.0,0.5717103118249082,1,False
2014,17,2014_17_NYJ_MIA,MIA,NYJ,24.0,37.0,-13.0,0.7553635978725007,0,False
2014,17,2014_17_CHI_MIN,MIN,CHI,13.0,9.0,4.0,0.6542414627622509,1,False
2014,17,2014_17_BUF_NE,NE,BUF,9.0,17.0,-8.0,0.7770242505556664,0,False
2014,17,2014_17_PHI_NYG,NYG,PHI,26.0,34.0,-8.0,0.4766851624438448,0,False
2014,17,2014_17_NO_TB,TB,NO,20.0,23.0,-3.0,0.32196255868090434,0,False
2014,17,2014_17_IND_TEN,TEN,IND,10.0,27.0,-17.0,0.25612283209097114,0,False
2014,17,2014_17_DAL_WAS,WAS,DAL,17.0,44.0,-27.0,0.2828191967171639,0,False
2014,17,2014_17_CAR_ATL,ATL,CAR,3.0,34.0,-31.0,0.5540312454059922,0,False
2014,17,2014_17_OAK_DEN,DEN,OAK,47.0,14.0,33.0,0.8392304245248196,1,False
2014,17,2014_17_DET_GB,GB,DET,30.0,20.0,10.0,0.652184118345744,1,False
2014,17,2014_17_STL_SEA,SEA,STL,20.0,6.0,14.0,0.7959807036499404,1,False
2014,17,2014_17_ARI_SF,SF,ARI,20.0,17.0,3.0,0.4979539583291645,1,False
2014,17,2014_17_CIN_PIT,PIT,CIN,27.0,17.0,10.0,0.5521571773509242,1,False
2015,1,2015_01_PIT_NE,NE,PIT,28.0,21.0,7.0,0.6497647058421854,1,False
2015,1,2015_01_IND_BUF,BUF,IND,27.0,14.0,13.0,0.5606138888369242,1,False
2015,1,2015_01_GB_CHI,CHI,GB,23.0,31.0,-8.0,0.40795165700378105,0,False
2015,1,2015_01_KC_HOU,HOU,KC,20.0,27.0,-7.0,0.540095251784608,0,False
2015,1,2015_01_CAR_JAX,JAX,CAR,9.0,20.0,-11.0,0.4707507498676492,0,False
2015,1,2015_01_CLE_NYJ,NYJ,CLE,31.0,10.0,21.0,0.5804241010632196,1,False
2015,1,2015_01_SEA_STL,STL,SEA,34.0,31.0,3.0,0.422537839552907,1,False
2015,1,2015_01_MIA_WAS,WAS,MIA,10.0,17.0,-7.0,0.4838900413836428,0,False
2015,1,2015_01_NO_ARI,ARI,NO,31.0,19.0,12.0,0.6082120135193213,1,False
2015,1,2015_01_DET_SD,SD,DET,33.0,28.0,5.0,0.5775465844699226,1,False
2015,1,2015_01_BAL_DEN,DEN,BAL,19.0,13.0,6.0,0.651412729182207,1,False
2015,1,2015_01_CIN_OAK,OAK,CIN,13.0,33.0,-20.0,0.42409179673338404,0,False
2015,1,2015_01_TEN_TB,TB,TEN,14.0,42.0,-28.0,0.6085353061915274,0,False
2015,1,2015_01_NYG_DAL,DAL,NYG,27.0,26.0,1.0,0.7150151825158502,1,False
2015,1,2015_01_PHI_ATL,ATL,PHI,26.0,24.0,2.0,0.511693746917737,1,False
2015,1,2015_01_MIN_SF,SF,MIN,20.0,3.0,17.0,0.6261744040157268,1,False
2015,2,2015_02_DEN_KC,KC,DEN,24.0,31.0,-7.0,0.5247123545567289,0,False
2015,2,2015_02_NE_BUF,BUF,NE,32.0,40.0,-8.0,0.4956294299147857,0,False
2015,2,2015_02_HOU_CAR,CAR,HOU,24.0,17.0,7.0,0.6024124089473142,1,False
2015,2,2015_02_ARI_CHI,CHI,ARI,23.0,48.0,-25.0,0.42589974341416165,0,False
2015,2,2015_02_SD_CIN,CIN,SD,24.0,19.0,5.0,0.6126693090329467,1,False
2015,2,2015_02_TEN_CLE,CLE,TEN,28.0,14.0,14.0,0.6180446340429459,1,False
2015,2,2015_02_DET_MIN,MIN,DET,26.0,16.0,10.0,0.5321503846722965,1,False
2015,2,2015_02_TB_NO,NO,TB,19.0,26.0,-7.0,0.7244375624114205,0,False
2015,2,2015_02_ATL_NYG,NYG,ATL,20.0,24.0,-4.0,0.5700276709915612,0,False
2015,2,2015_02_SF_PIT,PIT,SF,43.0,18.0,25.0,0.5897054255653592,1,False
2015,2,2015_02_STL_WAS,WAS,STL,24.0,10.0,14.0,0.469693980176213,1,False
2015,2,2015_02_MIA_JAX,JAX,MIA,23.0,20.0,3.0,0.44202874990548097,1,False
2015,2,2015_02_BAL_OAK,OAK,BAL,37.0,33.0,4.0,0.4582254974240391,1,False
2015,2,2015_02_DAL_PHI,PHI,DAL,10.0,20.0,-10.0,0.5102551447211429,0,False
2015,2,2015_02_SEA_GB,GB,SEA,27.0,17.0,10.0,0.5770823554795774,1,False
2015,2,2015_02_NYJ_IND,IND,NYJ,7.0,20.0,-13.0,0.6516592490155436,0,False
2015,3,2015_03_WAS_NYG,NYG,WAS,32.0,21.0,11.0,0.5969003847745494,1,False
2015,3,2015_03_CIN_BAL,BAL,CIN,24.0,28.0,-4.0,0.49105532280244674,0,False
2015,3,2015_03_NO_CAR,CAR,NO,27.0,22.0,5.0,0.6374753681928671,1,False
2015,3,2015_03_OAK_CLE,CLE,OAK,20.0,27.0,-7.0,0.5930832372971754,0,False
2015,3,2015_03_ATL_DAL,DAL,ATL,28.0,39.0,-11.0,0.7065049470124743,0,False
2015,3,2015_03_TB_HOU,HOU,TB,19.0,9.0,10.0,0.6843793314515476,1,False
2015,3,2015_03_SD_MIN,MIN,SD,31.0,14.0,17.0,0.5579057159291805,1,False
2015,3,2015_03_JAX_NE,NE,JAX,51.0,17.0,34.0,0.8197112876234419,1,False
2015,3,2015_03_PHI_NYJ,NYJ,PHI,17.0,24.0,-7.0,0.5486355631606902,0,False
2015,3,2015_03_PIT_STL,STL,PIT,6.0,12.0,-6.0,0.45511855350152153,0,False
2015,3,2015_03_IND_TEN,TEN,IND,33.0,35.0,-2.0,0.4008163271186541,0,False
2015,3,2015_03_SF_ARI,ARI,SF,47.0,7.0,40.0,0.6659109054787141,1,False
2015,3,2015_03_BUF_MIA,MIA,BUF,14.0,41.0,-27.0,0.5195210110880345,0,False
2015,3,2015_03_CHI_SEA,SEA,CHI,26.0,0.0,26.0,0.7530765386818552,1,False
2015,3,2015_03_DEN_DET,DET,DEN,12.0,24.0,-12.0,0.42361508632567985,0,False
2015,3,2015_03_KC_GB,GB,KC,38.0,28.0,10.0,0.6816486932484284,1,False
2015,4,2015_04_BAL_PIT,PIT,BAL,20.0,23.0,-3.0,0.7083959069083143,0,False
2015,4,2015_04_NYJ_MIA,MIA,NYJ,14.0,27.0,-13.0,0.5195264108763972,0,True
2015,4,2015_04_HOU_ATL,ATL,HOU,48.0,21.0,27.0,0.6041900749401689,1,False
2015,4,2015_04_NYG_BUF,BUF,NYG,10.0,24.0,-14.0,0.6753603403723205,0,False
2015,4,2015_04_OAK_CHI,CHI,OAK,22.0,20.0,2.0,0.5487298044612186,1,False
2015,4,2015_04_KC_CIN,CIN,KC,36.0,21.0,15.0,0.6607272311429458,1,False
2015,4,2015_04_JAX_IND,IND,JAX,16.0,13.0,3.0,0.7239002926338486,1,False
2015,4,2015_04_CAR_TB,TB,CAR,23.0,37.0,-14.0,0.3775243393610317,0,False
2015,4,2015_04_PHI_WAS,WAS,PHI,23.0,20.0,3.0,0.4761196610336643,1,False
2015,4,2015_04_CLE_SD,SD,CLE,30.0,27.0,3.0,0.6587275969106997,1,False
2015,4,2015_04_STL_ARI,ARI,STL,22.0,24.0,-2.0,0.7467961001843468,0,False
2015,4,2015_04_MIN_DEN,DEN,MIN,23.0,20.0,3.0,0.6965806736226094,1,False
2015,4,2015_04_GB_SF,SF,GB,3.0,17.0,-14.0,0.3856837183293603,0,False
2015,4,2015_04_DAL_NO,NO,DAL,26.0,20.0,6.0,0.45267359382766587,1,False
2015,4,2015_04_DET_SEA,SEA,DET,13.0,10.0,3.0,0.7347932873599371,1,False
2015,5,2015_05_IND_HOU,HOU,IND,20.0,27.0,-7.0,0.5062324138496136,0,False
2015,5,2015_05_WAS_ATL,ATL,WAS,25.0,19.0,6.0,0.6980681824002369,1,False
2015,5,2015_05_CLE_BAL,BAL,CLE,30.0,33.0,-3.0,0.6892773538515179,0,False
2015,5,2015_05_SEA_CIN,CIN,SEA,27.0,24.0,3.0,0.5888654940115691,1,False
2015,5,2015_05_STL_GB,GB,STL,24.0,10.0,14.0,0.772023309544729,1,False
2015,5,2015_05_CHI_KC,KC,CHI,17.0,18.0,-1.0,0.6802565608554166,0,False
2015,5,2015_05_NO_PHI,PHI,NO,39.0,17.0,22.0,0.5929936681406234,1,False
2015,5,2015_05_JAX_TB,TB,JAX,38.0,31.0,7.0,0.5678951969305995,1,False
2015,5,2015_05_BUF_TEN,TEN,BUF,13.0,14.0,-1.0,0.34938100539777694,0,False
2015,5,2015_05_ARI_DET,DET,ARI,17.0,42.0,-25.0,0.42319750727430994,0,False
2015,5,2015_05_NE_DAL,DAL,NE,6.0,30.0,-24.0,0.4584181260151822,0,False
2015,5,2015_05_DEN_OAK,OAK,DEN,10.0,16.0,-6.0,0.3458790079448972,0,False
2015,5,2015_05_SF_NYG,NYG,SF,30.0,27.0,3.0,0.6226088505448185,1,False
2015,5,2015_05_PIT_SD,SD,PIT,20.0,24.0,-4.0,0.4899562130784751,0,False
2015,6,2015_06_ATL_NO,NO,ATL,31.0,21.0,10.0,0.47754631305616396,1,False
2015,6,2015_06_CIN_BUF,BUF,CIN,21.0,34.0,-13.0,0.5044159397525182,0,False
2015,6,2015_06_DEN_CLE,CLE,DEN,23.0,26.0,-3.0,0.3359020565303041,0,False
2015,6,2015_06_CHI_DET,DET,CHI,37.0,34.0,3.0,0.6236846299329551,1,False
2015,6,2015_06_HOU_JAX,JAX,HOU,20.0,31.0,-11.0,0.4825732845052099,0,False
2015,6,2015_06_KC_MIN,MIN,KC,16.0,10.0,6.0,0.6262582642561683,1,False
2015,6,2015_06_WAS_NYJ,NYJ,WAS,34.0,20.0,14.0,0.6494026280001813,1,False
2015,6,2015_06_ARI_PIT,PIT,ARI,25.0,13.0,12.0,0.5711762882906888,1,False
2015,6,2015_06_MIA_TEN,TEN,MIA,10.0,38.0,-28.0,0.42903781847339695,0,False
2015,6,2015_06_CAR_SEA,SEA,CAR,23.0,27.0,-4.0,0.6464979823582838,0,False
2015,6,2015_06_SD_GB,GB,SD,27.0,20.0,7.0,0.7775287395561643,1,False
2015,6,2015_06_BAL_SF,SF,BAL,25.0,20.0,5.0,0.5544963827729671,1,False
2015,6,2015_06_NE_IND,IND,NE,27.0,34.0,-7.0,0.4255725901400742,0,False
2015,6,2015_06_NYG_PHI,PHI,NYG,27.0,7.0,20.0,0.6220840010480018,1,False
2015,7,2015_07_SEA_SF,SF,SEA,3.0,20.0,-17.0,0.45994282791932467,0,False
2015,7,2015_07_BUF_JAX,JAX,BUF,34.0,31.0,3.0,0.27661910540250084,1,True
2015,7,2015_07_MIN_DET,DET,MIN,19.0,28.0,-9.0,0.5127617149190749,0,False
2015,7,2015_07_NO_IND,IND,NO,21.0,27.0,-6.0,0.6255074544513084,0,False
2015,7,2015_07_PIT_KC,KC,PIT,23.0,13.0,10.0,0.4063557086273262,1,False
2015,7,2015_07_HOU_MIA,MIA,HOU,44.0,26.0,18.0,0.6255585434655612,1,False
2015,7,2015_07_NYJ_NE,NE,NYJ,30.0,23.0,7.0,0.7692698592901301,1,False
2015,7,2015_07_CLE_STL,STL,CLE,24.0,6.0,18.0,0.6424795076579319,1,False
2015,7,2015_07_ATL_TEN,TEN,ATL,7.0,10.0,-3.0,0.37062687801512695,0,False
2015,7,2015_07_TB_WAS,WAS,TB,31.0,30.0,1.0,0.6076220389275044,1,False
2015,7,2015_07_OAK_SD,SD,OAK,29.0,37.0,-8.0,0.6548398652126245,0,False
2015,7,2015_07_DAL_NYG,NYG,DAL,27.0,20.0,7.0,0.5081543616660025,1,False
2015,7,2015_07_PHI_CAR,CAR,PHI,27.0,16.0,11.0,0.5795546358191414,1,False
2015,7,2015_07_BAL_ARI,ARI,BAL,26.0,18.0,8.0,0.7127971577003853,1,False
2015,8,2015_08_MIA_NE,NE,MIA,36.0,7.0,29.0,0.7738821166300694,1,False
2015,8,2015_08_DET_KC,KC,DET,45.0,10.0,35.0,0.5516854633079268,1,True
2015,8,2015_08_TB_ATL,ATL,TB,20.0,23.0,-3.0,0.7477480017354791,0,False
2015,8,2015_08_SD_BAL,BAL,SD,29.0,26.0,3.0,0.5670386160450318,1,False
2015,8,2015_08_MIN_CHI,CHI,MIN,20.0,23.0,-3.0,0.43529041527283246,0,False
2015,8,2015_08_ARI_CLE,CLE,ARI,20.0,34.0,-14.0,0.34779334724792765,0,False
2015,8,2015_08_TEN_HOU,HOU,TEN,20.0,6.0,14.0,0.6925835148773524,1,False
2015,8,2015_08_NYG_NO,NO,NYG,52.0,49.0,3.0,0.5923605520626944,1,False
2015,8,2015_08_CIN_PIT,PIT,CIN,10.0,16.0,-6.0,0.5261005016450717,0,False
2015,8,2015_08_SF_STL,STL,SF,27.0,6.0,21.0,0.6140783058055884,1,False
2015,8,2015_08_NYJ_OAK,OAK,NYJ,34.0,20.0,14.0,0.5199839914268869,1,False
2015,8,2015_08_SEA_DAL,DAL,SEA,12.0,13.0,-1.0,0.5020184203524707,0,False
2015,8,2015_08_GB_DEN,DEN,GB,29.0,10.0,19.0,0.5421656016675007,1,False
2015,8,2015_08_IND_CAR,CAR,IND,29.0,26.0,3.0,0.6731108185222285,1,False
2015,9,2015_09_CLE_CIN,CIN,CLE,31.0,10.0,21.0,0.8367259047893377,1,False
2015,9,2015_09_MIA_BUF,BUF,MIA,33.0,17.0,16.0,0.6273002623294365,1,False
2015,9,2015_09_GB_CAR,CAR,GB,37.0,29.0,8.0,0.5436496533276282,1,False
2015,9,2015_09_STL_MIN,MIN,STL,21.0,18.0,3.0,0.6189405188657886,1,False
2015,9,2015_09_WAS_NE,NE,WAS,27.0,10.0,17.0,0.8646674228940819,1,False
2015,9,2015_09_TEN_NO,NO,TEN,28.0,34.0,-6.0,0.8066425182229269,0,False
2015,9,2015_09_JAX_NYJ,NYJ,JAX,28.0,23.0,5.0,0.6803284412241567,1,False
2015,9,2015_09_OAK_PIT,PIT,OAK,38.0,35.0,3.0,0.7057282736121482,1,False
2015,9,2015_09_ATL_SF,SF,ATL,17.0,16.0,1.0,0.5002074057294343,1,False
2015,9,2015_09_NYG_TB,TB,NYG,18.0,32.0,-14.0,0.472106642727074,0,False
2015,9,2015_09_DEN_IND,IND,DEN,27.0,24.0,3.0,0.3815592377305974,1,False
2015,9,2015_09_PHI_DAL,DAL,PHI,27.0,33.0,-6.0,0.5591698501203056,0,False
2015,9,2015_09_CHI_SD,SD,CHI,19.0,22.0,-3.0,0.6410771552485421,0,False
2015,10,2015_10_BUF_NYJ,NYJ,BUF,17.0,22.0,-5.0,0.49392467817146496,0,False
2015,10,2015_10_JAX_BAL,BAL,JAX,20.0,22.0,-2.0,0.7067082157943246,0,False
2015,10,2015_10_DET_GB,GB,DET,16.0,18.0,-2.0,0.7849487684218718,0,False
2015,10,2015_10_MIA_PHI,PHI,MIA,19.0,20.0,-1.0,0.6890591976878367,0,False
2015,10,2015_10_CLE_PIT,PIT,CLE,30.0,9.0,21.0,0.8063087871636004,1,False
2015,10,2015_10_CHI_STL,STL,CHI,13.0,37.0,-24.0,0.6965600934682741,0,False
2015,10,2015_10_DAL_TB,TB,DAL,10.0,6.0,4.0,0.4486490671381118,1,False
2015,10,2015_10_CAR_TEN,TEN,CAR,10.0,27.0,-17.0,0.24198522645590798,0,False
2015,10,2015_10_NO_WAS,WAS,NO,47.0,14.0,33.0,0.4555558168260132,1,False
2015,10,2015_10_MIN_OAK,OAK,MIN,14.0,30.0,-16.0,0.46353760402941485,0,False
2015,10,2015_10_KC_DEN,DEN,KC,13.0,29.0,-16.0,0.7161954925949503,0,False
2015,10,2015_10_NE_NYG,NYG,NE,26.0,27.0,-1.0,0.3252634132497634,0,False
2015,10,2015_10_ARI_SEA,SEA,ARI,32.0,39.0,-7.0,0.5973257909206717,0,False
2015,10,2015_10_HOU_CIN,CIN,HOU,6.0,10.0,-4.0,0.8013759433715105,0,False
2015,11,2015_11_TEN_JAX,JAX,TEN,19.0,13.0,6.0,0.651593166550139,1,False
2015,11,2015_11_IND_ATL,ATL,IND,21.0,24.0,-3.0,0.5623686819734074,0,False
2015,11,2015_11_STL_BAL,BAL,STL,16.0,13.0,3.0,0.5355147592445486,1,False
2015,11,2015_11_WAS_CAR,CAR,WAS,44.0,16.0,28.0,0.7791842801023993,1,False
2015,11,2015_11_DEN_CHI,CHI,DEN,15.0,17.0,-2.0,0.33385988452999904,0,False
2015,11,2015_11_OAK_DET,DET,OAK,18.0,13.0,5.0,0.5776333974003852,1,False
2015,11,2015_11_NYJ_HOU,HOU,NYJ,24.0,17.0,7.0,0.5861492258029555,1,False
2015,11,2015_11_DAL_MIA,MIA,DAL,14.0,24.0,-10.0,0.5834419878327058,0,False
2015,11,2015_11_TB_PHI,PHI,TB,17.0,45.0,-28.0,0.7291021449750091,0,False
2015,11,2015_11_KC_SD,SD,KC,3.0,33.0,-30.0,0.4552666321407747,0,False
2015,11,2015_11_GB_MIN,MIN,GB,13.0,30.0,-17.0,0.5535983568211206,0,False
2015,11,2015_11_SF_SEA,SEA,SF,29.0,13.0,16.0,0.7459026932428178,1,False
2015,11,2015_11_CIN_ARI,ARI,CIN,34.0,31.0,3.0,0.5472415570089799,1,False
2015,11,2015_11_BUF_NE,NE,BUF,20.0,13.0,7.0,0.7677355451083487,1,False
2015,12,2015_12_PHI_DET,DET,PHI,45.0,14.0,31.0,0.5133313958546247,1,False
2015,12,2015_12_CAR_DAL,DAL,CAR,14.0,33.0,-19.0,0.3893010969243906,0,False
2015,12,2015_12_CHI_GB,GB,CHI,13.0,17.0,-4.0,0.7830107936848453,0,False
2015,12,2015_12_MIN_ATL,ATL,MIN,10.0,20.0,-10.0,0.5140222840919596,0,False
2015,12,2015_12_STL_CIN,CIN,STL,31.0,7.0,24.0,0.7447326633144244,1,False
2015,12,2015_12_NO_HOU,HOU,NO,24.0,6.0,18.0,0.6256835925022259,1,False
2015,12,2015_12_TB_IND,IND,TB,25.0,12.0,13.0,0.718138083087949,1,False
2015,12,2015_12_SD_JAX,JAX,SD,25.0,31.0,-6.0,0.5385144921242342,0,False
2015,12,2015_12_BUF_KC,KC,BUF,30.0,22.0,8.0,0.6098673630558203,1,False
2015,12,2015_12_MIA_NYJ,NYJ,MIA,38.0,20.0,18.0,0.564062000504312,1,False
2015,12,2015_12_OAK_TEN,TEN,OAK,21.0,24.0,-3.0,0.4347209054358217,0,False
2015,12,2015_12_NYG_WAS,WAS,NYG,20.0,14.0,6.0,0.5172760211727784,1,False
2015,12,2015_12_ARI_SF,SF,ARI,13.0,19.0,-6.0,0.3589551588646378,0,False
2015,12,2015_12_PIT_SEA,SEA,PIT,39.0,30.0,9.0,0.6066821537247156,1,False
2015,12,2015_12_NE_DEN,DEN,NE,30.0,24.0,6.0,0.48115566497894374,1,False
2015,12,2015_12_BAL_CLE,CLE,BAL,27.0,33.0,-6.0,0.44657601485603776,0,False
2015,13,2015_13_GB_DET,DET,GB,23.0,27.0,-4.0,0.4864391114211314,0,False
2015,13,2015_13_HOU_BUF,BUF,HOU,30.0,21.0,9.0,0.5971345994788879,1,False
2015,13,2015_13_SF_CHI,CHI,SF,20.0,26.0,-6.0,0.6077242558007396,0,False
2015,13,2015_13_CIN_CLE,CLE,CIN,3.0,37.0,-34.0,0.24868680924648726,0,False
2015,13,2015_13_BAL_MIA,MIA,BAL,15.0,13.0,2.0,0.5323036011557474,1,False
2015,13,2015_13_SEA_MIN,MIN,SEA,7.0,38.0,-31.0,0.507697270433159,0,False
2015,13,2015_13_NYJ_NYG,NYG,NYJ,20.0,23.0,-3.0,0.5803279439435605,0,False
2015,13,2015_13_ARI_STL,STL,ARI,3.0,27.0,-24.0,0.3888688977278802,0,False
2015,13,2015_13_ATL_TB,TB,ATL,23.0,19.0,4.0,0.4844380954019635,1,False
2015,13,2015_13_JAX_TEN,TEN,JAX,42.0,39.0,3.0,0.48470144405583293,1,False
2015,13,2015_13_KC_OAK,OAK,KC,20.0,34.0,-14.0,0.41164010675967966,0,False
2015,13,2015_13_DEN_SD,SD,DEN,3.0,17.0,-14.0,0.3145993278129905,0,False
2015,13,2015_13_PHI_NE,NE,PHI,28.0,35.0,-7.0,0.8203723375952572,0,False
2015,13,2015_13_CAR_NO,NO,CAR,38.0,41.0,-3.0,0.3135565345224706,0,False
2015,13,2015_13_IND_PIT,PIT,IND,45.0,10.0,35.0,0.6106110800300534,1,False
2015,13,2015_13_DAL_WAS,WAS,DAL,16.0,19.0,-3.0,0.5635064046738423,0,False
2015,14,2015_14_MIN_ARI,ARI,MIN,23.0,20.0,3.0,0.6708116071928707,1,False
2015,14,2015_14_SEA_BAL,BAL,SEA,6.0,35.0,-29.0,0.3719461701869233,0,False
2015,14,2015_14_ATL_CAR,CAR,ATL,38.0,0.0,38.0,0.7925906656952801,1,False
2015,14,2015_14_WAS_CHI,CHI,WAS,21.0,24.0,-3.0,0.5648734547193038,0,False
2015,14,2015_14_PIT_CIN,CIN,PIT,20.0,33.0,-13.0,0.6338113319439851,0,False
2015,14,2015_14_SF_CLE,CLE,SF,24.0,10.0,14.0,0.48476450608473903,1,False
2015,14,2015_14_IND_JAX,JAX,IND,51.0,16.0,35.0,0.4037860446908914,1,False
2015,14,2015_14_SD_KC,KC,SD,10.0,3.0,7.0,0.7524849667326248,1,False
2015,14,2015_14_TEN_NYJ,NYJ,TEN,30.0,8.0,22.0,0.7697781284296081,1,False
2015,14,2015_14_BUF_PHI,PHI,BUF,23.0,20.0,3.0,0.5257491970869838,1,False
2015,14,2015_14_DET_STL,STL,DET,21.0,14.0,7.0,0.532254634445947,1,False
2015,14,2015_14_NO_TB,TB,NO,17.0,24.0,-7.0,0.5979903689117412,0,False
2015,14,2015_14_OAK_DEN,DEN,OAK,12.0,15.0,-3.0,0.832686867285119,0,False
2015,14,2015_14_DAL_GB,GB,DAL,28.0,7.0,21.0,0.7163075273420794,1,False
2015,14,2015_14_NE_HOU,HOU,NE,6.0,27.0,-21.0,0.34347408197622653,0,False
2015,14,2015_14_NYG_MIA,MIA,NYG,24.0,31.0,-7.0,0.571939795809483,0,False
2015,15,2015_15_TB_STL,STL,TB,31.0,23.0,8.0,0.6656646513565169,1,False
2015,15,2015_15_NYJ_DAL,DAL,NYJ,16.0,19.0,-3.0,0.5432282678315357,0,False
2015,15,2015_15_KC_BAL,BAL,KC,14.0,34.0,-20.0,0.4147345691124462,0,False
2015,15,2015_15_HOU_IND,IND,HOU,10.0,16.0,-6.0,0.559172160183475,0,False
2015,15,2015_15_ATL_JAX,JAX,ATL,17.0,23.0,-6.0,0.5678548234107688,0,False
2015,15,2015_15_CHI_MIN,MIN,CHI,38.0,17.0,21.0,0.7320415814880693,1,False
2015,15,2015_15_TEN_NE,NE,TEN,33.0,16.0,17.0,0.9147701867794894,1,False
2015,15,2015_15_CAR_NYG,NYG,CAR,35.0,38.0,-3.0,0.33176294481260876,0,False
2015,15,2015_15_BUF_WAS,WAS,BUF,35.0,25.0,10.0,0.5084337399023484,1,False
2015,15,2015_15_GB_OAK,OAK,GB,20.0,30.0,-10.0,0.3707779216286039,0,False
2015,15,2015_15_CLE_SEA,SEA,CLE,30.0,13.0,17.0,0.843143489356892,1,False
2015,15,2015_15_DEN_PIT,PIT,DEN,34.0,27.0,7.0,0.5399918592068045,1,False
2015,15,2015_15_MIA_SD,SD,MIA,30.0,14.0,16.0,0.5805785723696378,1,False
2015,15,2015_15_CIN_SF,SF,CIN,14.0,24.0,-10.0,0.29963514676206326,0,False
2015,15,2015_15_ARI_PHI,PHI,ARI,17.0,40.0,-23.0,0.4300697405376683,0,False
2015,15,2015_15_DET_NO,NO,DET,27.0,35.0,-8.0,0.5365698583908328,0,False
2015,16,2015_16_SD_OAK,OAK,SD,23.0,20.0,3.0,0.5705009094660843,1,False
2015,16,2015_16_WAS_PHI,PHI,WAS,24.0,38.0,-14.0,0.6075198456218656,0,False
2015,16,2015_16_CAR_ATL,ATL,CAR,20.0,13.0,7.0,0.3122958302528395,1,False
2015,16,2015_16_PIT_BAL,BAL,PIT,20.0,17.0,3.0,0.35464391517468763,1,False
2015,16,2015_16_DAL_BUF,BUF,DAL,16.0,6.0,10.0,0.6348226852982883,1,False
2015,16,2015_16_SF_DET,DET,SF,32.0,17.0,15.0,0.697292177360842,1,False
2015,16,2015_16_CLE_KC,KC,CLE,17.0,13.0,4.0,0.8246499149809106,1,False
2015,16,2015_16_IND_MIA,MIA,IND,12.0,18.0,-6.0,0.5317457236800027,0,False
2015,16,2015_16_NE_NYJ,NYJ,NE,26.0,20.0,6.0,0.35761116739102006,1,False
2015,16,2015_16_CHI_TB,TB,CHI,21.0,26.0,-5.0,0.5918463078149774,0,False
2015,16,2015_16_HOU_TEN,TEN,HOU,6.0,34.0,-28.0,0.3463887588393038,0,False
2015,16,2015_16_JAX_NO,NO,JAX,38.0,27.0,11.0,0.5987508278413565,1,False
2015,16,2015_16_GB_ARI,ARI,GB,38.0,8.0,30.0,0.6121337904626696,1,False
2015,16,2015_16_STL_SEA,SEA,STL,17.0,23.0,-6.0,0.7614903130521372,0,False
2015,16,2015_16_NYG_MIN,MIN,NYG,49.0,17.0,32.0,0.71378041300841,1,False
2015,16,2015_16_CIN_DEN,DEN,CIN,20.0,17.0,3.0,0.586684978243137,1,False
2015,17,2015_17_NO_ATL,ATL,NO,17.0,20.0,-3.0,0.6420580180985241,0,False
2015,17,2015_17_NYJ_BUF,BUF,NYJ,22.0,17.0,5.0,0.55728156257136,1,False
2015,17,2015_17_DET_CHI,CHI,DET,20.0,24.0,-4.0,0.4682711411360891,0,False
2015,17,2015_17_BAL_CIN,CIN,BAL,24.0,16.0,8.0,0.7519344023461051,1,False
2015,17,2015_17_PIT_CLE,CLE,PIT,12.0,28.0,-16.0,0.28512427782128397,0,False
2015,17,2015_17_WAS_DAL,DAL,WAS,23.0,34.0,-11.0,0.5097372233511906,0,False
2015,17,2015_17_JAX_HOU,HOU,JAX,30.0,6.0,24.0,0.7130800811826515,1,False
2015,17,2015_17_TEN_IND,IND,TEN,30.0,24.0,6.0,0.7733669274851124,1,False
2015,17,2015_17_NE_MIA,MIA,NE,20.0,10.0,10.0,0.2688564028482751,1,False
2015,17,2015_17_PHI_NYG,NYG,PHI,30.0,35.0,-5.0,0.5164807016361316,0,False
2015,17,2015_17_SEA_ARI,ARI,SEA,6.0,36.0,-30.0,0.6354516662072046,0,False
2015,17,2015_17_TB_CAR,CAR,TB,38.0,10.0,28.0,0.8394587913498356,1,False
2015,17,2015_17_SD_DEN,DEN,SD,27.0,20.0,7.0,0.806802044306443,1,False
2015,17,2015_17_OAK_KC,KC,OAK,23.0,17.0,6.0,0.7616237093410353,1,False
2015,17,2015_17_STL_SF,SF,STL,19.0,16.0,3.0,0.4104603645363707,1,False
2015,17,2015_17_MIN_GB,GB,MIN,13.0,20.0,-7.0,0.583425721056527,0,False
2016,1,2016_01_CAR_DEN,DEN,CAR,21.0,20.0,1.0,0.5950441727467697,1,False
2016,1,2016_01_TB_ATL,ATL,TB,24.0,31.0,-7.0,0.6691102007090637,0,False
2016,1,2016_01_BUF_BAL,BAL,BUF,13.0,7.0,6.0,0.5347940995910481,1,False
2016,1,2016_01_CHI_HOU,HOU,CHI,23.0,14.0,9.0,0.6776044599493225,1,False
2016,1,2016_01_GB_JAX,JAX,GB,23.0,27.0,-4.0,0.42820976907546293,0,False
2016,1,2016_01_SD_KC,KC,SD,33.0,27.0,6.0,0.7245368708116218,1,False
2016,1,2016_01_OAK_NO,NO,OAK,34.0,35.0,-1.0,0.6038514937527693,0,False
2016,1,2016_01_CIN_NYJ,NYJ,CIN,22.0,23.0,-1.0,0.5068224268904117,0,False
2016,1,2016_01_CLE_PHI,PHI,CLE,29.0,10.0,19.0,0.6900669264918937,1,False
2016,1,2016_01_MIN_TEN,TEN,MIN,16.0,25.0,-9.0,0.3487069078365223,0,False
2016,1,2016_01_MIA_SEA,SEA,MIA,12.0,10.0,2.0,0.7333430203577098,1,False
2016,1,2016_01_NYG_DAL,DAL,NYG,19.0,20.0,-1.0,0.5915345954389478,0,False
2016,1,2016_01_DET_IND,IND,DET,35.0,39.0,-4.0,0.5619198359279515,0,False
2016,1,2016_01_NE_ARI,ARI,NE,21.0,23.0,-2.0,0.6316765384059055,0,False
2016,1,2016_01_PIT_WAS,WAS,PIT,16.0,38.0,-22.0,0.5043391581529658,0,False
2016,1,2016_01_LA_SF,SF,LA,28.0,0.0,28.0,0.5063598524825287,1,False
2016,2,2016_02_NYJ_BUF,BUF,NYJ,31.0,37.0,-6.0,0.5809428926694128,0,False
2016,2,2016_02_TB_ARI,ARI,TB,40.0,7.0,33.0,0.765961701340814,1,False
2016,2,2016_02_SF_CAR,CAR,SF,46.0,27.0,19.0,0.7140388684280905,1,False
2016,2,2016_02_BAL_CLE,CLE,BAL,20.0,25.0,-5.0,0.45244336386993206,0,False
2016,2,2016_02_TEN_DET,DET,TEN,15.0,16.0,-1.0,0.7583268167965074,0,False
2016,2,2016_02_KC_HOU,HOU,KC,19.0,12.0,7.0,0.5219667882077608,1,False
2016,2,2016_02_MIA_NE,NE,MIA,31.0,24.0,7.0,0.7286412082580291,1,False
2016,2,2016_02_NO_NYG,NYG,NO,16.0,13.0,3.0,0.5889368493077338,1,False
2016,2,2016_02_CIN_PIT,PIT,CIN,24.0,16.0,8.0,0.5815410013163452,1,False
2016,2,2016_02_DAL_WAS,WAS,DAL,23.0,27.0,-4.0,0.6506858785621736,0,False
2016,2,2016_02_SEA_LA,LA,SEA,9.0,3.0,6.0,0.41245737486352707,1,False
2016,2,2016_02_IND_DEN,DEN,IND,34.0,20.0,14.0,0.7375482211374413,1,False
2016,2,2016_02_ATL_OAK,OAK,ATL,28.0,35.0,-7.0,0.5849604290266759,0,False
2016,2,2016_02_JAX_SD,SD,JAX,38.0,14.0,24.0,0.628419606487152,1,False
2016,2,2016_02_GB_MIN,MIN,GB,17.0,14.0,3.0,0.6076721497884533,1,False
2016,2,2016_02_PHI_CHI,CHI,PHI,14.0,29.0,-15.0,0.45714390924430937,0,False
2016,3,2016_03_HOU_NE,NE,HOU,27.0,0.0,27.0,0.6327525362732945,1,False
2016,3,2016_03_ARI_BUF,BUF,ARI,33.0,18.0,15.0,0.4335024001442268,1,False
2016,3,2016_03_MIN_CAR,CAR,MIN,10.0,22.0,-12.0,0.6270177046440921,0,False
2016,3,2016_03_DEN_CIN,CIN,DEN,17.0,29.0,-12.0,0.5163335705445863,0,False
2016,3,2016_03_DET_GB,GB,DET,34.0,27.0,7.0,0.6367609920597801,1,False
2016,3,2016_03_BAL_JAX,JAX,BAL,17.0,19.0,-2.0,0.4316924708020732,0,False
2016,3,2016_03_CLE_MIA,MIA,CLE,30.0,24.0,6.0,0.6594290075909105,1,False
2016,3,2016_03_WAS_NYG,NYG,WAS,27.0,29.0,-2.0,0.5832082893642683,0,False
2016,3,2016_03_OAK_TEN,TEN,OAK,10.0,17.0,-7.0,0.4753224625249327,0,False
2016,3,2016_03_SF_SEA,SEA,SF,37.0,18.0,19.0,0.7200764872795281,1,False
2016,3,2016_03_LA_TB,TB,LA,32.0,37.0,-5.0,0.4958900550594618,0,False
2016,3,2016_03_SD_IND,IND,SD,26.0,22.0,4.0,0.5651731924874418,1,False
2016,3,2016_03_NYJ_KC,KC,NYJ,24.0,3.0,21.0,0.6485147444596681,1,False
2016,3,2016_03_PIT_PHI,PHI,PIT,34.0,3.0,31.0,0.5009571820412736,1,False
2016,3,2016_03_CHI_DAL,DAL,CHI,31.0,17.0,14.0,0.6442730612892413,1,False
2016,3,2016_03_ATL_NO,NO,ATL,32.0,45.0,-13.0,0.5470796923161828,0,False
2016,4,2016_04_MIA_CIN,CIN,MIA,22.0,7.0,15.0,0.7030981068841907,1,False
2016,4,2016_04_IND_JAX,JAX,IND,30.0,27.0,3.0,0.376928333172282,1,True
2016,4,2016_04_CAR_ATL,ATL,CAR,48.0,33.0,15.0,0.458264720029827,1,False
2016,4,2016_04_OAK_BAL,BAL,OAK,27.0,28.0,-1.0,0.6410575907312307,0,False
2016,4,2016_04_DET_CHI,CHI,DET,17.0,14.0,3.0,0.47422237194329386,1,False
2016,4,2016_04_TEN_HOU,HOU,TEN,27.0,20.0,7.0,0.7654932213085769,1,False
2016,4,2016_04_BUF_NE,NE,BUF,0.0,16.0,-16.0,0.7014041624061944,0,False
2016,4,2016_04_SEA_NYJ,NYJ,SEA,17.0,27.0,-10.0,0.4582564312275412,0,False
2016,4,2016_04_CLE_WAS,WAS,CLE,31.0,20.0,11.0,0.736306799093049,1,False
2016,4,2016_04_DEN_TB,TB,DEN,7.0,27.0,-20.0,0.31625044218436166,0,False
2016,4,2016_04_LA_ARI,ARI,LA,13.0,17.0,-4.0,0.6852941457847893,0,False
2016,4,2016_04_NO_SD,SD,NO,34.0,35.0,-1.0,0.6075605045271849,0,False
2016,4,2016_04_DAL_SF,SF,DAL,17.0,24.0,-7.0,0.5279376443533064,0,False
2016,4,2016_04_KC_PIT,PIT,KC,43.0,14.0,29.0,0.5488152137483028,1,False
2016,4,2016_04_NYG_MIN,MIN,NYG,24.0,10.0,14.0,0.7252445352830497,1,False
2016,5,2016_05_ARI_SF,SF,ARI,21.0,33.0,-12.0,0.41870043589570105,0,False
2016,5,2016_05_WAS_BAL,BAL,WAS,10.0,16.0,-6.0,0.5802874142246958,0,False
2016,5,2016_05_NE_CLE,CLE,NE,13.0,33.0,-20.0,0.2698288892702445,0,False
2016,5,2016_05_PHI_DET,DET,PHI,24.0,23.0,1.0,0.4421242667633177,1,False
2016,5,2016_05_CHI_IND,IND,CHI,29.0,23.0,6.0,0.6477170409350621,1,False
2016,5,2016_05_TEN_MIA,MIA,TEN,17.0,30.0,-13.0,0.6896628301774097,0,False
2016,5,2016_05_HOU_MIN,MIN,HOU,31.0,13.0,18.0,0.6752616214674252,1,False
2016,5,2016_05_NYJ_PIT,PIT,NYJ,31.0,13.0,18.0,0.7283932940545802,1,False
2016,5,2016_05_ATL_DEN,DEN,ATL,16.0,23.0,-7.0,0.7043555668527282,0,False
2016,5,2016_05_CIN_DAL,DAL,CIN,28.0,14.0,14.0,0.4806396259708109,1,False
2016,5,2016_05_BUF_LA,LA,BUF,19.0,30.0,-11.0,0.5422716550286594,0,False
2016,5,2016_05_SD_OAK,OAK,SD,34.0,31.0,3.0,0.6314623895585302,1,False
2016,5,2016_05_NYG_GB,GB,NYG,23.0,16.0,7.0,0.7156308497286369,1,False
2016,5,2016_05_TB_CAR,CAR,TB,14.0,17.0,-3.0,0.7650669833136468,0,False
2016,6,2016_06_DEN_SD,SD,DEN,21.0,13.0,8.0,0.3574436374185221,1,False
2016,6,2016_06_SF_BUF,BUF,SF,45.0,16.0,29.0,0.73812820307336,1,False
2016,6,2016_06_JAX_CHI,CHI,JAX,16.0,17.0,-1.0,0.5836313163032774,0,False
2016,6,2016_06_LA_DET,DET,LA,31.0,28.0,3.0,0.5609914615021275,1,False
2016,6,2016_06_PIT_MIA,MIA,PIT,30.0,15.0,15.0,0.35095137012731775,1,False
2016,6,2016_06_CIN_NE,NE,CIN,35.0,17.0,18.0,0.6864359912301222,1,False
2016,6,2016_06_CAR_NO,NO,CAR,41.0,38.0,3.0,0.4718002172869621,1,False
2016,6,2016_06_BAL_NYG,NYG,BAL,27.0,23.0,4.0,0.515984558157131,1,False
2016,6,2016_06_CLE_TEN,TEN,CLE,28.0,26.0,2.0,0.6142037792562695,1,False
2016,6,2016_06_PHI_WAS,WAS,PHI,27.0,20.0,7.0,0.5325285304616655,1,False
2016,6,2016_06_KC_OAK,OAK,KC,10.0,26.0,-16.0,0.524219502667658,0,False
2016,6,2016_06_DAL_GB,GB,DAL,16.0,30.0,-14.0,0.6484842698871154,0,False
2016,6,2016_06_ATL_SEA,SEA,ATL,26.0,24.0,2.0,0.6525421313115548,1,False
2016,6,2016_06_IND_HOU,HOU,IND,26.0,23.0,3.0,0.6419777911048803,1,False
2016,6,2016_06_NYJ_ARI,ARI,NYJ,28.0,3.0,25.0,0.7194746940786896,1,False
2016,7,2016_07_CHI_GB,GB,CHI,26.0,10.0,16.0,0.7900077634418261,1,False
2016,7,2016_07_NYG_LA,LA,NYG,10.0,17.0,-7.0,0.5292533182704432,0,True
2016,7,2016_07_CLE_CIN,CIN,CLE,31.0,17.0,14.0,0.7845830633449894,1,False
2016,7,2016_07_WAS_DET,DET,WAS,20.0,17.0,3.0,0.5171859702590129,1,False
2016,7,2016_07_OAK_JAX,JAX,OAK,16.0,33.0,-17.0,0.4844994982931792,0,False
2016,7,2016_07_NO_KC,KC,NO,27.0,21.0,6.0,0.6897741048777456,1,False
2016,7,2016_07_BUF_MIA,MIA,BUF,28.0,25.0,3.0,0.4683304540049106,1,False
2016,7,2016_07_BAL_NYJ,NYJ,BAL,24.0,16.0,8.0,0.5384288375255583,1,False
2016,7,2016_07_MIN_PHI,PHI,MIN,21.0,10.0,11.0,0.47289525934629273,1,False
2016,7,2016_07_IND_TEN,TEN,IND,26.0,34.0,-8.0,0.48805619801922173,0,False
2016,7,2016_07_SD_ATL,ATL,SD,30.0,33.0,-3.0,0.6663971658856566,0,False
2016,7,2016_07_TB_SF,SF,TB,17.0,34.0,-17.0,0.5711783490401652,0,False
2016,7,2016_07_NE_PIT,PIT,NE,16.0,27.0,-11.0,0.49907898327885686,0,False
2016,7,2016_07_SEA_ARI,ARI,SEA,6.0,6.0,0.0,0.5759424319521428,0,False
2016,7,2016_07_HOU_DEN,DEN,HOU,27.0,9.0,18.0,0.66017861135053,1,False
2016,8,2016_08_JAX_TEN,TEN,JAX,36.0,22.0,14.0,0.5585261225112043,1,False
2016,8,2016_08_WAS_CIN,CIN,WAS,27.0,27.0,0.0,0.5015918105389405,0,True
2016,8,2016_08_NE_BUF,BUF,NE,25.0,41.0,-16.0,0.4695554020425195,0,False
2016,8,2016_08_ARI_CAR,CAR,ARI,30.0,20.0,10.0,0.5192318830752469,1,False
2016,8,2016_08_NYJ_CLE,CLE,NYJ,28.0,31.0,-3.0,0.41425116842965826,0,False
2016,8,2016_08_DET_HOU,HOU,DET,20.0,13.0,7.0,0.5835800767318512,1,False
2016,8,2016_08_KC_IND,IND,KC,14.0,30.0,-16.0,0.455512721854799,0,False
2016,8,2016_08_SEA_NO,NO,SEA,25.0,20.0,5.0,0.3929582169395806,1,False
2016,8,2016_08_OAK_TB,TB,OAK,24.0,30.0,-6.0,0.49926543535354356,0,False
2016,8,2016_08_SD_DEN,DEN,SD,27.0,19.0,8.0,0.7375630053966494,1,False
2016,8,2016_08_GB_ATL,ATL,GB,33.0,32.0,1.0,0.5206507525189387,1,False
2016,8,2016_08_PHI_DAL,DAL,PHI,29.0,23.0,6.0,0.5422381554727457,1,False
2016,8,2016_08_MIN_CHI,CHI,MIN,20.0,10.0,10.0,0.3028789361424414,1,False
2016,9,2016_09_ATL_TB,TB,ATL,28.0,43.0,-15.0,0.4393034134679344,0,False
2016,9,2016_09_PIT_BAL,BAL,PIT,21.0,14.0,7.0,0.44172671633469723,1,False
2016,9,2016_09_DAL_CLE,CLE,DAL,10.0,35.0,-25.0,0.2895983851650789,0,False
2016,9,2016_09_JAX_KC,KC,JAX,19.0,14.0,5.0,0.8126594197489345,1,False
2016,9,2016_09_NYJ_MIA,MIA,NYJ,27.0,23.0,4.0,0.6325074724851073,1,False
2016,9,2016_09_DET_MIN,MIN,DET,16.0,22.0,-6.0,0.6773509904033198,0,False
2016,9,2016_09_PHI_NYG,NYG,PHI,28.0,23.0,5.0,0.48076299712881726,1,False
2016,9,2016_09_CAR_LA,LA,CAR,10.0,13.0,-3.0,0.4809333755766337,0,False
2016,9,2016_09_NO_SF,SF,NO,23.0,41.0,-18.0,0.46944288027348985,0,False
2016,9,2016_09_IND_GB,GB,IND,26.0,31.0,-5.0,0.7235770271322949,0,False
2016,9,2016_09_TEN_SD,SD,TEN,43.0,35.0,8.0,0.6680020696695529,1,False
2016,9,2016_09_DEN_OAK,OAK,DEN,30.0,20.0,10.0,0.43162848543491267,1,False
2016,9,2016_09_BUF_SEA,SEA,BUF,31.0,25.0,6.0,0.6350990392406786,1,False
2016,10,2016_10_CLE_BAL,BAL,CLE,28.0,7.0,21.0,0.7742888560124102,1,False
2016,10,2016_10_KC_CAR,CAR,KC,17.0,20.0,-3.0,0.5650400240260331,0,False
2016,10,2016_10_HOU_JAX,JAX,HOU,21.0,24.0,-3.0,0.3807450206479561,0,False
2016,10,2016_10_DEN_NO,NO,DEN,23.0,25.0,-2.0,0.4674471515908834,0,False
2016,10,2016_10_LA_NYJ,NYJ,LA,6.0,9.0,-3.0,0.570611595993696,0,False
2016,10,2016_10_ATL_PHI,PHI,ATL,24.0,15.0,9.0,0.5766767954854269,1,False
2016,10,2016_10_CHI_TB,TB,CHI,36.0,10.0,26.0,0.5913567343928325,1,False
2016,10,2016_10_GB_TEN,TEN,GB,47.0,25.0,22.0,0.3658119202321201,1,False
2016,10,2016_10_MIN_WAS,WAS,MIN,26.0,20.0,6.0,0.5828892068611125,1,False
2016,10,2016_10_MIA_SD,SD,MIA,24.0,31.0,-7.0,0.5588251978082922,0,False
2016,10,2016_10_SF_ARI,ARI,SF,23.0,20.0,3.0,0.7772060227025054,1,False
2016,10,2016_10_DAL_PIT,PIT,DAL,30.0,35.0,-5.0,0.5528133919136975,0,False
2016,10,2016_10_SEA_NE,NE,SEA,24.0,31.0,-7.0,0.6565319198281818,0,False
2016,10,2016_10_CIN_NYG,NYG,CIN,21.0,20.0,1.0,0.5523397264587493,1,False
2016,11,2016_11_NO_CAR,CAR,NO,23.0,20.0,3.0,0.6777741630988011,1,False
2016,11,2016_11_BUF_CIN,CIN,BUF,12.0,16.0,-4.0,0.573482505619768,0,False
2016,11,2016_11_PIT_CLE,CLE,PIT,9.0,24.0,-15.0,0.3036528483911943,0,False
2016,11,2016_11_BAL_DAL,DAL,BAL,27.0,17.0,10.0,0.6804696635469791,1,False
2016,11,2016_11_JAX_DET,DET,JAX,26.0,19.0,7.0,0.7498243107231469,1,False
2016,11,2016_11_TEN_IND,IND,TEN,24.0,17.0,7.0,0.6316445759848682,1,False
2016,11,2016_11_TB_KC,KC,TB,17.0,19.0,-2.0,0.7562264678568045,0,False
2016,11,2016_11_ARI_MIN,MIN,ARI,30.0,24.0,6.0,0.5420212111595832,1,False
2016,11,2016_11_CHI_NYG,NYG,CHI,22.0,16.0,6.0,0.7350043853300791,1,False
2016,11,2016_11_MIA_LA,LA,MIA,10.0,14.0,-4.0,0.5321559718929888,0,False
2016,11,2016_11_PHI_SEA,SEA,PHI,26.0,15.0,11.0,0.6620832442304366,1,False
2016,11,2016_11_NE_SF,SF,NE,17.0,30.0,-13.0,0.26359185235689686,0,False
2016,11,2016_11_GB_WAS,WAS,GB,42.0,24.0,18.0,0.6531535288671606,1,False
2016,11,2016_11_HOU_OAK,OAK,HOU,27.0,20.0,7.0,0.5132203929732437,1,True
2016,12,2016_12_MIN_DET,DET,MIN,16.0,13.0,3.0,0.541617321947874,1,False
2016,12,2016_12_WAS_DAL,DAL,WAS,31.0,26.0,5.0,0.5997721847214869,1,False
2016,12,2016_12_PIT_IND,IND,PIT,7.0,28.0,-21.0,0.5432708194489035,0,False
2016,12,2016_12_ARI_ATL,ATL,ARI,38.0,19.0,19.0,0.5618251517465682,1,False
2016,12,2016_12_CIN_BAL,BAL,CIN,19.0,14.0,5.0,0.554827177932771,1,False
2016,12,2016_12_JAX_BUF,BUF,JAX,28.0,21.0,7.0,0.8023740741879882,1,False
2016,12,2016_12_TEN_CHI,CHI,TEN,21.0,27.0,-6.0,0.5200509178475814,0,False
2016,12,2016_12_NYG_CLE,CLE,NYG,13.0,27.0,-14.0,0.31439529964765134,0,False
2016,12,2016_12_SD_HOU,HOU,SD,13.0,21.0,-8.0,0.6232603239754944,0,False
2016,12,2016_12_SF_MIA,MIA,SF,31.0,24.0,7.0,0.7634833669185283,1,False
2016,12,2016_12_LA_NO,NO,LA,49.0,21.0,28.0,0.6013421224380321,1,False
2016,12,2016_12_SEA_TB,TB,SEA,14.0,5.0,9.0,0.3683581453498328,1,False
2016,12,2016_12_NE_NYJ,NYJ,NE,17.0,22.0,-5.0,0.33107886998894853,0,False
2016,12,2016_12_CAR_OAK,OAK,CAR,35.0,32.0,3.0,0.5802533725713175,1,False
2016,12,2016_12_KC_DEN,DEN,KC,27.0,30.0,-3.0,0.6077212361645491,0,False
2016,12,2016_12_GB_PHI,PHI,GB,13.0,27.0,-14.0,0.6533090788289524,0,False
2016,13,2016_13_DAL_MIN,MIN,DAL,15.0,17.0,-2.0,0.4860375639337619,0,False
2016,13,2016_13_KC_ATL,ATL,KC,28.0,29.0,-1.0,0.5402674704656191,0,False
2016,13,2016_13_MIA_BAL,BAL,MIA,38.0,6.0,32.0,0.5389471520676923,1,False
2016,13,2016_13_SF_CHI,CHI,SF,26.0,6.0,20.0,0.5851976944815802,1,False
2016,13,2016_13_PHI_CIN,CIN,PHI,32.0,14.0,18.0,0.5452790570905588,1,False
2016,13,2016_13_HOU_GB,GB,HOU,21.0,13.0,8.0,0.5840842509055612,1,False
2016,13,2016_13_DEN_JAX,JAX,DEN,10.0,20.0,-10.0,0.2747475595120885,0,False
2016,13,2016_13_LA_NE,NE,LA,26.0,10.0,16.0,0.8218447488582376,1,False
2016,13,2016_13_DET_NO,NO,DET,13.0,28.0,-15.0,0.5756706386605929,0,False
2016,13,2016_13_BUF_OAK,OAK,BUF,38.0,24.0,14.0,0.6268632591136111,1,False
2016,13,2016_13_WAS_ARI,ARI,WAS,31.0,23.0,8.0,0.5090439642315739,1,False
2016,13,2016_13_NYG_PIT,PIT,NYG,24.0,14.0,10.0,0.616785302498849,1,False
2016,13,2016_13_TB_SD,SD,TB,21.0,28.0,-7.0,0.5805217855547116,0,False
2016,13,2016_13_CAR_SEA,SEA,CAR,40.0,7.0,33.0,0.6432513505615342,1,False
2016,13,2016_13_IND_NYJ,NYJ,IND,10.0,41.0,-31.0,0.5334665258302821,0,False
2016,14,2016_14_OAK_KC,KC,OAK,21.0,13.0,8.0,0.5846401133828957,1,False
2016,14,2016_14_PIT_BUF,BUF,PIT,20.0,27.0,-7.0,0.5398564358573944,0,False
2016,14,2016_14_SD_CAR,CAR,SD,28.0,16.0,12.0,0.6397525482749243,1,False
2016,14,2016_14_CIN_CLE,CLE,CIN,10.0,23.0,-13.0,0.30184021349095386,0,False
2016,14,2016_14_CHI_DET,DET,CHI,20.0,17.0,3.0,0.7527772040040698,1,False
2016,14,2016_14_HOU_IND,IND,HOU,17.0,22.0,-5.0,0.6161371865117383,0,False
2016,14,2016_14_MIN_JAX,JAX,MIN,16.0,25.0,-9.0,0.34119816401392244,0,False
2016,14,2016_14_ARI_MIA,MIA,ARI,26.0,23.0,3.0,0.5489384442464303,1,False
2016,14,2016_14_WAS_PHI,PHI,WAS,22.0,27.0,-5.0,0.5259298659281727,0,False
2016,14,2016_14_DEN_TEN,TEN,DEN,13.0,10.0,3.0,0.3810691720538766,1,False
2016,14,2016_14_NYJ_SF,SF,NYJ,17.0,23.0,-6.0,0.45676344910874717,0,False
2016,14,2016_14_SEA_GB,GB,SEA,38.0,10.0,28.0,0.4449559467213752,1,False
2016,14,2016_14_ATL_LA,LA,ATL,14.0,42.0,-28.0,0.43051282836724947,0,False
2016,14,2016_14_NO_TB,TB,NO,16.0,11.0,5.0,0.5951418783184118,1,False
2016,14,2016_14_DAL_NYG,NYG,DAL,10.0,7.0,3.0,0.4303522013553546,1,False
2016,14,2016_14_BAL_NE,NE,BAL,30.0,23.0,7.0,0.734545554660913,1,False
2016,15,2016_15_LA_SEA,SEA,LA,24.0,3.0,21.0,0.7762063930188011,1,False
2016,15,2016_15_MIA_NYJ,NYJ,MIA,13.0,34.0,-21.0,0.49319994814086177,0,False
2016,15,2016_15_PHI_BAL,BAL,PHI,27.0,26.0,1.0,0.6510210880886659,1,False
2016,15,2016_15_CLE_BUF,BUF,CLE,33.0,13.0,20.0,0.8266453598467803,1,False
2016,15,2016_15_GB_CHI,CHI,GB,27.0,30.0,-3.0,0.3563578925397248,0,False
2016,15,2016_15_PIT_CIN,CIN,PIT,20.0,24.0,-4.0,0.5369110514578963,0,False
2016,15,2016_15_JAX_HOU,HOU,JAX,21.0,20.0,1.0,0.7685268661649327,1,False
2016,15,2016_15_TEN_KC,KC,TEN,17.0,19.0,-2.0,0.7826671563435209,0,False
2016,15,2016_15_IND_MIN,MIN,IND,6.0,34.0,-28.0,0.6467117651779968,0,False
2016,15,2016_15_DET_NYG,NYG,DET,17.0,6.0,11.0,0.5577511441926515,1,False
2016,15,2016_15_NO_ARI,ARI,NO,41.0,48.0,-7.0,0.630654140800378,0,False
2016,15,2016_15_SF_ATL,ATL,SF,41.0,13.0,28.0,0.8252887170575056,1,False
2016,15,2016_15_NE_DEN,DEN,NE,3.0,16.0,-13.0,0.44396850254472475,0,False
2016,15,2016_15_OAK_SD,SD,OAK,16.0,19.0,-3.0,0.43461034772563123,0,False
2016,15,2016_15_TB_DAL,DAL,TB,26.0,20.0,6.0,0.6783179834166677,1,False
2016,15,2016_15_CAR_WAS,WAS,CAR,15.0,26.0,-11.0,0.5923706492172262,0,False
2016,16,2016_16_NYG_PHI,PHI,NYG,24.0,19.0,5.0,0.502371266455311,1,False
2016,16,2016_16_MIA_BUF,BUF,MIA,31.0,34.0,-3.0,0.6023059894370716,0,False
2016,16,2016_16_ATL_CAR,CAR,ATL,16.0,33.0,-17.0,0.5782554229359156,0,False
2016,16,2016_16_WAS_CHI,CHI,WAS,21.0,41.0,-20.0,0.38614496799831083,0,False
2016,16,2016_16_SD_CLE,CLE,SD,20.0,17.0,3.0,0.3631162998969754,1,False
2016,16,2016_16_MIN_GB,GB,MIN,38.0,25.0,13.0,0.6543718531980314,1,False
2016,16,2016_16_TEN_JAX,JAX,TEN,38.0,17.0,21.0,0.40974426216548104,1,False
2016,16,2016_16_NYJ_NE,NE,NYJ,41.0,3.0,38.0,0.8460025858637877,1,False
2016,16,2016_16_IND_OAK,OAK,IND,33.0,25.0,8.0,0.700893732460067,1,False
2016,16,2016_16_SF_LA,LA,SF,21.0,22.0,-1.0,0.6967484144610955,0,False
2016,16,2016_16_TB_NO,NO,TB,31.0,24.0,7.0,0.5721406187669554,1,False
2016,16,2016_16_ARI_SEA,SEA,ARI,31.0,34.0,-3.0,0.7009327982353002,0,False
2016,16,2016_16_CIN_HOU,HOU,CIN,12.0,10.0,2.0,0.5496660499539072,1,False
2016,16,2016_16_BAL_PIT,PIT,BAL,31.0,27.0,4.0,0.6426290877617,1,False
2016,16,2016_16_DEN_KC,KC,DEN,33.0,10.0,23.0,0.6521332705232763,1,False
2016,16,2016_16_DET_DAL,DAL,DET,42.0,21.0,21.0,0.7127689081272843,1,False
2016,17,2016_17_BAL_CIN,CIN,BAL,27.0,10.0,17.0,0.5751062073985864,1,False
2016,17,2016_17_JAX_IND,IND,JAX,24.0,20.0,4.0,0.7178070529893018,1,False
2016,17,2016_17_NE_MIA,MIA,NE,14.0,35.0,-21.0,0.3703141584342135,0,False
2016,17,2016_17_CHI_MIN,MIN,CHI,38.0,10.0,28.0,0.7329497285024243,1,False
2016,17,2016_17_BUF_NYJ,NYJ,BUF,30.0,10.0,20.0,0.45780721588377565,1,False
2016,17,2016_17_DAL_PHI,PHI,DAL,27.0,13.0,14.0,0.4113778802267973,1,False
2016,17,2016_17_CLE_PIT,PIT,CLE,27.0,24.0,3.0,0.8714526892837542,1,False
2016,17,2016_17_CAR_TB,TB,CAR,17.0,16.0,1.0,0.5141908263176728,1,False
2016,17,2016_17_HOU_TEN,TEN,HOU,24.0,17.0,7.0,0.47910856664423845,1,False
2016,17,2016_17_NO_ATL,ATL,NO,38.0,32.0,6.0,0.6592030327780027,1,False
2016,17,2016_17_OAK_DEN,DEN,OAK,24.0,6.0,18.0,0.501946511131162,1,False
2016,17,2016_17_ARI_LA,LA,ARI,6.0,44.0,-38.0,0.4215585099260526,0,False
2016,17,2016_17_KC_SD,SD,KC,27.0,37.0,-10.0,0.32432747833042697,0,False
2016,17,2016_17_SEA_SF,SF,SEA,23.0,25.0,-2.0,0.25963546082825334,0,False
2016,17,2016_17_NYG_WAS,WAS,NYG,10.0,19.0,-9.0,0.6200645390478942,0,False
2016,17,2016_17_GB_DET,DET,GB,24.0,31.0,-7.0,0.45382518473675043,0,False
2017,1,2017_01_KC_NE,NE,KC,27.0,42.0,-15.0,0.6386346338094958,0,False
2017,1,2017_01_NYJ_BUF,BUF,NYJ,21.0,12.0,9.0,0.6040026564827458,1,False
2017,1,2017_01_ATL_CHI,CHI,ATL,17.0,23.0,-6.0,0.4057658433157146,0,False
2017,1,2017_01_BAL_CIN,CIN,BAL,0.0,20.0,-20.0,0.6316404410050703,0,False
2017,1,2017_01_PIT_CLE,CLE,PIT,18.0,21.0,-3.0,0.3589786556537657,0,False
2017,1,2017_01_ARI_DET,DET,ARI,35.0,23.0,12.0,0.5623862004774602,1,False
2017,1,2017_01_JAX_HOU,HOU,JAX,7.0,29.0,-22.0,0.6754307667677113,0,False
2017,1,2017_01_OAK_TEN,TEN,OAK,16.0,26.0,-10.0,0.4979052477284627,0,False
2017,1,2017_01_PHI_WAS,WAS,PHI,17.0,30.0,-13.0,0.5871761284357577,0,False
2017,1,2017_01_IND_LA,LA,IND,46.0,9.0,37.0,0.5094372436558869,1,False
2017,1,2017_01_SEA_GB,GB,SEA,17.0,9.0,8.0,0.5990512017073913,1,False
2017,1,2017_01_CAR_SF,SF,CAR,3.0,23.0,-20.0,0.4196276784703094,0,False
2017,1,2017_01_NYG_DAL,DAL,NYG,19.0,3.0,16.0,0.6423557587238511,1,False
2017,1,2017_01_NO_MIN,MIN,NO,29.0,19.0,10.0,0.6076231611657589,1,False
2017,1,2017_01_LAC_DEN,DEN,LAC,24.0,21.0,3.0,0.6427668916327918,1,False
2017,2,2017_02_HOU_CIN,CIN,HOU,9.0,13.0,-4.0,0.6445735647896431,0,False
2017,2,2017_02_CLE_BAL,BAL,CLE,24.0,10.0,14.0,0.7404180337209963,1,False
2017,2,2017_02_BUF_CAR,CAR,BUF,9.0,3.0,6.0,0.6125940773419885,1,False
2017,2,2017_02_ARI_IND,IND,ARI,13.0,16.0,-3.0,0.5432075752656113,0,False
2017,2,2017_02_TEN_JAX,JAX,TEN,16.0,37.0,-21.0,0.5467041570965966,0,False
2017,2,2017_02_PHI_KC,KC,PHI,27.0,20.0,7.0,0.6686758871904295,1,False
2017,2,2017_02_NE_NO,NO,NE,20.0,36.0,-16.0,0.41002663998928557,0,False
2017,2,2017_02_MIN_PIT,PIT,MIN,26.0,9.0,17.0,0.6231316537154975,1,False
2017,2,2017_02_CHI_TB,TB,CHI,29.0,7.0,22.0,0.7014237194484756,1,False
2017,2,2017_02_MIA_LAC,LAC,MIA,17.0,19.0,-2.0,0.5588538822133062,0,False
2017,2,2017_02_NYJ_OAK,OAK,NYJ,45.0,20.0,25.0,0.7008195331668695,1,False
2017,2,2017_02_DAL_DEN,DEN,DAL,42.0,17.0,25.0,0.5559357660215315,1,False
2017,2,2017_02_WAS_LA,LA,WAS,20.0,27.0,-7.0,0.5452676846512355,0,False
2017,2,2017_02_SF_SEA,SEA,SF,12.0,9.0,3.0,0.7585522501034712,1,False
2017,2,2017_02_GB_ATL,ATL,GB,34.0,23.0,11.0,0.5599978923654325,1,False
2017,2,2017_02_DET_NYG,NYG,DET,10.0,24.0,-14.0,0.5537194629117739,0,False
2017,3,2017_03_LA_SF,SF,LA,39.0,41.0,-2.0,0.46980140784288227,0,False
2017,3,2017_03_DEN_BUF,BUF,DEN,26.0,16.0,10.0,0.45661863183402357,1,False
2017,3,2017_03_NO_CAR,CAR,NO,13.0,34.0,-21.0,0.6859445781579402,0,False
2017,3,2017_03_PIT_CHI,CHI,PIT,23.0,17.0,6.0,0.32445826378052395,1,False
2017,3,2017_03_ATL_DET,DET,ATL,26.0,30.0,-4.0,0.5135277989659262,0,False
2017,3,2017_03_CLE_IND,IND,CLE,31.0,28.0,3.0,0.6944551658553534,1,False
2017,3,2017_03_TB_MIN,MIN,TB,34.0,17.0,17.0,0.5741796930033422,1,False
2017,3,2017_03_HOU_NE,NE,HOU,36.0,33.0,3.0,0.7499641171580413,1,False
2017,3,2017_03_MIA_NYJ,NYJ,MIA,20.0,6.0,14.0,0.467918274137545,1,False
2017,3,2017_03_NYG_PHI,PHI,NYG,27.0,24.0,3.0,0.6308370389445077,1,False
2017,3,2017_03_SEA_TEN,TEN,SEA,33.0,27.0,6.0,0.4955508149626841,1,False
2017,3,2017_03_CIN_GB,GB,CIN,27.0,24.0,3.0,0.6513908921755781,1,False
2017,3,2017_03_KC_LAC,LAC,KC,10.0,24.0,-14.0,0.42166999490452683,0,False
2017,3,2017_03_OAK_WAS,WAS,OAK,27.0,10.0,17.0,0.527718313988162,1,False
2017,3,2017_03_BAL_JAX,JAX,BAL,44.0,7.0,37.0,0.367930843485683,1,True
2017,3,2017_03_DAL_ARI,ARI,DAL,17.0,28.0,-11.0,0.5200402386368114,0,False
2017,4,2017_04_CHI_GB,GB,CHI,35.0,14.0,21.0,0.7638187101878636,1,False
2017,4,2017_04_BUF_ATL,ATL,BUF,17.0,23.0,-6.0,0.6756928208458132,0,False
2017,4,2017_04_PIT_BAL,BAL,PIT,9.0,26.0,-17.0,0.47669847018700046,0,False
2017,4,2017_04_CIN_CLE,CLE,CIN,7.0,31.0,-24.0,0.39558508381774116,0,False
2017,4,2017_04_LA_DAL,DAL,LA,30.0,35.0,-5.0,0.6853878522776369,0,False
2017,4,2017_04_TEN_HOU,HOU,TEN,57.0,14.0,43.0,0.5674658332433956,1,False
2017,4,2017_04_DET_MIN,MIN,DET,7.0,14.0,-7.0,0.6178173862877172,0,False
2017,4,2017_04_CAR_NE,NE,CAR,30.0,33.0,-3.0,0.7011341555507737,0,False
2017,4,2017_04_JAX_NYJ,NYJ,JAX,23.0,20.0,3.0,0.5871789236308103,1,False
2017,4,2017_04_SF_ARI,ARI,SF,18.0,15.0,3.0,0.7253877472212634,1,False
2017,4,2017_04_PHI_LAC,LAC,PHI,24.0,26.0,-2.0,0.5274266168444374,0,False
2017,4,2017_04_NYG_TB,TB,NYG,25.0,23.0,2.0,0.6174971764667013,1,False
2017,4,2017_04_OAK_DEN,DEN,OAK,16.0,10.0,6.0,0.6260430705182172,1,False
2017,4,2017_04_IND_SEA,SEA,IND,46.0,18.0,28.0,0.6708530814997364,1,False
2017,4,2017_04_NO_MIA,MIA,NO,0.0,20.0,-20.0,0.5057705394845673,0,True
2017,4,2017_04_WAS_KC,KC,WAS,29.0,20.0,9.0,0.6677833029764704,1,False
2017,5,2017_05_NE_TB,TB,NE,14.0,19.0,-5.0,0.4377618693494273,0,False
2017,5,2017_05_BUF_CIN,CIN,BUF,20.0,16.0,4.0,0.5452395839593083,1,False
2017,5,2017_05_NYJ_CLE,CLE,NYJ,14.0,17.0,-3.0,0.40672969259218655,0,False
2017,5,2017_05_CAR_DET,DET,CAR,24.0,27.0,-3.0,0.568266213981991,0,False
2017,5,2017_05_SF_IND,IND,SF,26.0,23.0,3.0,0.665987988093748,1,False
2017,5,2017_05_TEN_MIA,MIA,TEN,16.0,10.0,6.0,0.6274468799041429,1,False
2017,5,2017_05_LAC_NYG,NYG,LAC,22.0,27.0,-5.0,0.5760332522774984,0,False
2017,5,2017_05_ARI_PHI,PHI,ARI,34.0,7.0,27.0,0.6421140118359436,1,False
2017,5,2017_05_JAX_PIT,PIT,JAX,9.0,30.0,-21.0,0.7191271370621486,0,False
2017,5,2017_05_SEA_LA,LA,SEA,10.0,16.0,-6.0,0.515691185489351,0,False
2017,5,2017_05_BAL_OAK,OAK,BAL,17.0,30.0,-13.0,0.6570963021287063,0,False
2017,5,2017_05_GB_DAL,DAL,GB,31.0,35.0,-4.0,0.5351354802979774,0,False
2017,5,2017_05_KC_HOU,HOU,KC,34.0,42.0,-8.0,0.433093624920562,0,False
2017,5,2017_05_MIN_CHI,CHI,MIN,17.0,20.0,-3.0,0.414112893410154,0,False
2017,6,2017_06_PHI_CAR,CAR,PHI,23.0,28.0,-5.0,0.5780853972786083,0,False
2017,6,2017_06_MIA_ATL,ATL,MIA,17.0,20.0,-3.0,0.6992166213802973,0,False
2017,6,2017_06_CHI_BAL,BAL,CHI,24.0,27.0,-3.0,0.6879242484296993,0,False
2017,6,2017_06_CLE_HOU,HOU,CLE,33.0,17.0,16.0,0.7879571603949006,1,False
2017,6,2017_06_GB_MIN,MIN,GB,23.0,10.0,13.0,0.5195460614049912,1,False
2017,6,2017_06_DET_NO,NO,DET,52.0,38.0,14.0,0.5479427265455281,1,False
2017,6,2017_06_NE_NYJ,NYJ,NE,17.0,24.0,-7.0,0.41149507694948073,0,False
2017,6,2017_06_SF_WAS,WAS,SF,26.0,24.0,2.0,0.7966448296831729,1,False
2017,6,2017_06_TB_ARI,ARI,TB,38.0,33.0,5.0,0.5492568801211629,1,False
2017,6,2017_06_LA_JAX,JAX,LA,17.0,27.0,-10.0,0.5739872332362418,0,False
2017,6,2017_06_PIT_KC,KC,PIT,13.0,19.0,-6.0,0.7025899642886245,0,False
2017,6,2017_06_LAC_OAK,OAK,LAC,16.0,17.0,-1.0,0.6261975149664188,0,False
2017,6,2017_06_NYG_DEN,DEN,NYG,10.0,23.0,-13.0,0.7414932100830043,0,False
2017,6,2017_06_IND_TEN,TEN,IND,36.0,22.0,14.0,0.5876038746174372,1,False
2017,7,2017_07_KC_OAK,OAK,KC,31.0,30.0,1.0,0.4141601736742841,1,False
2017,7,2017_07_TB_BUF,BUF,TB,30.0,27.0,3.0,0.6438130492578065,1,False
2017,7,2017_07_CAR_CHI,CHI,CAR,17.0,3.0,14.0,0.4015384714905242,1,False
2017,7,2017_07_TEN_CLE,CLE,TEN,9.0,12.0,-3.0,0.4080881912107652,0,False
2017,7,2017_07_NO_GB,GB,NO,17.0,26.0,-9.0,0.6421554713913198,0,False
2017,7,2017_07_JAX_IND,IND,JAX,0.0,27.0,-27.0,0.5220713814002826,0,False
2017,7,2017_07_ARI_LA,LA,ARI,33.0,0.0,33.0,0.5029410649563176,1,True
2017,7,2017_07_NYJ_MIA,MIA,NYJ,31.0,28.0,3.0,0.6236234051781625,1,False
2017,7,2017_07_BAL_MIN,MIN,BAL,24.0,16.0,8.0,0.7224383836383957,1,False
2017,7,2017_07_DAL_SF,SF,DAL,10.0,40.0,-30.0,0.34275750531613536,0,False
2017,7,2017_07_DEN_LAC,LAC,DEN,21.0,0.0,21.0,0.48453488282739476,1,False
2017,7,2017_07_SEA_NYG,NYG,SEA,7.0,24.0,-17.0,0.47664387425343396,0,False
2017,7,2017_07_CIN_PIT,PIT,CIN,29.0,14.0,15.0,0.6461902473931106,1,False
2017,7,2017_07_ATL_NE,NE,ATL,23.0,7.0,16.0,0.6585675691075477,1,False
2017,7,2017_07_WAS_PHI,PHI,WAS,34.0,24.0,10.0,0.6318158739529656,1,False
2017,8,2017_08_MIA_BAL,BAL,MIA,40.0,0.0,40.0,0.4948424602975186,1,False
2017,8,2017_08_OAK_BUF,BUF,OAK,34.0,14.0,20.0,0.6186240286405333,1,False
2017,8,2017_08_IND_CIN,CIN,IND,24.0,23.0,1.0,0.7058417565977909,1,False
2017,8,2017_08_LAC_NE,NE,LAC,21.0,13.0,8.0,0.7383371460412661,1,False
2017,8,2017_08_CHI_NO,NO,CHI,20.0,12.0,8.0,0.6941567198425215,1,False
2017,8,2017_08_ATL_NYJ,NYJ,ATL,20.0,25.0,-5.0,0.48481874479092035,0,False
2017,8,2017_08_SF_PHI,PHI,SF,33.0,10.0,23.0,0.8505936709471863,1,False
2017,8,2017_08_CAR_TB,TB,CAR,3.0,17.0,-14.0,0.5358655343378098,0,False
2017,8,2017_08_HOU_SEA,SEA,HOU,41.0,38.0,3.0,0.6277381709400225,1,False
2017,8,2017_08_DAL_WAS,WAS,DAL,19.0,33.0,-14.0,0.5644601462124318,0,False
2017,8,2017_08_PIT_DET,DET,PIT,15.0,20.0,-5.0,0.46377721818658146,0,False
2017,8,2017_08_MIN_CLE,CLE,MIN,16.0,33.0,-17.0,0.18989928952195792,0,True
2017,8,2017_08_DEN_KC,KC,DEN,29.0,19.0,10.0,0.7070988144012301,1,False
2017,9,2017_09_BUF_NYJ,NYJ,BUF,34.0,21.0,13.0,0.46328393733853906,1,False
2017,9,2017_09_ATL_CAR,CAR,ATL,20.0,17.0,3.0,0.5357286209047222,1,False
2017,9,2017_09_IND_HOU,HOU,IND,14.0,20.0,-6.0,0.7353852303240532,0,False
2017,9,2017_09_CIN_JAX,JAX,CIN,23.0,7.0,16.0,0.5490653193596851,1,False
2017,9,2017_09_TB_NO,NO,TB,30.0,10.0,20.0,0.7029426576197697,1,False
2017,9,2017_09_LA_NYG,NYG,LA,17.0,51.0,-34.0,0.5035846926055879,0,False
2017,9,2017_09_DEN_PHI,PHI,DEN,51.0,23.0,28.0,0.7134141529027315,1,False
2017,9,2017_09_BAL_TEN,TEN,BAL,23.0,20.0,3.0,0.5523443706562611,1,False
2017,9,2017_09_WAS_SEA,SEA,WAS,14.0,17.0,-3.0,0.6643782553888333,0,False
2017,9,2017_09_ARI_SF,SF,ARI,10.0,20.0,-10.0,0.43571020333924426,0,False
2017,9,2017_09_KC_DAL,DAL,KC,28.0,17.0,11.0,0.46866627188990756,1,False
2017,9,2017_09_OAK_MIA,MIA,OAK,24.0,27.0,-3.0,0.583222844851413,0,False
2017,9,2017_09_DET_GB,GB,DET,17.0,30.0,-13.0,0.6751736004910669,0,False
2017,10,2017_10_SEA_ARI,ARI,SEA,16.0,22.0,-6.0,0.4483232954378818,0,False
2017,10,2017_10_NO_BUF,BUF,NO,10.0,47.0,-37.0,0.5290481670536048,0,False
2017,10,2017_10_GB_CHI,CHI,GB,16.0,23.0,-7.0,0.4404654475990459,0,False
2017,10,2017_10_CLE_DET,DET,CLE,38.0,24.0,14.0,0.7919771047178711,1,False
2017,10,2017_10_PIT_IND,IND,PIT,17.0,20.0,-3.0,0.3462927993775582,0,False
2017,10,2017_10_LAC_JAX,JAX,LAC,20.0,17.0,3.0,0.5720499074960377,1,False
2017,10,2017_10_NYJ_TB,TB,NYJ,15.0,10.0,5.0,0.5028968721851313,1,False
2017,10,2017_10_CIN_TEN,TEN,CIN,24.0,20.0,4.0,0.6141127853225502,1,False
2017,10,2017_10_MIN_WAS,WAS,MIN,30.0,38.0,-8.0,0.500821876162894,0,False
2017,10,2017_10_HOU_LA,LA,HOU,33.0,7.0,26.0,0.6261083677564653,1,False
2017,10,2017_10_DAL_ATL,ATL,DAL,27.0,7.0,20.0,0.5346974014272035,1,False
2017,10,2017_10_NYG_SF,SF,NYG,31.0,21.0,10.0,0.42354906029835915,1,False
2017,10,2017_10_NE_DEN,DEN,NE,16.0,41.0,-25.0,0.3499570920772875,0,False
2017,10,2017_10_MIA_CAR,CAR,MIA,45.0,21.0,24.0,0.6733220220524295,1,False
2017,11,2017_11_TEN_PIT,PIT,TEN,40.0,17.0,23.0,0.7112335711181329,1,False
2017,11,2017_11_DET_CHI,CHI,DET,24.0,27.0,-3.0,0.47870936353296106,0,False
2017,11,2017_11_JAX_CLE,CLE,JAX,7.0,19.0,-12.0,0.3148552393562867,0,False
2017,11,2017_11_BAL_GB,GB,BAL,0.0,23.0,-23.0,0.6769522792132644,0,False
2017,11,2017_11_ARI_HOU,HOU,ARI,31.0,21.0,10.0,0.6239316382475637,1,False
2017,11,2017_11_TB_MIA,MIA,TB,20.0,30.0,-10.0,0.5670016520757764,0,False
2017,11,2017_11_LA_MIN,MIN,LA,24.0,7.0,17.0,0.6339149510622255,1,False
2017,11,2017_11_WAS_NO,NO,WAS,34.0,31.0,3.0,0.6699163708545165,1,False
2017,11,2017_11_KC_NYG,NYG,KC,12.0,9.0,3.0,0.34376226364632156,1,False
2017,11,2017_11_BUF_LAC,LAC,BUF,54.0,24.0,30.0,0.5694004199694468,1,False
2017,11,2017_11_CIN_DEN,DEN,CIN,17.0,20.0,-3.0,0.6322747272333292,0,False
2017,11,2017_11_NE_OAK,OAK,NE,8.0,33.0,-25.0,0.26861174664489806,0,True
2017,11,2017_11_PHI_DAL,DAL,PHI,9.0,37.0,-28.0,0.473059553933627,0,False
2017,11,2017_11_ATL_SEA,SEA,ATL,31.0,34.0,-3.0,0.5802858777177351,0,False
2017,12,2017_12_MIN_DET,DET,MIN,23.0,30.0,-7.0,0.44706047986913083,0,False
2017,12,2017_12_LAC_DAL,DAL,LAC,6.0,28.0,-22.0,0.5946462647552407,0,False
2017,12,2017_12_NYG_WAS,WAS,NYG,20.0,10.0,10.0,0.671321290478337,1,False
2017,12,2017_12_TB_ATL,ATL,TB,34.0,20.0,14.0,0.7346474714664548,1,False
2017,12,2017_12_CLE_CIN,CIN,CLE,30.0,16.0,14.0,0.7743300630877422,1,False
2017,12,2017_12_TEN_IND,IND,TEN,16.0,20.0,-4.0,0.49568446033067154,0,False
2017,12,2017_12_BUF_KC,KC,BUF,10.0,16.0,-6.0,0.718245850121536,0,False
2017,12,2017_12_MIA_NE,NE,MIA,35.0,17.0,18.0,0.8453493487123911,1,False
2017,12,2017_12_CAR_NYJ,NYJ,CAR,27.0,35.0,-8.0,0.48586318842848975,0,False
2017,12,2017_12_CHI_PHI,PHI,CHI,31.0,3.0,28.0,0.8273716274413383,1,False
2017,12,2017_12_SEA_SF,SF,SEA,13.0,24.0,-11.0,0.3345402156434788,0,False
2017,12,2017_12_JAX_ARI,ARI,JAX,27.0,24.0,3.0,0.4674857451477531,1,False
2017,12,2017_12_NO_LA,LA,NO,26.0,20.0,6.0,0.521274249748674,1,False
2017,12,2017_12_DEN_OAK,OAK,DEN,21.0,14.0,7.0,0.6058359174900021,1,False
2017,12,2017_12_GB_PIT,PIT,GB,31.0,28.0,3.0,0.6928299416509388,1,False
2017,12,2017_12_HOU_BAL,BAL,HOU,23.0,16.0,7.0,0.5830472528540716,1,False
2017,13,2017_13_WAS_DAL,DAL,WAS,38.0,14.0,24.0,0.6029203412382598,1,False
2017,13,2017_13_MIN_ATL,ATL,MIN,9.0,14.0,-5.0,0.556611518029404,0,False
2017,13,2017_13_DET_BAL,BAL,DET,44.0,20.0,24.0,0.5949430148566254,1,False
2017,13,2017_13_NE_BUF,BUF,NE,3.0,23.0,-20.0,0.3315535346583097,0,False
2017,13,2017_13_SF_CHI,CHI,SF,14.0,15.0,-1.0,0.6493412535264149,0,False
2017,13,2017_13_TB_GB,GB,TB,26.0,20.0,6.0,0.6951162518158757,1,False
2017,13,2017_13_IND_JAX,JAX,IND,30.0,10.0,20.0,0.7169395682227805,1,False
2017,13,2017_13_DEN_MIA,MIA,DEN,35.0,9.0,26.0,0.5493944808536065,1,False
2017,13,2017_13_KC_NYJ,NYJ,KC,38.0,31.0,7.0,0.457391226134043,1,False
2017,13,2017_13_HOU_TEN,TEN,HOU,24.0,13.0,11.0,0.6007925813364609,1,False
2017,13,2017_13_CLE_LAC,LAC,CLE,19.0,10.0,9.0,0.857608446765518,1,False
2017,13,2017_13_LA_ARI,ARI,LA,16.0,32.0,-16.0,0.437004090710115,0,False
2017,13,2017_13_CAR_NO,NO,CAR,31.0,21.0,10.0,0.5957201119486464,1,False
2017,13,2017_13_NYG_OAK,OAK,NYG,24.0,17.0,7.0,0.6960096045073119,1,False
2017,13,2017_13_PHI_SEA,SEA,PHI,24.0,10.0,14.0,0.4685580944672778,1,False
2017,13,2017_13_PIT_CIN,CIN,PIT,20.0,23.0,-3.0,0.3824199995511473,0,False
2017,14,2017_14_NO_ATL,ATL,NO,20.0,17.0,3.0,0.5981381284591673,1,False
2017,14,2017_14_IND_BUF,BUF,IND,13.0,7.0,6.0,0.7261211999867936,1,False
2017,14,2017_14_MIN_CAR,CAR,MIN,31.0,24.0,7.0,0.4609202734697073,1,False
2017,14,2017_14_CHI_CIN,CIN,CHI,7.0,33.0,-26.0,0.684449215713086,0,False
2017,14,2017_14_GB_CLE,CLE,GB,21.0,27.0,-6.0,0.25307403306327786,0,False
2017,14,2017_14_SF_HOU,HOU,SF,16.0,26.0,-10.0,0.6918806648449168,0,False
2017,14,2017_14_OAK_KC,KC,OAK,26.0,15.0,11.0,0.6215173130443727,1,False
2017,14,2017_14_DAL_NYG,NYG,DAL,10.0,30.0,-20.0,0.376768088396054,0,False
2017,14,2017_14_DET_TB,TB,DET,21.0,24.0,-3.0,0.5300023163135698,0,False
2017,14,2017_14_TEN_ARI,ARI,TEN,12.0,7.0,5.0,0.5029165834136964,1,False
2017,14,2017_14_NYJ_DEN,DEN,NYJ,23.0,0.0,23.0,0.473581918589081,1,False
2017,14,2017_14_WAS_LAC,LAC,WAS,30.0,13.0,17.0,0.6716860914661733,1,False
2017,14,2017_14_SEA_JAX,JAX,SEA,30.0,24.0,6.0,0.4878112919873332,1,False
2017,14,2017_14_PHI_LA,LA,PHI,35.0,43.0,-8.0,0.5223903884844177,0,False
2017,14,2017_14_BAL_PIT,PIT,BAL,39.0,38.0,1.0,0.7022789262301687,1,False
2017,14,2017_14_NE_MIA,MIA,NE,27.0,20.0,7.0,0.29139408768495395,1,False
2017,15,2017_15_DEN_IND,IND,DEN,13.0,25.0,-12.0,0.4638838013138257,0,False
2017,15,2017_15_CHI_DET,DET,CHI,20.0,10.0,10.0,0.6888179829984232,1,False
2017,15,2017_15_LAC_KC,KC,LAC,30.0,13.0,17.0,0.5778179000848376,1,False
2017,15,2017_15_MIA_BUF,BUF,MIA,24.0,16.0,8.0,0.596923297414462,1,False
2017,15,2017_15_GB_CAR,CAR,GB,31.0,24.0,7.0,0.6188631673443634,1,False
2017,15,2017_15_BAL_CLE,CLE,BAL,10.0,27.0,-17.0,0.2533697721871603,0,False
2017,15,2017_15_HOU_JAX,JAX,HOU,45.0,7.0,38.0,0.7236983450021823,1,False
2017,15,2017_15_CIN_MIN,MIN,CIN,34.0,7.0,27.0,0.7619898823782576,1,False
2017,15,2017_15_NYJ_NO,NO,NYJ,31.0,19.0,12.0,0.7338052072327614,1,False
2017,15,2017_15_PHI_NYG,NYG,PHI,29.0,34.0,-5.0,0.30167843214294077,0,False
2017,15,2017_15_ARI_WAS,WAS,ARI,20.0,15.0,5.0,0.5972351710205038,1,False
2017,15,2017_15_LA_SEA,SEA,LA,7.0,42.0,-35.0,0.6121122544752563,0,False
2017,15,2017_15_NE_PIT,PIT,NE,24.0,27.0,-3.0,0.5776199059056704,0,False
2017,15,2017_15_TEN_SF,SF,TEN,25.0,23.0,2.0,0.45012281404676185,1,False
2017,15,2017_15_DAL_OAK,OAK,DAL,17.0,20.0,-3.0,0.4938608632047627,0,False
2017,15,2017_15_ATL_TB,TB,ATL,21.0,24.0,-3.0,0.3464081723412429,0,False
2017,16,2017_16_IND_BAL,BAL,IND,23.0,16.0,7.0,0.801328767370478,1,False
2017,16,2017_16_MIN_GB,GB,MIN,0.0,16.0,-16.0,0.45576613509467634,0,False
2017,16,2017_16_TB_CAR,CAR,TB,22.0,19.0,3.0,0.7829159910102742,1,False
2017,16,2017_16_CLE_CHI,CHI,CLE,20.0,3.0,17.0,0.7312721858218059,1,False
2017,16,2017_16_DET_CIN,CIN,DET,26.0,17.0,9.0,0.5091230716997388,1,False
2017,16,2017_16_MIA_KC,KC,MIA,29.0,13.0,16.0,0.743251886189992,1,False
2017,16,2017_16_BUF_NE,NE,BUF,37.0,16.0,21.0,0.753480643034557,1,False
2017,16,2017_16_ATL_NO,NO,ATL,23.0,13.0,10.0,0.5672171812433896,1,False
2017,16,2017_16_LAC_NYJ,NYJ,LAC,7.0,14.0,-7.0,0.44835704846493707,0,False
2017,16,2017_16_LA_TEN,TEN,LA,23.0,27.0,-4.0,0.45957891617405855,0,False
2017,16,2017_16_DEN_WAS,WAS,DEN,27.0,11.0,16.0,0.6232608663506713,1,False
2017,16,2017_16_JAX_SF,SF,JAX,44.0,33.0,11.0,0.3524996743847839,1,False
2017,16,2017_16_NYG_ARI,ARI,NYG,23.0,0.0,23.0,0.6522873119086309,1,False
2017,16,2017_16_SEA_DAL,DAL,SEA,12.0,21.0,-9.0,0.604534498163201,0,False
2017,16,2017_16_PIT_HOU,HOU,PIT,6.0,34.0,-28.0,0.3047072414394613,0,False
2017,16,2017_16_OAK_PHI,PHI,OAK,19.0,10.0,9.0,0.7526586806509277,1,False
2017,17,2017_17_GB_DET,DET,GB,35.0,11.0,24.0,0.5293190954727401,1,False
2017,17,2017_17_HOU_IND,IND,HOU,22.0,13.0,9.0,0.505119647615812,1,False
2017,17,2017_17_CHI_MIN,MIN,CHI,23.0,10.0,13.0,0.8322010975556287,1,False
2017,17,2017_17_NYJ_NE,NE,NYJ,26.0,6.0,20.0,0.8453431055985018,1,False
2017,17,2017_17_WAS_NYG,NYG,WAS,18.0,10.0,8.0,0.39840754061017597,1,False
2017,17,2017_17_DAL_PHI,PHI,DAL,0.0,6.0,-6.0,0.684389338374911,0,False
2017,17,2017_17_CLE_PIT,PIT,CLE,28.0,24.0,4.0,0.9223006826508837,1,False
2017,17,2017_17_CAR_ATL,ATL,CAR,22.0,10.0,12.0,0.5805337988478233,1,False
2017,17,2017_17_CIN_BAL,BAL,CIN,27.0,31.0,-4.0,0.6972808544993274,0,False
2017,17,2017_17_KC_DEN,DEN,KC,24.0,27.0,-3.0,0.3474449709014735,0,False
2017,17,2017_17_SF_LA,LA,SF,13.0,34.0,-21.0,0.7535821193677514,0,False
2017,17,2017_17_OAK_LAC,LAC,OAK,30.0,10.0,20.0,0.6877564974273879,1,False
2017,17,2017_17_BUF_MIA,MIA,BUF,16.0,22.0,-6.0,0.5275584527131728,0,False
2017,17,2017_17_ARI_SEA,SEA,ARI,24.0,26.0,-2.0,0.7155566816160771,0,False
2017,17,2017_17_NO_TB,TB,NO,31.0,24.0,7.0,0.3186768227153505,1,False
2017,17,2017_17_JAX_TEN,TEN,JAX,15.0,10.0,5.0,0.4985339263104685,1,False
2018,1,2018_01_ATL_PHI,PHI,ATL,18.0,12.0,6.0,0.6070901275621793,1,False
2018,1,2018_01_BUF_BAL,BAL,BUF,47.0,3.0,44.0,0.6206196577425287,1,False
2018,1,2018_01_PIT_CLE,CLE,PIT,21.0,21.0,0.0,0.2877056712215851,0,False
2018,1,2018_01_CIN_IND,IND,CIN,23.0,34.0,-11.0,0.50831469263378,0,False
2018,1,2018_01_TEN_MIA,MIA,TEN,27.0,20.0,7.0,0.5618771682446366,1,False
2018,1,2018_01_SF_MIN,MIN,SF,24.0,16.0,8.0,0.7349912626564062,1,False
2018,1,2018_01_HOU_NE,NE,HOU,27.0,20.0,7.0,0.8002448757043256,1,False
2018,1,2018_01_TB_NO,NO,TB,40.0,48.0,-8.0,0.6933558113581111,0,False
2018,1,2018_01_JAX_NYG,NYG,JAX,15.0,20.0,-5.0,0.5063949749807727,0,False
2018,1,2018_01_KC_LAC,LAC,KC,28.0,38.0,-10.0,0.5565432849463017,0,False
2018,1,2018_01_WAS_ARI,ARI,WAS,6.0,24.0,-18.0,0.5953633049306272,0,False
2018,1,2018_01_DAL_CAR,CAR,DAL,16.0,8.0,8.0,0.5844895172334249,1,False
2018,1,2018_01_SEA_DEN,DEN,SEA,27.0,24.0,3.0,0.4842776831407125,1,False
2018,1,2018_01_CHI_GB,GB,CHI,24.0,23.0,1.0,0.6582891520102847,1,False
2018,1,2018_01_NYJ_DET,DET,NYJ,17.0,48.0,-31.0,0.6604852756033763,0,False
2018,1,2018_01_LA_OAK,OAK,LA,13.0,33.0,-20.0,0.5037013820469267,0,False
2018,2,2018_02_BAL_CIN,CIN,BAL,34.0,23.0,11.0,0.4967373279386308,1,False
2018,2,2018_02_CAR_ATL,ATL,CAR,31.0,24.0,7.0,0.5719738349315276,1,False
2018,2,2018_02_LAC_BUF,BUF,LAC,20.0,31.0,-11.0,0.49571129730539,0,False
2018,2,2018_02_MIN_GB,GB,MIN,29.0,29.0,0.0,0.44889150071412337,0,False
2018,2,2018_02_CLE_NO,NO,CLE,21.0,18.0,3.0,0.8081948703957386,1,False
2018,2,2018_02_MIA_NYJ,NYJ,MIA,12.0,20.0,-8.0,0.5528948163152709,0,False
2018,2,2018_02_KC_PIT,PIT,KC,37.0,42.0,-5.0,0.601309919312446,0,False
2018,2,2018_02_PHI_TB,TB,PHI,27.0,21.0,6.0,0.42966195243168165,1,False
2018,2,2018_02_HOU_TEN,TEN,HOU,20.0,17.0,3.0,0.656834010538003,1,False
2018,2,2018_02_IND_WAS,WAS,IND,9.0,21.0,-12.0,0.6874807231552201,0,False
2018,2,2018_02_ARI_LA,LA,ARI,34.0,0.0,34.0,0.6687050691822451,1,False
2018,2,2018_02_DET_SF,SF,DET,30.0,27.0,3.0,0.5300790370507581,1,False
2018,2,2018_02_OAK_DEN,DEN,OAK,20.0,19.0,1.0,0.6078505956169817,1,False
2018,2,2018_02_NE_JAX,JAX,NE,31.0,20.0,11.0,0.4389517939730434,1,False
2018,2,2018_02_NYG_DAL,DAL,NYG,20.0,13.0,7.0,0.6998470961728088,1,False
2018,2,2018_02_SEA_CHI,CHI,SEA,24.0,17.0,7.0,0.4721796594414468,1,False
2018,3,2018_03_NYJ_CLE,CLE,NYJ,21.0,17.0,4.0,0.43454011883951676,1,False
2018,3,2018_03_NO_ATL,ATL,NO,37.0,43.0,-6.0,0.6227542725090374,0,False
2018,3,2018_03_DEN_BAL,BAL,DEN,27.0,14.0,13.0,0.6542395662791431,1,False
2018,3,2018_03_CIN_CAR,CAR,CIN,31.0,21.0,10.0,0.6123179838297292,1,False
2018,3,2018_03_NYG_HOU,HOU,NYG,22.0,27.0,-5.0,0.5734930401766403,0,False
2018,3,2018_03_TEN_JAX,JAX,TEN,6.0,9.0,-3.0,0.6768560796454529,0,False
2018,3,2018_03_SF_KC,KC,SF,38.0,27.0,11.0,0.7347075326806051,1,False
2018,3,2018_03_OAK_MIA,MIA,OAK,28.0,20.0,8.0,0.6451502442974547,1,False
2018,3,2018_03_BUF_MIN,MIN,BUF,6.0,27.0,-21.0,0.7613866970067517,0,False
2018,3,2018_03_IND_PHI,PHI,IND,20.0,16.0,4.0,0.7597723725874208,1,False
2018,3,2018_03_GB_WAS,WAS,GB,31.0,17.0,14.0,0.5870614694774464,1,False
2018,3,2018_03_LAC_LA,LA,LAC,35.0,23.0,12.0,0.6286887315666294,1,False
2018,3,2018_03_CHI_ARI,ARI,CHI,14.0,16.0,-2.0,0.5825499408143151,0,False
2018,3,2018_03_DAL_SEA,SEA,DAL,24.0,13.0,11.0,0.529393700286632,1,False
2018,3,2018_03_NE_DET,DET,NE,26.0,10.0,16.0,0.4474251588656225,1,False
2018,3,2018_03_PIT_TB,TB,PIT,27.0,30.0,-3.0,0.49536268029430885,0,False
2018,4,2018_04_MIN_LA,LA,MIN,38.0,31.0,7.0,0.595679866927913,1,False
2018,4,2018_04_CIN_ATL,ATL,CIN,36.0,37.0,-1.0,0.6709651774452331,0,False
2018,4,2018_04_TB_CHI,CHI,TB,48.0,10.0,38.0,0.5456792299042117,1,False
2018,4,2018_04_DET_DAL,DAL,DET,26.0,24.0,2.0,0.5742727713289986,1,False
2018,4,2018_04_BUF_GB,GB,BUF,22.0,0.0,22.0,0.5768394530392912,1,False
2018,4,2018_04_HOU_IND,IND,HOU,34.0,37.0,-3.0,0.6180272728964867,0,False
2018,4,2018_04_NYJ_JAX,JAX,NYJ,31.0,12.0,19.0,0.7215958908527316,1,False
2018,4,2018_04_MIA_NE,NE,MIA,38.0,7.0,31.0,0.6312056305999135,1,False
2018,4,2018_04_PHI_TEN,TEN,PHI,26.0,23.0,3.0,0.46915561531468525,1,False
2018,4,2018_04_SEA_ARI,ARI,SEA,17.0,20.0,-3.0,0.4880863458649214,0,False
2018,4,2018_04_CLE_OAK,OAK,CLE,45.0,42.0,3.0,0.6865869688474003,1,False
2018,4,2018_04_SF_LAC,LAC,SF,29.0,27.0,2.0,0.6787225430269269,1,False
2018,4,2018_04_NO_NYG,NYG,NO,18.0,33.0,-15.0,0.41806703700468656,0,False
2018,4,2018_04_BAL_PIT,PIT,BAL,14.0,26.0,-12.0,0.6300983191959759,0,False
2018,4,2018_04_KC_DEN,DEN,KC,23.0,27.0,-4.0,0.3980107562059602,0,False
2018,5,2018_05_IND_NE,NE,IND,38.0,24.0,14.0,0.7879316385768894,1,False
2018,5,2018_05_TEN_BUF,BUF,TEN,13.0,12.0,1.0,0.498176466897697,1,False
2018,5,2018_05_NYG_CAR,CAR,NYG,33.0,31.0,2.0,0.7600288885231615,1,False
2018,5,2018_05_MIA_CIN,CIN,MIA,27.0,17.0,10.0,0.6239361786346638,1,False
2018,5,2018_05_BAL_CLE,CLE,BAL,12.0,9.0,3.0,0.31314871900120256,1,False
2018,5,2018_05_GB_DET,DET,GB,31.0,23.0,8.0,0.6120003532611233,1,False
2018,5,2018_05_JAX_KC,KC,JAX,30.0,14.0,16.0,0.6544699975935299,1,False
2018,5,2018_05_DEN_NYJ,NYJ,DEN,34.0,16.0,18.0,0.5322616715971441,1,False
2018,5,2018_05_ATL_PIT,PIT,ATL,41.0,17.0,24.0,0.6212780725924217,1,False
2018,5,2018_05_OAK_LAC,LAC,OAK,26.0,10.0,16.0,0.6930580190082979,1,False
2018,5,2018_05_MIN_PHI,PHI,MIN,21.0,23.0,-2.0,0.5766417870062435,0,False
2018,5,2018_05_LA_SEA,SEA,LA,31.0,33.0,-2.0,0.4679920063316728,0,False
2018,5,2018_05_ARI_SF,SF,ARI,18.0,28.0,-10.0,0.5974716779783086,0,False
2018,5,2018_05_DAL_HOU,HOU,DAL,19.0,16.0,3.0,0.43766298680309945,1,False
2018,5,2018_05_WAS_NO,NO,WAS,43.0,19.0,24.0,0.651031627158645,1,False
2018,6,2018_06_PHI_NYG,NYG,PHI,13.0,34.0,-21.0,0.40454792206756246,0,False
2018,6,2018_06_TB_ATL,ATL,TB,34.0,29.0,5.0,0.6741264463300716,1,False
2018,6,2018_06_PIT_CIN,CIN,PIT,21.0,28.0,-7.0,0.4914613453620018,0,False
2018,6,2018_06_LAC_CLE,CLE,LAC,14.0,38.0,-24.0,0.35681526410712855,0,False
2018,6,2018_06_BUF_HOU,HOU,BUF,20.0,13.0,7.0,0.5643007808440946,1,False
2018,6,2018_06_CHI_MIA,MIA,CHI,31.0,28.0,3.0,0.5297032254681003,1,False
2018,6,2018_06_ARI_MIN,MIN,ARI,27.0,17.0,10.0,0.751512450200802,1,False
2018,6,2018_06_IND_NYJ,NYJ,IND,42.0,34.0,8.0,0.6576958101275953,1,False
2018,6,2018_06_SEA_OAK,OAK,SEA,3.0,27.0,-24.0,0.3721147487700696,0,True
2018,6,2018_06_CAR_WAS,WAS,CAR,23.0,17.0,6.0,0.4760989956697667,1,False
2018,6,2018_06_LA_DEN,DEN,LA,20.0,23.0,-3.0,0.32240845427049275,0,False
2018,6,2018_06_JAX_DAL,DAL,JAX,40.0,7.0,33.0,0.5467513261400282,1,False
2018,6,2018_06_BAL_TEN,TEN,BAL,0.0,21.0,-21.0,0.5390900348216969,0,False
2018,6,2018_06_KC_NE,NE,KC,43.0,40.0,3.0,0.5429463864168772,1,False
2018,6,2018_06_SF_GB,GB,SF,33.0,30.0,3.0,0.6411092695769547,1,False
2018,7,2018_07_DEN_ARI,ARI,DEN,10.0,45.0,-35.0,0.6107541442498594,0,False
2018,7,2018_07_NE_CHI,CHI,NE,31.0,38.0,-7.0,0.42899438214216645,0,False
2018,7,2018_07_BUF_IND,IND,BUF,37.0,5.0,32.0,0.5277332361777763,1,False
2018,7,2018_07_HOU_JAX,JAX,HOU,7.0,20.0,-13.0,0.6488395845920049,0,False
2018,7,2018_07_DET_MIA,MIA,DET,21.0,32.0,-11.0,0.5213860857087101,0,False
2018,7,2018_07_MIN_NYJ,NYJ,MIN,17.0,37.0,-20.0,0.4166454918266327,0,False
2018,7,2018_07_CAR_PHI,PHI,CAR,17.0,21.0,-4.0,0.6102570438025088,0,False
2018,7,2018_07_CLE_TB,TB,CLE,26.0,23.0,3.0,0.6819913469106926,1,False
2018,7,2018_07_NO_BAL,BAL,NO,23.0,24.0,-1.0,0.533515292658581,0,False
2018,7,2018_07_LA_SF,SF,LA,10.0,39.0,-29.0,0.321189251417771,0,False
2018,7,2018_07_DAL_WAS,WAS,DAL,20.0,17.0,3.0,0.5522712546534192,1,False
2018,7,2018_07_CIN_KC,KC,CIN,45.0,10.0,35.0,0.7036494631483624,1,False
2018,7,2018_07_TEN_LAC,LAC,TEN,20.0,19.0,1.0,0.5852147999350045,1,True
2018,7,2018_07_NYG_ATL,ATL,NYG,23.0,20.0,3.0,0.7444773011211445,1,False
2018,8,2018_08_MIA_HOU,HOU,MIA,42.0,23.0,19.0,0.5721351354638715,1,False
2018,8,2018_08_BAL_CAR,CAR,BAL,36.0,21.0,15.0,0.6104290403328495,1,False
2018,8,2018_08_NYJ_CHI,CHI,NYJ,24.0,10.0,14.0,0.6267894532125696,1,False
2018,8,2018_08_TB_CIN,CIN,TB,37.0,34.0,3.0,0.6508755424555155,1,False
2018,8,2018_08_SEA_DET,DET,SEA,14.0,28.0,-14.0,0.6068430902839758,0,False
2018,8,2018_08_DEN_KC,KC,DEN,30.0,23.0,7.0,0.8291627394808834,1,False
2018,8,2018_08_WAS_NYG,NYG,WAS,13.0,20.0,-7.0,0.421989508429349,0,False
2018,8,2018_08_CLE_PIT,PIT,CLE,33.0,18.0,15.0,0.8529193344044451,1,False
2018,8,2018_08_IND_OAK,OAK,IND,28.0,42.0,-14.0,0.5961231955969857,0,False
2018,8,2018_08_SF_ARI,ARI,SF,18.0,15.0,3.0,0.5977814405292888,1,False
2018,8,2018_08_GB_LA,LA,GB,29.0,27.0,2.0,0.7627311514998644,1,False
2018,8,2018_08_NO_MIN,MIN,NO,20.0,30.0,-10.0,0.5987962350967962,0,False
2018,8,2018_08_PHI_JAX,JAX,PHI,18.0,24.0,-6.0,0.41069512387584095,0,True
2018,8,2018_08_NE_BUF,BUF,NE,6.0,25.0,-19.0,0.2852735970364544,0,False
2018,9,2018_09_OAK_SF,SF,OAK,34.0,3.0,31.0,0.580581379946021,1,False
2018,9,2018_09_PIT_BAL,BAL,PIT,16.0,23.0,-7.0,0.4392783800057487,0,False
2018,9,2018_09_CHI_BUF,BUF,CHI,9.0,41.0,-32.0,0.40968450984911164,0,False
2018,9,2018_09_TB_CAR,CAR,TB,42.0,28.0,14.0,0.7562415703785544,1,False
2018,9,2018_09_KC_CLE,CLE,KC,21.0,37.0,-16.0,0.21606574824747513,0,False
2018,9,2018_09_NYJ_MIA,MIA,NYJ,13.0,6.0,7.0,0.5990275021534771,1,False
2018,9,2018_09_DET_MIN,MIN,DET,24.0,9.0,15.0,0.6715025746466452,1,False
2018,9,2018_09_ATL_WAS,WAS,ATL,14.0,38.0,-24.0,0.5725653728661761,0,False
2018,9,2018_09_HOU_DEN,DEN,HOU,17.0,19.0,-2.0,0.49012466511562935,0,False
2018,9,2018_09_LAC_SEA,SEA,LAC,17.0,25.0,-8.0,0.5565591225778932,0,False
2018,9,2018_09_LA_NO,NO,LA,45.0,35.0,10.0,0.5457332781589532,1,False
2018,9,2018_09_GB_NE,NE,GB,31.0,17.0,14.0,0.7591603365993635,1,False
2018,9,2018_09_TEN_DAL,DAL,TEN,14.0,28.0,-14.0,0.6424487709899311,0,False
2018,10,2018_10_CAR_PIT,PIT,CAR,52.0,21.0,31.0,0.6329339455011374,1,False
2018,10,2018_10_DET_CHI,CHI,DET,34.0,22.0,12.0,0.6072730308006278,1,False
2018,10,2018_10_NO_CIN,CIN,NO,14.0,51.0,-37.0,0.43213473201253777,0,False
2018,10,2018_10_ATL_CLE,CLE,ATL,28.0,16.0,12.0,0.32019661981019865,1,False
2018,10,2018_10_JAX_IND,IND,JAX,29.0,26.0,3.0,0.5203218802366355,1,False
2018,10,2018_10_ARI_KC,KC,ARI,26.0,14.0,12.0,0.827723930549611,1,False
2018,10,2018_10_BUF_NYJ,NYJ,BUF,10.0,41.0,-31.0,0.6433183722632713,0,False
2018,10,2018_10_WAS_TB,TB,WAS,3.0,16.0,-13.0,0.4564588458718544,0,False
2018,10,2018_10_NE_TEN,TEN,NE,34.0,10.0,24.0,0.4000532532375861,1,False
2018,10,2018_10_LAC_OAK,OAK,LAC,6.0,20.0,-14.0,0.33709687573005215,0,False
2018,10,2018_10_MIA_GB,GB,MIA,31.0,12.0,19.0,0.5931957298434146,1,False
2018,10,2018_10_SEA_LA,LA,SEA,36.0,31.0,5.0,0.6944148600528007,1,False
2018,10,2018_10_DAL_PHI,PHI,DAL,20.0,27.0,-7.0,0.6434029774768649,0,False
2018,10,2018_10_NYG_SF,SF,NYG,23.0,27.0,-4.0,0.6506568043152647,0,False
2018,11,2018_11_GB_SEA,SEA,GB,27.0,24.0,3.0,0.6188229444374375,1,False
2018,11,2018_11_DAL_ATL,ATL,DAL,19.0,22.0,-3.0,0.5707846192601049,0,False
2018,11,2018_11_CIN_BAL,BAL,CIN,24.0,21.0,3.0,0.5903359262677896,1,False
2018,11,2018_11_CAR_DET,DET,CAR,20.0,19.0,1.0,0.47875599762839455,1,False
2018,11,2018_11_TEN_IND,IND,TEN,38.0,10.0,28.0,0.45449301445290874,1,False
2018,11,2018_11_PIT_JAX,JAX,PIT,16.0,20.0,-4.0,0.3276760812368189,0,False
2018,11,2018_11_TB_NYG,NYG,TB,38.0,35.0,3.0,0.5732939421575867,1,False
2018,11,2018_11_HOU_WAS,WAS,HOU,21.0,23.0,-2.0,0.6362299002868312,0,False
2018,11,2018_11_OAK_ARI,ARI,OAK,21.0,23.0,-2.0,0.6606944258296487,0,False
2018,11,2018_11_DEN_LAC,LAC,DEN,22.0,23.0,-1.0,0.7791611100773521,0,False
2018,11,2018_11_PHI_NO,NO,PHI,48.0,7.0,41.0,0.7006269431690796,1,False
2018,11,2018_11_MIN_CHI,CHI,MIN,25.0,20.0,5.0,0.49476798943365063,1,False
2018,11,2018_11_KC_LA,LA,KC,54.0,51.0,3.0,0.5337123018816164,1,False
2018,12,2018_12_CHI_DET,DET,CHI,16.0,23.0,-7.0,0.48779933560163563,0,False
2018,12,2018_12_WAS_DAL,DAL,WAS,31.0,23.0,8.0,0.6059757569159187,1,False
2018,12,2018_12_ATL_NO,NO,ATL,31.0,17.0,14.0,0.7794121409885126,1,False
2018,12,2018_12_OAK_BAL,BAL,OAK,34.0,17.0,17.0,0.7572643734506721,1,False
2018,12,2018_12_JAX_BUF,BUF,JAX,24.0,21.0,3.0,0.4890866445436827,1,False
2018,12,2018_12_SEA_CAR,CAR,SEA,27.0,30.0,-3.0,0.6289888625446807,0,False
2018,12,2018_12_CLE_CIN,CIN,CLE,20.0,35.0,-15.0,0.7156864788539228,0,False
2018,12,2018_12_NE_NYJ,NYJ,NE,13.0,27.0,-14.0,0.3485640767340256,0,False
2018,12,2018_12_NYG_PHI,PHI,NYG,25.0,22.0,3.0,0.7141650462072857,1,False
2018,12,2018_12_SF_TB,TB,SF,27.0,9.0,18.0,0.5531085583880581,1,False
2018,12,2018_12_ARI_LAC,LAC,ARI,45.0,10.0,35.0,0.7607089277090838,1,False
2018,12,2018_12_PIT_DEN,DEN,PIT,24.0,17.0,7.0,0.2762235367953995,1,False
2018,12,2018_12_MIA_IND,IND,MIA,27.0,24.0,3.0,0.6684323005686934,1,False
2018,12,2018_12_GB_MIN,MIN,GB,24.0,17.0,7.0,0.7298156432221763,1,False
2018,12,2018_12_TEN_HOU,HOU,TEN,34.0,17.0,17.0,0.601921760577311,1,False
2018,13,2018_13_NO_DAL,DAL,NO,13.0,10.0,3.0,0.42271961957270915,1,False
2018,13,2018_13_BAL_ATL,ATL,BAL,16.0,26.0,-10.0,0.5220881151797223,0,False
2018,13,2018_13_DEN_CIN,CIN,DEN,10.0,24.0,-14.0,0.6236890684708883,0,False
2018,13,2018_13_LA_DET,DET,LA,16.0,30.0,-14.0,0.38253327370295503,0,False
2018,13,2018_13_ARI_GB,GB,ARI,17.0,20.0,-3.0,0.6807845711399848,0,False
2018,13,2018_13_CLE_HOU,HOU,CLE,29.0,13.0,16.0,0.7494316473726874,1,False
2018,13,2018_13_IND_JAX,JAX,IND,6.0,0.0,6.0,0.5097365452030767,1,False
2018,13,2018_13_BUF_MIA,MIA,BUF,21.0,17.0,4.0,0.615590226627198,1,False
2018,13,2018_13_CHI_NYG,NYG,CHI,30.0,27.0,3.0,0.37372413264414395,1,False
2018,13,2018_13_CAR_TB,TB,CAR,24.0,17.0,7.0,0.4444180640791975,1,False
2018,13,2018_13_KC_OAK,OAK,KC,33.0,40.0,-7.0,0.2313332069968644,0,False
2018,13,2018_13_NYJ_TEN,TEN,NYJ,26.0,22.0,4.0,0.6759538622566932,1,False
2018,13,2018_13_MIN_NE,NE,MIN,24.0,10.0,14.0,0.5710088403816973,1,False
2018,13,2018_13_SF_SEA,SEA,SF,43.0,16.0,27.0,0.7530320243243416,1,False
2018,13,2018_13_LAC_PIT,PIT,LAC,30.0,33.0,-3.0,0.6485311156220265,0,False
2018,13,2018_13_WAS_PHI,PHI,WAS,28.0,13.0,15.0,0.6314440023658325,1,False
2018,14,2018_14_JAX_TEN,TEN,JAX,30.0,9.0,21.0,0.613624602581943,1,False
2018,14,2018_14_NYJ_BUF,BUF,NYJ,23.0,27.0,-4.0,0.5876725252998963,0,False
2018,14,2018_14_CAR_CLE,CLE,CAR,26.0,20.0,6.0,0.41125796197585707,1,False
2018,14,2018_14_ATL_GB,GB,ATL,34.0,20.0,14.0,0.5599865441160212,1,False
2018,14,2018_14_IND_HOU,HOU,IND,21.0,24.0,-3.0,0.6872224976945416,0,False
2018,14,2018_14_BAL_KC,KC,BAL,27.0,24.0,3.0,0.7240688697925589,1,False
2018,14,2018_14_NE_MIA,MIA,NE,34.0,33.0,1.0,0.3427291216817491,1,False
2018,14,2018_14_NO_TB,TB,NO,14.0,28.0,-14.0,0.33748269584476287,0,False
2018,14,2018_14_NYG_WAS,WAS,NYG,16.0,40.0,-24.0,0.6451275356609238,0,False
2018,14,2018_14_CIN_LAC,LAC,CIN,26.0,21.0,5.0,0.7323433167463719,1,False
2018,14,2018_14_DEN_SF,SF,DEN,20.0,14.0,6.0,0.4722015505685455,1,False
2018,14,2018_14_DET_ARI,ARI,DET,3.0,17.0,-14.0,0.48926508338453734,0,False
2018,14,2018_14_PHI_DAL,DAL,PHI,29.0,23.0,6.0,0.6173966910562739,1,False
2018,14,2018_14_PIT_OAK,OAK,PIT,24.0,21.0,3.0,0.2623660409312316,1,False
2018,14,2018_14_LA_CHI,CHI,LA,15.0,6.0,9.0,0.4653676536511338,1,False
2018,14,2018_14_MIN_SEA,SEA,MIN,21.0,7.0,14.0,0.564410756174777,1,False
2018,15,2018_15_LAC_KC,KC,LAC,28.0,29.0,-1.0,0.6680184888993265,0,False
2018,15,2018_15_HOU_NYJ,NYJ,HOU,22.0,29.0,-7.0,0.3923922856007303,0,False
2018,15,2018_15_CLE_DEN,DEN,CLE,16.0,17.0,-1.0,0.6284111850188947,0,False
2018,15,2018_15_ARI_ATL,ATL,ARI,40.0,14.0,26.0,0.6581928114483909,1,False
2018,15,2018_15_TB_BAL,BAL,TB,20.0,12.0,8.0,0.6816053361325329,1,False
2018,15,2018_15_DET_BUF,BUF,DET,14.0,13.0,1.0,0.44499808468772484,1,False
2018,15,2018_15_GB_CHI,CHI,GB,24.0,17.0,7.0,0.7100216825718717,1,False
2018,15,2018_15_OAK_CIN,CIN,OAK,30.0,16.0,14.0,0.6877879325419394,1,False
2018,15,2018_15_DAL_IND,IND,DAL,23.0,0.0,23.0,0.4456605760214091,1,False
2018,15,2018_15_WAS_JAX,JAX,WAS,13.0,16.0,-3.0,0.5509953853748314,0,False
2018,15,2018_15_MIA_MIN,MIN,MIA,41.0,17.0,24.0,0.7170000463956548,1,False
2018,15,2018_15_TEN_NYG,NYG,TEN,0.0,17.0,-17.0,0.49605221631444935,0,False
2018,15,2018_15_SEA_SF,SF,SEA,26.0,23.0,3.0,0.3491708361832633,1,False
2018,15,2018_15_NE_PIT,PIT,NE,17.0,10.0,7.0,0.5682854074520707,1,False
2018,15,2018_15_PHI_LA,LA,PHI,23.0,30.0,-7.0,0.6877322692475855,0,False
2018,15,2018_15_NO_CAR,CAR,NO,9.0,12.0,-3.0,0.3587008170518481,0,False
2018,16,2018_16_WAS_TEN,TEN,WAS,25.0,16.0,9.0,0.6516043710748615,1,False
2018,16,2018_16_BAL_LAC,LAC,BAL,10.0,22.0,-12.0,0.6674492720166916,0,False
2018,16,2018_16_ATL_CAR,CAR,ATL,10.0,24.0,-14.0,0.5998920790117108,0,False
2018,16,2018_16_CIN_CLE,CLE,CIN,26.0,18.0,8.0,0.5062889142559208,1,False
2018,16,2018_16_TB_DAL,DAL,TB,27.0,20.0,7.0,0.7187088125875137,1,False
2018,16,2018_16_MIN_DET,DET,MIN,9.0,27.0,-18.0,0.46389155914532487,0,False
2018,16,2018_16_NYG_IND,IND,NYG,28.0,27.0,1.0,0.7113141979693499,1,False
2018,16,2018_16_JAX_MIA,MIA,JAX,7.0,17.0,-10.0,0.5853620178448846,0,False
2018,16,2018_16_BUF_NE,NE,BUF,24.0,12.0,12.0,0.8124689782524053,1,False
2018,16,2018_16_GB_NYJ,NYJ,GB,38.0,44.0,-6.0,0.4837187245439677,0,False
2018,16,2018_16_HOU_PHI,PHI,HOU,32.0,30.0,2.0,0.5901349280562584,1,False
2018,16,2018_16_LA_ARI,ARI,LA,9.0,31.0,-22.0,0.28731312164184253,0,False
2018,16,2018_16_CHI_SF,SF,CHI,9.0,14.0,-5.0,0.3645677265458001,0,False
2018,16,2018_16_PIT_NO,NO,PIT,31.0,28.0,3.0,0.6590106570751368,1,False
2018,16,2018_16_KC_SEA,SEA,KC,38.0,31.0,7.0,0.47003701565958245,1,False
2018,16,2018_16_DEN_OAK,OAK,DEN,27.0,14.0,13.0,0.5007891203162096,1,False
2018,17,2018_17_MIA_BUF,BUF,MIA,42.0,17.0,25.0,0.5382846463895614,1,False
2018,17,2018_17_DET_GB,GB,DET,0.0,31.0,-31.0,0.6003333509786491,0,False
2018,17,2018_17_JAX_HOU,HOU,JAX,20.0,3.0,17.0,0.7169930380991514,1,False
2018,17,2018_17_NYJ_NE,NE,NYJ,38.0,3.0,35.0,0.8238998877244573,1,False
2018,17,2018_17_CAR_NO,NO,CAR,14.0,33.0,-19.0,0.8143017607126938,0,False
2018,17,2018_17_DAL_NYG,NYG,DAL,35.0,36.0,-1.0,0.4102215759643858,0,False
2018,17,2018_17_ATL_TB,TB,ATL,32.0,34.0,-2.0,0.5177057759645536,0,False
2018,17,2018_17_CLE_BAL,BAL,CLE,26.0,24.0,2.0,0.7294607035413796,1,False
2018,17,2018_17_LAC_DEN,DEN,LAC,9.0,23.0,-14.0,0.3220344905533351,0,False
2018,17,2018_17_OAK_KC,KC,OAK,35.0,3.0,32.0,0.834257768771365,1,False
2018,17,2018_17_SF_LA,LA,SF,48.0,32.0,16.0,0.7978052890092855,1,False
2018,17,2018_17_CHI_MIN,MIN,CHI,10.0,24.0,-14.0,0.5582575901470783,0,False
2018,17,2018_17_CIN_PIT,PIT,CIN,16.0,13.0,3.0,0.7631506965423651,1,False
2018,17,2018_17_ARI_SEA,SEA,ARI,27.0,24.0,3.0,0.8333210578361946,1,False
2018,17,2018_17_PHI_WAS,WAS,PHI,0.0,24.0,-24.0,0.44765957267486695,0,False
2018,17,2018_17_IND_TEN,TEN,IND,17.0,33.0,-16.0,0.5949066539107463,0,False
2019,1,2019_01_GB_CHI,CHI,GB,3.0,10.0,-7.0,0.6964946211109926,0,False
2019,1,2019_01_LA_CAR,CAR,LA,27.0,30.0,-3.0,0.4850324939459273,0,False
2019,1,2019_01_TEN_CLE,CLE,TEN,13.0,43.0,-30.0,0.5198562107075833,0,False
2019,1,2019_01_KC_JAX,JAX,KC,26.0,40.0,-14.0,0.40782231629186894,0,False
2019,1,2019_01_BAL_MIA,MIA,BAL,10.0,59.0,-49.0,0.43513417678824956,0,False
2019,1,2019_01_ATL_MIN,MIN,ATL,28.0,12.0,16.0,0.6517276304302406,1,False
2019,1,2019_01_BUF_NYJ,NYJ,BUF,16.0,17.0,-1.0,0.5570447411824845,0,False
2019,1,2019_01_WAS_PHI,PHI,WAS,32.0,27.0,5.0,0.6808143192440103,1,False
2019,1,2019_01_IND_LAC,LAC,IND,30.0,24.0,6.0,0.6412289726893721,1,False
2019,1,2019_01_CIN_SEA,SEA,CIN,21.0,20.0,1.0,0.7037940840608633,1,False
2019,1,2019_01_DET_ARI,ARI,DET,27.0,27.0,0.0,0.49682930257671787,0,False
2019,1,2019_01_NYG_DAL,DAL,NYG,35.0,17.0,18.0,0.6996825741640506,1,False
2019,1,2019_01_SF_TB,TB,SF,17.0,31.0,-14.0,0.6048850583417279,0,False
2019,1,2019_01_PIT_NE,NE,PIT,33.0,3.0,30.0,0.5959689395760159,1,False
2019,1,2019_01_HOU_NO,NO,HOU,30.0,28.0,2.0,0.675735116628407,1,False
2019,1,2019_01_DEN_OAK,OAK,DEN,24.0,16.0,8.0,0.5830604539963412,1,False
2019,2,2019_02_TB_CAR,CAR,TB,14.0,20.0,-6.0,0.6447290723424064,0,False
2019,2,2019_02_ARI_BAL,BAL,ARI,23.0,17.0,6.0,0.7537283824171063,1,False
2019,2,2019_02_SF_CIN,CIN,SF,17.0,41.0,-24.0,0.6065591065150904,0,False
2019,2,2019_02_LAC_DET,DET,LAC,13.0,10.0,3.0,0.47120202417917095,1,False
2019,2,2019_02_MIN_GB,GB,MIN,21.0,16.0,5.0,0.4891579515931857,1,False
2019,2,2019_02_JAX_HOU,HOU,JAX,13.0,12.0,1.0,0.694360479040193,1,False
2019,2,2019_02_NE_MIA,MIA,NE,0.0,43.0,-43.0,0.3466696321018957,0,False
2019,2,2019_02_BUF_NYG,NYG,BUF,14.0,28.0,-14.0,0.5625162517288931,0,False
2019,2,2019_02_SEA_PIT,PIT,SEA,26.0,28.0,-2.0,0.5476735631105117,0,False
2019,2,2019_02_IND_TEN,TEN,IND,17.0,19.0,-2.0,0.6140205100335587,0,False
2019,2,2019_02_DAL_WAS,WAS,DAL,21.0,31.0,-10.0,0.4410898551397987,0,False
2019,2,2019_02_KC_OAK,OAK,KC,10.0,28.0,-18.0,0.4098785700604876,0,False
2019,2,2019_02_CHI_DEN,DEN,CHI,14.0,16.0,-2.0,0.40066485438868754,0,False
2019,2,2019_02_NO_LA,LA,NO,27.0,9.0,18.0,0.5509196815221747,1,False
2019,2,2019_02_PHI_ATL,ATL,PHI,24.0,20.0,4.0,0.48079789016515145,1,False
2019,2,2019_02_CLE_NYJ,NYJ,CLE,3.0,23.0,-20.0,0.533421677834707,0,False
2019,3,2019_03_TEN_JAX,JAX,TEN,20.0,7.0,13.0,0.4855407659989106,1,False
2019,3,2019_03_CIN_BUF,BUF,CIN,21.0,17.0,4.0,0.5993119888973765,1,False
2019,3,2019_03_MIA_DAL,DAL,MIA,31.0,6.0,25.0,0.7694850389431065,1,False
2019,3,2019_03_DEN_GB,GB,DEN,27.0,16.0,11.0,0.7207524233579563,1,False
2019,3,2019_03_ATL_IND,IND,ATL,27.0,24.0,3.0,0.6244302955167685,1,False
2019,3,2019_03_BAL_KC,KC,BAL,33.0,28.0,5.0,0.637008858415754,1,False
2019,3,2019_03_OAK_MIN,MIN,OAK,34.0,14.0,20.0,0.7087608081459937,1,False
2019,3,2019_03_NYJ_NE,NE,NYJ,30.0,14.0,16.0,0.8130220412173708,1,False
2019,3,2019_03_DET_PHI,PHI,DET,24.0,27.0,-3.0,0.6178625922712813,0,False
2019,3,2019_03_CAR_ARI,ARI,CAR,20.0,38.0,-18.0,0.481817374446195,0,False
2019,3,2019_03_NYG_TB,TB,NYG,31.0,32.0,-1.0,0.6317823255941002,0,False
2019,3,2019_03_HOU_LAC,LAC,HOU,20.0,27.0,-7.0,0.6348072915563081,0,False
2019,3,2019_03_NO_SEA,SEA,NO,27.0,33.0,-6.0,0.5863182872960166,0,False
2019,3,2019_03_PIT_SF,SF,PIT,24.0,20.0,4.0,0.5064468942715828,1,False
2019,3,2019_03_LA_CLE,CLE,LA,13.0,20.0,-7.0,0.3934515466963493,0,False
2019,3,2019_03_CHI_WAS,WAS,CHI,15.0,31.0,-16.0,0.44012643901956733,0,False
2019,4,2019_04_PHI_GB,GB,PHI,27.0,34.0,-7.0,0.6046066849663435,0,False
2019,4,2019_04_TEN_ATL,ATL,TEN,10.0,24.0,-14.0,0.5868420558853307,0,False
2019,4,2019_04_CLE_BAL,BAL,CLE,25.0,40.0,-15.0,0.6941985597279505,0,False
2019,4,2019_04_NE_BUF,BUF,NE,10.0,16.0,-6.0,0.3975285768423379,0,False
2019,4,2019_04_KC_DET,DET,KC,30.0,34.0,-4.0,0.46905799424186767,0,False
2019,4,2019_04_CAR_HOU,HOU,CAR,10.0,16.0,-6.0,0.6607676380774493,0,False
2019,4,2019_04_OAK_IND,IND,OAK,24.0,31.0,-7.0,0.7185109523115187,0,False
2019,4,2019_04_LAC_MIA,MIA,LAC,10.0,30.0,-20.0,0.3804407814406362,0,False
2019,4,2019_04_WAS_NYG,NYG,WAS,24.0,3.0,21.0,0.5799301743781972,1,False
2019,4,2019_04_SEA_ARI,ARI,SEA,10.0,27.0,-17.0,0.36323017446955624,0,False
2019,4,2019_04_TB_LA,LA,TB,40.0,55.0,-15.0,0.7856407486169241,0,False
2019,4,2019_04_MIN_CHI,CHI,MIN,16.0,6.0,10.0,0.5902018394914432,1,False
2019,4,2019_04_JAX_DEN,DEN,JAX,24.0,26.0,-2.0,0.4820887561511533,0,False
2019,4,2019_04_DAL_NO,NO,DAL,12.0,10.0,2.0,0.5843343266270079,1,False
2019,4,2019_04_CIN_PIT,PIT,CIN,27.0,3.0,24.0,0.6738839272375698,1,False
2019,5,2019_05_LA_SEA,SEA,LA,30.0,29.0,1.0,0.5413976003426181,1,False
2019,5,2019_05_JAX_CAR,CAR,JAX,34.0,27.0,7.0,0.6125926160184573,1,False
2019,5,2019_05_ARI_CIN,CIN,ARI,23.0,26.0,-3.0,0.6232435334646085,0,False
2019,5,2019_05_ATL_HOU,HOU,ATL,53.0,32.0,21.0,0.6680480410901868,1,False
2019,5,2019_05_TB_NO,NO,TB,31.0,24.0,7.0,0.7530485050021892,1,False
2019,5,2019_05_MIN_NYG,NYG,MIN,10.0,28.0,-18.0,0.49173567758391346,0,False
2019,5,2019_05_CHI_OAK,OAK,CHI,24.0,21.0,3.0,0.3008349046535361,1,True
2019,5,2019_05_NYJ_PHI,PHI,NYJ,31.0,6.0,25.0,0.7536358448690924,1,False
2019,5,2019_05_BAL_PIT,PIT,BAL,23.0,26.0,-3.0,0.5899104578679008,0,False
2019,5,2019_05_BUF_TEN,TEN,BUF,7.0,14.0,-7.0,0.6128754212867981,0,False
2019,5,2019_05_NE_WAS,WAS,NE,7.0,33.0,-26.0,0.3067937667789575,0,False
2019,5,2019_05_DEN_LAC,LAC,DEN,13.0,20.0,-7.0,0.7896433842496032,0,False
2019,5,2019_05_GB_DAL,DAL,GB,24.0,34.0,-10.0,0.6589954709683513,0,False
2019,5,2019_05_IND_KC,KC,IND,13.0,19.0,-6.0,0.710729781295859,0,False
2019,5,2019_05_CLE_SF,SF,CLE,31.0,3.0,28.0,0.60694835109285,1,False
2019,6,2019_06_NYG_NE,NE,NYG,35.0,14.0,21.0,0.7852511372423875,1,False
2019,6,2019_06_CAR_TB,TB,CAR,26.0,37.0,-11.0,0.4067299553787851,0,True
2019,6,2019_06_CIN_BAL,BAL,CIN,23.0,17.0,6.0,0.7533896219543317,1,False
2019,6,2019_06_SEA_CLE,CLE,SEA,28.0,32.0,-4.0,0.40354020668833707,0,False
2019,6,2019_06_NO_JAX,JAX,NO,6.0,13.0,-7.0,0.3900689336890262,0,False
2019,6,2019_06_HOU_KC,KC,HOU,24.0,31.0,-7.0,0.6555752013339876,0,False
2019,6,2019_06_WAS_MIA,MIA,WAS,16.0,17.0,-1.0,0.575775342817236,0,False
2019,6,2019_06_PHI_MIN,MIN,PHI,38.0,20.0,18.0,0.5864430839559286,1,False
2019,6,2019_06_ATL_ARI,ARI,ATL,34.0,33.0,1.0,0.5284737115690507,1,False
2019,6,2019_06_SF_LA,LA,SF,7.0,20.0,-13.0,0.6949133664641228,0,False
2019,6,2019_06_TEN_DEN,DEN,TEN,16.0,0.0,16.0,0.4781101407585703,1,False
2019,6,2019_06_DAL_NYJ,NYJ,DAL,24.0,22.0,2.0,0.33395840122740733,1,False
2019,6,2019_06_PIT_LAC,LAC,PIT,17.0,24.0,-7.0,0.623946045092308,0,False
2019,6,2019_06_DET_GB,GB,DET,23.0,22.0,1.0,0.6179369259145528,1,False
2019,7,2019_07_KC_DEN,DEN,KC,6.0,30.0,-24.0,0.37429988264430064,0,False
2019,7,2019_07_LA_ATL,ATL,LA,10.0,37.0,-27.0,0.3871947550135665,0,False
2019,7,2019_07_MIA_BUF,BUF,MIA,31.0,21.0,10.0,0.7094253084096964,1,False
2019,7,2019_07_JAX_CIN,CIN,JAX,17.0,27.0,-10.0,0.5095667724361375,0,False
2019,7,2019_07_MIN_DET,DET,MIN,30.0,42.0,-12.0,0.49596613586699817,0,False
2019,7,2019_07_OAK_GB,GB,OAK,42.0,24.0,18.0,0.6950487346246069,1,False
2019,7,2019_07_HOU_IND,IND,HOU,30.0,23.0,7.0,0.5441980917969229,1,False
2019,7,2019_07_ARI_NYG,NYG,ARI,21.0,27.0,-6.0,0.6428377920222007,0,False
2019,7,2019_07_SF_WAS,WAS,SF,0.0,9.0,-9.0,0.4417581756586057,0,False
2019,7,2019_07_LAC_TEN,TEN,LAC,23.0,20.0,3.0,0.46183102566357415,1,False
2019,7,2019_07_NO_CHI,CHI,NO,25.0,36.0,-11.0,0.534159490056569,0,False
2019,7,2019_07_BAL_SEA,SEA,BAL,16.0,30.0,-14.0,0.627890137845778,0,False
2019,7,2019_07_PHI_DAL,DAL,PHI,37.0,10.0,27.0,0.630822551009397,1,False
2019,7,2019_07_NE_NYJ,NYJ,NE,0.0,33.0,-33.0,0.26538419535968305,0,False
2019,8,2019_08_WAS_MIN,MIN,WAS,19.0,9.0,10.0,0.7918153160225954,1,False
2019,8,2019_08_SEA_ATL,ATL,SEA,20.0,27.0,-7.0,0.4027120028114095,0,False
2019,8,2019_08_PHI_BUF,BUF,PHI,13.0,31.0,-18.0,0.6072337074324361,0,False
2019,8,2019_08_LAC_CHI,CHI,LAC,16.0,17.0,-1.0,0.6456069145618994,0,False
2019,8,2019_08_NYG_DET,DET,NYG,31.0,26.0,5.0,0.6754284554787424,1,False
2019,8,2019_08_DEN_IND,IND,DEN,15.0,13.0,2.0,0.7395236068494772,1,False
2019,8,2019_08_NYJ_JAX,JAX,NYJ,29.0,15.0,14.0,0.6799624376847998,1,False
2019,8,2019_08_CIN_LA,LA,CIN,24.0,10.0,14.0,0.7553605866403783,1,True
2019,8,2019_08_ARI_NO,NO,ARI,31.0,9.0,22.0,0.8169464167526215,1,False
2019,8,2019_08_TB_TEN,TEN,TB,27.0,23.0,4.0,0.6225083996805926,1,False
2019,8,2019_08_CAR_SF,SF,CAR,51.0,13.0,38.0,0.6042280047848017,1,False
2019,8,2019_08_OAK_HOU,HOU,OAK,27.0,24.0,3.0,0.7219796761569082,1,False
2019,8,2019_08_CLE_NE,NE,CLE,27.0,13.0,14.0,0.827588061018578,1,False
2019,8,2019_08_GB_KC,KC,GB,24.0,31.0,-7.0,0.6415134161158556,0,False
2019,8,2019_08_MIA_PIT,PIT,MIA,27.0,14.0,13.0,0.7801150632743578,1,False
2019,9,2019_09_SF_ARI,ARI,SF,25.0,28.0,-3.0,0.36642180344361386,0,False
2019,9,2019_09_HOU_JAX,JAX,HOU,3.0,26.0,-23.0,0.4067365589486383,0,True
2019,9,2019_09_WAS_BUF,BUF,WAS,24.0,9.0,15.0,0.7114998248740524,1,False
2019,9,2019_09_TEN_CAR,CAR,TEN,30.0,20.0,10.0,0.5981512376516425,1,False
2019,9,2019_09_MIN_KC,KC,MIN,26.0,23.0,3.0,0.5875162904711135,1,False
2019,9,2019_09_NYJ_MIA,MIA,NYJ,26.0,18.0,8.0,0.5738412304447508,1,False
2019,9,2019_09_CHI_PHI,PHI,CHI,22.0,14.0,8.0,0.5140685149580575,1,False
2019,9,2019_09_IND_PIT,PIT,IND,26.0,24.0,2.0,0.5734160488844335,1,False
2019,9,2019_09_DET_OAK,OAK,DET,31.0,24.0,7.0,0.4681785211828886,1,False
2019,9,2019_09_TB_SEA,SEA,TB,40.0,34.0,6.0,0.7697680158286004,1,False
2019,9,2019_09_CLE_DEN,DEN,CLE,24.0,19.0,5.0,0.5984805000859141,1,False
2019,9,2019_09_GB_LAC,LAC,GB,26.0,11.0,15.0,0.5353192569551443,1,False
2019,9,2019_09_NE_BAL,BAL,NE,37.0,20.0,17.0,0.455259950808265,1,False
2019,9,2019_09_DAL_NYG,NYG,DAL,18.0,37.0,-19.0,0.3763022653064925,0,False
2019,10,2019_10_LAC_OAK,OAK,LAC,26.0,24.0,2.0,0.4443540505520104,1,False
2019,10,2019_10_DET_CHI,CHI,DET,20.0,13.0,7.0,0.6420734899906472,1,False
2019,10,2019_10_BAL_CIN,CIN,BAL,13.0,49.0,-36.0,0.294905570942081,0,False
2019,10,2019_10_BUF_CLE,CLE,BUF,19.0,16.0,3.0,0.4405806165105412,1,False
2019,10,2019_10_ATL_NO,NO,ATL,9.0,26.0,-17.0,0.8176581418942749,0,False
2019,10,2019_10_NYG_NYJ,NYJ,NYG,34.0,27.0,7.0,0.4932002588864549,1,False
2019,10,2019_10_ARI_TB,TB,ARI,30.0,27.0,3.0,0.6160998030539134,1,False
2019,10,2019_10_KC_TEN,TEN,KC,35.0,32.0,3.0,0.3844845275885125,1,False
2019,10,2019_10_MIA_IND,IND,MIA,12.0,16.0,-4.0,0.7877563054116992,0,False
2019,10,2019_10_CAR_GB,GB,CAR,24.0,16.0,8.0,0.6324147370458966,1,False
2019,10,2019_10_LA_PIT,PIT,LA,17.0,12.0,5.0,0.5303835326831384,1,False
2019,10,2019_10_MIN_DAL,DAL,MIN,24.0,28.0,-4.0,0.5965995110425601,0,False
2019,10,2019_10_SEA_SF,SF,SEA,24.0,27.0,-3.0,0.569346661751662,0,False
2019,11,2019_11_PIT_CLE,CLE,PIT,21.0,7.0,14.0,0.3774068433298943,1,False
2019,11,2019_11_HOU_BAL,BAL,HOU,41.0,7.0,34.0,0.653291230559409,1,False
2019,11,2019_11_ATL_CAR,CAR,ATL,3.0,29.0,-26.0,0.6535289478175146,0,False
2019,11,2019_11_DAL_DET,DET,DAL,27.0,35.0,-8.0,0.44426740722655794,0,False
2019,11,2019_11_JAX_IND,IND,JAX,33.0,13.0,20.0,0.6706568294744748,1,False
2019,11,2019_11_BUF_MIA,MIA,BUF,20.0,37.0,-17.0,0.4516035800471789,0,False
2019,11,2019_11_DEN_MIN,MIN,DEN,27.0,23.0,4.0,0.7649314506735166,1,False
2019,11,2019_11_NO_TB,TB,NO,17.0,34.0,-17.0,0.3337412887990155,0,False
2019,11,2019_11_NYJ_WAS,WAS,NYJ,17.0,34.0,-17.0,0.5979612138071109,0,False
2019,11,2019_11_ARI_SF,SF,ARI,36.0,26.0,10.0,0.7983200825074266,1,False
2019,11,2019_11_CIN_OAK,OAK,CIN,17.0,10.0,7.0,0.7135761368396168,1,False
2019,11,2019_11_NE_PHI,PHI,NE,10.0,17.0,-7.0,0.45939147961049,0,False
2019,11,2019_11_CHI_LA,LA,CHI,17.0,7.0,10.0,0.6409973222316127,1,False
2019,11,2019_11_KC_LAC,LAC,KC,17.0,24.0,-7.0,0.44614744408028545,0,True
2019,12,2019_12_IND_HOU,HOU,IND,20.0,17.0,3.0,0.540109417579456,1,False
2019,12,2019_12_TB_ATL,ATL,TB,22.0,35.0,-13.0,0.6249077188427362,0,False
2019,12,2019_12_DEN_BUF,BUF,DEN,20.0,3.0,17.0,0.6751336712499659,1,False
2019,12,2019_12_NYG_CHI,CHI,NYG,19.0,14.0,5.0,0.7514344342595188,1,False
2019,12,2019_12_PIT_CIN,CIN,PIT,10.0,16.0,-6.0,0.34892132810675497,0,False
2019,12,2019_12_MIA_CLE,CLE,MIA,41.0,24.0,17.0,0.6923449827339412,1,False
2019,12,2019_12_CAR_NO,NO,CAR,34.0,31.0,3.0,0.7636373167423887,1,False
2019,12,2019_12_OAK_NYJ,NYJ,OAK,34.0,3.0,31.0,0.4481547494493961,1,False
2019,12,2019_12_SEA_PHI,PHI,SEA,9.0,17.0,-8.0,0.4885285416070044,0,False
2019,12,2019_12_DET_WAS,WAS,DET,19.0,16.0,3.0,0.4614341526354235,1,False
2019,12,2019_12_JAX_TEN,TEN,JAX,42.0,20.0,22.0,0.6256865178881924,1,False
2019,12,2019_12_DAL_NE,NE,DAL,13.0,9.0,4.0,0.648493506157546,1,False
2019,12,2019_12_GB_SF,SF,GB,37.0,8.0,29.0,0.6144962914356145,1,False
2019,12,2019_12_BAL_LA,LA,BAL,6.0,45.0,-39.0,0.5518998498085179,0,False
2019,13,2019_13_CHI_DET,DET,CHI,20.0,24.0,-4.0,0.4700089499050877,0,False
2019,13,2019_13_BUF_DAL,DAL,BUF,15.0,26.0,-11.0,0.6517184759283066,0,False
2019,13,2019_13_NO_ATL,ATL,NO,18.0,26.0,-8.0,0.33571528435019166,0,False
2019,13,2019_13_SF_BAL,BAL,SF,20.0,17.0,3.0,0.6343542358889329,1,False
2019,13,2019_13_WAS_CAR,CAR,WAS,21.0,29.0,-8.0,0.6966931584919764,0,False
2019,13,2019_13_NYJ_CIN,CIN,NYJ,22.0,6.0,16.0,0.4900800377101715,1,False
2019,13,2019_13_TEN_IND,IND,TEN,17.0,31.0,-14.0,0.645685324032921,0,False
2019,13,2019_13_TB_JAX,JAX,TB,11.0,28.0,-17.0,0.5778942143805388,0,False
2019,13,2019_13_PHI_MIA,MIA,PHI,37.0,31.0,6.0,0.3880172235766391,1,False
2019,13,2019_13_GB_NYG,NYG,GB,13.0,31.0,-18.0,0.39344421588058776,0,False
2019,13,2019_13_CLE_PIT,PIT,CLE,20.0,13.0,7.0,0.6614757132059095,1,False
2019,13,2019_13_LA_ARI,ARI,LA,7.0,34.0,-27.0,0.29130393459800297,0,False
2019,13,2019_13_LAC_DEN,DEN,LAC,23.0,20.0,3.0,0.41376009754204757,1,False
2019,13,2019_13_OAK_KC,KC,OAK,40.0,9.0,31.0,0.7747876145127219,1,False
2019,13,2019_13_NE_HOU,HOU,NE,28.0,22.0,6.0,0.45662145457860004,1,False
2019,13,2019_13_MIN_SEA,SEA,MIN,37.0,30.0,7.0,0.5937430440054099,1,False
2019,14,2019_14_DAL_CHI,CHI,DAL,31.0,24.0,7.0,0.5662645996238865,1,False
2019,14,2019_14_CAR_ATL,ATL,CAR,40.0,20.0,20.0,0.5599588251570389,1,False
2019,14,2019_14_BAL_BUF,BUF,BAL,17.0,24.0,-7.0,0.42318244465484234,0,False
2019,14,2019_14_CIN_CLE,CLE,CIN,27.0,19.0,8.0,0.6928467173898877,1,False
2019,14,2019_14_WAS_GB,GB,WAS,20.0,15.0,5.0,0.7518136672342076,1,False
2019,14,2019_14_DEN_HOU,HOU,DEN,24.0,38.0,-14.0,0.7568040008592931,0,False
2019,14,2019_14_DET_MIN,MIN,DET,20.0,7.0,13.0,0.7560310645562138,1,False
2019,14,2019_14_SF_NO,NO,SF,46.0,48.0,-2.0,0.6432419971847892,0,False
2019,14,2019_14_MIA_NYJ,NYJ,MIA,22.0,21.0,1.0,0.5903518136900824,1,False
2019,14,2019_14_IND_TB,TB,IND,38.0,35.0,3.0,0.4551724786914356,1,False
2019,14,2019_14_LAC_JAX,JAX,LAC,10.0,45.0,-35.0,0.4476123507422828,0,False
2019,14,2019_14_PIT_ARI,ARI,PIT,17.0,23.0,-6.0,0.33468820609041805,0,False
2019,14,2019_14_KC_NE,NE,KC,16.0,23.0,-7.0,0.5940344421035556,0,False
2019,14,2019_14_TEN_OAK,OAK,TEN,21.0,42.0,-21.0,0.45785982264182773,0,False
2019,14,2019_14_SEA_LA,LA,SEA,28.0,12.0,16.0,0.5652806476568526,1,False
2019,14,2019_14_NYG_PHI,PHI,NYG,23.0,17.0,6.0,0.7243104372273031,1,False
2019,15,2019_15_NYJ_BAL,BAL,NYJ,42.0,21.0,21.0,0.8598503098150423,1,False
2019,15,2019_15_SEA_CAR,CAR,SEA,24.0,30.0,-6.0,0.37164395222665997,0,False
2019,15,2019_15_NE_CIN,CIN,NE,13.0,34.0,-21.0,0.2855860912470187,0,False
2019,15,2019_15_TB_DET,DET,TB,17.0,38.0,-21.0,0.5462937557034859,0,False
2019,15,2019_15_CHI_GB,GB,CHI,21.0,13.0,8.0,0.5627918663884689,1,False
2019,15,2019_15_DEN_KC,KC,DEN,23.0,3.0,20.0,0.796126594329649,1,False
2019,15,2019_15_MIA_NYG,NYG,MIA,36.0,20.0,16.0,0.5602579250372963,1,False
2019,15,2019_15_HOU_TEN,TEN,HOU,21.0,24.0,-3.0,0.5411067556568468,0,False
2019,15,2019_15_PHI_WAS,WAS,PHI,27.0,37.0,-10.0,0.44080457284269164,0,False
2019,15,2019_15_CLE_ARI,ARI,CLE,38.0,24.0,14.0,0.42397149755513674,1,False
2019,15,2019_15_MIN_LAC,LAC,MIN,10.0,39.0,-29.0,0.4978462829898088,0,False
2019,15,2019_15_JAX_OAK,OAK,JAX,16.0,20.0,-4.0,0.5952462636411902,0,False
2019,15,2019_15_LA_DAL,DAL,LA,44.0,21.0,23.0,0.46107480967088743,1,False
2019,15,2019_15_ATL_SF,SF,ATL,22.0,29.0,-7.0,0.7520437225227512,0,False
2019,15,2019_15_BUF_PIT,PIT,BUF,10.0,17.0,-7.0,0.6398120467021062,0,False
2019,15,2019_15_IND_NO,NO,IND,34.0,7.0,27.0,0.7248120820560496,1,False
2019,16,2019_16_HOU_TB,TB,HOU,20.0,23.0,-3.0,0.4562968301453306,0,False
2019,16,2019_16_BUF_NE,NE,BUF,24.0,17.0,7.0,0.6872553587362142,1,False
2019,16,2019_16_LA_SF,SF,LA,34.0,31.0,3.0,0.5991864695826612,1,False
2019,16,2019_16_JAX_ATL,ATL,JAX,24.0,12.0,12.0,0.6763680007105345,1,False
2019,16,2019_16_BAL_CLE,CLE,BAL,15.0,31.0,-16.0,0.29765136762711114,0,False
2019,16,2019_16_CAR_IND,IND,CAR,38.0,6.0,32.0,0.6849252426424998,1,False
2019,16,2019_16_CIN_MIA,MIA,CIN,38.0,35.0,3.0,0.5711230287233375,1,False
2019,16,2019_16_PIT_NYJ,NYJ,PIT,16.0,10.0,6.0,0.36632220532568743,1,False
2019,16,2019_16_NO_TEN,TEN,NO,28.0,38.0,-10.0,0.40442668879387017,0,False
2019,16,2019_16_NYG_WAS,WAS,NYG,35.0,41.0,-6.0,0.5754033392670794,0,False
2019,16,2019_16_DET_DEN,DEN,DET,27.0,17.0,10.0,0.6021933896168883,1,False
2019,16,2019_16_OAK_LAC,LAC,OAK,17.0,24.0,-7.0,0.7331177446956144,0,False
2019,16,2019_16_DAL_PHI,PHI,DAL,17.0,9.0,8.0,0.48430918052192623,1,False
2019,16,2019_16_ARI_SEA,SEA,ARI,13.0,27.0,-14.0,0.8067396537235889,0,False
2019,16,2019_16_KC_CHI,CHI,KC,3.0,26.0,-23.0,0.46023811271347803,0,False
2019,16,2019_16_GB_MIN,MIN,GB,10.0,23.0,-13.0,0.6365700123707789,0,False
2019,17,2019_17_NYJ_BUF,BUF,NYJ,6.0,13.0,-7.0,0.7150380291050328,0,False
2019,17,2019_17_NO_CAR,CAR,NO,10.0,42.0,-32.0,0.25665659463333174,0,False
2019,17,2019_17_CLE_CIN,CIN,CLE,33.0,23.0,10.0,0.469762451477883,1,False
2019,17,2019_17_GB_DET,DET,GB,20.0,23.0,-3.0,0.3485170742436022,0,False
2019,17,2019_17_LAC_KC,KC,LAC,31.0,21.0,10.0,0.750441883938668,1,False
2019,17,2019_17_CHI_MIN,MIN,CHI,19.0,21.0,-2.0,0.6668175755183098,0,False
2019,17,2019_17_MIA_NE,NE,MIA,24.0,27.0,-3.0,0.8572530444042447,0,False
2019,17,2019_17_ATL_TB,TB,ATL,22.0,28.0,-6.0,0.5327711370458483,0,False
2019,17,2019_17_PIT_BAL,BAL,PIT,28.0,10.0,18.0,0.7691592542651139,1,False
2019,17,2019_17_WAS_DAL,DAL,WAS,47.0,16.0,31.0,0.7950811466071398,1,False
2019,17,2019_17_OAK_DEN,DEN,OAK,16.0,15.0,1.0,0.638626347279942,1,False
2019,17,2019_17_TEN_HOU,HOU,TEN,14.0,35.0,-21.0,0.6694759501047813,0,False
2019,17,2019_17_IND_JAX,JAX,IND,38.0,20.0,18.0,0.4153695189135041,1,False
2019,17,2019_17_ARI_LA,LA,ARI,31.0,24.0,7.0,0.7789926881547501,1,False
2019,17,2019_17_PHI_NYG,NYG,PHI,17.0,34.0,-17.0,0.4153054771416023,0,False
2019,17,2019_17_SF_SEA,SEA,SF,21.0,26.0,-5.0,0.5570648787658247,0,False
2020,1,2020_01_HOU_KC,KC,HOU,34.0,20.0,14.0,0.6663056011974217,1,False
2020,1,2020_01_SEA_ATL,ATL,SEA,25.0,38.0,-13.0,0.5386177674074205,0,False
2020,1,2020_01_CLE_BAL,BAL,CLE,38.0,6.0,32.0,0.7855943460635118,1,False
2020,1,2020_01_NYJ_BUF,BUF,NYJ,27.0,17.0,10.0,0.6543673320199348,1,False
2020,1,2020_01_LV_CAR,CAR,LV,30.0,34.0,-4.0,0.5030163622707748,0,False
2020,1,2020_01_CHI_DET,DET,CHI,23.0,27.0,-4.0,0.4668092011587646,0,False
2020,1,2020_01_IND_JAX,JAX,IND,27.0,20.0,7.0,0.5582849090710812,1,False
2020,1,2020_01_GB_MIN,MIN,GB,34.0,43.0,-9.0,0.5968776689466169,0,False
2020,1,2020_01_MIA_NE,NE,MIA,21.0,11.0,10.0,0.7573932889137655,1,False
2020,1,2020_01_PHI_WAS,WAS,PHI,27.0,17.0,10.0,0.44544351441598296,1,False
2020,1,2020_01_LAC_CIN,CIN,LAC,13.0,16.0,-3.0,0.5049963048591585,0,False
2020,1,2020_01_TB_NO,NO,TB,34.0,23.0,11.0,0.7413179201848147,1,False
2020,1,2020_01_ARI_SF,SF,ARI,20.0,24.0,-4.0,0.7460537171804295,0,False
2020,1,2020_01_DAL_LA,LA,DAL,20.0,17.0,3.0,0.60607522293719,1,False
2020,1,2020_01_PIT_NYG,NYG,PIT,16.0,26.0,-10.0,0.5026861796602762,0,False
2020,1,2020_01_TEN_DEN,DEN,TEN,14.0,16.0,-2.0,0.542073204341761,0,False
2020,2,2020_02_CIN_CLE,CLE,CIN,35.0,30.0,5.0,0.5944890989136652,1,False
2020,2,2020_02_NYG_CHI,CHI,NYG,17.0,13.0,4.0,0.7150806979482465,1,False
2020,2,2020_02_ATL_DAL,DAL,ATL,40.0,39.0,1.0,0.6298967371947733,1,False
2020,2,2020_02_DET_GB,GB,DET,42.0,21.0,21.0,0.7440353430232662,1,False
2020,2,2020_02_MIN_IND,IND,MIN,28.0,11.0,17.0,0.4865656026817551,1,False
2020,2,2020_02_BUF_MIA,MIA,BUF,28.0,31.0,-3.0,0.4394607948971683,0,False
2020,2,2020_02_SF_NYJ,NYJ,SF,13.0,31.0,-18.0,0.424027215670625,0,False
2020,2,2020_02_LA_PHI,PHI,LA,19.0,37.0,-18.0,0.4842294684289939,0,False
2020,2,2020_02_DEN_PIT,PIT,DEN,26.0,21.0,5.0,0.6472926777587971,1,False
2020,2,2020_02_CAR_TB,TB,CAR,31.0,17.0,14.0,0.6259837568143927,1,False
2020,2,2020_02_JAX_TEN,TEN,JAX,33.0,30.0,3.0,0.6321269988330908,1,False
2020,2,2020_02_WAS_ARI,ARI,WAS,30.0,15.0,15.0,0.5989600322788603,1,False
2020,2,2020_02_BAL_HOU,HOU,BAL,16.0,33.0,-17.0,0.4273002969773574,0,False
2020,2,2020_02_KC_LAC,LAC,KC,20.0,23.0,-3.0,0.4353272626196217,0,False
2020,2,2020_02_NE_SEA,SEA,NE,35.0,30.0,5.0,0.5508157887099799,1,False
2020,2,2020_02_NO_LV,LV,NO,34.0,24.0,10.0,0.44958995572780036,1,False
2020,3,2020_03_MIA_JAX,JAX,MIA,13.0,31.0,-18.0,0.6744484330606719,0,False
2020,3,2020_03_CHI_ATL,ATL,CHI,26.0,30.0,-4.0,0.5249898381339302,0,False
2020,3,2020_03_LA_BUF,BUF,LA,35.0,32.0,3.0,0.537222683532712,1,False
2020,3,2020_03_WAS_CLE,CLE,WAS,34.0,20.0,14.0,0.6288326635024756,1,False
2020,3,2020_03_TEN_MIN,MIN,TEN,30.0,31.0,-1.0,0.5585286357537214,0,False
2020,3,2020_03_LV_NE,NE,LV,36.0,20.0,16.0,0.6209499319356532,1,False
2020,3,2020_03_SF_NYG,NYG,SF,9.0,36.0,-27.0,0.39688412547274726,0,False
2020,3,2020_03_CIN_PHI,PHI,CIN,23.0,23.0,0.0,0.6860668054804198,0,False
2020,3,2020_03_HOU_PIT,PIT,HOU,28.0,21.0,7.0,0.6149313619970729,1,False
2020,3,2020_03_NYJ_IND,IND,NYJ,36.0,7.0,29.0,0.6835979943111855,1,False
2020,3,2020_03_CAR_LAC,LAC,CAR,16.0,21.0,-5.0,0.708863005947427,0,False
2020,3,2020_03_DET_ARI,ARI,DET,23.0,26.0,-3.0,0.6844140626887297,0,False
2020,3,2020_03_TB_DEN,DEN,TB,10.0,28.0,-18.0,0.5511964162586115,0,False
2020,3,2020_03_DAL_SEA,SEA,DAL,38.0,31.0,7.0,0.6417438108884762,1,False
2020,3,2020_03_GB_NO,NO,GB,30.0,37.0,-7.0,0.5971743407039675,0,False
2020,3,2020_03_KC_BAL,BAL,KC,20.0,34.0,-14.0,0.6146604999991857,0,False
2020,4,2020_04_DEN_NYJ,NYJ,DEN,28.0,37.0,-9.0,0.537207164047149,0,False
2020,4,2020_04_ARI_CAR,CAR,ARI,31.0,21.0,10.0,0.5131434491047903,1,False
2020,4,2020_04_JAX_CIN,CIN,JAX,33.0,25.0,8.0,0.5270065964060442,1,False
2020,4,2020_04_CLE_DAL,DAL,CLE,38.0,49.0,-11.0,0.6486564506398771,0,False
2020,4,2020_04_NO_DET,DET,NO,29.0,35.0,-6.0,0.38377927825226904,0,False
2020,4,2020_04_MIN_HOU,HOU,MIN,23.0,31.0,-8.0,0.5786115521962136,0,False
2020,4,2020_04_SEA_MIA,MIA,SEA,23.0,31.0,-8.0,0.35831417124352416,0,False
2020,4,2020_04_LAC_TB,TB,LAC,38.0,31.0,7.0,0.5924600684738662,1,False
2020,4,2020_04_BAL_WAS,WAS,BAL,17.0,31.0,-14.0,0.28096341491410376,0,False
2020,4,2020_04_NYG_LA,LA,NYG,17.0,9.0,8.0,0.7585366640701737,1,False
2020,4,2020_04_IND_CHI,CHI,IND,11.0,19.0,-8.0,0.6163386720820427,0,False
2020,4,2020_04_BUF_LV,LV,BUF,23.0,30.0,-7.0,0.5460160463691213,0,False
2020,4,2020_04_PHI_SF,SF,PHI,20.0,25.0,-5.0,0.7109667830747758,0,False
2020,4,2020_04_NE_KC,KC,NE,26.0,10.0,16.0,0.6441121617974568,1,False
2020,4,2020_04_ATL_GB,GB,ATL,30.0,16.0,14.0,0.7104955037892802,1,False
2020,5,2020_05_TB_CHI,CHI,TB,20.0,19.0,1.0,0.633645690074682,1,False
2020,5,2020_05_CAR_ATL,ATL,CAR,16.0,23.0,-7.0,0.6234291828451614,0,False
2020,5,2020_05_CIN_BAL,BAL,CIN,27.0,3.0,24.0,0.8062631245613983,1,False
2020,5,2020_05_JAX_HOU,HOU,JAX,30.0,14.0,16.0,0.6476842291284066,1,False
2020,5,2020_05_LV_KC,KC,LV,32.0,40.0,-8.0,0.7676273314546577,0,False
2020,5,2020_05_ARI_NYJ,NYJ,ARI,10.0,30.0,-20.0,0.5318627236428023,0,False
2020,5,2020_05_PHI_PIT,PIT,PHI,38.0,29.0,9.0,0.6740822076933305,1,False
2020,5,2020_05_LA_WAS,WAS,LA,10.0,30.0,-20.0,0.35130404518663794,0,False
2020,5,2020_05_MIA_SF,SF,MIA,17.0,43.0,-26.0,0.7628944608237134,0,False
2020,5,2020_05_IND_CLE,CLE,IND,32.0,23.0,9.0,0.5137959545038584,1,False
2020,5,2020_05_NYG_DAL,DAL,NYG,37.0,34.0,3.0,0.7220035697747238,1,False
2020,5,2020_05_MIN_SEA,SEA,MIN,27.0,26.0,1.0,0.7049969461052568,1,False
2020,5,2020_05_LAC_NO,NO,LAC,30.0,27.0,3.0,0.7256734625535367,1,False
2020,5,2020_05_BUF_TEN,TEN,BUF,42.0,16.0,26.0,0.5695197306392068,1,False
2020,6,2020_06_CHI_CAR,CAR,CHI,16.0,23.0,-7.0,0.460194307168382,0,False
2020,6,2020_06_CIN_IND,IND,CIN,31.0,27.0,4.0,0.6963315174536768,1,False
2020,6,2020_06_DET_JAX,JAX,DET,16.0,34.0,-18.0,0.592246611357404,0,False
2020,6,2020_06_ATL_MIN,MIN,ATL,23.0,40.0,-17.0,0.6459379295707491,0,False
2020,6,2020_06_DEN_NE,NE,DEN,12.0,18.0,-6.0,0.7309397740821814,0,False
2020,6,2020_06_WAS_NYG,NYG,WAS,20.0,19.0,1.0,0.6000303580673303,1,False
2020,6,2020_06_BAL_PHI,PHI,BAL,28.0,30.0,-2.0,0.3411955577092397,0,False
2020,6,2020_06_CLE_PIT,PIT,CLE,38.0,7.0,31.0,0.6647855817835271,1,False
2020,6,2020_06_HOU_TEN,TEN,HOU,42.0,36.0,6.0,0.6772185877195889,1,False
2020,6,2020_06_NYJ_MIA,MIA,NYJ,24.0,0.0,24.0,0.6370693528842981,1,False
2020,6,2020_06_GB_TB,TB,GB,38.0,10.0,28.0,0.45732299781574254,1,False
2020,6,2020_06_LA_SF,SF,LA,24.0,16.0,8.0,0.5588747512255231,1,False
2020,6,2020_06_KC_BUF,BUF,KC,17.0,26.0,-9.0,0.41903406700136914,0,False
2020,6,2020_06_ARI_DAL,DAL,ARI,10.0,38.0,-28.0,0.6804226128911277,0,False
2020,7,2020_07_NYG_PHI,PHI,NYG,22.0,21.0,1.0,0.6693433433871643,1,False
2020,7,2020_07_DET_ATL,ATL,DET,22.0,23.0,-1.0,0.6531451728654519,0,False
2020,7,2020_07_CLE_CIN,CIN,CLE,34.0,37.0,-3.0,0.5044524304001338,0,False
2020,7,2020_07_GB_HOU,HOU,GB,20.0,35.0,-15.0,0.5038650050054473,0,False
2020,7,2020_07_CAR_NO,NO,CAR,27.0,24.0,3.0,0.7576456996660176,1,False
2020,7,2020_07_BUF_NYJ,NYJ,BUF,10.0,18.0,-8.0,0.38579980223895993,0,False
2020,7,2020_07_PIT_TEN,TEN,PIT,24.0,27.0,-3.0,0.5845211598666472,0,False
2020,7,2020_07_DAL_WAS,WAS,DAL,25.0,3.0,22.0,0.41646030004463996,1,False
2020,7,2020_07_TB_LV,LV,TB,20.0,45.0,-25.0,0.5489452140698994,0,False
2020,7,2020_07_KC_DEN,DEN,KC,16.0,43.0,-27.0,0.3391834994270098,0,False
2020,7,2020_07_JAX_LAC,LAC,JAX,39.0,29.0,10.0,0.6581070634572057,1,False
2020,7,2020_07_SF_NE,NE,SF,6.0,33.0,-27.0,0.567444955333674,0,False
2020,7,2020_07_SEA_ARI,ARI,SEA,37.0,34.0,3.0,0.39684071344412203,1,False
2020,7,2020_07_CHI_LA,LA,CHI,24.0,10.0,14.0,0.5861460769411766,1,False
2020,8,2020_08_ATL_CAR,CAR,ATL,17.0,25.0,-8.0,0.563343809160229,0,False
2020,8,2020_08_PIT_BAL,BAL,PIT,24.0,28.0,-4.0,0.6584416825962608,0,False
2020,8,2020_08_NE_BUF,BUF,NE,24.0,21.0,3.0,0.551932923184648,1,False
2020,8,2020_08_TEN_CIN,CIN,TEN,31.0,20.0,11.0,0.3584270744128129,1,False
2020,8,2020_08_LV_CLE,CLE,LV,6.0,16.0,-10.0,0.557573411800523,0,False
2020,8,2020_08_IND_DET,DET,IND,21.0,41.0,-20.0,0.46417567542170024,0,False
2020,8,2020_08_MIN_GB,GB,MIN,22.0,28.0,-6.0,0.6807231190631172,0,False
2020,8,2020_08_NYJ_KC,KC,NYJ,35.0,9.0,26.0,0.881449098878301,1,False
2020,8,2020_08_LA_MIA,MIA,LA,28.0,17.0,11.0,0.42635591985495336,1,False
2020,8,2020_08_LAC_DEN,DEN,LAC,31.0,30.0,1.0,0.5649186356239733,1,False
2020,8,2020_08_NO_CHI,CHI,NO,23.0,26.0,-3.0,0.4982109289730512,0,False
2020,8,2020_08_SF_SEA,SEA,SF,37.0,27.0,10.0,0.592434074499696,1,False
2020,8,2020_08_DAL_PHI,PHI,DAL,23.0,9.0,14.0,0.5968949863991658,1,False
2020,8,2020_08_TB_NYG,NYG,TB,23.0,25.0,-2.0,0.3720909797614293,0,False
2020,9,2020_09_GB_SF,SF,GB,17.0,34.0,-17.0,0.5951731522394788,0,False
2020,9,2020_09_DEN_ATL,ATL,DEN,34.0,27.0,7.0,0.5934719525873093,1,False
2020,9,2020_09_SEA_BUF,BUF,SEA,44.0,34.0,10.0,0.4950707478690493,1,False
2020,9,2020_09_BAL_IND,IND,BAL,10.0,24.0,-14.0,0.4319627556806645,0,False
2020,9,2020_09_HOU_JAX,JAX,HOU,25.0,27.0,-2.0,0.45550924844687873,0,False
2020,9,2020_09_CAR_KC,KC,CAR,33.0,31.0,2.0,0.8396732385099273,1,False
2020,9,2020_09_DET_MIN,MIN,DET,34.0,20.0,14.0,0.6902078548021552,1,False
2020,9,2020_09_CHI_TEN,TEN,CHI,24.0,17.0,7.0,0.6230337706406097,1,False
2020,9,2020_09_NYG_WAS,WAS,NYG,20.0,23.0,-3.0,0.639920400103263,0,False
2020,9,2020_09_LV_LAC,LAC,LV,26.0,31.0,-5.0,0.5276935140038661,0,False
2020,9,2020_09_MIA_ARI,ARI,MIA,31.0,34.0,-3.0,0.5748561507596573,0,False
2020,9,2020_09_PIT_DAL,DAL,PIT,19.0,24.0,-5.0,0.3540744289433494,0,False
2020,9,2020_09_NO_TB,TB,NO,3.0,38.0,-35.0,0.539822313237672,0,False
2020,9,2020_09_NE_NYJ,NYJ,NE,27.0,30.0,-3.0,0.3445052560605351,0,False
2020,10,2020_10_IND_TEN,TEN,IND,17.0,34.0,-17.0,0.6431054841816184,0,False
2020,10,2020_10_TB_CAR,CAR,TB,23.0,46.0,-23.0,0.4179975397996142,0,False
2020,10,2020_10_HOU_CLE,CLE,HOU,10.0,7.0,3.0,0.5772202564581157,1,False
2020,10,2020_10_WAS_DET,DET,WAS,30.0,27.0,3.0,0.5708578684366831,1,False
2020,10,2020_10_JAX_GB,GB,JAX,24.0,20.0,4.0,0.7971343348389351,1,False
2020,10,2020_10_PHI_NYG,NYG,PHI,27.0,17.0,10.0,0.46179987644710063,1,False
2020,10,2020_10_BUF_ARI,ARI,BUF,32.0,30.0,2.0,0.46585911870406466,1,False
2020,10,2020_10_DEN_LV,LV,DEN,37.0,12.0,25.0,0.6939803101480052,1,False
2020,10,2020_10_LAC_MIA,MIA,LAC,29.0,21.0,8.0,0.6376624211658772,1,False
2020,10,2020_10_SEA_LA,LA,SEA,23.0,16.0,7.0,0.5477286435426718,1,False
2020,10,2020_10_SF_NO,NO,SF,27.0,13.0,14.0,0.6670260134991655,1,False
2020,10,2020_10_CIN_PIT,PIT,CIN,36.0,10.0,26.0,0.7832838599392153,1,False
2020,10,2020_10_BAL_NE,NE,BAL,23.0,17.0,6.0,0.43551399732908586,1,False
2020,10,2020_10_MIN_CHI,CHI,MIN,13.0,19.0,-6.0,0.5601199066921978,0,False
2020,11,2020_11_ARI_SEA,SEA,ARI,28.0,21.0,7.0,0.6734384739935984,1,False
2020,11,2020_11_TEN_BAL,BAL,TEN,24.0,30.0,-6.0,0.6792871564344052,0,False
2020,11,2020_11_DET_CAR,CAR,DET,20.0,0.0,20.0,0.5982520913874354,1,False
2020,11,2020_11_PHI_CLE,CLE,PHI,22.0,17.0,5.0,0.6355716832775951,1,False
2020,11,2020_11_NE_HOU,HOU,NE,27.0,20.0,7.0,0.4720783633128029,1,False
2020,11,2020_11_PIT_JAX,JAX,PIT,3.0,27.0,-24.0,0.25538948275039064,0,False
2020,11,2020_11_ATL_NO,NO,ATL,24.0,9.0,15.0,0.7601872493662584,1,False
2020,11,2020_11_CIN_WAS,WAS,CIN,20.0,9.0,11.0,0.5543087905613887,1,False
2020,11,2020_11_MIA_DEN,DEN,MIA,20.0,13.0,7.0,0.4539843221157678,1,False
2020,11,2020_11_NYJ_LAC,LAC,NYJ,34.0,28.0,6.0,0.7160609583128736,1,False
2020,11,2020_11_GB_IND,IND,GB,34.0,31.0,3.0,0.5422596230756331,1,False
2020,11,2020_11_DAL_MIN,MIN,DAL,28.0,31.0,-3.0,0.7148052942987202,0,False
2020,11,2020_11_KC_LV,LV,KC,31.0,35.0,-4.0,0.43142391654675655,0,False
2020,11,2020_11_LA_TB,TB,LA,24.0,27.0,-3.0,0.584029301338707,0,False
2020,12,2020_12_HOU_DET,DET,HOU,25.0,41.0,-16.0,0.43252614519200155,0,False
2020,12,2020_12_WAS_DAL,DAL,WAS,16.0,41.0,-25.0,0.6042650936073858,0,False
2020,12,2020_12_LV_ATL,ATL,LV,43.0,6.0,37.0,0.4906175974746037,1,False
2020,12,2020_12_LAC_BUF,BUF,LAC,27.0,17.0,10.0,0.7066310573525906,1,False
2020,12,2020_12_NYG_CIN,CIN,NYG,17.0,19.0,-2.0,0.5549534340137849,0,False
2020,12,2020_12_TEN_IND,IND,TEN,26.0,45.0,-19.0,0.5719831104945241,0,False
2020,12,2020_12_CLE_JAX,JAX,CLE,25.0,27.0,-2.0,0.3996948696248177,0,False
2020,12,2020_12_CAR_MIN,MIN,CAR,28.0,27.0,1.0,0.677564950961464,1,False
2020,12,2020_12_ARI_NE,NE,ARI,20.0,17.0,3.0,0.6767854693232378,1,False
2020,12,2020_12_MIA_NYJ,NYJ,MIA,3.0,20.0,-17.0,0.37463692293794737,0,False
2020,12,2020_12_NO_DEN,DEN,NO,3.0,31.0,-28.0,0.3262632661698333,0,False
2020,12,2020_12_SF_LA,LA,SF,20.0,23.0,-3.0,0.654060894430746,0,False
2020,12,2020_12_KC_TB,TB,KC,24.0,27.0,-3.0,0.42743255729746404,0,False
2020,12,2020_12_CHI_GB,GB,CHI,41.0,25.0,16.0,0.6696749688393324,1,False
2020,12,2020_12_SEA_PHI,PHI,SEA,17.0,23.0,-6.0,0.4238720062165771,0,False
2020,12,2020_12_BAL_PIT,PIT,BAL,19.0,14.0,5.0,0.6218272707066653,1,False
2020,13,2020_13_NO_ATL,ATL,NO,16.0,21.0,-5.0,0.41279153379975725,0,False
2020,13,2020_13_DET_CHI,CHI,DET,30.0,34.0,-4.0,0.7010189507565947,0,False
2020,13,2020_13_IND_HOU,HOU,IND,20.0,26.0,-6.0,0.5480465023532649,0,False
2020,13,2020_13_CIN_MIA,MIA,CIN,19.0,7.0,12.0,0.7137028059148454,1,False
2020,13,2020_13_JAX_MIN,MIN,JAX,27.0,24.0,3.0,0.7793415309436346,1,False
2020,13,2020_13_LV_NYJ,NYJ,LV,28.0,31.0,-3.0,0.35983941617412357,0,False
2020,13,2020_13_CLE_TEN,TEN,CLE,35.0,41.0,-6.0,0.6631318226513077,0,False
2020,13,2020_13_LA_ARI,ARI,LA,28.0,38.0,-10.0,0.44751204339802836,0,False
2020,13,2020_13_NYG_SEA,SEA,NYG,12.0,17.0,-5.0,0.7533958045167739,0,False
2020,13,2020_13_PHI_GB,GB,PHI,30.0,16.0,14.0,0.7557958772900455,1,False
2020,13,2020_13_NE_LAC,LAC,NE,0.0,45.0,-45.0,0.4460649153321105,0,False
2020,13,2020_13_DEN_KC,KC,DEN,22.0,16.0,6.0,0.84062649904982,1,False
2020,13,2020_13_WAS_PIT,PIT,WAS,17.0,23.0,-6.0,0.8258448322076515,0,False
2020,13,2020_13_BUF_SF,SF,BUF,24.0,34.0,-10.0,0.4522100480479449,0,True
2020,13,2020_13_DAL_BAL,BAL,DAL,34.0,17.0,17.0,0.7815231053881346,1,False
2020,14,2020_14_NE_LA,LA,NE,24.0,3.0,21.0,0.614714468144637,1,False
2020,14,2020_14_DEN_CAR,CAR,DEN,27.0,32.0,-5.0,0.6081776746879847,0,False
2020,14,2020_14_HOU_CHI,CHI,HOU,36.0,7.0,29.0,0.5346413902998728,1,False
2020,14,2020_14_DAL_CIN,CIN,DAL,7.0,30.0,-23.0,0.5396691734031771,0,False
2020,14,2020_14_TEN_JAX,JAX,TEN,10.0,31.0,-21.0,0.32005153244971307,0,False
2020,14,2020_14_KC_MIA,MIA,KC,27.0,33.0,-6.0,0.360325365556854,0,False
2020,14,2020_14_ARI_NYG,NYG,ARI,7.0,26.0,-19.0,0.5860234532022249,0,False
2020,14,2020_14_MIN_TB,TB,MIN,26.0,14.0,12.0,0.6101761449444536,1,False
2020,14,2020_14_IND_LV,LV,IND,27.0,44.0,-17.0,0.5306187031718655,0,False
2020,14,2020_14_NYJ_SEA,SEA,NYJ,40.0,3.0,37.0,0.8451615588810834,1,False
2020,14,2020_14_GB_DET,DET,GB,24.0,31.0,-7.0,0.321982498783913,0,False
2020,14,2020_14_ATL_LAC,LAC,ATL,20.0,17.0,3.0,0.4855089454177835,1,False
2020,14,2020_14_NO_PHI,PHI,NO,24.0,21.0,3.0,0.28852143126412466,1,False
2020,14,2020_14_WAS_SF,SF,WAS,15.0,23.0,-8.0,0.6023812134144644,0,True
2020,14,2020_14_PIT_BUF,BUF,PIT,26.0,15.0,11.0,0.5012128097130567,1,False
2020,14,2020_14_BAL_CLE,CLE,BAL,42.0,47.0,-5.0,0.47087273189584544,0,False
2020,15,2020_15_LAC_LV,LV,LAC,27.0,30.0,-3.0,0.6475209775295755,0,False
2020,15,2020_15_BUF_DEN,DEN,BUF,19.0,48.0,-29.0,0.37221800608801275,0,False
2020,15,2020_15_CAR_GB,GB,CAR,24.0,16.0,8.0,0.7754960438543813,1,False
2020,15,2020_15_TB_ATL,ATL,TB,27.0,31.0,-4.0,0.48665548453174223,0,False
2020,15,2020_15_JAX_BAL,BAL,JAX,40.0,14.0,26.0,0.861847750754127,1,False
2020,15,2020_15_SF_DAL,DAL,SF,41.0,33.0,8.0,0.463410952310492,1,False
2020,15,2020_15_HOU_IND,IND,HOU,27.0,20.0,7.0,0.7076948439034633,1,False
2020,15,2020_15_NE_MIA,MIA,NE,22.0,12.0,10.0,0.5765565040740472,1,False
2020,15,2020_15_CHI_MIN,MIN,CHI,27.0,33.0,-6.0,0.6040938546955185,0,False
2020,15,2020_15_DET_TEN,TEN,DET,46.0,25.0,21.0,0.7943637750345117,1,False
2020,15,2020_15_SEA_WAS,WAS,SEA,15.0,20.0,-5.0,0.4337908919784418,0,False
2020,15,2020_15_PHI_ARI,ARI,PHI,33.0,26.0,7.0,0.6087572988599339,1,False
2020,15,2020_15_NYJ_LA,LA,NYJ,20.0,23.0,-3.0,0.8790721281987249,0,False
2020,15,2020_15_KC_NO,NO,KC,29.0,32.0,-3.0,0.5106456487981152,0,False
2020,15,2020_15_CLE_NYG,NYG,CLE,6.0,20.0,-14.0,0.4869539622087841,0,False
2020,15,2020_15_PIT_CIN,CIN,PIT,27.0,17.0,10.0,0.28100995812191404,1,False
2020,16,2020_16_MIN_NO,NO,MIN,52.0,33.0,19.0,0.7405806092563113,1,False
2020,16,2020_16_TB_DET,DET,TB,7.0,47.0,-40.0,0.3168746811678398,0,False
2020,16,2020_16_SF_ARI,ARI,SF,12.0,20.0,-8.0,0.5836234831883047,0,False
2020,16,2020_16_MIA_LV,LV,MIA,25.0,26.0,-1.0,0.5271022004091093,0,False
2020,16,2020_16_NYG_BAL,BAL,NYG,27.0,13.0,14.0,0.8091503760492567,1,False
2020,16,2020_16_CIN_HOU,HOU,CIN,31.0,37.0,-6.0,0.6318784202054073,0,False
2020,16,2020_16_CHI_JAX,JAX,CHI,17.0,41.0,-24.0,0.36958915036381423,0,False
2020,16,2020_16_ATL_KC,KC,ATL,17.0,14.0,3.0,0.8184582911548088,1,False
2020,16,2020_16_CLE_NYJ,NYJ,CLE,23.0,16.0,7.0,0.32252578805481785,1,False
2020,16,2020_16_IND_PIT,PIT,IND,28.0,24.0,4.0,0.5874523367248488,1,False
2020,16,2020_16_DEN_LAC,LAC,DEN,19.0,16.0,3.0,0.621637089090239,1,False
2020,16,2020_16_CAR_WAS,WAS,CAR,13.0,20.0,-7.0,0.6293776609176528,0,False
2020,16,2020_16_PHI_DAL,DAL,PHI,37.0,17.0,20.0,0.6268783923538263,1,False
2020,16,2020_16_LA_SEA,SEA,LA,20.0,9.0,11.0,0.5865069244596343,1,False
2020,16,2020_16_TEN_GB,GB,TEN,40.0,14.0,26.0,0.6298705833194708,1,False
2020,16,2020_16_BUF_NE,NE,BUF,9.0,38.0,-29.0,0.43640621829667087,0,False
2020,17,2020_17_MIA_BUF,BUF,MIA,56.0,26.0,30.0,0.6847148767203071,1,False
2020,17,2020_17_BAL_CIN,CIN,BAL,3.0,38.0,-35.0,0.30231007992124637,0,False
2020,17,2020_17_PIT_CLE,CLE,PIT,24.0,22.0,2.0,0.46316814010847457,1,False
2020,17,2020_17_MIN_DET,DET,MIN,35.0,37.0,-2.0,0.43849587145394436,0,False
2020,17,2020_17_NYJ_NE,NE,NYJ,28.0,14.0,14.0,0.7521535005072253,1,False
2020,17,2020_17_DAL_NYG,NYG,DAL,23.0,19.0,4.0,0.5106427485974736,1,False
2020,17,2020_17_ATL_TB,TB,ATL,44.0,27.0,17.0,0.7142469117751465,1,False
2020,17,2020_17_NO_CAR,CAR,NO,7.0,33.0,-26.0,0.31602237510038916,0,False
2020,17,2020_17_GB_CHI,CHI,GB,16.0,35.0,-19.0,0.41468218830430875,0,False
2020,17,2020_17_LV_DEN,DEN,LV,31.0,32.0,-1.0,0.5170760704848694,0,False
2020,17,2020_17_TEN_HOU,HOU,TEN,38.0,41.0,-3.0,0.4391245600568292,0,False
2020,17,2020_17_JAX_IND,IND,JAX,28.0,14.0,14.0,0.8256304352404413,1,False
2020,17,2020_17_LAC_KC,KC,LAC,21.0,38.0,-17.0,0.8352559735325222,0,False
2020,17,2020_17_ARI_LA,LA,ARI,18.0,7.0,11.0,0.6996358648003411,1,False
2020,17,2020_17_SEA_SF,SF,SEA,23.0,26.0,-3.0,0.3492548380368923,0,True
2020,17,2020_17_WAS_PHI,PHI,WAS,14.0,20.0,-6.0,0.5247736377744491,0,False
2021,1,2021_01_DAL_TB,TB,DAL,31.0,29.0,2.0,0.6983395880702353,1,False
2021,1,2021_01_PHI_ATL,ATL,PHI,6.0,32.0,-26.0,0.647237699871451,0,False
2021,1,2021_01_PIT_BUF,BUF,PIT,16.0,23.0,-7.0,0.6506139893723151,0,False
2021,1,2021_01_NYJ_CAR,CAR,NYJ,19.0,14.0,5.0,0.663463607524581,1,False
2021,1,2021_01_MIN_CIN,CIN,MIN,27.0,24.0,3.0,0.5395782342426054,1,False
2021,1,2021_01_SF_DET,DET,SF,33.0,41.0,-8.0,0.48875648968868635,0,False
2021,1,2021_01_JAX_HOU,HOU,JAX,37.0,21.0,16.0,0.6741938954189062,1,False
2021,1,2021_01_SEA_IND,IND,SEA,16.0,28.0,-12.0,0.5537907895468649,0,False
2021,1,2021_01_ARI_TEN,TEN,ARI,13.0,38.0,-25.0,0.669331366382855,0,False
2021,1,2021_01_LAC_WAS,WAS,LAC,16.0,20.0,-4.0,0.5653148366996057,0,False
2021,1,2021_01_CLE_KC,KC,CLE,33.0,29.0,4.0,0.7289925638218163,1,False
2021,1,2021_01_MIA_NE,NE,MIA,16.0,17.0,-1.0,0.5877761145915439,0,False
2021,1,2021_01_GB_NO,NO,GB,38.0,3.0,35.0,0.500650507870794,1,True
2021,1,2021_01_DEN_NYG,NYG,DEN,13.0,27.0,-14.0,0.6102413108052533,0,False
2021,1,2021_01_CHI_LA,LA,CHI,34.0,14.0,20.0,0.6487668596636215,1,False
2021,1,2021_01_BAL_LV,LV,BAL,33.0,27.0,6.0,0.46240045495586507,1,False
2021,2,2021_02_NYG_WAS,WAS,NYG,30.0,29.0,1.0,0.6026307464947577,1,False
2021,2,2021_02_NO_CAR,CAR,NO,26.0,7.0,19.0,0.38811257870455546,1,False
2021,2,2021_02_CIN_CHI,CHI,CIN,20.0,17.0,3.0,0.60272263106826,1,False
2021,2,2021_02_HOU_CLE,CLE,HOU,31.0,21.0,10.0,0.6019376540833512,1,False
2021,2,2021_02_LA_IND,IND,LA,24.0,27.0,-3.0,0.5349087640921808,0,False
2021,2,2021_02_DEN_JAX,JAX,DEN,13.0,23.0,-10.0,0.47287388513766726,0,False
2021,2,2021_02_BUF_MIA,MIA,BUF,0.0,35.0,-35.0,0.5085305159315182,0,False
2021,2,2021_02_NE_NYJ,NYJ,NE,6.0,25.0,-19.0,0.44325262826598294,0,False
2021,2,2021_02_SF_PHI,PHI,SF,11.0,17.0,-6.0,0.5159984829867554,0,False
2021,2,2021_02_LV_PIT,PIT,LV,17.0,26.0,-9.0,0.6315209209572875,0,False
2021,2,2021_02_MIN_ARI,ARI,MIN,34.0,33.0,1.0,0.6010201035095166,1,False
2021,2,2021_02_ATL_TB,TB,ATL,48.0,25.0,23.0,0.717595523506266,1,False
2021,2,2021_02_DAL_LAC,LAC,DAL,17.0,20.0,-3.0,0.6322672582557864,0,False
2021,2,2021_02_TEN_SEA,SEA,TEN,30.0,33.0,-3.0,0.6567550045488155,0,False
2021,2,2021_02_KC_BAL,BAL,KC,36.0,35.0,1.0,0.5057111825242769,1,False
2021,2,2021_02_DET_GB,GB,DET,35.0,17.0,18.0,0.7564136335654695,1,False
2021,3,2021_03_CAR_HOU,HOU,CAR,9.0,24.0,-15.0,0.5075642658001533,0,False
2021,3,2021_03_WAS_BUF,BUF,WAS,43.0,21.0,22.0,0.7277992308659421,1,False
2021,3,2021_03_CHI_CLE,CLE,CHI,26.0,6.0,20.0,0.6248507733537246,1,False
2021,3,2021_03_BAL_DET,DET,BAL,17.0,19.0,-2.0,0.3553978953400167,0,False
2021,3,2021_03_ARI_JAX,JAX,ARI,19.0,31.0,-12.0,0.42599091023956004,0,False
2021,3,2021_03_LAC_KC,KC,LAC,24.0,30.0,-6.0,0.742957835971185,0,False
2021,3,2021_03_NO_NE,NE,NO,13.0,28.0,-15.0,0.4888043376666643,0,False
2021,3,2021_03_ATL_NYG,NYG,ATL,14.0,17.0,-3.0,0.5989798988404487,0,False
2021,3,2021_03_CIN_PIT,PIT,CIN,10.0,24.0,-14.0,0.7008385628005359,0,False
2021,3,2021_03_IND_TEN,TEN,IND,25.0,16.0,9.0,0.6013757918592235,1,False
2021,3,2021_03_NYJ_DEN,DEN,NYJ,26.0,0.0,26.0,0.6946260029567639,1,False
2021,3,2021_03_MIA_LV,LV,MIA,31.0,28.0,3.0,0.6152758762297654,1,False
2021,3,2021_03_TB_LA,LA,TB,34.0,24.0,10.0,0.575770045834995,1,False
2021,3,2021_03_SEA_MIN,MIN,SEA,30.0,17.0,13.0,0.4589888953440711,1,False
2021,3,2021_03_GB_SF,SF,GB,28.0,30.0,-2.0,0.5066584332577796,0,False
2021,3,2021_03_PHI_DAL,DAL,PHI,41.0,21.0,20.0,0.643828762044482,1,False
2021,4,2021_04_JAX_CIN,CIN,JAX,24.0,21.0,3.0,0.7181193173356231,1,False
2021,4,2021_04_WAS_ATL,ATL,WAS,30.0,34.0,-4.0,0.5960022754063449,0,False
2021,4,2021_04_HOU_BUF,BUF,HOU,40.0,0.0,40.0,0.7706293923471528,1,False
2021,4,2021_04_DET_CHI,CHI,DET,24.0,14.0,10.0,0.6824786129768424,1,False
2021,4,2021_04_CAR_DAL,DAL,CAR,36.0,28.0,8.0,0.5621006208660717,1,False
2021,4,2021_04_IND_MIA,MIA,IND,17.0,27.0,-10.0,0.5839647451998381,0,False
2021,4,2021_04_CLE_MIN,MIN,CLE,7.0,14.0,-7.0,0.5381943472549366,0,False
2021,4,2021_04_NYG_NO,NO,NYG,21.0,27.0,-6.0,0.7595191939981587,0,False
2021,4,2021_04_TEN_NYJ,NYJ,TEN,27.0,24.0,3.0,0.32740596634279345,1,False
2021,4,2021_04_KC_PHI,PHI,KC,30.0,42.0,-12.0,0.3299278944053486,0,False
2021,4,2021_04_ARI_LA,LA,ARI,20.0,37.0,-17.0,0.7313508813867748,0,False
2021,4,2021_04_SEA_SF,SF,SEA,21.0,28.0,-7.0,0.5525028608801833,0,False
2021,4,2021_04_BAL_DEN,DEN,BAL,7.0,23.0,-16.0,0.479585597579001,0,False
2021,4,2021_04_PIT_GB,GB,PIT,27.0,17.0,10.0,0.6477946980866582,1,False
2021,4,2021_04_TB_NE,NE,TB,17.0,19.0,-2.0,0.4966018284164051,0,False
2021,4,2021_04_LV_LAC,LAC,LV,28.0,14.0,14.0,0.5394748904537274,1,False
2021,5,2021_05_LA_SEA,SEA,LA,17.0,26.0,-9.0,0.5091595518397405,0,False
2021,5,2021_05_NYJ_ATL,ATL,NYJ,27.0,20.0,7.0,0.587970643174305,1,True
2021,5,2021_05_PHI_CAR,CAR,PHI,18.0,21.0,-3.0,0.7123081406772364,0,False
2021,5,2021_05_GB_CIN,CIN,GB,22.0,25.0,-3.0,0.42557492943402186,0,False
2021,5,2021_05_NE_HOU,HOU,NE,22.0,25.0,-3.0,0.5105774050753775,0,False
2021,5,2021_05_TEN_JAX,JAX,TEN,19.0,37.0,-18.0,0.34953463084114644,0,False
2021,5,2021_05_DET_MIN,MIN,DET,19.0,17.0,2.0,0.7458314593421262,1,False
2021,5,2021_05_DEN_PIT,PIT,DEN,27.0,19.0,8.0,0.6248545286880431,1,False
2021,5,2021_05_MIA_TB,TB,MIA,45.0,17.0,28.0,0.6980610789820015,1,False
2021,5,2021_05_NO_WAS,WAS,NO,22.0,33.0,-11.0,0.43440296431344144,0,False
2021,5,2021_05_CLE_LAC,LAC,CLE,47.0,42.0,5.0,0.5691737864587482,1,False
2021,5,2021_05_CHI_LV,LV,CHI,9.0,20.0,-11.0,0.629303929504836,0,False
2021,5,2021_05_SF_ARI,ARI,SF,17.0,10.0,7.0,0.6057757938562721,1,False
2021,5,2021_05_NYG_DAL,DAL,NYG,44.0,20.0,24.0,0.6876391962712097,1,False
2021,5,2021_05_BUF_KC,KC,BUF,20.0,38.0,-18.0,0.568438273100093,0,False
2021,5,2021_05_IND_BAL,BAL,IND,31.0,25.0,6.0,0.680626414171871,1,False
2021,6,2021_06_TB_PHI,PHI,TB,22.0,28.0,-6.0,0.34556718043292445,0,False
2021,6,2021_06_MIA_JAX,JAX,MIA,23.0,20.0,3.0,0.3472680129872445,1,True
2021,6,2021_06_LAC_BAL,BAL,LAC,34.0,6.0,28.0,0.6466147370014292,1,False
2021,6,2021_06_MIN_CAR,CAR,MIN,28.0,34.0,-6.0,0.5763114521854104,0,False
2021,6,2021_06_GB_CHI,CHI,GB,14.0,24.0,-10.0,0.4393190062701191,0,False
2021,6,2021_06_CIN_DET,DET,CIN,11.0,34.0,-23.0,0.447937007598655,0,False
2021,6,2021_06_HOU_IND,IND,HOU,31.0,3.0,28.0,0.6791927088525692,1,False
2021,6,2021_06_LA_NYG,NYG,LA,11.0,38.0,-27.0,0.35669849001515613,0,False
2021,6,2021_06_KC_WAS,WAS,KC,13.0,31.0,-18.0,0.3897004422305955,0,False
2021,6,2021_06_ARI_CLE,CLE,ARI,14.0,37.0,-23.0,0.6015007075852232,0,False
2021,6,2021_06_LV_DEN,DEN,LV,24.0,34.0,-10.0,0.5427693005540962,0,False
2021,6,2021_06_DAL_NE,NE,DAL,29.0,35.0,-6.0,0.5137737137461478,0,False
2021,6,2021_06_SEA_PIT,PIT,SEA,23.0,20.0,3.0,0.594020917505382,1,False
2021,6,2021_06_BUF_TEN,TEN,BUF,34.0,31.0,3.0,0.4587578590687383,1,False
2021,7,2021_07_DEN_CLE,CLE,DEN,17.0,14.0,3.0,0.6763505626901155,1,False
2021,7,2021_07_CIN_BAL,BAL,CIN,17.0,41.0,-24.0,0.7700151113424635,0,False
2021,7,2021_07_WAS_GB,GB,WAS,24.0,10.0,14.0,0.7751061435900124,1,False
2021,7,2021_07_ATL_MIA,MIA,ATL,28.0,30.0,-2.0,0.5649332726153161,0,False
2021,7,2021_07_NYJ_NE,NE,NYJ,54.0,13.0,41.0,0.7457314192124198,1,False
2021,7,2021_07_CAR_NYG,NYG,CAR,25.0,3.0,22.0,0.5084439779477311,1,False
2021,7,2021_07_KC_TEN,TEN,KC,27.0,3.0,24.0,0.5227500554004078,1,False
2021,7,2021_07_DET_LA,LA,DET,28.0,19.0,9.0,0.8510410471914688,1,False
2021,7,2021_07_PHI_LV,LV,PHI,33.0,22.0,11.0,0.71090555379829,1,False
2021,7,2021_07_HOU_ARI,ARI,HOU,31.0,5.0,26.0,0.7527429739346654,1,False
2021,7,2021_07_CHI_TB,TB,CHI,38.0,3.0,35.0,0.7370428474832907,1,False
2021,7,2021_07_IND_SF,SF,IND,18.0,30.0,-12.0,0.525700692623883,0,False
2021,7,2021_07_NO_SEA,SEA,NO,10.0,13.0,-3.0,0.5069666956247756,0,False
2021,8,2021_08_GB_ARI,ARI,GB,21.0,24.0,-3.0,0.498904213685349,0,False
2021,8,2021_08_CAR_ATL,ATL,CAR,13.0,19.0,-6.0,0.6230547211286512,0,False
2021,8,2021_08_MIA_BUF,BUF,MIA,26.0,11.0,15.0,0.7956711833040809,1,False
2021,8,2021_08_SF_CHI,CHI,SF,22.0,33.0,-11.0,0.5838017278606077,0,False
2021,8,2021_08_PIT_CLE,CLE,PIT,10.0,15.0,-5.0,0.57849085115834,0,False
2021,8,2021_08_PHI_DET,DET,PHI,6.0,44.0,-38.0,0.5330328428553656,0,False
2021,8,2021_08_LA_HOU,HOU,LA,22.0,38.0,-16.0,0.28021375679169364,0,False
2021,8,2021_08_TEN_IND,IND,TEN,31.0,34.0,-3.0,0.5012776779320933,0,False
2021,8,2021_08_CIN_NYJ,NYJ,CIN,34.0,31.0,3.0,0.3947571516969677,1,False
2021,8,2021_08_NE_LAC,LAC,NE,24.0,27.0,-3.0,0.6013582939229922,0,False
2021,8,2021_08_JAX_SEA,SEA,JAX,31.0,7.0,24.0,0.7603584881749963,1,False
2021,8,2021_08_WAS_DEN,DEN,WAS,17.0,10.0,7.0,0.6095938483183392,1,False
2021,8,2021_08_TB_NO,NO,TB,36.0,27.0,9.0,0.5343377555263589,1,False
2021,8,2021_08_DAL_MIN,MIN,DAL,16.0,20.0,-4.0,0.5260311582528137,0,False
2021,8,2021_08_NYG_KC,KC,NYG,20.0,17.0,3.0,0.7201390052422888,1,False
2021,9,2021_09_NYJ_IND,IND,NYJ,45.0,30.0,15.0,0.7791441404841446,1,False
2021,9,2021_09_MIN_BAL,BAL,MIN,34.0,31.0,3.0,0.7257284116852094,1,False
2021,9,2021_09_NE_CAR,CAR,NE,6.0,24.0,-18.0,0.4989520864728027,0,False
2021,9,2021_09_CLE_CIN,CIN,CLE,16.0,41.0,-25.0,0.5045715090745351,0,False
2021,9,2021_09_DEN_DAL,DAL,DEN,16.0,30.0,-14.0,0.716375103159655,0,False
2021,9,2021_09_BUF_JAX,JAX,BUF,9.0,6.0,3.0,0.2358116386378844,1,False
2021,9,2021_09_HOU_MIA,MIA,HOU,17.0,9.0,8.0,0.6541978033746761,1,False
2021,9,2021_09_ATL_NO,NO,ATL,25.0,27.0,-2.0,0.7680105135918525,0,False
2021,9,2021_09_LV_NYG,NYG,LV,23.0,16.0,7.0,0.494128565671165,1,False
2021,9,2021_09_LAC_PHI,PHI,LAC,24.0,27.0,-3.0,0.43482490660808804,0,False
2021,9,2021_09_GB_KC,KC,GB,13.0,7.0,6.0,0.5250564688329229,1,False
2021,9,2021_09_ARI_SF,SF,ARI,17.0,31.0,-14.0,0.4917815731010077,0,False
2021,9,2021_09_TEN_LA,LA,TEN,16.0,28.0,-12.0,0.6163607082102773,0,False
2021,9,2021_09_CHI_PIT,PIT,CHI,29.0,27.0,2.0,0.7163839939819351,1,False
2021,10,2021_10_BAL_MIA,MIA,BAL,22.0,10.0,12.0,0.34592509121526976,1,False
2021,10,2021_10_ATL_DAL,DAL,ATL,43.0,3.0,40.0,0.6985123480439163,1,False
2021,10,2021_10_JAX_IND,IND,JAX,23.0,17.0,6.0,0.7802592215785621,1,False
2021,10,2021_10_CLE_NE,NE,CLE,45.0,7.0,38.0,0.5858191078595495,1,False
2021,10,2021_10_BUF_NYJ,NYJ,BUF,17.0,45.0,-28.0,0.26049991719169907,0,False
2021,10,2021_10_DET_PIT,PIT,DET,16.0,16.0,0.0,0.8280426693863635,0,False
2021,10,2021_10_NO_TEN,TEN,NO,23.0,21.0,2.0,0.6016443995294778,1,False
2021,10,2021_10_TB_WAS,WAS,TB,29.0,19.0,10.0,0.34108036788538865,1,False
2021,10,2021_10_CAR_ARI,ARI,CAR,10.0,34.0,-24.0,0.7201493947864466,0,False
2021,10,2021_10_MIN_LAC,LAC,MIN,20.0,27.0,-7.0,0.6236381686227211,0,False
2021,10,2021_10_PHI_DEN,DEN,PHI,13.0,30.0,-17.0,0.6951898032758743,0,False
2021,10,2021_10_SEA_GB,GB,SEA,17.0,0.0,17.0,0.6858335723418565,1,False
2021,10,2021_10_KC_LV,LV,KC,14.0,41.0,-27.0,0.45330477761046456,0,False
2021,10,2021_10_LA_SF,SF,LA,31.0,10.0,21.0,0.39771115011829106,1,False
2021,11,2021_11_NE_ATL,ATL,NE,0.0,25.0,-25.0,0.4238354278065288,0,False
2021,11,2021_11_IND_BUF,BUF,IND,15.0,41.0,-26.0,0.6646940927970555,0,False
2021,11,2021_11_WAS_CAR,CAR,WAS,21.0,27.0,-6.0,0.6003442395854418,0,False
2021,11,2021_11_BAL_CHI,CHI,BAL,13.0,16.0,-3.0,0.40532198429492067,0,False
2021,11,2021_11_DET_CLE,CLE,DET,13.0,10.0,3.0,0.7581987071333028,1,False
2021,11,2021_11_SF_JAX,JAX,SF,10.0,30.0,-20.0,0.3882787938577232,0,False
2021,11,2021_11_GB_MIN,MIN,GB,34.0,31.0,3.0,0.42491739247884913,1,False
2021,11,2021_11_MIA_NYJ,NYJ,MIA,17.0,24.0,-7.0,0.40033200033631744,0,False
2021,11,2021_11_NO_PHI,PHI,NO,40.0,29.0,11.0,0.3433241654475069,1,False
2021,11,2021_11_HOU_TEN,TEN,HOU,13.0,22.0,-9.0,0.8622464620293977,0,False
2021,11,2021_11_CIN_LV,LV,CIN,13.0,32.0,-19.0,0.6396450662399109,0,False
2021,11,2021_11_DAL_KC,KC,DAL,19.0,9.0,10.0,0.6180762809517156,1,False
2021,11,2021_11_ARI_SEA,SEA,ARI,13.0,23.0,-10.0,0.5430735576004436,0,False
2021,11,2021_11_PIT_LAC,LAC,PIT,41.0,37.0,4.0,0.5435532087619512,1,False
2021,11,2021_11_NYG_TB,TB,NYG,30.0,10.0,20.0,0.6920617765801467,1,False
2021,12,2021_12_CHI_DET,DET,CHI,14.0,16.0,-2.0,0.4654453915852596,0,False
2021,12,2021_12_LV_DAL,DAL,LV,33.0,36.0,-3.0,0.6897567383897131,0,False
2021,12,2021_12_BUF_NO,NO,BUF,6.0,31.0,-25.0,0.5272677722902352,0,False
2021,12,2021_12_PIT_CIN,CIN,PIT,41.0,10.0,31.0,0.5057636049094821,1,False
2021,12,2021_12_NYJ_HOU,HOU,NYJ,14.0,21.0,-7.0,0.630700766642114,0,False
2021,12,2021_12_TB_IND,IND,TB,31.0,38.0,-7.0,0.5565785618896538,0,False
2021,12,2021_12_ATL_JAX,JAX,ATL,14.0,21.0,-7.0,0.4842308402934575,0,False
2021,12,2021_12_CAR_MIA,MIA,CAR,33.0,10.0,23.0,0.6403659745352038,1,False
2021,12,2021_12_TEN_NE,NE,TEN,36.0,13.0,23.0,0.5475337026381588,1,False
2021,12,2021_12_PHI_NYG,NYG,PHI,13.0,7.0,6.0,0.6066853508668689,1,False
2021,12,2021_12_LAC_DEN,DEN,LAC,28.0,13.0,15.0,0.5061176720261873,1,False
2021,12,2021_12_LA_GB,GB,LA,36.0,28.0,8.0,0.6485048462331326,1,False
2021,12,2021_12_MIN_SF,SF,MIN,34.0,26.0,8.0,0.5853088408285875,1,False
2021,12,2021_12_CLE_BAL,BAL,CLE,16.0,10.0,6.0,0.6960097394984737,1,False
2021,12,2021_12_SEA_WAS,WAS,SEA,17.0,15.0,2.0,0.5385855995948319,1,False
2021,13,2021_13_DAL_NO,NO,DAL,17.0,27.0,-10.0,0.5764575206805914,0,False
2021,13,2021_13_TB_ATL,ATL,TB,17.0,30.0,-13.0,0.39501567946469696,0,False
2021,13,2021_13_ARI_CHI,CHI,ARI,22.0,33.0,-11.0,0.4503620740052788,0,False
2021,13,2021_13_LAC_CIN,CIN,LAC,22.0,41.0,-19.0,0.6103986352156422,0,False
2021,13,2021_13_MIN_DET,DET,MIN,29.0,27.0,2.0,0.3767991602190091,1,False
2021,13,2021_13_IND_HOU,HOU,IND,0.0,31.0,-31.0,0.336671093658693,0,False
2021,13,2021_13_NYG_MIA,MIA,NYG,20.0,9.0,11.0,0.6461270012559931,1,False
2021,13,2021_13_PHI_NYJ,NYJ,PHI,18.0,33.0,-15.0,0.48348103121061736,0,False
2021,13,2021_13_JAX_LA,LA,JAX,37.0,7.0,30.0,0.8043528214165498,1,False
2021,13,2021_13_WAS_LV,LV,WAS,15.0,17.0,-2.0,0.6213873366891276,0,False
2021,13,2021_13_BAL_PIT,PIT,BAL,20.0,19.0,1.0,0.43476607060514816,1,False
2021,13,2021_13_SF_SEA,SEA,SF,30.0,23.0,7.0,0.5172537767543673,1,False
2021,13,2021_13_DEN_KC,KC,DEN,22.0,9.0,13.0,0.7454278241571493,1,False
2021,13,2021_13_NE_BUF,BUF,NE,10.0,14.0,-4.0,0.5833139695259095,0,False
2021,14,2021_14_PIT_MIN,MIN,PIT,36.0,28.0,8.0,0.5759719596581407,1,False
2021,14,2021_14_ATL_CAR,CAR,ATL,21.0,29.0,-8.0,0.566869294212405,0,False
2021,14,2021_14_BAL_CLE,CLE,BAL,24.0,22.0,2.0,0.45188368192231243,1,False
2021,14,2021_14_SEA_HOU,HOU,SEA,13.0,33.0,-20.0,0.3803094834756284,0,False
2021,14,2021_14_LV_KC,KC,LV,48.0,9.0,39.0,0.7779246306014449,1,False
2021,14,2021_14_NO_NYJ,NYJ,NO,9.0,30.0,-21.0,0.332463091203534,0,False
2021,14,2021_14_JAX_TEN,TEN,JAX,20.0,0.0,20.0,0.8389050663412567,1,False
2021,14,2021_14_DAL_WAS,WAS,DAL,20.0,27.0,-7.0,0.4830759668097353,0,False
2021,14,2021_14_DET_DEN,DEN,DET,38.0,10.0,28.0,0.7442424396809789,1,False
2021,14,2021_14_NYG_LAC,LAC,NYG,37.0,21.0,16.0,0.6571166150649007,1,False
2021,14,2021_14_SF_CIN,CIN,SF,23.0,26.0,-3.0,0.5728732801613226,0,False
2021,14,2021_14_BUF_TB,TB,BUF,33.0,27.0,6.0,0.5915163778214548,1,False
2021,14,2021_14_CHI_GB,GB,CHI,45.0,30.0,15.0,0.802219361086347,1,False
2021,14,2021_14_LA_ARI,ARI,LA,23.0,30.0,-7.0,0.5837624996470225,0,False
2021,15,2021_15_KC_LAC,LAC,KC,28.0,34.0,-6.0,0.4027352335869646,0,False
2021,15,2021_15_NE_IND,IND,NE,27.0,17.0,10.0,0.5075535842190878,1,False
2021,15,2021_15_CAR_BUF,BUF,CAR,31.0,14.0,17.0,0.7782298101102134,1,False
2021,15,2021_15_ARI_DET,DET,ARI,30.0,12.0,18.0,0.3134182546347692,1,False
2021,15,2021_15_HOU_JAX,JAX,HOU,16.0,30.0,-14.0,0.5559008734173693,0,False
2021,15,2021_15_NYJ_MIA,MIA,NYJ,31.0,24.0,7.0,0.8163030138015687,1,False
2021,15,2021_15_DAL_NYG,NYG,DAL,6.0,21.0,-15.0,0.40465353961331874,0,False
2021,15,2021_15_TEN_PIT,PIT,TEN,19.0,13.0,6.0,0.44276874670638067,1,False
2021,15,2021_15_CIN_DEN,DEN,CIN,10.0,15.0,-5.0,0.6085828144669324,0,False
2021,15,2021_15_ATL_SF,SF,ATL,31.0,13.0,18.0,0.6882881551687842,1,False
2021,15,2021_15_GB_BAL,BAL,GB,30.0,31.0,-1.0,0.5047794494726421,0,False
2021,15,2021_15_NO_TB,TB,NO,0.0,9.0,-9.0,0.689107316376215,0,False
2021,15,2021_15_LV_CLE,CLE,LV,14.0,16.0,-2.0,0.641553897847307,0,False
2021,15,2021_15_MIN_CHI,CHI,MIN,9.0,17.0,-8.0,0.48150368652012415,0,False
2021,15,2021_15_SEA_LA,LA,SEA,20.0,10.0,10.0,0.6585403441705143,1,False
2021,15,2021_15_WAS_PHI,PHI,WAS,27.0,17.0,10.0,0.5331977898394985,1,False
2021,16,2021_16_SF_TEN,TEN,SF,20.0,17.0,3.0,0.6015106305163672,1,False
2021,16,2021_16_CLE_GB,GB,CLE,24.0,22.0,2.0,0.7692756698242743,1,False
2021,16,2021_16_IND_ARI,ARI,IND,16.0,22.0,-6.0,0.4717366290032018,0,False
2021,16,2021_16_DET_ATL,ATL,DET,20.0,16.0,4.0,0.6388394313189844,1,False
2021,16,2021_16_TB_CAR,CAR,TB,6.0,32.0,-26.0,0.31671048435786203,0,False
2021,16,2021_16_BAL_CIN,CIN,BAL,41.0,21.0,20.0,0.5003414381848401,1,False
2021,16,2021_16_LAC_HOU,HOU,LAC,41.0,29.0,12.0,0.3685762538606185,1,False
2021,16,2021_16_LA_MIN,MIN,LA,23.0,30.0,-7.0,0.48875288906324355,0,False
2021,16,2021_16_BUF_NE,NE,BUF,21.0,33.0,-12.0,0.5854273292712318,0,False
2021,16,2021_16_JAX_NYJ,NYJ,JAX,26.0,21.0,5.0,0.6045813385382018,1,False
2021,16,2021_16_NYG_PHI,PHI,NYG,34.0,10.0,24.0,0.6393666362289353,1,False
2021,16,2021_16_CHI_SEA,SEA,CHI,24.0,25.0,-1.0,0.6871548992873553,0,False
2021,16,2021_16_PIT_KC,KC,PIT,36.0,10.0,26.0,0.7901422074956446,1,False
2021,16,2021_16_DEN_LV,LV,DEN,17.0,13.0,4.0,0.5580581385320377,1,False
2021,16,2021_16_WAS_DAL,DAL,WAS,56.0,14.0,42.0,0.7423066747013217,1,False
2021,16,2021_16_MIA_NO,NO,MIA,3.0,20.0,-17.0,0.5893430501429704,0,False
2021,17,2021_17_LA_BAL,BAL,LA,19.0,20.0,-1.0,0.5067768857456965,0,False
2021,17,2021_17_ATL_BUF,BUF,ATL,29.0,15.0,14.0,0.7779297027539549,1,False
2021,17,2021_17_NYG_CHI,CHI,NYG,29.0,3.0,26.0,0.6385475714107363,1,False
2021,17,2021_17_KC_CIN,CIN,KC,34.0,31.0,3.0,0.3905180060958838,1,False
2021,17,2021_17_LV_IND,IND,LV,20.0,23.0,-3.0,0.7126660675463127,0,False
2021,17,2021_17_JAX_NE,NE,JAX,50.0,10.0,40.0,0.8712154568350279,1,False
2021,17,2021_17_TB_NYJ,NYJ,TB,24.0,28.0,-4.0,0.2538235124667146,0,False
2021,17,2021_17_MIA_TEN,TEN,MIA,34.0,3.0,31.0,0.6072408563679764,1,False
2021,17,2021_17_PHI_WAS,WAS,PHI,16.0,20.0,-4.0,0.4994900074520576,0,False
2021,17,2021_17_DEN_LAC,LAC,DEN,34.0,13.0,21.0,0.594362544064799,1,False
2021,17,2021_17_HOU_SF,SF,HOU,23.0,7.0,16.0,0.7517820341242042,1,False
2021,17,2021_17_ARI_DAL,DAL,ARI,22.0,25.0,-3.0,0.7221704362711625,0,False
2021,17,2021_17_CAR_NO,NO,CAR,18.0,10.0,8.0,0.7637392459958553,1,False
2021,17,2021_17_DET_SEA,SEA,DET,51.0,29.0,22.0,0.7303961480390917,1,False
2021,17,2021_17_MIN_GB,GB,MIN,37.0,10.0,27.0,0.7643165183160657,1,False
2021,17,2021_17_CLE_PIT,PIT,CLE,26.0,14.0,12.0,0.5825718803578287,1,False
2021,18,2021_18_KC_DEN,DEN,KC,24.0,28.0,-4.0,0.30286818785516423,0,False
2021,18,2021_18_DAL_PHI,PHI,DAL,26.0,51.0,-25.0,0.4690754528670657,0,False
2021,18,2021_18_PIT_BAL,BAL,PIT,13.0,16.0,-3.0,0.6141749152852862,0,False
2021,18,2021_18_CIN_CLE,CLE,CIN,21.0,16.0,5.0,0.4542474531502388,1,False
2021,18,2021_18_GB_DET,DET,GB,37.0,30.0,7.0,0.1982877709450148,1,False
2021,18,2021_18_TEN_HOU,HOU,TEN,25.0,28.0,-3.0,0.3002817314774482,0,False
2021,18,2021_18_IND_JAX,JAX,IND,26.0,11.0,15.0,0.22531798862786576,1,False
2021,18,2021_18_CHI_MIN,MIN,CHI,31.0,17.0,14.0,0.6275674250060133,1,False
2021,18,2021_18_WAS_NYG,NYG,WAS,7.0,22.0,-15.0,0.5214861517120892,0,False
2021,18,2021_18_SEA_ARI,ARI,SEA,30.0,38.0,-8.0,0.5814441933617985,0,False
2021,18,2021_18_NO_ATL,ATL,NO,20.0,30.0,-10.0,0.4149997588094592,0,False
2021,18,2021_18_NYJ_BUF,BUF,NYJ,27.0,10.0,17.0,0.8661867054880739,1,False
2021,18,2021_18_SF_LA,LA,SF,24.0,27.0,-3.0,0.6558640603658913,0,False
2021,18,2021_18_NE_MIA,MIA,NE,33.0,24.0,9.0,0.4981697471818477,1,False
2021,18,2021_18_CAR_TB,TB,CAR,41.0,17.0,24.0,0.8375418642692879,1,False
2021,18,2021_18_LAC_LV,LV,LAC,35.0,32.0,3.0,0.5747804879121794,1,False
2022,1,2022_01_BUF_LA,LA,BUF,10.0,31.0,-21.0,0.5666026210868031,0,False
2022,1,2022_01_NO_ATL,ATL,NO,26.0,27.0,-1.0,0.4784999884807414,0,False
2022,1,2022_01_CLE_CAR,CAR,CLE,24.0,26.0,-2.0,0.4958370188170267,0,False
2022,1,2022_01_SF_CHI,CHI,SF,19.0,10.0,9.0,0.4900190968330668,1,False
2022,1,2022_01_PIT_CIN,CIN,PIT,20.0,23.0,-3.0,0.6092980215976824,0,False
2022,1,2022_01_PHI_DET,DET,PHI,35.0,38.0,-3.0,0.5146075627581279,0,False
2022,1,2022_01_IND_HOU,HOU,IND,20.0,20.0,0.0,0.4730082922951392,0,False
2022,1,2022_01_NE_MIA,MIA,NE,20.0,7.0,13.0,0.584234319860879,1,False
2022,1,2022_01_BAL_NYJ,NYJ,BAL,9.0,24.0,-15.0,0.44103099985137506,0,False
2022,1,2022_01_JAX_WAS,WAS,JAX,28.0,22.0,6.0,0.6536136374507612,1,False
2022,1,2022_01_KC_ARI,ARI,KC,21.0,44.0,-23.0,0.44605483845779886,0,False
2022,1,2022_01_LV_LAC,LAC,LV,24.0,19.0,5.0,0.5788424642257619,1,False
2022,1,2022_01_GB_MIN,MIN,GB,23.0,7.0,16.0,0.4967832669410703,1,False
2022,1,2022_01_NYG_TEN,TEN,NYG,20.0,21.0,-1.0,0.7678050269422068,0,False
2022,1,2022_01_TB_DAL,DAL,TB,3.0,19.0,-16.0,0.565261635774183,0,False
2022,1,2022_01_DEN_SEA,SEA,DEN,17.0,16.0,1.0,0.6461373933458218,1,False
2022,2,2022_02_LAC_KC,KC,LAC,27.0,24.0,3.0,0.703129979608988,1,False
2022,2,2022_02_MIA_BAL,BAL,MIA,38.0,42.0,-4.0,0.5337346604807224,0,False
2022,2,2022_02_NYJ_CLE,CLE,NYJ,30.0,31.0,-1.0,0.7190104953072342,0,False
2022,2,2022_02_WAS_DET,DET,WAS,36.0,27.0,9.0,0.5389696258339065,1,False
2022,2,2022_02_IND_JAX,JAX,IND,24.0,0.0,24.0,0.4132569896633483,1,False
2022,2,2022_02_TB_NO,NO,TB,10.0,20.0,-10.0,0.5363198939442883,0,False
2022,2,2022_02_CAR_NYG,NYG,CAR,19.0,16.0,3.0,0.605573996222853,1,False
2022,2,2022_02_NE_PIT,PIT,NE,14.0,17.0,-3.0,0.6038918856834825,0,False
2022,2,2022_02_ATL_LA,LA,ATL,31.0,27.0,4.0,0.718741677422458,1,False
2022,2,2022_02_SEA_SF,SF,SEA,27.0,7.0,20.0,0.5794809867396409,1,False
2022,2,2022_02_CIN_DAL,DAL,CIN,20.0,17.0,3.0,0.6351592246325896,1,False
2022,2,2022_02_HOU_DEN,DEN,HOU,16.0,9.0,7.0,0.6439834802907949,1,False
2022,2,2022_02_ARI_LV,LV,ARI,23.0,29.0,-6.0,0.5925146619992986,0,False
2022,2,2022_02_CHI_GB,GB,CHI,27.0,10.0,17.0,0.6582885929115688,1,False
2022,2,2022_02_TEN_BUF,BUF,TEN,41.0,7.0,34.0,0.6295119749527517,1,False
2022,2,2022_02_MIN_PHI,PHI,MIN,24.0,7.0,17.0,0.5329750456339233,1,False
2022,3,2022_03_PIT_CLE,CLE,PIT,29.0,17.0,12.0,0.5626331975838678,1,False
2022,3,2022_03_NO_CAR,CAR,NO,22.0,14.0,8.0,0.41173507881623456,1,False
2022,3,2022_03_HOU_CHI,CHI,HOU,23.0,20.0,3.0,0.6720255646441653,1,False
2022,3,2022_03_KC_IND,IND,KC,20.0,17.0,3.0,0.39331041484786056,1,False
2022,3,2022_03_BUF_MIA,MIA,BUF,21.0,19.0,2.0,0.5250089801125449,1,False
2022,3,2022_03_DET_MIN,MIN,DET,28.0,24.0,4.0,0.6588277605642,1,False
2022,3,2022_03_BAL_NE,NE,BAL,26.0,37.0,-11.0,0.601774642543281,0,False
2022,3,2022_03_CIN_NYJ,NYJ,CIN,12.0,27.0,-15.0,0.4592103479921208,0,False
2022,3,2022_03_LV_TEN,TEN,LV,24.0,22.0,2.0,0.6386156209305512,1,False
2022,3,2022_03_PHI_WAS,WAS,PHI,8.0,24.0,-16.0,0.46784051191628134,0,False
2022,3,2022_03_JAX_LAC,LAC,JAX,10.0,38.0,-28.0,0.6839268234669083,0,False
2022,3,2022_03_LA_ARI,ARI,LA,12.0,20.0,-8.0,0.5082443284718232,0,False
2022,3,2022_03_ATL_SEA,SEA,ATL,23.0,27.0,-4.0,0.6549571374346391,0,False
2022,3,2022_03_GB_TB,TB,GB,12.0,14.0,-2.0,0.6201875360153094,0,False
2022,3,2022_03_SF_DEN,DEN,SF,11.0,10.0,1.0,0.513602656184121,1,False
2022,3,2022_03_DAL_NYG,NYG,DAL,16.0,23.0,-7.0,0.42646322575911183,0,False
2022,4,2022_04_MIA_CIN,CIN,MIA,27.0,15.0,12.0,0.49541814933563333,1,False
2022,4,2022_04_MIN_NO,NO,MIN,25.0,28.0,-3.0,0.46887569411096724,0,True
2022,4,2022_04_CLE_ATL,ATL,CLE,23.0,20.0,3.0,0.4915950614562756,1,False
2022,4,2022_04_BUF_BAL,BAL,BUF,20.0,23.0,-3.0,0.4765986184406316,0,False
2022,4,2022_04_WAS_DAL,DAL,WAS,25.0,10.0,15.0,0.7458767664286241,1,False
2022,4,2022_04_SEA_DET,DET,SEA,45.0,48.0,-3.0,0.5515338403981378,0,False
2022,4,2022_04_LAC_HOU,HOU,LAC,24.0,34.0,-10.0,0.44407162505732023,0,False
2022,4,2022_04_TEN_IND,IND,TEN,17.0,24.0,-7.0,0.5439795363380281,0,False
2022,4,2022_04_CHI_NYG,NYG,CHI,20.0,12.0,8.0,0.5353943676991318,1,False
2022,4,2022_04_JAX_PHI,PHI,JAX,29.0,21.0,8.0,0.7097842106498407,1,False
2022,4,2022_04_NYJ_PIT,PIT,NYJ,20.0,24.0,-4.0,0.6953745587720918,0,False
2022,4,2022_04_ARI_CAR,CAR,ARI,16.0,26.0,-10.0,0.5136455461892099,0,False
2022,4,2022_04_NE_GB,GB,NE,27.0,24.0,3.0,0.6761998450317982,1,False
2022,4,2022_04_DEN_LV,LV,DEN,32.0,23.0,9.0,0.5713969887708353,1,False
2022,4,2022_04_KC_TB,TB,KC,31.0,41.0,-10.0,0.5699761593281254,0,False
2022,4,2022_04_LA_SF,SF,LA,24.0,9.0,15.0,0.5439797918576266,1,False
2022,5,2022_05_IND_DEN,DEN,IND,9.0,12.0,-3.0,0.56146901348058,0,False
2022,5,2022_05_NYG_GB,GB,NYG,22.0,27.0,-5.0,0.6663945111538347,0,True
2022,5,2022_05_PIT_BUF,BUF,PIT,38.0,3.0,35.0,0.753426965412444,1,False
2022,5,2022_05_LAC_CLE,CLE,LAC,28.0,30.0,-2.0,0.5844609705450978,0,False
2022,5,2022_05_HOU_JAX,JAX,HOU,6.0,13.0,-7.0,0.6480045166053799,0,False
2022,5,2022_05_CHI_MIN,MIN,CHI,29.0,22.0,7.0,0.6928579107688079,1,False
2022,5,2022_05_DET_NE,NE,DET,29.0,0.0,29.0,0.6693077971287239,1,False
2022,5,2022_05_SEA_NO,NO,SEA,39.0,32.0,7.0,0.6103172129331441,1,False
2022,5,2022_05_MIA_NYJ,NYJ,MIA,40.0,17.0,23.0,0.40612177949760175,1,False
2022,5,2022_05_ATL_TB,TB,ATL,21.0,15.0,6.0,0.7302874075641312,1,False
2022,5,2022_05_TEN_WAS,WAS,TEN,17.0,21.0,-4.0,0.434478142539541,0,False
2022,5,2022_05_SF_CAR,CAR,SF,15.0,37.0,-22.0,0.4099316738105978,0,False
2022,5,2022_05_PHI_ARI,ARI,PHI,17.0,20.0,-3.0,0.5133947303175588,0,False
2022,5,2022_05_DAL_LA,LA,DAL,10.0,22.0,-12.0,0.5242715217966016,0,False
2022,5,2022_05_CIN_BAL,BAL,CIN,19.0,17.0,2.0,0.5534088516307394,1,False
2022,5,2022_05_LV_KC,KC,LV,30.0,29.0,1.0,0.721988121133908,1,False
2022,6,2022_06_WAS_CHI,CHI,WAS,7.0,12.0,-5.0,0.6175963541031002,0,False
2022,6,2022_06_SF_ATL,ATL,SF,28.0,14.0,14.0,0.4292458436799202,1,False
2022,6,2022_06_NE_CLE,CLE,NE,15.0,38.0,-23.0,0.5454655380013443,0,False
2022,6,2022_06_NYJ_GB,GB,NYJ,10.0,27.0,-17.0,0.7372475157728929,0,False
2022,6,2022_06_JAX_IND,IND,JAX,34.0,27.0,7.0,0.6847089304322487,1,False
2022,6,2022_06_MIN_MIA,MIA,MIN,16.0,24.0,-8.0,0.5255835009417151,0,False
2022,6,2022_06_CIN_NO,NO,CIN,26.0,30.0,-4.0,0.5754963334627566,0,False
2022,6,2022_06_BAL_NYG,NYG,BAL,24.0,20.0,4.0,0.520479186120896,1,False
2022,6,2022_06_TB_PIT,PIT,TB,20.0,18.0,2.0,0.40519586431280397,1,False
2022,6,2022_06_CAR_LA,LA,CAR,24.0,10.0,14.0,0.7200795610811539,1,False
2022,6,2022_06_ARI_SEA,SEA,ARI,19.0,9.0,10.0,0.5490937796764661,1,False
2022,6,2022_06_BUF_KC,KC,BUF,20.0,24.0,-4.0,0.5643623426228765,0,False
2022,6,2022_06_DAL_PHI,PHI,DAL,26.0,17.0,9.0,0.5552486827659564,1,False
2022,6,2022_06_DEN_LAC,LAC,DEN,19.0,16.0,3.0,0.6626700107499278,1,False
2022,7,2022_07_NO_ARI,ARI,NO,42.0,34.0,8.0,0.5333614217848794,1,False
2022,7,2022_07_CLE_BAL,BAL,CLE,23.0,20.0,3.0,0.6176312096816716,1,False
2022,7,2022_07_TB_CAR,CAR,TB,21.0,3.0,18.0,0.3679225392386157,1,False
2022,7,2022_07_ATL_CIN,CIN,ATL,35.0,17.0,18.0,0.6549057267240376,1,False
2022,7,2022_07_DET_DAL,DAL,DET,24.0,6.0,18.0,0.773769666201426,1,False
2022,7,2022_07_NYG_JAX,JAX,NYG,17.0,23.0,-6.0,0.474112033189628,0,False
2022,7,2022_07_IND_TEN,TEN,IND,19.0,10.0,9.0,0.6315830385823878,1,False
2022,7,2022_07_GB_WAS,WAS,GB,23.0,21.0,2.0,0.3977827328219642,1,False
2022,7,2022_07_NYJ_DEN,DEN,NYJ,9.0,16.0,-7.0,0.5633235708526562,0,False
2022,7,2022_07_HOU_LV,LV,HOU,38.0,20.0,18.0,0.7152788039599703,1,False
2022,7,2022_07_SEA_LAC,LAC,SEA,23.0,37.0,-14.0,0.6394864360612097,0,False
2022,7,2022_07_KC_SF,SF,KC,23.0,44.0,-21.0,0.4904747457444607,0,False
2022,7,2022_07_PIT_MIA,MIA,PIT,16.0,10.0,6.0,0.6257251039200942,1,False
2022,7,2022_07_CHI_NE,NE,CHI,14.0,33.0,-19.0,0.7230752944767963,0,False
2022,8,2022_08_BAL_TB,TB,BAL,22.0,27.0,-5.0,0.5993616132092778,0,False
2022,8,2022_08_DEN_JAX,JAX,DEN,17.0,21.0,-4.0,0.4453935406502087,0,True
2022,8,2022_08_CAR_ATL,ATL,CAR,37.0,34.0,3.0,0.6039126784816328,1,False
2022,8,2022_08_CHI_DAL,DAL,CHI,49.0,29.0,20.0,0.763291143734597,1,False
2022,8,2022_08_MIA_DET,DET,MIA,27.0,31.0,-4.0,0.4302095186575346,0,False
2022,8,2022_08_ARI_MIN,MIN,ARI,34.0,26.0,8.0,0.6720085149745468,1,False
2022,8,2022_08_LV_NO,NO,LV,24.0,0.0,24.0,0.5474988358857904,1,False
2022,8,2022_08_NE_NYJ,NYJ,NE,17.0,22.0,-5.0,0.5252853194711817,0,False
2022,8,2022_08_PIT_PHI,PHI,PIT,35.0,13.0,22.0,0.7598004357566817,1,False
2022,8,2022_08_TEN_HOU,HOU,TEN,10.0,17.0,-7.0,0.338611226519239,0,False
2022,8,2022_08_WAS_IND,IND,WAS,16.0,17.0,-1.0,0.6557604019008832,0,False
2022,8,2022_08_SF_LA,LA,SF,14.0,31.0,-17.0,0.6254960533439887,0,False
2022,8,2022_08_NYG_SEA,SEA,NYG,27.0,13.0,14.0,0.59223157708355,1,False
2022,8,2022_08_GB_BUF,BUF,GB,27.0,17.0,10.0,0.7018289236678006,1,False
2022,8,2022_08_CIN_CLE,CLE,CIN,32.0,13.0,19.0,0.47042044640345737,1,False
2022,9,2022_09_PHI_HOU,HOU,PHI,17.0,29.0,-12.0,0.2808314646010424,0,False
2022,9,2022_09_LAC_ATL,ATL,LAC,17.0,20.0,-3.0,0.5365027485203825,0,False
2022,9,2022_09_MIA_CHI,CHI,MIA,32.0,35.0,-3.0,0.45981923657287216,0,False
2022,9,2022_09_CAR_CIN,CIN,CAR,42.0,21.0,21.0,0.696604769874359,1,False
2022,9,2022_09_GB_DET,DET,GB,15.0,9.0,6.0,0.396406552009262,1,False
2022,9,2022_09_LV_JAX,JAX,LV,27.0,20.0,7.0,0.4752963511224465,1,False
2022,9,2022_09_IND_NE,NE,IND,26.0,3.0,23.0,0.6555414072152341,1,False
2022,9,2022_09_BUF_NYJ,NYJ,BUF,20.0,17.0,3.0,0.34080150419063077,1,False
2022,9,2022_09_MIN_WAS,WAS,MIN,17.0,20.0,-3.0,0.4239974417973996,0,False
2022,9,2022_09_SEA_ARI,ARI,SEA,21.0,31.0,-10.0,0.5220393576017721,0,False
2022,9,2022_09_LA_TB,TB,LA,16.0,13.0,3.0,0.5609448455522997,1,False
2022,9,2022_09_TEN_KC,KC,TEN,20.0,17.0,3.0,0.6470021235117184,1,False
2022,9,2022_09_BAL_NO,NO,BAL,13.0,27.0,-14.0,0.5845172889240414,0,False
2022,10,2022_10_ATL_CAR,CAR,ATL,25.0,15.0,10.0,0.5182196184400719,1,False
2022,10,2022_10_SEA_TB,TB,SEA,21.0,16.0,5.0,0.5014948037795095,1,True
2022,10,2022_10_MIN_BUF,BUF,MIN,30.0,33.0,-3.0,0.6638497673713062,0,False
2022,10,2022_10_DET_CHI,CHI,DET,30.0,31.0,-1.0,0.5873556316130226,0,False
2022,10,2022_10_JAX_KC,KC,JAX,27.0,17.0,10.0,0.8142589768862804,1,False
2022,10,2022_10_CLE_MIA,MIA,CLE,39.0,17.0,22.0,0.6031212393494753,1,False
2022,10,2022_10_HOU_NYG,NYG,HOU,24.0,16.0,8.0,0.7173298252525948,1,False
2022,10,2022_10_NO_PIT,PIT,NO,20.0,10.0,10.0,0.4775569647627364,1,False
2022,10,2022_10_DEN_TEN,TEN,DEN,17.0,10.0,7.0,0.72543768319588,1,False
2022,10,2022_10_IND_LV,LV,IND,20.0,25.0,-5.0,0.5899354928400274,0,False
2022,10,2022_10_DAL_GB,GB,DAL,31.0,28.0,3.0,0.457792044035582,1,False
2022,10,2022_10_ARI_LA,LA,ARI,17.0,27.0,-10.0,0.6660974033987289,0,False
2022,10,2022_10_LAC_SF,SF,LAC,22.0,16.0,6.0,0.6024909466956376,1,False
2022,10,2022_10_WAS_PHI,PHI,WAS,21.0,32.0,-11.0,0.7850997488549513,0,False
2022,11,2022_11_TEN_GB,GB,TEN,17.0,27.0,-10.0,0.5276077376133852,0,False
2022,11,2022_11_CHI_ATL,ATL,CHI,27.0,24.0,3.0,0.6356956798145039,1,False
2022,11,2022_11_CAR_BAL,BAL,CAR,13.0,3.0,10.0,0.7041073899100664,1,False
2022,11,2022_11_CLE_BUF,BUF,CLE,31.0,23.0,8.0,0.687648037613653,1,True
2022,11,2022_11_WAS_HOU,HOU,WAS,10.0,23.0,-13.0,0.4503373412652315,0,False
2022,11,2022_11_PHI_IND,IND,PHI,16.0,17.0,-1.0,0.40179755232907466,0,False
2022,11,2022_11_NYJ_NE,NE,NYJ,10.0,3.0,7.0,0.6773437749918629,1,False
2022,11,2022_11_LA_NO,NO,LA,27.0,20.0,7.0,0.5455598082347838,1,False
2022,11,2022_11_DET_NYG,NYG,DET,18.0,31.0,-13.0,0.6693749370211886,0,False
2022,11,2022_11_LV_DEN,DEN,LV,16.0,22.0,-6.0,0.5749359884010145,0,False
2022,11,2022_11_DAL_MIN,MIN,DAL,3.0,40.0,-37.0,0.5983083473476085,0,False
2022,11,2022_11_CIN_PIT,PIT,CIN,30.0,37.0,-7.0,0.4767562668029551,0,False
2022,11,2022_11_KC_LAC,LAC,KC,27.0,30.0,-3.0,0.4157807718294398,0,False
2022,11,2022_11_SF_ARI,ARI,SF,10.0,38.0,-28.0,0.3984997236199527,0,True
2022,12,2022_12_BUF_DET,DET,BUF,25.0,28.0,-3.0,0.32022995347957167,0,False
2022,12,2022_12_NYG_DAL,DAL,NYG,28.0,20.0,8.0,0.7300683796301488,1,False
2022,12,2022_12_NE_MIN,MIN,NE,33.0,26.0,7.0,0.5961292444352014,1,False
2022,12,2022_12_DEN_CAR,CAR,DEN,23.0,10.0,13.0,0.5945334673601047,1,False
2022,12,2022_12_TB_CLE,CLE,TB,23.0,17.0,6.0,0.4786848752168419,1,False
2022,12,2022_12_BAL_JAX,JAX,BAL,28.0,27.0,1.0,0.39926741257284437,1,False
2022,12,2022_12_HOU_MIA,MIA,HOU,30.0,15.0,15.0,0.8192420018605313,1,False
2022,12,2022_12_CHI_NYJ,NYJ,CHI,31.0,10.0,21.0,0.6942889872456913,1,False
2022,12,2022_12_CIN_TEN,TEN,CIN,16.0,20.0,-4.0,0.6239379735721079,0,False
2022,12,2022_12_ATL_WAS,WAS,ATL,19.0,13.0,6.0,0.6031599050233741,1,False
2022,12,2022_12_LAC_ARI,ARI,LAC,24.0,25.0,-1.0,0.5539898495167291,0,False
2022,12,2022_12_LV_SEA,SEA,LV,34.0,40.0,-6.0,0.6710775123143008,0,False
2022,12,2022_12_LA_KC,KC,LA,26.0,10.0,16.0,0.7642433305490046,1,False
2022,12,2022_12_NO_SF,SF,NO,13.0,0.0,13.0,0.65774219703677,1,False
2022,12,2022_12_GB_PHI,PHI,GB,40.0,33.0,7.0,0.7047261649176803,1,False
2022,12,2022_12_PIT_IND,IND,PIT,17.0,24.0,-7.0,0.5932225477294636,0,False
2022,13,2022_13_BUF_NE,NE,BUF,10.0,24.0,-14.0,0.4738817412195551,0,False
2022,13,2022_13_PIT_ATL,ATL,PIT,16.0,19.0,-3.0,0.5520136678550394,0,False
2022,13,2022_13_DEN_BAL,BAL,DEN,10.0,9.0,1.0,0.7631170120402807,1,False
2022,13,2022_13_GB_CHI,CHI,GB,19.0,28.0,-9.0,0.41539856011814213,0,False
2022,13,2022_13_JAX_DET,DET,JAX,40.0,14.0,26.0,0.6054644680064507,1,False
2022,13,2022_13_CLE_HOU,HOU,CLE,14.0,27.0,-13.0,0.37612288865595306,0,False
2022,13,2022_13_NYJ_MIN,MIN,NYJ,27.0,22.0,5.0,0.7174109023784235,1,False
2022,13,2022_13_WAS_NYG,NYG,WAS,20.0,20.0,0.0,0.566018631932625,0,False
2022,13,2022_13_TEN_PHI,PHI,TEN,35.0,10.0,25.0,0.6611768001571161,1,False
2022,13,2022_13_SEA_LA,LA,SEA,23.0,27.0,-4.0,0.5530197457756038,0,False
2022,13,2022_13_MIA_SF,SF,MIA,33.0,17.0,16.0,0.6102305443325743,1,False
2022,13,2022_13_KC_CIN,CIN,KC,27.0,24.0,3.0,0.46175363010549025,1,False
2022,13,2022_13_LAC_LV,LV,LAC,27.0,20.0,7.0,0.5307256274699989,1,False
2022,13,2022_13_IND_DAL,DAL,IND,54.0,19.0,35.0,0.7736868314863705,1,False
2022,13,2022_13_NO_TB,TB,NO,17.0,16.0,1.0,0.6480819131321842,1,False
2022,14,2022_14_LV_LA,LA,LV,17.0,16.0,1.0,0.570136472088093,1,False
2022,14,2022_14_NYJ_BUF,BUF,NYJ,20.0,12.0,8.0,0.7788991003441524,1,False
2022,14,2022_14_CLE_CIN,CIN,CLE,23.0,10.0,13.0,0.6937556739486073,1,False
2022,14,2022_14_HOU_DAL,DAL,HOU,27.0,23.0,4.0,0.8809027146511155,1,False
2022,14,2022_14_MIN_DET,DET,MIN,34.0,23.0,11.0,0.38924643987427426,1,False
2022,14,2022_14_PHI_NYG,NYG,PHI,22.0,48.0,-26.0,0.3316003411870985,0,False
2022,14,2022_14_BAL_PIT,PIT,BAL,14.0,16.0,-2.0,0.4889277024607109,0,False
2022,14,2022_14_JAX_TEN,TEN,JAX,22.0,36.0,-14.0,0.7706253729352889,0,False
2022,14,2022_14_KC_DEN,DEN,KC,28.0,34.0,-6.0,0.27571047001142146,0,False
2022,14,2022_14_CAR_SEA,SEA,CAR,24.0,30.0,-6.0,0.6660379753664288,0,False
2022,14,2022_14_TB_SF,SF,TB,35.0,7.0,28.0,0.6887849051554464,1,False
2022,14,2022_14_MIA_LAC,LAC,MIA,23.0,17.0,6.0,0.5148386574472376,1,False
2022,14,2022_14_NE_ARI,ARI,NE,13.0,27.0,-14.0,0.4761477718892439,0,False
2022,15,2022_15_SF_SEA,SEA,SF,13.0,21.0,-8.0,0.41156886109947893,0,False
2022,15,2022_15_IND_MIN,MIN,IND,39.0,36.0,3.0,0.7652055009592956,1,False
2022,15,2022_15_BAL_CLE,CLE,BAL,13.0,3.0,10.0,0.49121406295913117,1,False
2022,15,2022_15_MIA_BUF,BUF,MIA,32.0,29.0,3.0,0.7642001310240725,1,False
2022,15,2022_15_PIT_CAR,CAR,PIT,16.0,24.0,-8.0,0.5896468732789597,0,False
2022,15,2022_15_PHI_CHI,CHI,PHI,20.0,25.0,-5.0,0.22937058682295938,0,False
2022,15,2022_15_KC_HOU,HOU,KC,24.0,30.0,-6.0,0.20533441052511328,0,False
2022,15,2022_15_DAL_JAX,JAX,DAL,40.0,34.0,6.0,0.2879774861314761,1,False
2022,15,2022_15_ATL_NO,NO,ATL,21.0,18.0,3.0,0.6565615258897404,1,False
2022,15,2022_15_DET_NYJ,NYJ,DET,17.0,20.0,-3.0,0.5536986339045815,0,False
2022,15,2022_15_ARI_DEN,DEN,ARI,24.0,15.0,9.0,0.4991634140864792,1,False
2022,15,2022_15_NE_LV,LV,NE,30.0,24.0,6.0,0.4872890093140878,1,False
2022,15,2022_15_TEN_LAC,LAC,TEN,17.0,14.0,3.0,0.5608062619222499,1,False
2022,15,2022_15_CIN_TB,TB,CIN,23.0,34.0,-11.0,0.4636436761702783,0,False
2022,15,2022_15_NYG_WAS,WAS,NYG,12.0,20.0,-8.0,0.6402071087040905,0,False
2022,15,2022_15_LA_GB,GB,LA,24.0,12.0,12.0,0.629006517264434,1,False
2022,16,2022_16_JAX_NYJ,NYJ,JAX,3.0,19.0,-16.0,0.636267300420332,0,False
2022,16,2022_16_ATL_BAL,BAL,ATL,17.0,9.0,8.0,0.7225161678755037,1,False
2022,16,2022_16_DET_CAR,CAR,DET,37.0,23.0,14.0,0.5190112775228357,1,False
2022,16,2022_16_BUF_CHI,CHI,BUF,13.0,35.0,-22.0,0.21319225159130092,0,False
2022,16,2022_16_NO_CLE,CLE,NO,10.0,17.0,-7.0,0.6181557353491648,0,False
2022,16,2022_16_SEA_KC,KC,SEA,24.0,10.0,14.0,0.7615515705748487,1,False
2022,16,2022_16_NYG_MIN,MIN,NYG,27.0,24.0,3.0,0.7423532208583226,1,False
2022,16,2022_16_CIN_NE,NE,CIN,18.0,22.0,-4.0,0.4900111091414961,0,False
2022,16,2022_16_HOU_TEN,TEN,HOU,14.0,19.0,-5.0,0.8051325405324019,0,False
2022,16,2022_16_WAS_SF,SF,WAS,37.0,20.0,17.0,0.7782385003697282,1,False
2022,16,2022_16_PHI_DAL,DAL,PHI,40.0,34.0,6.0,0.5106029137097363,1,False
2022,16,2022_16_LV_PIT,PIT,LV,13.0,10.0,3.0,0.5499582897857516,1,False
2022,16,2022_16_GB_MIA,MIA,GB,20.0,26.0,-6.0,0.5615112626538965,0,False
2022,16,2022_16_DEN_LA,LA,DEN,51.0,14.0,37.0,0.6343754152255866,1,False
2022,16,2022_16_TB_ARI,ARI,TB,16.0,19.0,-3.0,0.49656761154128876,0,False
2022,16,2022_16_LAC_IND,IND,LAC,3.0,20.0,-17.0,0.4551483915713934,0,False
2022,17,2022_17_DAL_TEN,TEN,DAL,13.0,27.0,-14.0,0.43143514148382783,0,False
2022,17,2022_17_ARI_ATL,ATL,ARI,20.0,19.0,1.0,0.5590166760981752,1,False
2022,17,2022_17_CHI_DET,DET,CHI,41.0,10.0,31.0,0.7324431889629487,1,False
2022,17,2022_17_JAX_HOU,HOU,JAX,3.0,31.0,-28.0,0.44703240108501113,0,False
2022,17,2022_17_DEN_KC,KC,DEN,27.0,24.0,3.0,0.8667747496907131,1,False
2022,17,2022_17_MIA_NE,NE,MIA,23.0,21.0,2.0,0.6251274903530927,1,False
2022,17,2022_17_IND_NYG,NYG,IND,38.0,10.0,28.0,0.638083256001848,1,False
2022,17,2022_17_NO_PHI,PHI,NO,10.0,20.0,-10.0,0.7531229656388031,0,False
2022,17,2022_17_CAR_TB,TB,CAR,30.0,24.0,6.0,0.6150499906237973,1,False
2022,17,2022_17_CLE_WAS,WAS,CLE,10.0,24.0,-14.0,0.541963228916434,0,False
2022,17,2022_17_SF_LV,LV,SF,34.0,37.0,-3.0,0.3641144391766155,0,False
2022,17,2022_17_NYJ_SEA,SEA,NYJ,23.0,6.0,17.0,0.621569119436871,1,False
2022,17,2022_17_MIN_GB,GB,MIN,41.0,17.0,24.0,0.5145841502862057,1,False
2022,17,2022_17_LA_LAC,LAC,LA,31.0,10.0,21.0,0.6440982951489984,1,False
2022,17,2022_17_PIT_BAL,BAL,PIT,13.0,16.0,-3.0,0.6551180192507234,0,False
2022,18,2022_18_KC_LV,LV,KC,13.0,31.0,-18.0,0.351676792419529,0,False
2022,18,2022_18_TEN_JAX,JAX,TEN,20.0,16.0,4.0,0.524593220888318,1,False
2022,18,2022_18_TB_ATL,ATL,TB,30.0,17.0,13.0,0.4313927504518683,1,False
2022,18,2022_18_NE_BUF,BUF,NE,35.0,23.0,12.0,0.7542487096771417,1,False
2022,18,2022_18_MIN_CHI,CHI,MIN,13.0,29.0,-16.0,0.30705388258382155,0,False
2022,18,2022_18_BAL_CIN,CIN,BAL,27.0,16.0,11.0,0.6959774812568988,1,False
2022,18,2022_18_HOU_IND,IND,HOU,31.0,32.0,-1.0,0.6612875305282031,0,False
2022,18,2022_18_NYJ_MIA,MIA,NYJ,11.0,6.0,5.0,0.6657962868354127,1,False
2022,18,2022_18_CAR_NO,NO,CAR,7.0,10.0,-3.0,0.6415960512181487,0,False
2022,18,2022_18_CLE_PIT,PIT,CLE,28.0,14.0,14.0,0.5776583073409436,1,False
2022,18,2022_18_LAC_DEN,DEN,LAC,31.0,28.0,3.0,0.35888391798798075,1,False
2022,18,2022_18_NYG_PHI,PHI,NYG,22.0,16.0,6.0,0.7578657272143564,1,False
2022,18,2022_18_LA_SEA,SEA,LA,19.0,16.0,3.0,0.6590781360334153,1,False
2022,18,2022_18_ARI_SF,SF,ARI,38.0,13.0,25.0,0.8480617904382437,1,False
2022,18,2022_18_DAL_WAS,WAS,DAL,26.0,6.0,20.0,0.36643127643216633,1,False
2022,18,2022_18_DET_GB,GB,DET,16.0,20.0,-4.0,0.6877308193743218,0,False
2023,1,2023_01_DET_KC,KC,DET,20.0,21.0,-1.0,0.7095812800335305,0,False
2023,1,2023_01_CAR_ATL,ATL,CAR,24.0,10.0,14.0,0.5663940541289942,1,False
2023,1,2023_01_HOU_BAL,BAL,HOU,25.0,9.0,16.0,0.7179941631671215,1,False
2023,1,2023_01_CIN_CLE,CLE,CIN,24.0,3.0,21.0,0.4680638809386173,1,False
2023,1,2023_01_JAX_IND,IND,JAX,21.0,31.0,-10.0,0.5183848501326027,0,False
2023,1,2023_01_TB_MIN,MIN,TB,17.0,20.0,-3.0,0.6464399674711788,0,False
2023,1,2023_01_TEN_NO,NO,TEN,16.0,15.0,1.0,0.6096176804948362,1,False
2023,1,2023_01_SF_PIT,PIT,SF,7.0,30.0,-23.0,0.47161960752350474,0,False
2023,1,2023_01_ARI_WAS,WAS,ARI,20.0,16.0,4.0,0.6712407411121094,1,False
2023,1,2023_01_GB_CHI,CHI,GB,20.0,38.0,-18.0,0.4029095822558205,0,False
2023,1,2023_01_LV_DEN,DEN,LV,16.0,17.0,-1.0,0.5304883398969366,0,False
2023,1,2023_01_MIA_LAC,LAC,MIA,34.0,36.0,-2.0,0.6143746876008537,0,False
2023,1,2023_01_PHI_NE,NE,PHI,20.0,25.0,-5.0,0.4987978230123543,0,False
2023,1,2023_01_LA_SEA,SEA,LA,13.0,30.0,-17.0,0.651486203951034,0,False
2023,1,2023_01_DAL_NYG,NYG,DAL,0.0,40.0,-40.0,0.5060981732366329,0,False
2023,1,2023_01_BUF_NYJ,NYJ,BUF,22.0,16.0,6.0,0.37280864522277307,1,False
2023,2,2023_02_MIN_PHI,PHI,MIN,34.0,28.0,6.0,0.6693072435750219,1,False
2023,2,2023_02_GB_ATL,ATL,GB,25.0,24.0,1.0,0.5286692848449928,1,False
2023,2,2023_02_LV_BUF,BUF,LV,38.0,10.0,28.0,0.7009282593236112,1,False
2023,2,2023_02_BAL_CIN,CIN,BAL,24.0,27.0,-3.0,0.6060997672308762,0,False
2023,2,2023_02_SEA_DET,DET,SEA,31.0,37.0,-6.0,0.6058793525437507,0,False
2023,2,2023_02_IND_HOU,HOU,IND,20.0,31.0,-11.0,0.5431613488294609,0,False
2023,2,2023_02_KC_JAX,JAX,KC,9.0,17.0,-8.0,0.4499631866917129,0,False
2023,2,2023_02_CHI_TB,TB,CHI,27.0,17.0,10.0,0.7205820493299342,1,False
2023,2,2023_02_LAC_TEN,TEN,LAC,27.0,24.0,3.0,0.5494546611251664,1,False
2023,2,2023_02_NYG_ARI,ARI,NYG,28.0,31.0,-3.0,0.5281849096996931,0,False
2023,2,2023_02_SF_LA,LA,SF,23.0,30.0,-7.0,0.4108545765554165,0,False
2023,2,2023_02_NYJ_DAL,DAL,NYJ,30.0,10.0,20.0,0.6817646343330265,1,False
2023,2,2023_02_WAS_DEN,DEN,WAS,33.0,35.0,-2.0,0.48153887734433615,0,False
2023,2,2023_02_MIA_NE,NE,MIA,17.0,24.0,-7.0,0.5861763614547637,0,False
2023,2,2023_02_NO_CAR,CAR,NO,17.0,20.0,-3.0,0.5247654731571469,0,False
2023,2,2023_02_CLE_PIT,PIT,CLE,26.0,22.0,4.0,0.567387264217627,1,False
2023,3,2023_03_NYG_SF,SF,NYG,30.0,12.0,18.0,0.7500435423255439,1,False
2023,3,2023_03_IND_BAL,BAL,IND,19.0,22.0,-3.0,0.7243978692175855,0,False
2023,3,2023_03_TEN_CLE,CLE,TEN,27.0,3.0,24.0,0.6127620673471439,1,False
2023,3,2023_03_ATL_DET,DET,ATL,20.0,6.0,14.0,0.5951010972725866,1,False
2023,3,2023_03_NO_GB,GB,NO,18.0,17.0,1.0,0.6231713856095304,1,False
2023,3,2023_03_HOU_JAX,JAX,HOU,17.0,37.0,-20.0,0.7211228093066486,0,False
2023,3,2023_03_DEN_MIA,MIA,DEN,70.0,20.0,50.0,0.7008347205970118,1,False
2023,3,2023_03_LAC_MIN,MIN,LAC,24.0,28.0,-4.0,0.6102803708884836,0,False
2023,3,2023_03_NE_NYJ,NYJ,NE,10.0,15.0,-5.0,0.5349683927326405,0,False
2023,3,2023_03_BUF_WAS,WAS,BUF,3.0,37.0,-34.0,0.47781247100504853,0,False
2023,3,2023_03_CAR_SEA,SEA,CAR,37.0,27.0,10.0,0.6716291375501426,1,False
2023,3,2023_03_DAL_ARI,ARI,DAL,28.0,16.0,12.0,0.3839926579580791,1,False
2023,3,2023_03_CHI_KC,KC,CHI,41.0,10.0,31.0,0.8271674955050461,1,False
2023,3,2023_03_PIT_LV,LV,PIT,18.0,23.0,-5.0,0.5114609317753719,0,False
2023,3,2023_03_PHI_TB,TB,PHI,11.0,25.0,-14.0,0.47714738865409234,0,False
2023,3,2023_03_LA_CIN,CIN,LA,19.0,16.0,3.0,0.6657688501325815,1,False
2023,4,2023_04_DET_GB,GB,DET,20.0,34.0,-14.0,0.6017330328534414,0,False
2023,4,2023_04_ATL_JAX,JAX,ATL,23.0,7.0,16.0,0.4914683265916577,1,True
2023,4,2023_04_MIA_BUF,BUF,MIA,48.0,20.0,28.0,0.674996428078533,1,False
2023,4,2023_04_MIN_CAR,CAR,MIN,13.0,21.0,-8.0,0.49535268311356206,0,False
2023,4,2023_04_DEN_CHI,CHI,DEN,28.0,31.0,-3.0,0.5429019782708168,0,False
2023,4,2023_04_BAL_CLE,CLE,BAL,3.0,28.0,-25.0,0.6180497247951803,0,False
2023,4,2023_04_PIT_HOU,HOU,PIT,30.0,6.0,24.0,0.391917440747749,1,False
2023,4,2023_04_LA_IND,IND,LA,23.0,29.0,-6.0,0.5602466340334834,0,False
2023,4,2023_04_TB_NO,NO,TB,9.0,26.0,-17.0,0.583919498892909,0,False
2023,4,2023_04_WAS_PHI,PHI,WAS,34.0,31.0,3.0,0.7048469897178522,1,False
2023,4,2023_04_CIN_TEN,TEN,CIN,27.0,3.0,24.0,0.4875110482327691,1,False
2023,4,2023_04_LV_LAC,LAC,LV,24.0,17.0,7.0,0.6452292123836048,1,False
2023,4,2023_04_NE_DAL,DAL,NE,38.0,3.0,35.0,0.6333708354775331,1,False
2023,4,2023_04_ARI_SF,SF,ARI,35.0,16.0,19.0,0.7877376288516955,1,False
2023,4,2023_04_KC_NYJ,NYJ,KC,20.0,23.0,-3.0,0.3741949769810645,0,False
2023,4,2023_04_SEA_NYG,NYG,SEA,3.0,24.0,-21.0,0.4978028969706798,0,False
2023,5,2023_05_CHI_WAS,WAS,CHI,20.0,40.0,-20.0,0.7683397893598579,0,False
2023,5,2023_05_JAX_BUF,BUF,JAX,20.0,25.0,-5.0,0.6826490108638308,0,True
2023,5,2023_05_HOU_ATL,ATL,HOU,21.0,19.0,2.0,0.6074084283081768,1,False
2023,5,2023_05_CAR_DET,DET,CAR,42.0,24.0,18.0,0.7364510761224984,1,False
2023,5,2023_05_TEN_IND,IND,TEN,23.0,16.0,7.0,0.4878257200096606,1,False
2023,5,2023_05_NYG_MIA,MIA,NYG,31.0,16.0,15.0,0.6716005907767969,1,False
2023,5,2023_05_NO_NE,NE,NO,0.0,34.0,-34.0,0.5547706977242938,0,False
2023,5,2023_05_BAL_PIT,PIT,BAL,17.0,10.0,7.0,0.5285325338988502,1,False
2023,5,2023_05_CIN_ARI,ARI,CIN,20.0,34.0,-14.0,0.5214595890276594,0,False
2023,5,2023_05_PHI_LA,LA,PHI,14.0,23.0,-9.0,0.3863622316292642,0,False
2023,5,2023_05_NYJ_DEN,DEN,NYJ,21.0,31.0,-10.0,0.5399987987277526,0,False
2023,5,2023_05_KC_MIN,MIN,KC,20.0,27.0,-7.0,0.4455568236686168,0,False
2023,5,2023_05_DAL_SF,SF,DAL,42.0,10.0,32.0,0.6925159479891825,1,False
2023,5,2023_05_GB_LV,LV,GB,17.0,13.0,4.0,0.46710324151208066,1,False
2023,6,2023_06_DEN_KC,KC,DEN,19.0,8.0,11.0,0.8295011558742946,1,False
2023,6,2023_06_BAL_TEN,TEN,BAL,16.0,24.0,-8.0,0.4619623646700528,0,True
2023,6,2023_06_WAS_ATL,ATL,WAS,16.0,24.0,-8.0,0.5413623032493045,0,False
2023,6,2023_06_MIN_CHI,CHI,MIN,13.0,19.0,-6.0,0.40974043265618054,0,False
2023,6,2023_06_SEA_CIN,CIN,SEA,17.0,13.0,4.0,0.5468425966962307,1,False
2023,6,2023_06_SF_CLE,CLE,SF,19.0,17.0,2.0,0.39996752725674006,1,False
2023,6,2023_06_NO_HOU,HOU,NO,20.0,13.0,7.0,0.48271612543518855,1,False
2023,6,2023_06_IND_JAX,JAX,IND,37.0,20.0,17.0,0.6642739919365394,1,False
2023,6,2023_06_CAR_MIA,MIA,CAR,42.0,21.0,21.0,0.7570369997549,1,False
2023,6,2023_06_NE_LV,LV,NE,21.0,17.0,4.0,0.5939435081806427,1,False
2023,6,2023_06_ARI_LA,LA,ARI,26.0,9.0,17.0,0.6214166667224835,1,False
2023,6,2023_06_PHI_NYJ,NYJ,PHI,20.0,14.0,6.0,0.36259306199117636,1,False
2023,6,2023_06_DET_TB,TB,DET,6.0,20.0,-14.0,0.5332457712480592,0,False
2023,6,2023_06_NYG_BUF,BUF,NYG,14.0,9.0,5.0,0.8105844188232522,1,False
2023,6,2023_06_DAL_LAC,LAC,DAL,17.0,20.0,-3.0,0.5657611052985843,0,False
2023,7,2023_07_JAX_NO,NO,JAX,24.0,31.0,-7.0,0.5122660206824105,0,False
2023,7,2023_07_DET_BAL,BAL,DET,38.0,6.0,32.0,0.5155678781640509,1,False
2023,7,2023_07_LV_CHI,CHI,LV,30.0,12.0,18.0,0.43081241157949685,1,False
2023,7,2023_07_CLE_IND,IND,CLE,38.0,39.0,-1.0,0.4274645353775752,0,False
2023,7,2023_07_BUF_NE,NE,BUF,29.0,25.0,4.0,0.3363203078036124,1,False
2023,7,2023_07_WAS_NYG,NYG,WAS,14.0,7.0,7.0,0.4870879459736894,1,False
2023,7,2023_07_ATL_TB,TB,ATL,13.0,16.0,-3.0,0.6706418508079349,0,False
2023,7,2023_07_PIT_LA,LA,PIT,17.0,24.0,-7.0,0.5671824438398391,0,False
2023,7,2023_07_ARI_SEA,SEA,ARI,20.0,10.0,10.0,0.7246419591980541,1,False
2023,7,2023_07_GB_DEN,DEN,GB,19.0,17.0,2.0,0.42343105007876347,1,False
2023,7,2023_07_LAC_KC,KC,LAC,31.0,17.0,14.0,0.7328942466449901,1,False
2023,7,2023_07_MIA_PHI,PHI,MIA,31.0,17.0,14.0,0.6296881894250912,1,False
2023,7,2023_07_SF_MIN,MIN,SF,22.0,17.0,5.0,0.38437094560595847,1,False
2023,8,2023_08_TB_BUF,BUF,TB,24.0,18.0,6.0,0.7239468093375413,1,False
2023,8,2023_08_HOU_CAR,CAR,HOU,15.0,13.0,2.0,0.5009035293991141,1,False
2023,8,2023_08_LA_DAL,DAL,LA,43.0,20.0,23.0,0.6756569785298933,1,False
2023,8,2023_08_MIN_GB,GB,MIN,10.0,24.0,-14.0,0.5419757752871762,0,False
2023,8,2023_08_NO_IND,IND,NO,27.0,38.0,-11.0,0.5306515579343417,0,False
2023,8,2023_08_NE_MIA,MIA,NE,31.0,17.0,14.0,0.6714551351920515,1,False
2023,8,2023_08_NYJ_NYG,NYG,NYJ,10.0,13.0,-3.0,0.5506352930563041,0,False
2023,8,2023_08_JAX_PIT,PIT,JAX,10.0,20.0,-10.0,0.5561066082852372,0,False
2023,8,2023_08_ATL_TEN,TEN,ATL,28.0,23.0,5.0,0.6073034306429267,1,False
2023,8,2023_08_PHI_WAS,WAS,PHI,31.0,38.0,-7.0,0.40057922732477563,0,False
2023,8,2023_08_CLE_SEA,SEA,CLE,24.0,20.0,4.0,0.5656817696747031,1,False
2023,8,2023_08_BAL_ARI,ARI,BAL,24.0,31.0,-7.0,0.374464954268892,0,False
2023,8,2023_08_KC_DEN,DEN,KC,24.0,9.0,15.0,0.27529293624038886,1,False
2023,8,2023_08_CIN_SF,SF,CIN,17.0,31.0,-14.0,0.7257672275684647,0,False
2023,8,2023_08_CHI_LAC,LAC,CHI,30.0,13.0,17.0,0.7051347679927156,1,False
2023,8,2023_08_LV_DET,DET,LV,26.0,14.0,12.0,0.7009860077257403,1,False
2023,9,2023_09_TEN_PIT,PIT,TEN,20.0,16.0,4.0,0.6179084386958942,1,False
2023,9,2023_09_MIA_KC,KC,MIA,21.0,14.0,7.0,0.5527706044489383,1,True
2023,9,2023_09_MIN_ATL,ATL,MIN,28.0,31.0,-3.0,0.45801577841208696,0,False
2023,9,2023_09_SEA_BAL,BAL,SEA,37.0,3.0,34.0,0.5995272183371757,1,False
2023,9,2023_09_ARI_CLE,CLE,ARI,27.0,0.0,27.0,0.7664486237809263,1,False
2023,9,2023_09_LA_GB,GB,LA,20.0,3.0,17.0,0.6368327603578543,1,False
2023,9,2023_09_TB_HOU,HOU,TB,39.0,37.0,2.0,0.5215906411133581,1,False
2023,9,2023_09_WAS_NE,NE,WAS,17.0,20.0,-3.0,0.5665217843517638,0,False
2023,9,2023_09_CHI_NO,NO,CHI,24.0,17.0,7.0,0.709288045872894,1,False
2023,9,2023_09_IND_CAR,CAR,IND,13.0,27.0,-14.0,0.5641045210755498,0,False
2023,9,2023_09_NYG_LV,LV,NYG,30.0,6.0,24.0,0.5570664312963859,1,False
2023,9,2023_09_DAL_PHI,PHI,DAL,28.0,23.0,5.0,0.6512835790700533,1,False
2023,9,2023_09_BUF_CIN,CIN,BUF,24.0,18.0,6.0,0.4663882739788,1,False
2023,9,2023_09_LAC_NYJ,NYJ,LAC,6.0,27.0,-21.0,0.5540334448823884,0,False
2023,10,2023_10_CAR_CHI,CHI,CAR,16.0,13.0,3.0,0.5606944853840005,1,False
2023,10,2023_10_IND_NE,NE,IND,6.0,10.0,-4.0,0.524741259160185,0,True
2023,10,2023_10_CLE_BAL,BAL,CLE,31.0,33.0,-2.0,0.6413648789521417,0,False
2023,10,2023_10_HOU_CIN,CIN,HOU,27.0,30.0,-3.0,0.724632325582325,0,False
2023,10,2023_10_SF_JAX,JAX,SF,3.0,34.0,-31.0,0.49352488730940375,0,False
2023,10,2023_10_NO_MIN,MIN,NO,27.0,19.0,8.0,0.6598185756623083,1,False
2023,10,2023_10_GB_PIT,PIT,GB,23.0,19.0,4.0,0.6019582879830568,1,False
2023,10,2023_10_TEN_TB,TB,TEN,20.0,6.0,14.0,0.596479859794014,1,False
2023,10,2023_10_ATL_ARI,ARI,ATL,25.0,23.0,2.0,0.5018690787254066,1,False
2023,10,2023_10_DET_LAC,LAC,DET,38.0,41.0,-3.0,0.564605018786826,0,False
2023,10,2023_10_NYG_DAL,DAL,NYG,49.0,17.0,32.0,0.7683744568971492,1,False
2023,10,2023_10_WAS_SEA,SEA,WAS,29.0,26.0,3.0,0.6447387229829055,1,False
2023,10,2023_10_NYJ_LV,LV,NYJ,16.0,12.0,4.0,0.5556736996667208,1,False
2023,10,2023_10_DEN_BUF,BUF,DEN,22.0,24.0,-2.0,0.7606374425985583,0,False
2023,11,2023_11_CIN_BAL,BAL,CIN,34.0,20.0,14.0,0.6427206385121502,1,False
2023,11,2023_11_DAL_CAR,CAR,DAL,10.0,33.0,-23.0,0.32164941743421666,0,False
2023,11,2023_11_PIT_CLE,CLE,PIT,13.0,10.0,3.0,0.6259355976221496,1,False
2023,11,2023_11_CHI_DET,DET,CHI,31.0,26.0,5.0,0.7861530097049876,1,False
2023,11,2023_11_LAC_GB,GB,LAC,23.0,20.0,3.0,0.5697669325819628,1,False
2023,11,2023_11_ARI_HOU,HOU,ARI,21.0,16.0,5.0,0.6892412953108293,1,False
2023,11,2023_11_TEN_JAX,JAX,TEN,34.0,14.0,20.0,0.713577268084981,1,False
2023,11,2023_11_LV_MIA,MIA,LV,20.0,13.0,7.0,0.6763266202787285,1,False
2023,11,2023_11_NYG_WAS,WAS,NYG,19.0,31.0,-12.0,0.6892226734667201,0,False
2023,11,2023_11_TB_SF,SF,TB,27.0,14.0,13.0,0.7406898016512485,1,False
2023,11,2023_11_NYJ_BUF,BUF,NYJ,32.0,6.0,26.0,0.7413288693222422,1,False
2023,11,2023_11_SEA_LA,LA,SEA,17.0,16.0,1.0,0.454715384394129,1,False
2023,11,2023_11_MIN_DEN,DEN,MIN,21.0,20.0,1.0,0.4588866498021515,1,False
2023,11,2023_11_PHI_KC,KC,PHI,17.0,21.0,-4.0,0.5658008159230696,0,False
2023,12,2023_12_GB_DET,DET,GB,22.0,29.0,-7.0,0.6517267899180816,0,False
2023,12,2023_12_WAS_DAL,DAL,WAS,45.0,10.0,35.0,0.7455562537436774,1,False
2023,12,2023_12_SF_SEA,SEA,SF,13.0,31.0,-18.0,0.4229936351362993,0,False
2023,12,2023_12_MIA_NYJ,NYJ,MIA,13.0,34.0,-21.0,0.4362585696697422,0,False
2023,12,2023_12_NO_ATL,ATL,NO,24.0,15.0,9.0,0.5231703342009464,1,False
2023,12,2023_12_PIT_CIN,CIN,PIT,10.0,16.0,-6.0,0.5880142427915779,0,False
2023,12,2023_12_JAX_HOU,HOU,JAX,21.0,24.0,-3.0,0.46898808417755294,0,False
2023,12,2023_12_TB_IND,IND,TB,27.0,20.0,7.0,0.520654449047604,1,False
2023,12,2023_12_NE_NYG,NYG,NE,10.0,7.0,3.0,0.5388170167359185,1,False
2023,12,2023_12_CAR_TEN,TEN,CAR,17.0,10.0,7.0,0.6571389893735547,1,False
2023,12,2023_12_LA_ARI,ARI,LA,14.0,37.0,-23.0,0.49853628178035775,0,False
2023,12,2023_12_CLE_DEN,DEN,CLE,29.0,12.0,17.0,0.4515490039622086,1,False
2023,12,2023_12_KC_LV,LV,KC,17.0,31.0,-14.0,0.3848104514017508,0,False
2023,12,2023_12_BUF_PHI,PHI,BUF,37.0,34.0,3.0,0.6358495873929417,1,False
2023,12,2023_12_BAL_LAC,LAC,BAL,10.0,20.0,-10.0,0.44212339857129945,0,False
2023,12,2023_12_CHI_MIN,MIN,CHI,10.0,12.0,-2.0,0.7980120677816939,0,False
2023,13,2023_13_SEA_DAL,DAL,SEA,41.0,35.0,6.0,0.7051393729030951,1,False
2023,13,2023_13_DEN_HOU,HOU,DEN,22.0,17.0,5.0,0.5289752936330728,1,False
2023,13,2023_13_LAC_NE,NE,LAC,0.0,6.0,-6.0,0.4870669003015242,0,False
2023,13,2023_13_DET_NO,NO,DET,28.0,33.0,-5.0,0.4454617150323615,0,False
2023,13,2023_13_ATL_NYJ,NYJ,ATL,8.0,13.0,-5.0,0.5747580419818581,0,False
2023,13,2023_13_ARI_PIT,PIT,ARI,10.0,24.0,-14.0,0.7880895921544503,0,False
2023,13,2023_13_IND_TEN,TEN,IND,28.0,31.0,-3.0,0.5681854378017968,0,False
2023,13,2023_13_MIA_WAS,WAS,MIA,15.0,45.0,-30.0,0.4156311243719012,0,False
2023,13,2023_13_CAR_TB,TB,CAR,21.0,18.0,3.0,0.723802132537818,1,False
2023,13,2023_13_CLE_LA,LA,CLE,36.0,19.0,17.0,0.46315262464749,1,False
2023,13,2023_13_SF_PHI,PHI,SF,19.0,42.0,-23.0,0.6011131694752253,0,False
2023,13,2023_13_KC_GB,GB,KC,27.0,19.0,8.0,0.4707291950060837,1,False
2023,13,2023_13_CIN_JAX,JAX,CIN,31.0,34.0,-3.0,0.6618603376833444,0,False
2023,14,2023_14_NE_PIT,PIT,NE,18.0,21.0,-3.0,0.7257137341422444,0,False
2023,14,2023_14_TB_ATL,ATL,TB,25.0,29.0,-4.0,0.5744819534206791,0,False
2023,14,2023_14_LA_BAL,BAL,LA,37.0,31.0,6.0,0.7519000025992557,1,False
2023,14,2023_14_DET_CHI,CHI,DET,28.0,13.0,15.0,0.35882730312934136,1,False
2023,14,2023_14_IND_CIN,CIN,IND,34.0,14.0,20.0,0.6683434486756569,1,False
2023,14,2023_14_JAX_CLE,CLE,JAX,31.0,27.0,4.0,0.5071720623206496,1,False
2023,14,2023_14_CAR_NO,NO,CAR,28.0,6.0,22.0,0.7120311156916878,1,False
2023,14,2023_14_HOU_NYJ,NYJ,HOU,30.0,6.0,24.0,0.5097899771545339,1,False
2023,14,2023_14_MIN_LV,LV,MIN,0.0,3.0,-3.0,0.46774369569176055,0,False
2023,14,2023_14_SEA_SF,SF,SEA,28.0,16.0,12.0,0.7741379086816572,1,False
2023,14,2023_14_BUF_KC,KC,BUF,17.0,20.0,-3.0,0.5753887583267048,0,False
2023,14,2023_14_DEN_LAC,LAC,DEN,7.0,24.0,-17.0,0.602841287062097,0,False
2023,14,2023_14_PHI_DAL,DAL,PHI,33.0,13.0,20.0,0.5554618290061111,1,False
2023,14,2023_14_TEN_MIA,MIA,TEN,27.0,28.0,-1.0,0.750253018667751,0,False
2023,14,2023_14_GB_NYG,NYG,GB,24.0,22.0,2.0,0.4010162398661241,1,False
2023,15,2023_15_LAC_LV,LV,LAC,63.0,21.0,42.0,0.5265688598310657,1,False
2023,15,2023_15_MIN_CIN,CIN,MIN,27.0,24.0,3.0,0.5958626392769801,1,False
2023,15,2023_15_PIT_IND,IND,PIT,30.0,13.0,17.0,0.49249965908891796,1,False
2023,15,2023_15_DEN_DET,DET,DEN,42.0,17.0,25.0,0.6064213615295028,1,False
2023,15,2023_15_ATL_CAR,CAR,ATL,9.0,7.0,2.0,0.4158186392819711,1,False
2023,15,2023_15_CHI_CLE,CLE,CHI,20.0,17.0,3.0,0.7042187214409383,1,False
2023,15,2023_15_TB_GB,GB,TB,20.0,34.0,-14.0,0.6680868356211825,0,False
2023,15,2023_15_NYJ_MIA,MIA,NYJ,30.0,0.0,30.0,0.6988017889171855,1,False
2023,15,2023_15_KC_NE,NE,KC,17.0,27.0,-10.0,0.38563237944278594,0,False
2023,15,2023_15_NYG_NO,NO,NYG,24.0,6.0,18.0,0.6371032505978969,1,False
2023,15,2023_15_HOU_TEN,TEN,HOU,16.0,19.0,-3.0,0.583879783958976,0,False
2023,15,2023_15_SF_ARI,ARI,SF,29.0,45.0,-16.0,0.2212795730483853,0,False
2023,15,2023_15_WAS_LA,LA,WAS,28.0,20.0,8.0,0.6496966314261735,1,False
2023,15,2023_15_DAL_BUF,BUF,DAL,31.0,10.0,21.0,0.52189523516806,1,False
2023,15,2023_15_BAL_JAX,JAX,BAL,7.0,23.0,-16.0,0.4727950798725928,0,False
2023,15,2023_15_PHI_SEA,SEA,PHI,20.0,17.0,3.0,0.41835125708381027,1,False
2023,16,2023_16_NO_LA,LA,NO,30.0,22.0,8.0,0.5921011894611337,1,False
2023,16,2023_16_CIN_PIT,PIT,CIN,34.0,11.0,23.0,0.47006574880814883,1,False
2023,16,2023_16_BUF_LAC,LAC,BUF,22.0,24.0,-2.0,0.33643836935314625,0,False
2023,16,2023_16_IND_ATL,ATL,IND,29.0,10.0,19.0,0.5341561991493525,1,False
2023,16,2023_16_GB_CAR,CAR,GB,30.0,33.0,-3.0,0.33666131311788067,0,False
2023,16,2023_16_CLE_HOU,HOU,CLE,22.0,36.0,-14.0,0.49408254649939404,0,False
2023,16,2023_16_DET_MIN,MIN,DET,24.0,30.0,-6.0,0.5769786187279214,0,False
2023,16,2023_16_WAS_NYJ,NYJ,WAS,30.0,28.0,2.0,0.6402412105950361,1,False
2023,16,2023_16_SEA_TEN,TEN,SEA,17.0,20.0,-3.0,0.49860796865067153,0,False
2023,16,2023_16_JAX_TB,TB,JAX,30.0,12.0,18.0,0.5245836706874399,1,False
2023,16,2023_16_ARI_CHI,CHI,ARI,27.0,16.0,11.0,0.6526543211688878,1,False
2023,16,2023_16_DAL_MIA,MIA,DAL,22.0,20.0,2.0,0.5446911576426691,1,False
2023,16,2023_16_NE_DEN,DEN,NE,23.0,26.0,-3.0,0.6561274992500733,0,False
2023,16,2023_16_LV_KC,KC,LV,14.0,20.0,-6.0,0.7030406384512714,0,False
2023,16,2023_16_NYG_PHI,PHI,NYG,33.0,25.0,8.0,0.8061759843089931,1,False
2023,16,2023_16_BAL_SF,SF,BAL,19.0,33.0,-14.0,0.6426198298437686,0,False
2023,17,2023_17_NYJ_CLE,CLE,NYJ,37.0,20.0,17.0,0.6951414537887,1,False
2023,17,2023_17_DET_DAL,DAL,DET,20.0,19.0,1.0,0.6593904113428376,1,False
2023,17,2023_17_MIA_BAL,BAL,MIA,56.0,19.0,37.0,0.6545201967426678,1,False
2023,17,2023_17_NE_BUF,BUF,NE,27.0,21.0,6.0,0.8269568173756103,1,False
2023,17,2023_17_ATL_CHI,CHI,ATL,37.0,17.0,20.0,0.5545511065207913,1,False
2023,17,2023_17_TEN_HOU,HOU,TEN,26.0,3.0,23.0,0.6196748875070713,1,False
2023,17,2023_17_LV_IND,IND,LV,23.0,20.0,3.0,0.5110255319657472,1,False
2023,17,2023_17_CAR_JAX,JAX,CAR,26.0,0.0,26.0,0.7848407140756888,1,False
2023,17,2023_17_LA_NYG,NYG,LA,25.0,26.0,-1.0,0.42490868129502213,0,False
2023,17,2023_17_ARI_PHI,PHI,ARI,31.0,35.0,-4.0,0.8543574789101491,0,False
2023,17,2023_17_NO_TB,TB,NO,13.0,23.0,-10.0,0.6617074970443598,0,False
2023,17,2023_17_SF_WAS,WAS,SF,10.0,27.0,-17.0,0.24911772169378577,0,False
2023,17,2023_17_PIT_SEA,SEA,PIT,23.0,30.0,-7.0,0.5834836477297967,0,False
2023,17,2023_17_LAC_DEN,DEN,LAC,16.0,9.0,7.0,0.6118150227794336,1,False
2023,17,2023_17_CIN_KC,KC,CIN,25.0,17.0,8.0,0.6554421357590317,1,False
2023,17,2023_17_GB_MIN,MIN,GB,10.0,33.0,-23.0,0.5864608024737032,0,False
2023,18,2023_18_PIT_BAL,BAL,PIT,10.0,17.0,-7.0,0.7681465229391419,0,False
2023,18,2023_18_HOU_IND,IND,HOU,19.0,23.0,-4.0,0.5595698165338248,0,False
2023,18,2023_18_TB_CAR,CAR,TB,0.0,9.0,-9.0,0.3278435257624199,0,False
2023,18,2023_18_CLE_CIN,CIN,CLE,31.0,14.0,17.0,0.5171486646020753,1,False
2023,18,2023_18_MIN_DET,DET,MIN,30.0,20.0,10.0,0.6273085568995146,1,False
2023,18,2023_18_NYJ_NE,NE,NYJ,3.0,17.0,-14.0,0.5768968040165229,0,False
2023,18,2023_18_ATL_NO,NO,ATL,48.0,17.0,31.0,0.646554227638884,1,False
2023,18,2023_18_JAX_TEN,TEN,JAX,28.0,20.0,8.0,0.43084863586555966,1,False
2023,18,2023_18_SEA_ARI,ARI,SEA,20.0,21.0,-1.0,0.4005161203047838,0,False
2023,18,2023_18_CHI_GB,GB,CHI,17.0,9.0,8.0,0.6722129305897966,1,False
2023,18,2023_18_KC_LAC,LAC,KC,12.0,13.0,-1.0,0.36911432770597186,0,False
2023,18,2023_18_DEN_LV,LV,DEN,27.0,14.0,13.0,0.5957649725597883,1,False
2023,18,2023_18_PHI_NYG,NYG,PHI,27.0,10.0,17.0,0.3204595331622891,1,False
2023,18,2023_18_LA_SF,SF,LA,20.0,21.0,-1.0,0.7676686596070572,0,False
2023,18,2023_18_DAL_WAS,WAS,DAL,10.0,38.0,-28.0,0.3065210268315612,0,False
2023,18,2023_18_BUF_MIA,MIA,BUF,14.0,21.0,-7.0,0.46889069197369887,0,False
2024,1,2024_01_BAL_KC,KC,BAL,27.0,20.0,7.0,0.5357673410028647,1,False
2024,1,2024_01_GB_PHI,PHI,GB,34.0,29.0,5.0,0.4863272931208696,1,True
2024,1,2024_01_PIT_ATL,ATL,PIT,10.0,18.0,-8.0,0.48370836888889956,0,False
2024,1,2024_01_ARI_BUF,BUF,ARI,34.0,28.0,6.0,0.7961248276123126,1,False
2024,1,2024_01_TEN_CHI,CHI,TEN,24.0,17.0,7.0,0.6125901170040357,1,False
2024,1,2024_01_NE_CIN,CIN,NE,10.0,16.0,-6.0,0.6879107323908259,0,False
2024,1,2024_01_HOU_IND,IND,HOU,27.0,29.0,-2.0,0.5619619416436068,0,False
2024,1,2024_01_JAX_MIA,MIA,JAX,20.0,17.0,3.0,0.6470160509477185,1,False
2024,1,2024_01_CAR_NO,NO,CAR,47.0,10.0,37.0,0.7355267263876379,1,False
2024,1,2024_01_MIN_NYG,NYG,MIN,6.0,28.0,-22.0,0.5434321330580171,0,False
2024,1,2024_01_LV_LAC,LAC,LV,22.0,10.0,12.0,0.5193097603452995,1,False
2024,1,2024_01_DEN_SEA,SEA,DEN,26.0,20.0,6.0,0.6353920501465684,1,False
2024,1,2024_01_DAL_CLE,CLE,DAL,17.0,33.0,-16.0,0.5183425770548632,0,False
2024,1,2024_01_WAS_TB,TB,WAS,37.0,20.0,17.0,0.6875871586473714,1,False
2024,1,2024_01_LA_DET,DET,LA,26.0,20.0,6.0,0.6241120727572931,1,False
2024,1,2024_01_NYJ_SF,SF,NYJ,32.0,19.0,13.0,0.7496176598387971,1,False
2024,2,2024_02_BUF_MIA,MIA,BUF,10.0,31.0,-21.0,0.5132581675629717,0,False
2024,2,2024_02_LV_BAL,BAL,LV,23.0,26.0,-3.0,0.714516796967514,0,False
2024,2,2024_02_LAC_CAR,CAR,LAC,3.0,26.0,-23.0,0.4259402066222697,0,False
2024,2,2024_02_NO_DAL,DAL,NO,19.0,44.0,-25.0,0.6500798117699337,0,False
2024,2,2024_02_TB_DET,DET,TB,16.0,20.0,-4.0,0.627906961715897,0,False
2024,2,2024_02_IND_GB,GB,IND,16.0,10.0,6.0,0.6575612723701331,1,False
2024,2,2024_02_CLE_JAX,JAX,CLE,13.0,18.0,-5.0,0.5547896431302503,0,False
2024,2,2024_02_SF_MIN,MIN,SF,23.0,17.0,6.0,0.44701654094096566,1,False
2024,2,2024_02_SEA_NE,NE,SEA,20.0,23.0,-3.0,0.5012020983414125,0,False
2024,2,2024_02_NYJ_TEN,TEN,NYJ,17.0,24.0,-7.0,0.5828534598089392,0,False
2024,2,2024_02_NYG_WAS,WAS,NYG,21.0,18.0,3.0,0.5331020213415042,1,False
2024,2,2024_02_LA_ARI,ARI,LA,41.0,10.0,31.0,0.46494014513510973,1,False
2024,2,2024_02_PIT_DEN,DEN,PIT,6.0,13.0,-7.0,0.4929374866816164,0,False
2024,2,2024_02_CIN_KC,KC,CIN,26.0,25.0,1.0,0.678072552438696,1,False
2024,2,2024_02_CHI_HOU,HOU,CHI,19.0,13.0,6.0,0.599576550364247,1,False
2024,2,2024_02_ATL_PHI,PHI,ATL,21.0,22.0,-1.0,0.7239806970526246,0,False
2024,3,2024_03_NE_NYJ,NYJ,NE,24.0,3.0,21.0,0.5952618763844556,1,False
2024,3,2024_03_NYG_CLE,CLE,NYG,15.0,21.0,-6.0,0.6876472490664899,0,False
2024,3,2024_03_CHI_IND,IND,CHI,21.0,16.0,5.0,0.5548342458777327,1,False
2024,3,2024_03_HOU_MIN,MIN,HOU,34.0,7.0,27.0,0.6074730552360564,1,False
2024,3,2024_03_PHI_NO,NO,PHI,12.0,15.0,-3.0,0.5978794154641072,0,False
2024,3,2024_03_LAC_PIT,PIT,LAC,20.0,10.0,10.0,0.6492803572400737,1,False
2024,3,2024_03_DEN_TB,TB,DEN,7.0,26.0,-19.0,0.707732913736905,0,False
2024,3,2024_03_GB_TEN,TEN,GB,14.0,30.0,-16.0,0.45516333098550266,0,False
2024,3,2024_03_CAR_LV,LV,CAR,22.0,36.0,-14.0,0.7455588130350211,0,False
2024,3,2024_03_MIA_SEA,SEA,MIA,24.0,3.0,21.0,0.577031779186721,1,False
2024,3,2024_03_DET_ARI,ARI,DET,13.0,20.0,-7.0,0.4559540112150187,0,False
2024,3,2024_03_BAL_DAL,DAL,BAL,25.0,28.0,-3.0,0.5945675745828213,0,False
2024,3,2024_03_SF_LA,LA,SF,27.0,24.0,3.0,0.4123820056294016,1,False
2024,3,2024_03_KC_ATL,ATL,KC,17.0,22.0,-5.0,0.4009907638014785,0,False
2024,3,2024_03_JAX_BUF,BUF,JAX,47.0,10.0,37.0,0.7567297320426183,1,False
2024,3,2024_03_WAS_CIN,CIN,WAS,33.0,38.0,-5.0,0.6934115931864873,0,False
2024,4,2024_04_DAL_NYG,NYG,DAL,15.0,20.0,-5.0,0.44125997922606014,0,False
2024,4,2024_04_NO_ATL,ATL,NO,26.0,24.0,2.0,0.47153024070437666,1,False
2024,4,2024_04_CIN_CAR,CAR,CIN,24.0,34.0,-10.0,0.413616186481175,0,False
2024,4,2024_04_LA_CHI,CHI,LA,24.0,18.0,6.0,0.5692009018887999,1,False
2024,4,2024_04_MIN_GB,GB,MIN,29.0,31.0,-2.0,0.5543163891255692,0,False
2024,4,2024_04_JAX_HOU,HOU,JAX,24.0,20.0,4.0,0.6404521726861724,1,False
2024,4,2024_04_PIT_IND,IND,PIT,27.0,24.0,3.0,0.4739971041439952,1,False
2024,4,2024_04_DEN_NYJ,NYJ,DEN,9.0,10.0,-1.0,0.6277660022430207,0,False
2024,4,2024_04_PHI_TB,TB,PHI,33.0,16.0,17.0,0.5798464606363696,1,False
2024,4,2024_04_WAS_ARI,ARI,WAS,14.0,42.0,-28.0,0.6060323915584057,0,False
2024,4,2024_04_NE_SF,SF,NE,30.0,13.0,17.0,0.7628999248567392,1,False
2024,4,2024_04_KC_LAC,LAC,KC,10.0,17.0,-7.0,0.42336799635373307,0,False
2024,4,2024_04_CLE_LV,LV,CLE,20.0,16.0,4.0,0.5513087874859434,1,False
2024,4,2024_04_BUF_BAL,BAL,BUF,35.0,10.0,25.0,0.5077536357285909,1,False
2024,4,2024_04_TEN_MIA,MIA,TEN,12.0,31.0,-19.0,0.6942203302907503,0,False
2024,4,2024_04_SEA_DET,DET,SEA,42.0,29.0,13.0,0.5854834383651683,1,False
2024,5,2024_05_TB_ATL,ATL,TB,36.0,30.0,6.0,0.4476317948614416,1,False
2024,5,2024_05_NYJ_MIN,MIN,NYJ,23.0,17.0,6.0,0.6279119376815161,1,True
2024,5,2024_05_CAR_CHI,CHI,CAR,36.0,10.0,26.0,0.7302942250324493,1,False
2024,5,2024_05_BAL_CIN,CIN,BAL,38.0,41.0,-3.0,0.44379037951852046,0,False
2024,5,2024_05_BUF_HOU,HOU,BUF,23.0,20.0,3.0,0.4681655252298007,1,False
2024,5,2024_05_IND_JAX,JAX,IND,37.0,34.0,3.0,0.5232358715138617,1,False
2024,5,2024_05_MIA_NE,NE,MIA,10.0,15.0,-5.0,0.4597395129211732,0,False
2024,5,2024_05_CLE_WAS,WAS,CLE,34.0,13.0,21.0,0.5356646948239857,1,False
2024,5,2024_05_LV_DEN,DEN,LV,34.0,18.0,16.0,0.5558669825517234,1,False
2024,5,2024_05_ARI_SF,SF,ARI,23.0,24.0,-1.0,0.7593083785478626,0,False
2024,5,2024_05_GB_LA,LA,GB,19.0,24.0,-5.0,0.48357261677311775,0,False
2024,5,2024_05_NYG_SEA,SEA,NYG,20.0,29.0,-9.0,0.7068079344964789,0,False
2024,5,2024_05_DAL_PIT,PIT,DAL,17.0,20.0,-3.0,0.5553685429716853,0,False
2024,5,2024_05_NO_KC,KC,NO,26.0,13.0,13.0,0.6933551399323484,1,False
2024,6,2024_06_SF_SEA,SEA,SF,24.0,36.0,-12.0,0.5319871329702935,0,False
2024,6,2024_06_JAX_CHI,CHI,JAX,35.0,16.0,19.0,0.5644991169074233,1,True
2024,6,2024_06_WAS_BAL,BAL,WAS,30.0,23.0,7.0,0.7546842029897501,1,False
2024,6,2024_06_ARI_GB,GB,ARI,34.0,13.0,21.0,0.6995675446887143,1,False
2024,6,2024_06_HOU_NE,NE,HOU,21.0,41.0,-20.0,0.4223117060320173,0,False
2024,6,2024_06_TB_NO,NO,TB,27.0,51.0,-24.0,0.5376283270446585,0,False
2024,6,2024_06_CLE_PHI,PHI,CLE,20.0,16.0,4.0,0.6693856816160166,1,False
2024,6,2024_06_IND_TEN,TEN,IND,17.0,20.0,-3.0,0.5468767114018275,0,False
2024,6,2024_06_LAC_DEN,DEN,LAC,16.0,23.0,-7.0,0.6384720027299696,0,False
2024,6,2024_06_PIT_LV,LV,PIT,13.0,32.0,-19.0,0.4992870550574249,0,False
2024,6,2024_06_ATL_CAR,CAR,ATL,20.0,38.0,-18.0,0.39709832852604654,0,False
2024,6,2024_06_DET_DAL,DAL,DET,9.0,47.0,-38.0,0.5716526182367626,0,False
2024,6,2024_06_CIN_NYG,NYG,CIN,7.0,17.0,-10.0,0.5297001412079477,0,False
2024,6,2024_06_BUF_NYJ,NYJ,BUF,20.0,23.0,-3.0,0.4401436631753997,0,False
2024,7,2024_07_DEN_NO,NO,DEN,10.0,33.0,-23.0,0.5906319186763453,0,False
2024,7,2024_07_NE_JAX,JAX,NE,32.0,16.0,16.0,0.5468714816600462,1,True
2024,7,2024_07_SEA_ATL,ATL,SEA,14.0,34.0,-20.0,0.5510633841097237,0,False
2024,7,2024_07_TEN_BUF,BUF,TEN,34.0,10.0,24.0,0.7684809282321386,1,False
2024,7,2024_07_CIN_CLE,CLE,CIN,14.0,21.0,-7.0,0.4989953208474588,0,False
2024,7,2024_07_HOU_GB,GB,HOU,24.0,22.0,2.0,0.6377084110974599,1,False
2024,7,2024_07_MIA_IND,IND,MIA,16.0,10.0,6.0,0.5554658277301016,1,False
2024,7,2024_07_DET_MIN,MIN,DET,29.0,31.0,-2.0,0.584591071945761,0,False
2024,7,2024_07_PHI_NYG,NYG,PHI,3.0,28.0,-25.0,0.4866682377583651,0,False
2024,7,2024_07_LV_LA,LA,LV,20.0,15.0,5.0,0.5791958278130852,1,False
2024,7,2024_07_CAR_WAS,WAS,CAR,40.0,7.0,33.0,0.75050592302907,1,False
2024,7,2024_07_KC_SF,SF,KC,18.0,28.0,-10.0,0.5375870314443476,0,False
2024,7,2024_07_NYJ_PIT,PIT,NYJ,37.0,15.0,22.0,0.6900012853999146,1,False
2024,7,2024_07_BAL_TB,TB,BAL,31.0,41.0,-10.0,0.47132758081466875,0,False
2024,7,2024_07_LAC_ARI,ARI,LAC,17.0,15.0,2.0,0.5325657873813625,1,False
2024,8,2024_08_MIN_LA,LA,MIN,30.0,20.0,10.0,0.43556983525296067,1,False
2024,8,2024_08_PHI_CIN,CIN,PHI,17.0,37.0,-20.0,0.5673921104366247,0,False
2024,8,2024_08_BAL_CLE,CLE,BAL,29.0,24.0,5.0,0.319281261391713,1,False
2024,8,2024_08_TEN_DET,DET,TEN,52.0,14.0,38.0,0.8052291304346976,1,False
2024,8,2024_08_IND_HOU,HOU,IND,23.0,20.0,3.0,0.6148988000471045,1,False
2024,8,2024_08_GB_JAX,JAX,GB,27.0,30.0,-3.0,0.43097196902510876,0,False
2024,8,2024_08_ARI_MIA,MIA,ARI,27.0,28.0,-1.0,0.6462983227231737,0,False
2024,8,2024_08_NYJ_NE,NE,NYJ,25.0,22.0,3.0,0.5001308954433588,1,False
2024,8,2024_08_ATL_TB,TB,ATL,26.0,31.0,-5.0,0.6626770935715273,0,False
2024,8,2024_08_NO_LAC,LAC,NO,26.0,8.0,18.0,0.5605819429088188,1,False
2024,8,2024_08_BUF_SEA,SEA,BUF,10.0,31.0,-21.0,0.49361948772411424,0,False
2024,8,2024_08_CAR_DEN,DEN,CAR,28.0,14.0,14.0,0.8000048919931785,1,False
2024,8,2024_08_KC_LV,LV,KC,20.0,27.0,-7.0,0.34121256409387646,0,False
2024,8,2024_08_CHI_WAS,WAS,CHI,18.0,15.0,3.0,0.5451658585050917,1,False
2024,8,2024_08_DAL_SF,SF,DAL,30.0,24.0,6.0,0.6014014344797134,1,False
2024,8,2024_08_NYG_PIT,PIT,NYG,26.0,18.0,8.0,0.7373114419745026,1,False
2024,9,2024_09_HOU_NYJ,NYJ,HOU,21.0,13.0,8.0,0.437209487353655,1,False
2024,9,2024_09_DAL_ATL,ATL,DAL,27.0,21.0,6.0,0.520675065992616,1,False
2024,9,2024_09_DEN_BAL,BAL,DEN,41.0,10.0,31.0,0.7088684796512128,1,False
2024,9,2024_09_MIA_BUF,BUF,MIA,30.0,27.0,3.0,0.7493439418211261,1,False
2024,9,2024_09_NO_CAR,CAR,NO,23.0,22.0,1.0,0.3904397320070087,1,False
2024,9,2024_09_LV_CIN,CIN,LV,41.0,24.0,17.0,0.6831142624994524,1,False
2024,9,2024_09_LAC_CLE,CLE,LAC,10.0,27.0,-17.0,0.5531447872401066,0,False
2024,9,2024_09_WAS_NYG,NYG,WAS,22.0,27.0,-5.0,0.48163206691194266,0,False
2024,9,2024_09_NE_TEN,TEN,NE,20.0,17.0,3.0,0.6043547924027252,1,False
2024,9,2024_09_CHI_ARI,ARI,CHI,29.0,9.0,20.0,0.5083142830160339,1,False
2024,9,2024_09_JAX_PHI,PHI,JAX,28.0,23.0,5.0,0.7036071725221267,1,False
2024,9,2024_09_DET_GB,GB,DET,14.0,24.0,-10.0,0.5341447147459131,0,False
2024,9,2024_09_LA_SEA,SEA,LA,20.0,26.0,-6.0,0.6201367259463488,0,False
2024,9,2024_09_IND_MIN,MIN,IND,21.0,13.0,8.0,0.6701333671848214,1,False
2024,9,2024_09_TB_KC,KC,TB,30.0,24.0,6.0,0.714600991172361,1,False
2024,10,2024_10_CIN_BAL,BAL,CIN,35.0,34.0,1.0,0.719876784425068,1,False
2024,10,2024_10_NYG_CAR,CAR,NYG,20.0,17.0,3.0,0.3529336788513077,1,True
2024,10,2024_10_NE_CHI,CHI,NE,3.0,19.0,-16.0,0.7195911038282593,0,False
2024,10,2024_10_BUF_IND,IND,BUF,20.0,30.0,-10.0,0.39251696997376084,0,False
2024,10,2024_10_MIN_JAX,JAX,MIN,7.0,12.0,-5.0,0.4149691305842308,0,False
2024,10,2024_10_DEN_KC,KC,DEN,16.0,14.0,2.0,0.7742880601984975,1,False
2024,10,2024_10_ATL_NO,NO,ATL,20.0,17.0,3.0,0.4879465185848832,1,False
2024,10,2024_10_SF_TB,TB,SF,20.0,23.0,-3.0,0.4886500399664444,0,False
2024,10,2024_10_PIT_WAS,WAS,PIT,27.0,28.0,-1.0,0.5074793820822078,0,False
2024,10,2024_10_TEN_LAC,LAC,TEN,27.0,17.0,10.0,0.7068316333896806,1,False
2024,10,2024_10_NYJ_ARI,ARI,NYJ,31.0,6.0,25.0,0.6439965985894822,1,False
2024,10,2024_10_PHI_DAL,DAL,PHI,6.0,34.0,-28.0,0.551561000099253,0,False
2024,10,2024_10_DET_HOU,HOU,DET,23.0,26.0,-3.0,0.4192941926296084,0,False
2024,10,2024_10_MIA_LA,LA,MIA,15.0,23.0,-8.0,0.6477972165329128,0,False
2024,11,2024_11_WAS_PHI,PHI,WAS,26.0,18.0,8.0,0.6566133487594171,1,False
2024,11,2024_11_GB_CHI,CHI,GB,19.0,20.0,-1.0,0.4467410856433986,0,False
2024,11,2024_11_JAX_DET,DET,JAX,52.0,6.0,46.0,0.8138803526391865,1,False
2024,11,2024_11_LV_MIA,MIA,LV,34.0,19.0,15.0,0.6735603656818139,1,False
2024,11,2024_11_LA_NE,NE,LA,22.0,28.0,-6.0,0.42828386625841164,0,False
2024,11,2024_11_CLE_NO,NO,CLE,35.0,14.0,21.0,0.5932653223515431,1,False
2024,11,2024_11_IND_NYJ,NYJ,IND,27.0,28.0,-1.0,0.5317868266398597,0,False
2024,11,2024_11_BAL_PIT,PIT,BAL,18.0,16.0,2.0,0.5177690618183315,1,False
2024,11,2024_11_MIN_TEN,TEN,MIN,13.0,23.0,-10.0,0.3494248101257503,0,False
2024,11,2024_11_ATL_DEN,DEN,ATL,38.0,6.0,32.0,0.5691987108762281,1,False
2024,11,2024_11_SEA_SF,SF,SEA,17.0,20.0,-3.0,0.6967612151850072,0,False
2024,11,2024_11_KC_BUF,BUF,KC,30.0,21.0,9.0,0.5515104310616983,1,False
2024,11,2024_11_CIN_LAC,LAC,CIN,34.0,27.0,7.0,0.583284367870833,1,False
2024,11,2024_11_HOU_DAL,DAL,HOU,10.0,34.0,-24.0,0.6190802226436068,0,False
2024,12,2024_12_PIT_CLE,CLE,PIT,24.0,19.0,5.0,0.361056770445573,1,False
2024,12,2024_12_KC_CAR,CAR,KC,27.0,30.0,-3.0,0.22633855106221906,0,False
2024,12,2024_12_MIN_CHI,CHI,MIN,27.0,30.0,-3.0,0.43573304435431137,0,False
2024,12,2024_12_TEN_HOU,HOU,TEN,27.0,32.0,-5.0,0.7342758978423454,0,False
2024,12,2024_12_DET_IND,IND,DET,6.0,24.0,-18.0,0.35082833205370545,0,False
2024,12,2024_12_NE_MIA,MIA,NE,34.0,15.0,19.0,0.7401993475571781,1,False
2024,12,2024_12_TB_NYG,NYG,TB,7.0,30.0,-23.0,0.4457072622818731,0,False
2024,12,2024_12_DAL_WAS,WAS,DAL,26.0,34.0,-8.0,0.5683293839356403,0,False
2024,12,2024_12_DEN_LV,LV,DEN,19.0,29.0,-10.0,0.41273671503264225,0,False
2024,12,2024_12_SF_GB,GB,SF,38.0,10.0,28.0,0.5756089083034832,1,False
2024,12,2024_12_ARI_SEA,SEA,ARI,16.0,6.0,10.0,0.5998252671161182,1,False
2024,12,2024_12_PHI_LA,LA,PHI,20.0,37.0,-17.0,0.49351292074388503,0,False
2024,12,2024_12_BAL_LAC,LAC,BAL,23.0,30.0,-7.0,0.4770856018314759,0,False
2024,13,2024_13_CHI_DET,DET,CHI,23.0,20.0,3.0,0.8129275003292715,1,False
2024,13,2024_13_NYG_DAL,DAL,NYG,27.0,20.0,7.0,0.7340291057187606,1,False
2024,13,2024_13_MIA_GB,GB,MIA,30.0,17.0,13.0,0.709916988344736,1,False
2024,13,2024_13_LV_KC,KC,LV,19.0,17.0,2.0,0.8466368652446099,1,False
2024,13,2024_13_LAC_ATL,ATL,LAC,13.0,17.0,-4.0,0.490534112576247,0,False
2024,13,2024_13_PIT_CIN,CIN,PIT,38.0,44.0,-6.0,0.504004961519401,0,False
2024,13,2024_13_HOU_JAX,JAX,HOU,20.0,23.0,-3.0,0.4834529149105617,0,False
2024,13,2024_13_ARI_MIN,MIN,ARI,23.0,22.0,1.0,0.699269802667564,1,False
2024,13,2024_13_IND_NE,NE,IND,24.0,25.0,-1.0,0.4413835386909142,0,False
2024,13,2024_13_SEA_NYJ,NYJ,SEA,21.0,26.0,-5.0,0.40769400439800824,0,False
2024,13,2024_13_TEN_WAS,WAS,TEN,42.0,19.0,23.0,0.7007900392281005,1,False
2024,13,2024_13_TB_CAR,CAR,TB,23.0,26.0,-3.0,0.34382719663099776,0,False
2024,13,2024_13_LA_NO,NO,LA,14.0,21.0,-7.0,0.5795927282361414,0,False
2024,13,2024_13_PHI_BAL,BAL,PHI,19.0,24.0,-5.0,0.6522676379170355,0,False
2024,13,2024_13_SF_BUF,BUF,SF,35.0,10.0,25.0,0.709140617282437,1,False
2024,13,2024_13_CLE_DEN,DEN,CLE,41.0,32.0,9.0,0.6811307382818698,1,False
2024,14,2024_14_GB_DET,DET,GB,34.0,31.0,3.0,0.6287140810574903,1,False
2024,14,2024_14_NYJ_MIA,MIA,NYJ,32.0,26.0,6.0,0.7046411830501667,1,False
2024,14,2024_14_ATL_MIN,MIN,ATL,42.0,21.0,21.0,0.7484608224665565,1,False
2024,14,2024_14_NO_NYG,NYG,NO,11.0,14.0,-3.0,0.4566777670513339,0,False
2024,14,2024_14_CAR_PHI,PHI,CAR,22.0,16.0,6.0,0.8625695955330975,1,False
2024,14,2024_14_CLE_PIT,PIT,CLE,27.0,14.0,13.0,0.7566119592725171,1,False
2024,14,2024_14_LV_TB,TB,LV,28.0,13.0,15.0,0.7586570869534769,1,False
2024,14,2024_14_JAX_TEN,TEN,JAX,6.0,10.0,-4.0,0.5442899285393845,0,False
2024,14,2024_14_SEA_ARI,ARI,SEA,18.0,30.0,-12.0,0.5046483662787217,0,False
2024,14,2024_14_BUF_LA,LA,BUF,44.0,42.0,2.0,0.37153981180865503,1,False
2024,14,2024_14_CHI_SF,SF,CHI,38.0,13.0,25.0,0.6927385655960849,1,False
2024,14,2024_14_LAC_KC,KC,LAC,19.0,17.0,2.0,0.7042151153970527,1,False
2024,14,2024_14_CIN_DAL,DAL,CIN,20.0,27.0,-7.0,0.6341300059191608,0,False
2024,15,2024_15_LA_SF,SF,LA,6.0,12.0,-6.0,0.630183522958748,0,False
2024,15,2024_15_DAL_CAR,CAR,DAL,14.0,30.0,-16.0,0.3245975614471576,0,False
2024,15,2024_15_KC_CLE,CLE,KC,7.0,21.0,-14.0,0.30270890847977266,0,False
2024,15,2024_15_MIA_HOU,HOU,MIA,20.0,12.0,8.0,0.5725691523489512,1,False
2024,15,2024_15_NYJ_JAX,JAX,NYJ,25.0,32.0,-7.0,0.6190666608684304,0,False
2024,15,2024_15_WAS_NO,NO,WAS,19.0,20.0,-1.0,0.5670494963069167,0,False
2024,15,2024_15_BAL_NYG,NYG,BAL,14.0,35.0,-21.0,0.27594389988527424,0,False
2024,15,2024_15_CIN_TEN,TEN,CIN,27.0,37.0,-10.0,0.402652311020245,0,False
2024,15,2024_15_NE_ARI,ARI,NE,30.0,17.0,13.0,0.750180144934371,1,False
2024,15,2024_15_IND_DEN,DEN,IND,31.0,13.0,18.0,0.6834771171760545,1,False
2024,15,2024_15_BUF_DET,DET,BUF,42.0,48.0,-6.0,0.6194870576782199,0,False
2024,15,2024_15_TB_LAC,LAC,TB,17.0,40.0,-23.0,0.5867201485141565,0,False
2024,15,2024_15_PIT_PHI,PHI,PIT,27.0,13.0,14.0,0.6044169908166906,1,False
2024,15,2024_15_GB_SEA,SEA,GB,13.0,30.0,-17.0,0.5103627949278634,0,False
2024,15,2024_15_CHI_MIN,MIN,CHI,30.0,12.0,18.0,0.7987783018732384,1,False
2024,15,2024_15_ATL_LV,LV,ATL,9.0,15.0,-6.0,0.4936204650350553,0,False
2024,16,2024_16_DEN_LAC,LAC,DEN,34.0,27.0,7.0,0.5352037189372727,1,False
2024,16,2024_16_HOU_KC,KC,HOU,27.0,19.0,8.0,0.7368132934316247,1,False
2024,16,2024_16_PIT_BAL,BAL,PIT,34.0,17.0,17.0,0.6716441247641713,1,False
2024,16,2024_16_NYG_ATL,ATL,NYG,34.0,7.0,27.0,0.6739933841852743,1,False
2024,16,2024_16_ARI_CAR,CAR,ARI,36.0,30.0,6.0,0.34648986994861336,1,False
2024,16,2024_16_DET_CHI,CHI,DET,17.0,34.0,-17.0,0.25901630290958,0,False
2024,16,2024_16_CLE_CIN,CIN,CLE,24.0,6.0,18.0,0.7085010197189806,1,False
2024,16,2024_16_TEN_IND,IND,TEN,38.0,30.0,8.0,0.7005378623567057,1,False
2024,16,2024_16_LA_NYJ,NYJ,LA,9.0,19.0,-10.0,0.41381645850818344,0,False
2024,16,2024_16_PHI_WAS,WAS,PHI,36.0,33.0,3.0,0.4390619125551117,1,False
2024,16,2024_16_MIN_SEA,SEA,MIN,24.0,27.0,-3.0,0.5014150460939539,0,False
2024,16,2024_16_NE_BUF,BUF,NE,24.0,21.0,3.0,0.8978112746390144,1,False
2024,16,2024_16_JAX_LV,LV,JAX,19.0,14.0,5.0,0.5246604932244112,1,False
2024,16,2024_16_SF_MIA,MIA,SF,29.0,17.0,12.0,0.5159359057308359,1,False
2024,16,2024_16_TB_DAL,DAL,TB,26.0,24.0,2.0,0.566463647792518,1,False
2024,16,2024_16_NO_GB,GB,NO,34.0,0.0,34.0,0.7621528078071176,1,False
2024,17,2024_17_KC_PIT,PIT,KC,10.0,29.0,-19.0,0.43125307825386866,0,False
2024,17,2024_17_BAL_HOU,HOU,BAL,2.0,31.0,-29.0,0.400030721546622,0,False
2024,17,2024_17_SEA_CHI,CHI,SEA,3.0,6.0,-3.0,0.3983359749494463,0,False
2024,17,2024_17_LAC_NE,NE,LAC,7.0,40.0,-33.0,0.3028802936372768,0,False
2024,17,2024_17_DEN_CIN,CIN,DEN,30.0,24.0,6.0,0.577521396757952,1,False
2024,17,2024_17_ARI_LA,LA,ARI,13.0,9.0,4.0,0.6809564625274561,1,False
2024,17,2024_17_NYJ_BUF,BUF,NYJ,40.0,14.0,26.0,0.8636796589496385,1,False
2024,17,2024_17_TEN_JAX,JAX,TEN,20.0,13.0,7.0,0.6448588772788751,1,False
2024,17,2024_17_LV_NO,NO,LV,10.0,25.0,-15.0,0.6953264113843792,0,False
2024,17,2024_17_IND_NYG,NYG,IND,45.0,33.0,12.0,0.43386730355447084,1,False
2024,17,2024_17_DAL_PHI,PHI,DAL,41.0,7.0,34.0,0.6818687801140599,1,False
2024,17,2024_17_CAR_TB,TB,CAR,48.0,14.0,34.0,0.7987845144900791,1,False
2024,17,2024_17_MIA_CLE,CLE,MIA,3.0,20.0,-17.0,0.419206377325514,0,False
2024,17,2024_17_GB_MIN,MIN,GB,27.0,25.0,2.0,0.5637734404120859,1,False
2024,17,2024_17_ATL_WAS,WAS,ATL,30.0,24.0,6.0,0.6765148645983947,1,False
2024,17,2024_17_DET_SF,SF,DET,34.0,40.0,-6.0,0.3831883169410747,0,False
2024,18,2024_18_CLE_BAL,BAL,CLE,35.0,10.0,25.0,0.8616334413131427,1,False
2024,18,2024_18_CIN_PIT,PIT,CIN,17.0,19.0,-2.0,0.567008897034599,0,False
2024,18,2024_18_CAR_ATL,ATL,CAR,38.0,44.0,-6.0,0.7392892611582197,0,False
2024,18,2024_18_WAS_DAL,DAL,WAS,19.0,23.0,-4.0,0.5342302113584271,0,False
2024,18,2024_18_CHI_GB,GB,CHI,22.0,24.0,-2.0,0.8410783279882463,0,False
2024,18,2024_18_JAX_IND,IND,JAX,26.0,23.0,3.0,0.6238980499473313,1,False
2024,18,2024_18_BUF_NE,NE,BUF,23.0,16.0,7.0,0.17585480668163786,1,False
2024,18,2024_18_NYG_PHI,PHI,NYG,20.0,13.0,7.0,0.8527043773188799,1,False
2024,18,2024_18_NO_TB,TB,NO,27.0,19.0,8.0,0.7150871532872681,1,False
2024,18,2024_18_HOU_TEN,TEN,HOU,14.0,23.0,-9.0,0.3527067426542366,0,False
2024,18,2024_18_SF_ARI,ARI,SF,47.0,24.0,23.0,0.5168488830191502,1,False
2024,18,2024_18_KC_DEN,DEN,KC,38.0,0.0,38.0,0.4025736665252059,1,False
2024,18,2024_18_SEA_LA,LA,SEA,25.0,30.0,-5.0,0.5908636326664893,0,False
2024,18,2024_18_LAC_LV,LV,LAC,20.0,34.0,-14.0,0.36872628355749143,0,False
2024,18,2024_18_MIA_NYJ,NYJ,MIA,32.0,20.0,12.0,0.4019626332326315,1,False
2024,18,2024_18_MIN_DET,DET,MIN,31.0,9.0,22.0,0.6372708233296801,1,False
2025,1,2025_01_DAL_PHI,PHI,DAL,24.0,20.0,4.0,0.6998168588899779,1,False
2025,1,2025_01_KC_LAC,LAC,KC,27.0,21.0,6.0,0.45975295924400034,1,True
2025,1,2025_01_TB_ATL,ATL,TB,20.0,23.0,-3.0,0.49088520527716084,0,False
2025,1,2025_01_CIN_CLE,CLE,CIN,16.0,17.0,-1.0,0.4437663464272903,0,False
2025,1,2025_01_MIA_IND,IND,MIA,33.0,8.0,25.0,0.5556017944728189,1,False
2025,1,2025_01_CAR_JAX,JAX,CAR,26.0,10.0,16.0,0.6312345910729508,1,False
2025,1,2025_01_LV_NE,NE,LV,13.0,20.0,-7.0,0.5834425682067536,0,False
2025,1,2025_01_ARI_NO,NO,ARI,13.0,20.0,-7.0,0.5448383373261652,0,False
2025,1,2025_01_PIT_NYJ,NYJ,PIT,32.0,34.0,-2.0,0.5091006107730265,0,False
2025,1,2025_01_NYG_WAS,WAS,NYG,21.0,6.0,15.0,0.7244539844792909,1,False
2025,1,2025_01_TEN_DEN,DEN,TEN,20.0,12.0,8.0,0.7719669670612899,1,False
2025,1,2025_01_SF_SEA,SEA,SF,13.0,17.0,-4.0,0.660471728823653,0,False
2025,1,2025_01_DET_GB,GB,DET,27.0,13.0,14.0,0.5278698511476484,1,False
2025,1,2025_01_HOU_LA,LA,HOU,14.0,9.0,5.0,0.6209535789093988,1,False
2025,1,2025_01_BAL_BUF,BUF,BAL,41.0,40.0,1.0,0.5651719671141897,1,False
2025,1,2025_01_MIN_CHI,CHI,MIN,24.0,27.0,-3.0,0.4321390815237174,0,False
2025,2,2025_02_WAS_GB,GB,WAS,27.0,18.0,9.0,0.6597437446283833,1,False
2025,2,2025_02_CLE_BAL,BAL,CLE,41.0,17.0,24.0,0.7871661523918763,1,False
2025,2,2025_02_JAX_CIN,CIN,JAX,31.0,27.0,4.0,0.692634040124823,1,False
2025,2,2025_02_NYG_DAL,DAL,NYG,40.0,37.0,3.0,0.694863097153124,1,False
2025,2,2025_02_CHI_DET,DET,CHI,52.0,21.0,31.0,0.7639508698599122,1,False
2025,2,2025_02_NE_MIA,MIA,NE,27.0,33.0,-6.0,0.6427478171544572,0,False
2025,2,2025_02_SF_NO,NO,SF,21.0,26.0,-5.0,0.5430855581604047,0,False
2025,2,2025_02_BUF_NYJ,NYJ,BUF,10.0,30.0,-20.0,0.40530717358390717,0,False
2025,2,2025_02_SEA_PIT,PIT,SEA,17.0,31.0,-14.0,0.5859891721435709,0,False
2025,2,2025_02_LA_TEN,TEN,LA,19.0,33.0,-14.0,0.37154077347753917,0,False
2025,2,2025_02_CAR_ARI,ARI,CAR,27.0,22.0,5.0,0.743108415063942,1,False
2025,2,2025_02_DEN_IND,IND,DEN,29.0,28.0,1.0,0.514057395484837,1,False
2025,2,2025_02_PHI_KC,KC,PHI,17.0,20.0,-3.0,0.5139612506401132,0,False
2025,2,2025_02_ATL_MIN,MIN,ATL,6.0,22.0,-16.0,0.7276752144232383,0,False
2025,2,2025_02_TB_HOU,HOU,TB,19.0,20.0,-1.0,0.5130423772205295,0,False
2025,2,2025_02_LAC_LV,LV,LAC,9.0,20.0,-11.0,0.4299395487417902,0,False
2025,3,2025_03_MIA_BUF,BUF,MIA,31.0,21.0,10.0,0.7627053718348652,1,False
2025,3,2025_03_ATL_CAR,CAR,ATL,30.0,0.0,30.0,0.4509907470660536,1,False
2025,3,2025_03_GB_CLE,CLE,GB,13.0,10.0,3.0,0.2996665414027365,1,False
2025,3,2025_03_HOU_JAX,JAX,HOU,17.0,10.0,7.0,0.5484426977754268,1,False
2025,3,2025_03_CIN_MIN,MIN,CIN,48.0,10.0,38.0,0.6015701895437787,1,False
2025,3,2025_03_PIT_NE,NE,PIT,14.0,21.0,-7.0,0.4689932404996199,0,False
2025,3,2025_03_LA_PHI,PHI,LA,33.0,26.0,7.0,0.6661950639393227,1,False
2025,3,2025_03_NYJ_TB,TB,NYJ,29.0,27.0,2.0,0.723461615513656,1,False
2025,3,2025_03_IND_TEN,TEN,IND,20.0,41.0,-21.0,0.4098492886638933,0,False
2025,3,2025_03_LV_WAS,WAS,LV,41.0,24.0,17.0,0.7173057375850934,1,False
2025,3,2025_03_DEN_LAC,LAC,DEN,23.0,20.0,3.0,0.6060265127183163,1,False
2025,3,2025_03_NO_SEA,SEA,NO,44.0,13.0,31.0,0.7001315901541775,1,False
2025,3,2025_03_DAL_CHI,CHI,DAL,31.0,14.0,17.0,0.48724626536583415,1,False
2025,3,2025_03_ARI_SF,SF,ARI,16.0,15.0,1.0,0.5695820871270484,1,False
2025,3,2025_03_KC_NYG,NYG,KC,9.0,22.0,-13.0,0.40298095104455384,0,False
2025,3,2025_03_DET_BAL,BAL,DET,30.0,38.0,-8.0,0.5918805531004785,0,False
2025,4,2025_04_SEA_ARI,ARI,SEA,20.0,23.0,-3.0,0.5191982054113188,0,False
2025,4,2025_04_MIN_PIT,PIT,MIN,24.0,21.0,3.0,0.3948484208890379,1,True
2025,4,2025_04_WAS_ATL,ATL,WAS,34.0,27.0,7.0,0.4109589788652468,1,False
2025,4,2025_04_NO_BUF,BUF,NO,31.0,19.0,12.0,0.8005112532273926,1,False
2025,4,2025_04_CLE_DET,DET,CLE,34.0,10.0,24.0,0.8035256390388811,1,False
2025,4,2025_04_TEN_HOU,HOU,TEN,26.0,0.0,26.0,0.6991512998866054,1,False
2025,4,2025_04_CAR_NE,NE,CAR,42.0,13.0,29.0,0.5995267684917079,1,False
2025,4,2025_04_LAC_NYG,NYG,LAC,21.0,18.0,3.0,0.34600009222210426,1,False
2025,4,2025_04_PHI_TB,TB,PHI,25.0,31.0,-6.0,0.5059027684663467,0,False
2025,4,2025_04_IND_LA,LA,IND,27.0,20.0,7.0,0.6119379145777376,1,False
2025,4,2025_04_JAX_SF,SF,JAX,21.0,26.0,-5.0,0.6351735909418493,0,False
2025,4,2025_04_BAL_KC,KC,BAL,37.0,20.0,17.0,0.5077172481080838,1,False
2025,4,2025_04_CHI_LV,LV,CHI,24.0,25.0,-1.0,0.5269262912663498,0,False
2025,4,2025_04_GB_DAL,DAL,GB,40.0,40.0,0.0,0.4019335125376208,0,False
2025,4,2025_04_NYJ_MIA,MIA,NYJ,27.0,21.0,6.0,0.586295949058396,1,False
2025,4,2025_04_CIN_DEN,DEN,CIN,28.0,3.0,25.0,0.6199137662926816,1,False
2025,5,2025_05_SF_LA,LA,SF,23.0,26.0,-3.0,0.6608238276777559,0,False
2025,5,2025_05_MIN_CLE,CLE,MIN,17.0,21.0,-4.0,0.28512059345906865,0,True
2025,5,2025_05_HOU_BAL,BAL,HOU,10.0,44.0,-34.0,0.6966855551417359,0,False
2025,5,2025_05_MIA_CAR,CAR,MIA,27.0,24.0,3.0,0.4918103120220943,1,False
2025,5,2025_05_LV_IND,IND,LV,40.0,6.0,34.0,0.703268524389863,1,False
2025,5,2025_05_NYG_NO,NO,NYG,26.0,14.0,12.0,0.5836190528887019,1,False
2025,5,2025_05_DAL_NYJ,NYJ,DAL,22.0,37.0,-15.0,0.5371034717543756,0,False
2025,5,2025_05_DEN_PHI,PHI,DEN,17.0,21.0,-4.0,0.6691855720779999,0,False
2025,5,2025_05_TEN_ARI,ARI,TEN,21.0,22.0,-1.0,0.7730871790307997,0,False
2025,5,2025_05_TB_SEA,SEA,TB,35.0,38.0,-3.0,0.6103877369326017,0,False
2025,5,2025_05_DET_CIN,CIN,DET,24.0,37.0,-13.0,0.39024626187071637,0,False
2025,5,2025_05_WAS_LAC,LAC,WAS,10.0,27.0,-17.0,0.6297071441610131,0,False
2025,5,2025_05_NE_BUF,BUF,NE,20.0,23.0,-3.0,0.7826339331326481,0,False
2025,5,2025_05_KC_JAX,JAX,KC,31.0,28.0,3.0,0.46208281074240165,1,False
2025,6,2025_06_PHI_NYG,NYG,PHI,34.0,17.0,17.0,0.2875636777964614,1,False
2025,6,2025_06_DEN_NYJ,NYJ,DEN,11.0,13.0,-2.0,0.28448049665370345,0,True
2025,6,2025_06_LA_BAL,BAL,LA,3.0,17.0,-14.0,0.6117394822184704,0,False
2025,6,2025_06_DAL_CAR,CAR,DAL,30.0,27.0,3.0,0.5019503315197604,1,False
2025,6,2025_06_ARI_IND,IND,ARI,31.0,27.0,4.0,0.6333303420856787,1,False
2025,6,2025_06_SEA_JAX,JAX,SEA,12.0,20.0,-8.0,0.510965628718521,0,False
2025,6,2025_06_LAC_MIA,MIA,LAC,27.0,29.0,-2.0,0.4432925647785111,0,False
2025,6,2025_06_NE_NO,NO,NE,19.0,25.0,-6.0,0.5522834222111467,0,False
2025,6,2025_06_CLE_PIT,PIT,CLE,23.0,9.0,14.0,0.7479136863064778,1,False
2025,6,2025_06_TEN_LV,LV,TEN,20.0,10.0,10.0,0.6200675539621643,1,False
2025,6,2025_06_CIN_GB,GB,CIN,27.0,18.0,9.0,0.7440686328490033,1,False
2025,6,2025_06_SF_TB,TB,SF,30.0,19.0,11.0,0.6634683895190203,1,False
2025,6,2025_06_DET_KC,KC,DET,30.0,17.0,13.0,0.48286108012546514,1,False
2025,6,2025_06_BUF_ATL,ATL,BUF,24.0,14.0,10.0,0.3822958505474377,1,False
2025,6,2025_06_CHI_WAS,WAS,CHI,24.0,25.0,-1.0,0.6758827635071172,0,False
2025,7,2025_07_PIT_CIN,CIN,PIT,33.0,31.0,2.0,0.4680029538648723,1,False
2025,7,2025_07_LA_JAX,JAX,LA,7.0,35.0,-28.0,0.4236738337682237,0,True
2025,7,2025_07_NO_CHI,CHI,NO,26.0,14.0,12.0,0.65180885279468,1,False
2025,7,2025_07_MIA_CLE,CLE,MIA,31.0,6.0,25.0,0.54014563821231,1,False
2025,7,2025_07_LV_KC,KC,LV,31.0,0.0,31.0,0.8056006810044583,1,False
2025,7,2025_07_PHI_MIN,MIN,PHI,22.0,28.0,-6.0,0.6136683221786836,0,False
2025,7,2025_07_CAR_NYJ,NYJ,CAR,6.0,13.0,-7.0,0.5810840782035515,0,False
2025,7,2025_07_NE_TEN,TEN,NE,13.0,31.0,-18.0,0.4045483261053513,0,False
2025,7,2025_07_NYG_DEN,DEN,NYG,33.0,32.0,1.0,0.7598742993208534,1,False
2025,7,2025_07_IND_LAC,LAC,IND,24.0,38.0,-14.0,0.609113326710198,0,False
2025,7,2025_07_GB_ARI,ARI,GB,23.0,27.0,-4.0,0.39381102580437244,0,False
2025,7,2025_07_WAS_DAL,DAL,WAS,44.0,22.0,22.0,0.48765877977493244,1,False
2025,7,2025_07_ATL_SF,SF,ATL,20.0,10.0,10.0,0.5840851225825652,1,False
2025,7,2025_07_TB_DET,DET,TB,24.0,9.0,15.0,0.6188393121972765,1,False
2025,7,2025_07_HOU_SEA,SEA,HOU,27.0,19.0,8.0,0.6854876551083687,1,False
2025,8,2025_08_MIN_LAC,LAC,MIN,37.0,10.0,27.0,0.5461350334050289,1,False
2025,8,2025_08_MIA_ATL,ATL,MIA,10.0,34.0,-24.0,0.685036439276015,0,False
2025,8,2025_08_CHI_BAL,BAL,CHI,30.0,16.0,14.0,0.6581813627344905,1,False
2025,8,2025_08_BUF_CAR,CAR,BUF,9.0,40.0,-31.0,0.3909655496408528,0,False
2025,8,2025_08_NYJ_CIN,CIN,NYJ,38.0,39.0,-1.0,0.6939804798593611,0,False
2025,8,2025_08_SF_HOU,HOU,SF,26.0,15.0,11.0,0.5442721274280199,1,False
2025,8,2025_08_CLE_NE,NE,CLE,32.0,13.0,19.0,0.6527279089682626,1,False
2025,8,2025_08_NYG_PHI,PHI,NYG,38.0,20.0,18.0,0.7579855278086466,1,False
2025,8,2025_08_TB_NO,NO,TB,3.0,23.0,-20.0,0.3896987908687696,0,False
2025,8,2025_08_DAL_DEN,DEN,DAL,44.0,24.0,20.0,0.7145565910678594,1,False
2025,8,2025_08_TEN_IND,IND,TEN,38.0,14.0,24.0,0.8258030218567626,1,False
2025,8,2025_08_GB_PIT,PIT,GB,25.0,35.0,-10.0,0.47767780090069456,0,False
2025,8,2025_08_WAS_KC,KC,WAS,28.0,7.0,21.0,0.7456632661086289,1,False
2025,9,2025_09_BAL_MIA,MIA,BAL,6.0,28.0,-22.0,0.36050268792807855,0,False
2025,9,2025_09_CHI_CIN,CIN,CHI,42.0,47.0,-5.0,0.5879396970268999,0,False
2025,9,2025_09_MIN_DET,DET,MIN,24.0,27.0,-3.0,0.7075454801270802,0,False
2025,9,2025_09_CAR_GB,GB,CAR,13.0,16.0,-3.0,0.8247174735720317,0,False
2025,9,2025_09_DEN_HOU,HOU,DEN,15.0,18.0,-3.0,0.4491670352045352,0,False
2025,9,2025_09_ATL_NE,NE,ATL,24.0,23.0,1.0,0.6533616309147001,1,False
2025,9,2025_09_SF_NYG,NYG,SF,24.0,34.0,-10.0,0.5062190818464457,0,False
2025,9,2025_09_IND_PIT,PIT,IND,27.0,20.0,7.0,0.5619488636031387,1,False
2025,9,2025_09_LAC_TEN,TEN,LAC,20.0,27.0,-7.0,0.25221156832546754,0,False
2025,9,2025_09_NO_LA,LA,NO,34.0,10.0,24.0,0.7720814439572442,1,False
2025,9,2025_09_JAX_LV,LV,JAX,29.0,30.0,-1.0,0.45140041582480045,0,False
2025,9,2025_09_KC_BUF,BUF,KC,28.0,21.0,7.0,0.5175128655948049,1,False
2025,9,2025_09_SEA_WAS,WAS,SEA,14.0,38.0,-24.0,0.426596543383821,0,False
2025,9,2025_09_ARI_DAL,DAL,ARI,17.0,27.0,-10.0,0.5841585928320264,0,False
2025,10,2025_10_LV_DEN,DEN,LV,10.0,7.0,3.0,0.8404335582527535,1,False
2025,10,2025_10_ATL_IND,IND,ATL,31.0,25.0,6.0,0.6155564841353653,1,True
2025,10,2025_10_NO_CAR,CAR,NO,7.0,17.0,-10.0,0.6529336931669651,0,False
2025,10,2025_10_NYG_CHI,CHI,NYG,24.0,20.0,4.0,0.6809250703800878,1,False
2025,10,2025_10_JAX_HOU,HOU,JAX,36.0,29.0,7.0,0.5996518431551463,1,False
2025,10,2025_10_BUF_MIA,MIA,BUF,30.0,13.0,17.0,0.3222059159883603,1,False
2025,10,2025_10_BAL_MIN,MIN,BAL,19.0,27.0,-8.0,0.5523176531729883,0,False
2025,10,2025_10_CLE_NYJ,NYJ,CLE,27.0,20.0,7.0,0.5995377195658699,1,False
2025,10,2025_10_NE_TB,TB,NE,23.0,28.0,-5.0,0.6572765097223047,0,False
2025,10,2025_10_ARI_SEA,SEA,ARI,44.0,22.0,22.0,0.7271420443204545,1,False
2025,10,2025_10_LA_SF,SF,LA,26.0,42.0,-16.0,0.472692237214193,0,False
2025,10,2025_10_DET_WAS,WAS,DET,22.0,44.0,-22.0,0.37147619733956466,0,False
2025,10,2025_10_PIT_LAC,LAC,PIT,25.0,10.0,15.0,0.6234489542164121,1,False
2025,10,2025_10_PHI_GB,GB,PHI,7.0,10.0,-3.0,0.6253331630344648,0,False
2025,11,2025_11_NYJ_NE,NE,NYJ,27.0,14.0,13.0,0.7025201389185703,1,False
2025,11,2025_11_WAS_MIA,MIA,WAS,16.0,13.0,3.0,0.4916195834615578,1,True
2025,11,2025_11_CAR_ATL,ATL,CAR,27.0,30.0,-3.0,0.6099968787924497,0,False
2025,11,2025_11_TB_BUF,BUF,TB,44.0,32.0,12.0,0.5909341686431505,1,False
2025,11,2025_11_LAC_JAX,JAX,LAC,35.0,6.0,29.0,0.4042823989768893,1,False
2025,11,2025_11_CHI_MIN,MIN,CHI,17.0,19.0,-2.0,0.6515226980162939,0,False
2025,11,2025_11_GB_NYG,NYG,GB,20.0,27.0,-7.0,0.3108981553320433,0,False
2025,11,2025_11_CIN_PIT,PIT,CIN,34.0,12.0,22.0,0.6798884564314679,1,False
2025,11,2025_11_HOU_TEN,TEN,HOU,13.0,16.0,-3.0,0.3176005922664597,0,False
2025,11,2025_11_SF_ARI,ARI,SF,22.0,41.0,-19.0,0.5580988951925774,0,False
2025,11,2025_11_SEA_LA,LA,SEA,21.0,19.0,2.0,0.551773242380945,1,False
2025,11,2025_11_BAL_CLE,CLE,BAL,16.0,23.0,-7.0,0.32392613740163845,0,False
2025,11,2025_11_KC_DEN,DEN,KC,22.0,19.0,3.0,0.6119819713361359,1,False
2025,11,2025_11_DET_PHI,PHI,DET,16.0,9.0,7.0,0.5617114915687431,1,False
2025,11,2025_11_DAL_LV,LV,DAL,16.0,33.0,-17.0,0.47813330909613516,0,False
2025,12,2025_12_BUF_HOU,HOU,BUF,23.0,19.0,4.0,0.5188131155890352,1,False
2025,12,2025_12_NYJ_BAL,BAL,NYJ,23.0,10.0,13.0,0.7939825822807365,1,False
2025,12,2025_12_PIT_CHI,CHI,PIT,31.0,28.0,3.0,0.5172398186257259,1,False
2025,12,2025_12_NE_CIN,CIN,NE,20.0,26.0,-6.0,0.4555625764456793,0,False
2025,12,2025_12_NYG_DET,DET,NYG,34.0,27.0,7.0,0.8186567562417084,1,False
2025,12,2025_12_MIN_GB,GB,MIN,23.0,6.0,17.0,0.6955508556245815,1,False
2025,12,2025_12_IND_KC,KC,IND,23.0,20.0,3.0,0.6441008872502395,1,False
2025,12,2025_12_SEA_TEN,TEN,SEA,24.0,30.0,-6.0,0.22938598363000035,0,False
2025,12,2025_12_JAX_ARI,ARI,JAX,24.0,27.0,-3.0,0.4919916235036159,0,False
2025,12,2025_12_CLE_LV,LV,CLE,10.0,24.0,-14.0,0.5789982916371675,0,False
2025,12,2025_12_PHI_DAL,DAL,PHI,24.0,21.0,3.0,0.3734591870213063,1,False
2025,12,2025_12_ATL_NO,NO,ATL,10.0,24.0,-14.0,0.5440734007094459,0,False
2025,12,2025_12_TB_LA,LA,TB,34.0,7.0,27.0,0.6790152808825213,1,False
2025,12,2025_12_CAR_SF,SF,CAR,20.0,9.0,11.0,0.6680001991653277,1,False
2025,13,2025_13_GB_DET,DET,GB,24.0,31.0,-7.0,0.5575334850910095,0,False
2025,13,2025_13_KC_DAL,DAL,KC,31.0,28.0,3.0,0.4317006954506423,1,False
2025,13,2025_13_CIN_BAL,BAL,CIN,14.0,32.0,-18.0,0.7855890340373348,0,False
2025,13,2025_13_CHI_PHI,PHI,CHI,15.0,24.0,-9.0,0.6962753258595605,0,False
2025,13,2025_13_LA_CAR,CAR,LA,31.0,28.0,3.0,0.31121705534712346,1,False
2025,13,2025_13_SF_CLE,CLE,SF,8.0,26.0,-18.0,0.42348373938278644,0,False
2025,13,2025_13_HOU_IND,IND,HOU,16.0,20.0,-4.0,0.5860691338655388,0,False
2025,13,2025_13_NO_MIA,MIA,NO,21.0,17.0,4.0,0.6893995995523774,1,False
2025,13,2025_13_ATL_NYJ,NYJ,ATL,27.0,24.0,3.0,0.5408206891412288,1,False
2025,13,2025_13_ARI_TB,TB,ARI,20.0,17.0,3.0,0.6608754820362732,1,False
2025,13,2025_13_JAX_TEN,TEN,JAX,3.0,25.0,-22.0,0.30059503690641926,0,False
2025,13,2025_13_MIN_SEA,SEA,MIN,26.0,0.0,26.0,0.7051536868121597,1,False
2025,13,2025_13_LV_LAC,LAC,LV,31.0,14.0,17.0,0.8112917045247763,1,False
2025,13,2025_13_BUF_PIT,PIT,BUF,7.0,26.0,-19.0,0.5710102010017417,0,False
2025,13,2025_13_DEN_WAS,WAS,DEN,26.0,27.0,-1.0,0.33275169973185487,0,False
2025,13,2025_13_NYG_NE,NE,NYG,33.0,15.0,18.0,0.7759074632311711,1,False
2025,14,2025_14_DAL_DET,DET,DAL,44.0,30.0,14.0,0.7149206115961894,1,False
2025,14,2025_14_SEA_ATL,ATL,SEA,9.0,37.0,-28.0,0.317000094937442,0,False
2025,14,2025_14_PIT_BAL,BAL,PIT,22.0,27.0,-5.0,0.6630849868218215,0,False
2025,14,2025_14_TEN_CLE,CLE,TEN,29.0,31.0,-2.0,0.6889725387018878,0,False
2025,14,2025_14_CHI_GB,GB,CHI,28.0,21.0,7.0,0.731635889976255,1,False
2025,14,2025_14_IND_JAX,JAX,IND,36.0,19.0,17.0,0.5937822595570476,1,False
2025,14,2025_14_WAS_MIN,MIN,WAS,31.0,0.0,31.0,0.6560005968272483,1,False
2025,14,2025_14_MIA_NYJ,NYJ,MIA,10.0,34.0,-24.0,0.506866068764872,0,False
2025,14,2025_14_NO_TB,TB,NO,20.0,24.0,-4.0,0.7554120848793249,0,False
2025,14,2025_14_DEN_LV,LV,DEN,17.0,24.0,-7.0,0.22855294557570857,0,False
2025,14,2025_14_LA_ARI,ARI,LA,17.0,45.0,-28.0,0.3705215518948416,0,False
2025,14,2025_14_CIN_BUF,BUF,CIN,39.0,34.0,5.0,0.738140929386039,1,False
2025,14,2025_14_HOU_KC,KC,HOU,10.0,20.0,-10.0,0.635704798479041,0,False
2025,14,2025_14_PHI_LAC,LAC,PHI,22.0,19.0,3.0,0.5638697819596561,1,False
2025,15,2025_15_ATL_TB,TB,ATL,28.0,29.0,-1.0,0.6980746325918895,0,False
2025,15,2025_15_CLE_CHI,CHI,CLE,31.0,3.0,28.0,0.7617328145975922,1,False
2025,15,2025_15_BAL_CIN,CIN,BAL,0.0,24.0,-24.0,0.39016560058921246,0,False
2025,15,2025_15_ARI_HOU,HOU,ARI,40.0,20.0,20.0,0.748506792107123,1,False
2025,15,2025_15_NYJ_JAX,JAX,NYJ,48.0,20.0,28.0,0.7742249907907747,1,False
2025,15,2025_15_LAC_KC,KC,LAC,13.0,16.0,-3.0,0.5752311193030841,0,False
2025,15,2025_15_BUF_NE,NE,BUF,31.0,35.0,-4.0,0.5709558501789894,0,False
2025,15,2025_15_WAS_NYG,NYG,WAS,21.0,29.0,-8.0,0.5442507431533468,0,False
2025,15,2025_15_LV_PHI,PHI,LV,31.0,0.0,31.0,0.8398842405975164,1,False
2025,15,2025_15_GB_DEN,DEN,GB,34.0,26.0,8.0,0.5662169416208359,1,False
2025,15,2025_15_DET_LA,LA,DET,41.0,34.0,7.0,0.5595925964710529,1,False
2025,15,2025_15_CAR_NO,NO,CAR,20.0,17.0,3.0,0.5251920458216662,1,False
2025,15,2025_15_IND_SEA,SEA,IND,18.0,16.0,2.0,0.745743066104625,1,False
2025,15,2025_15_TEN_SF,SF,TEN,37.0,24.0,13.0,0.8144175601705677,1,False
2025,15,2025_15_MIN_DAL,DAL,MIN,26.0,34.0,-8.0,0.5524476059127307,0,False
2025,15,2025_15_MIA_PIT,PIT,MIA,28.0,15.0,13.0,0.6720772269732269,1,False
2025,16,2025_16_LA_SEA,SEA,LA,38.0,37.0,1.0,0.608496627048274,1,False
2025,16,2025_16_GB_CHI,CHI,GB,22.0,16.0,6.0,0.45891066791825413,1,False
2025,16,2025_16_PHI_WAS,WAS,PHI,18.0,29.0,-11.0,0.3484085031562688,0,False
2025,16,2025_16_NE_BAL,BAL,NE,24.0,28.0,-4.0,0.633808209426282,0,False
2025,16,2025_16_TB_CAR,CAR,TB,23.0,20.0,3.0,0.4918941611777353,1,False
2025,16,2025_16_BUF_CLE,CLE,BUF,20.0,23.0,-3.0,0.2882000202370143,0,False
2025,16,2025_16_LAC_DAL,DAL,LAC,17.0,34.0,-17.0,0.43417307658642723,0,False
2025,16,2025_16_NYJ_NO,NO,NYJ,29.0,6.0,23.0,0.6097845808084841,1,False
2025,16,2025_16_MIN_NYG,NYG,MIN,13.0,16.0,-3.0,0.37672789721318467,0,False
2025,16,2025_16_KC_TEN,TEN,KC,26.0,9.0,17.0,0.25028240229568044,1,False
2025,16,2025_16_ATL_ARI,ARI,ATL,19.0,26.0,-7.0,0.5715847346581436,0,False
2025,16,2025_16_JAX_DEN,DEN,JAX,20.0,34.0,-14.0,0.6946217802958534,0,False
2025,16,2025_16_PIT_DET,DET,PIT,24.0,29.0,-5.0,0.6385546121603014,0,False
2025,16,2025_16_LV_HOU,HOU,LV,23.0,21.0,2.0,0.8497825863242112,1,False
2025,16,2025_16_CIN_MIA,MIA,CIN,21.0,45.0,-24.0,0.6324686493968829,0,False
2025,16,2025_16_SF_IND,IND,SF,27.0,48.0,-21.0,0.5475605191609817,0,False
2025,17,2025_17_DAL_WAS,WAS,DAL,23.0,30.0,-7.0,0.501608825581879,0,False
2025,17,2025_17_DET_MIN,MIN,DET,23.0,10.0,13.0,0.5012096676282367,1,False
2025,17,2025_17_DEN_KC,KC,DEN,13.0,20.0,-7.0,0.4004867441835994,0,False
2025,17,2025_17_SEA_CAR,CAR,SEA,10.0,27.0,-17.0,0.3152694773754875,0,False
2025,17,2025_17_ARI_CIN,CIN,ARI,37.0,14.0,23.0,0.6375897583885746,1,False
2025,17,2025_17_PIT_CLE,CLE,PIT,13.0,6.0,7.0,0.2961616849405331,1,False
2025,17,2025_17_BAL_GB,GB,BAL,24.0,41.0,-17.0,0.6310923192391472,0,False
2025,17,2025_17_JAX_IND,IND,JAX,17.0,23.0,-6.0,0.4509049555192307,0,False
2025,17,2025_17_HOU_LAC,LAC,HOU,16.0,20.0,-4.0,0.6157784562175581,0,False
2025,17,2025_17_NYG_LV,LV,NYG,10.0,34.0,-24.0,0.5498553890294231,0,False
2025,17,2025_17_TB_MIA,MIA,TB,20.0,17.0,3.0,0.5643482292664174,1,False
2025,17,2025_17_NE_NYJ,NYJ,NE,10.0,42.0,-32.0,0.31754988840338394,0,False
2025,17,2025_17_NO_TEN,TEN,NO,26.0,34.0,-8.0,0.49040685728566696,0,False
2025,17,2025_17_PHI_BUF,BUF,PHI,12.0,13.0,-1.0,0.5791887487015595,0,False
2025,17,2025_17_CHI_SF,SF,CHI,42.0,38.0,4.0,0.5530202037689705,1,False
2025,17,2025_17_LA_ATL,ATL,LA,27.0,24.0,3.0,0.34327030370041356,1,False
2025,18,2025_18_NO_ATL,ATL,NO,19.0,17.0,2.0,0.6144522052117255,1,False
2025,18,2025_18_NYJ_BUF,BUF,NYJ,35.0,8.0,27.0,0.8359615853381844,1,False
2025,18,2025_18_DET_CHI,CHI,DET,16.0,19.0,-3.0,0.5724323203621456,0,False
2025,18,2025_18_CLE_CIN,CIN,CLE,18.0,20.0,-2.0,0.6927596560375813,0,False
2025,18,2025_18_LAC_DEN,DEN,LAC,19.0,3.0,16.0,0.6764907333392272,1,False
2025,18,2025_18_IND_HOU,HOU,IND,38.0,30.0,8.0,0.724444376464574,1,False
2025,18,2025_18_TEN_JAX,JAX,TEN,41.0,7.0,34.0,0.8484249431377614,1,False
2025,18,2025_18_ARI_LA,LA,ARI,37.0,20.0,17.0,0.8312047981928006,1,False
2025,18,2025_18_KC_LV,LV,KC,14.0,12.0,2.0,0.34049111870530635,1,False
2025,18,2025_18_GB_MIN,MIN,GB,16.0,3.0,13.0,0.5389941924775232,1,False
2025,18,2025_18_MIA_NE,NE,MIA,38.0,10.0,28.0,0.7146521640851965,1,False
2025,18,2025_18_DAL_NYG,NYG,DAL,34.0,17.0,17.0,0.4356204685118709,1,False
2025,18,2025_18_WAS_PHI,PHI,WAS,17.0,24.0,-7.0,0.8152550824119443,0,False
2025,18,2025_18_BAL_PIT,PIT,BAL,26.0,24.0,2.0,0.5259984625104209,1,False
2025,18,2025_18_SEA_SF,SF,SEA,3.0,13.0,-10.0,0.4644081912140818,0,False
2025,18,2025_18_CAR_TB,TB,CAR,16.0,14.0,2.0,0.6260300533802663,1,False
2026,1,2026_01_NE_SEA,SEA,NE,13.0,10.0,3.0,0.6402469732482883,1,False
2026,1,2026_01_SF_LA,LA,SF,7.0,27.0,-20.0,0.548706318723039,0,True
2026,1,2026_01_CHI_CAR,CAR,CHI,37.0,59.0,-22.0,0.4965201868742186,0,False
2026,1,2026_01_TB_CIN,CIN,TB,33.0,27.0,6.0,0.5842639265448,1,False
2026,1,2026_01_NO_DET,DET,NO,31.0,30.0,1.0,0.6976948077898367,1,False
2026,1,2026_01_BUF_HOU,HOU,BUF,31.0,36.0,-5.0,0.6019719085952379,0,False
2026,1,2026_01_BAL_IND,IND,BAL,23.0,41.0,-18.0,0.5064309623581844,0,False
2026,1,2026_01_CLE_JAX,JAX,CLE,34.0,10.0,24.0,0.7471995590595113,1,False
2026,1,2026_01_ATL_PIT,PIT,ATL,20.0,13.0,7.0,0.6580089384474561,1,False
2026,1,2026_01_NYJ_TEN,TEN,NYJ,10.0,23.0,-13.0,0.5922545071748957,0,False
2026,1,2026_01_ARI_LAC,LAC,ARI,14.0,26.0,-12.0,0.7438388600495077,0,False
2026,1,2026_01_MIA_LV,LV,MIA,27.0,13.0,14.0,0.5088533622634998,1,False
2026,1,2026_01_GB_MIN,MIN,GB,39.0,22.0,17.0,0.6104163771048297,1,False
2026,1,2026_01_WAS_PHI,PHI,WAS,24.0,22.0,2.0,0.7234078286983465,1,False
2026,1,2026_01_DAL_NYG,NYG,DAL,28.0,20.0,8.0,0.5668119350604923,1,False
2026,1,2026_01_DEN_KC,KC,DEN,31.0,10.0,21.0,0.4354104337829902,1,False
2026,2,2026_02_DET_BUF,BUF,DET,41.0,31.0,10.0,0.6166143301726167,1,False
