season,week,game_id,home_team,away_team,home_score,away_score,point_diff,pred_home,home_win,neutral
2010,1,2010_01_MIN_NO,NO,MIN,14.0,9.0,5.0,0.546749909356351,1,False
2010,1,2010_01_MIA_BUF,BUF,MIA,10.0,15.0,-5.0,0.5574407359523649,0,False
2010,1,2010_01_DET_CHI,CHI,DET,19.0,14.0,5.0,0.8113028533962136,1,False
2010,1,2010_01_IND_HOU,HOU,IND,34.0,24.0,10.0,0.5305887278304228,1,False
2010,1,2010_01_DEN_JAX,JAX,DEN,24.0,17.0,7.0,0.503928819504141,1,False
2010,1,2010_01_CIN_NE,NE,CIN,38.0,24.0,14.0,0.7324288966415448,1,False
2010,1,2010_01_CAR_NYG,NYG,CAR,31.0,18.0,13.0,0.37512960182944616,1,False
2010,1,2010_01_ATL_PIT,PIT,ATL,15.0,9.0,6.0,0.5706794123180179,1,False
2010,1,2010_01_CLE_TB,TB,CLE,17.0,14.0,3.0,0.4955191858065469,1,False
2010,1,2010_01_OAK_TEN,TEN,OAK,38.0,13.0,25.0,0.8119332906915622,1,False
2010,1,2010_01_GB_PHI,PHI,GB,20.0,27.0,-7.0,0.46251562319384265,0,False
2010,1,2010_01_SF_SEA,SEA,SF,31.0,6.0,25.0,0.28686572251626385,1,False
2010,1,2010_01_ARI_STL,STL,ARI,13.0,17.0,-4.0,0.21221017989977262,0,False
2010,1,2010_01_DAL_WAS,WAS,DAL,13.0,7.0,6.0,0.31003918508544603,1,False
2010,1,2010_01_BAL_NYJ,NYJ,BAL,9.0,10.0,-1.0,0.5646228862163853,0,False
2010,1,2010_01_SD_KC,KC,SD,21.0,14.0,7.0,0.18675844021596638,1,False
2010,2,2010_02_ARI_ATL,ATL,ARI,41.0,7.0,34.0,0.5459400233588377,1,False
2010,2,2010_02_TB_CAR,CAR,TB,7.0,20.0,-13.0,0.7501527929307914,0,False
2010,2,2010_02_BAL_CIN,CIN,BAL,15.0,10.0,5.0,0.3468767780850031,1,False
2010,2,2010_02_KC_CLE,CLE,KC,14.0,16.0,-2.0,0.6340613904549978,0,False
2010,2,2010_02_CHI_DAL,DAL,CHI,20.0,27.0,-7.0,0.738810379067242,0,False
2010,2,2010_02_PHI_DET,DET,PHI,32.0,35.0,-3.0,0.16963926559700024,0,False
2010,2,2010_02_BUF_GB,GB,BUF,34.0,7.0,27.0,0.8219616518193291,1,False
2010,2,2010_02_MIA_MIN,MIN,MIA,10.0,14.0,-4.0,0.7153256744120502,0,False
2010,2,2010_02_PIT_TEN,TEN,PIT,11.0,19.0,-8.0,0.6060070312809678,0,False
2010,2,2010_02_SEA_DEN,DEN,SEA,31.0,14.0,17.0,0.6361358699492874,1,False
2010,2,2010_02_STL_OAK,OAK,STL,16.0,14.0,2.0,0.6731655241186065,1,False
2010,2,2010_02_NE_NYJ,NYJ,NE,28.0,14.0,14.0,0.5302365343834077,1,False
2010,2,2010_02_JAX_SD,SD,JAX,38.0,13.0,25.0,0.8181128936435762,1,False
2010,2,2010_02_HOU_WAS,WAS,HOU,27.0,30.0,-3.0,0.3695968136354058,0,False
2010,2,2010_02_NYG_IND,IND,NYG,38.0,14.0,24.0,0.6512283819096326,1,False
2010,2,2010_02_NO_SF,SF,NO,22.0,25.0,-3.0,0.3707665522950037,0,False
2010,3,2010_03_CLE_BAL,BAL,CLE,24.0,17.0,7.0,0.7573164540267353,1,False
2010,3,2010_03_CIN_CAR,CAR,CIN,7.0,20.0,-13.0,0.6420168896731385,0,False
2010,3,2010_03_DAL_HOU,HOU,DAL,13.0,27.0,-14.0,0.6147499823348943,0,False
2010,3,2010_03_SF_KC,KC,SF,31.0,10.0,21.0,0.47185044928502684,1,False
2010,3,2010_03_DET_MIN,MIN,DET,24.0,10.0,14.0,0.8938785178035306,1,False
2010,3,2010_03_BUF_NE,NE,BUF,38.0,30.0,8.0,0.7660349021003858,1,False
2010,3,2010_03_ATL_NO,NO,ATL,24.0,27.0,-3.0,0.6122651893680968,0,False
2010,3,2010_03_TEN_NYG,NYG,TEN,10.0,29.0,-19.0,0.4168645126960503,0,False
2010,3,2010_03_PIT_TB,TB,PIT,13.0,38.0,-25.0,0.4157097453156948,0,False
2010,3,2010_03_PHI_JAX,JAX,PHI,3.0,28.0,-25.0,0.3149177557428518,0,False
2010,3,2010_03_WAS_STL,STL,WAS,30.0,16.0,14.0,0.3156454850234837,1,False
2010,3,2010_03_OAK_ARI,ARI,OAK,24.0,23.0,1.0,0.7473868942877793,1,False
2010,3,2010_03_IND_DEN,DEN,IND,13.0,27.0,-14.0,0.4444320767389079,0,False
2010,3,2010_03_SD_SEA,SEA,SD,27.0,20.0,7.0,0.21086983261730433,1,False
2010,3,2010_03_NYJ_MIA,MIA,NYJ,23.0,31.0,-8.0,0.3523015343709955,0,False
2010,3,2010_03_GB_CHI,CHI,GB,20.0,17.0,3.0,0.27295059855621884,1,False
2010,4,2010_04_SF_ATL,ATL,SF,16.0,14.0,2.0,0.7813453813656207,1,False
2010,4,2010_04_NYJ_BUF,BUF,NYJ,14.0,38.0,-24.0,0.21569805543669637,0,False
2010,4,2010_04_CIN_CLE,CLE,CIN,23.0,20.0,3.0,0.4802280372084998,1,False
2010,4,2010_04_DET_GB,GB,DET,28.0,26.0,2.0,0.9457430478320605,1,False
2010,4,2010_04_CAR_NO,NO,CAR,16.0,14.0,2.0,0.6747045139345808,1,False
2010,4,2010_04_BAL_PIT,PIT,BAL,14.0,17.0,-3.0,0.603228455749206,0,False
2010,4,2010_04_SEA_STL,STL,SEA,20.0,3.0,17.0,0.4255683029026228,1,False
2010,4,2010_04_DEN_TEN,TEN,DEN,20.0,26.0,-6.0,0.7393630495901835,0,False
2010,4,2010_04_IND_JAX,JAX,IND,31.0,28.0,3.0,0.24358405783452763,1,False
2010,4,2010_04_HOU_OAK,OAK,HOU,24.0,31.0,-7.0,0.262880792348672,0,False
2010,4,2010_04_WAS_PHI,PHI,WAS,12.0,17.0,-5.0,0.8248153949680546,0,False
2010,4,2010_04_ARI_SD,SD,ARI,41.0,10.0,31.0,0.7314177669549605,1,False
2010,4,2010_04_CHI_NYG,NYG,CHI,17.0,3.0,14.0,0.41707882920996725,1,False
2010,4,2010_04_NE_MIA,MIA,NE,14.0,41.0,-27.0,0.3941919853418631,0,False
2010,5,2010_05_DEN_BAL,BAL,DEN,31.0,17.0,14.0,0.7783174976995954,1,False
2010,5,2010_05_JAX_BUF,BUF,JAX,26.0,36.0,-10.0,0.5464876946035192,0,False
2010,5,2010_05_CHI_CAR,CAR,CHI,6.0,23.0,-17.0,0.5614865898944312,0,False
2010,5,2010_05_TB_CIN,CIN,TB,21.0,24.0,-3.0,0.6150223603296813,0,False
2010,5,2010_05_ATL_CLE,CLE,ATL,10.0,20.0,-10.0,0.3342735948117268,0,False
2010,5,2010_05_STL_DET,DET,STL,44.0,6.0,38.0,0.41101688163673683,1,False
2010,5,2010_05_NYG_HOU,HOU,NYG,10.0,34.0,-24.0,0.7429568102983262,0,False
2010,5,2010_05_KC_IND,IND,KC,19.0,9.0,10.0,0.7112544877553754,1,False
2010,5,2010_05_GB_WAS,WAS,GB,16.0,13.0,3.0,0.2397451737494338,1,False
2010,5,2010_05_NO_ARI,ARI,NO,30.0,20.0,10.0,0.3453657282715224,1,False
2010,5,2010_05_TEN_DAL,DAL,TEN,27.0,34.0,-7.0,0.594142403997224,0,False
2010,5,2010_05_SD_OAK,OAK,SD,35.0,27.0,8.0,0.1744504481262855,1,False
2010,5,2010_05_PHI_SF,SF,PHI,24.0,27.0,-3.0,0.36418167410515856,0,False
2010,5,2010_05_MIN_NYJ,NYJ,MIN,29.0,20.0,9.0,0.7471821674534619,1,False
2010,6,2010_06_SEA_CHI,CHI,SEA,20.0,23.0,-3.0,0.7868659596479876,0,False
2010,6,2010_06_MIA_GB,GB,MIA,20.0,23.0,-3.0,0.8096449130705794,0,False
2010,6,2010_06_KC_HOU,HOU,KC,35.0,31.0,4.0,0.6222055673491136,1,False
2010,6,2010_06_BAL_NE,NE,BAL,23.0,20.0,3.0,0.6312608854296272,1,False
2010,6,2010_06_DET_NYG,NYG,DET,28.0,20.0,8.0,0.7767852086825732,1,False
2010,6,2010_06_ATL_PHI,PHI,ATL,31.0,17.0,14.0,0.45718814886234493,1,False
2010,6,2010_06_CLE_PIT,PIT,CLE,28.0,10.0,18.0,0.7948868920122439,1,False
2010,6,2010_06_SD_STL,STL,SD,20.0,17.0,3.0,0.1953792366936495,1,False
2010,6,2010_06_NO_TB,TB,NO,6.0,31.0,-25.0,0.45176459549709447,0,False
2010,6,2010_06_NYJ_DEN,DEN,NYJ,20.0,24.0,-4.0,0.225200126074828,0,False
2010,6,2010_06_OAK_SF,SF,OAK,17.0,9.0,8.0,0.5958185728132102,1,False
2010,6,2010_06_DAL_MIN,MIN,DAL,24.0,21.0,3.0,0.5357449014979805,1,False
2010,6,2010_06_IND_WAS,WAS,IND,24.0,27.0,-3.0,0.3283489535992314,0,False
2010,6,2010_06_TEN_JAX,JAX,TEN,3.0,30.0,-27.0,0.3504347319951964,0,False
2010,7,2010_07_CIN_ATL,ATL,CIN,39.0,32.0,7.0,0.7526049527212378,1,False
2010,7,2010_07_BUF_BAL,BAL,BUF,37.0,34.0,3.0,0.8530124377562243,1,False
2010,7,2010_07_SF_CAR,CAR,SF,23.0,20.0,3.0,0.6067534144562006,1,False
2010,7,2010_07_WAS_CHI,CHI,WAS,14.0,17.0,-3.0,0.6974945312201014,0,False
2010,7,2010_07_JAX_KC,KC,JAX,42.0,20.0,22.0,0.7093763955149637,1,False
2010,7,2010_07_PIT_MIA,MIA,PIT,22.0,23.0,-1.0,0.3141082236834838,0,False
2010,7,2010_07_CLE_NO,NO,CLE,17.0,30.0,-13.0,0.8052227316754578,0,False
2010,7,2010_07_STL_TB,TB,STL,18.0,17.0,1.0,0.7067407423325371,1,False
2010,7,2010_07_PHI_TEN,TEN,PHI,37.0,19.0,18.0,0.5927621401011155,1,False
2010,7,2010_07_ARI_SEA,SEA,ARI,22.0,10.0,12.0,0.466376314966487,1,False
2010,7,2010_07_OAK_DEN,DEN,OAK,14.0,59.0,-45.0,0.6755943878030486,0,False
2010,7,2010_07_NE_SD,SD,NE,20.0,23.0,-3.0,0.45464395613530095,0,False
2010,7,2010_07_MIN_GB,GB,MIN,28.0,24.0,4.0,0.6928394944778168,1,False
2010,7,2010_07_NYG_DAL,DAL,NYG,35.0,41.0,-6.0,0.6607363193434795,0,False
2010,8,2010_08_MIA_CIN,CIN,MIA,14.0,22.0,-8.0,0.5583712634424118,0,False
2010,8,2010_08_JAX_DAL,DAL,JAX,17.0,35.0,-18.0,0.7975787627730971,0,False
2010,8,2010_08_WAS_DET,DET,WAS,37.0,25.0,12.0,0.3781318583813926,1,False
2010,8,2010_08_BUF_KC,KC,BUF,13.0,10.0,3.0,0.8055179533773269,1,False
2010,8,2010_08_GB_NYJ,NYJ,GB,0.0,9.0,-9.0,0.7031249529635716,0,False
2010,8,2010_08_DEN_SF,SF,DEN,24.0,16.0,8.0,0.5719591834217084,1,True
2010,8,2010_08_CAR_STL,STL,CAR,20.0,10.0,10.0,0.4237321694415468,1,False
2010,8,2010_08_TEN_SD,SD,TEN,33.0,25.0,8.0,0.40694493692575046,1,False
2010,8,2010_08_TB_ARI,ARI,TB,35.0,38.0,-3.0,0.563727466650536,0,False
2010,8,2010_08_MIN_NE,NE,MIN,28.0,18.0,10.0,0.73437824236129,1,False
2010,8,2010_08_SEA_OAK,OAK,SEA,33.0,3.0,30.0,0.5696263794119678,1,False
2010,8,2010_08_PIT_NO,NO,PIT,20.0,10.0,10.0,0.422207025723868,1,False
2010,8,2010_08_HOU_IND,IND,HOU,30.0,17.0,13.0,0.6675961221688728,1,False
2010,9,2010_09_TB_ATL,ATL,TB,27.0,21.0,6.0,0.7759985488374668,1,False
2010,9,2010_09_MIA_BAL,BAL,MIA,26.0,10.0,16.0,0.7126817007342068,1,False
2010,9,2010_09_CHI_BUF,BUF,CHI,19.0,22.0,-3.0,0.3274385120856032,0,False
2010,9,2010_09_NO_CAR,CAR,NO,3.0,34.0,-31.0,0.29761457745135084,0,False
2010,9,2010_09_NE_CLE,CLE,NE,34.0,14.0,20.0,0.24513165528070008,1,False
2010,9,2010_09_NYJ_DET,DET,NYJ,20.0,23.0,-3.0,0.20012692577863286,0,False
2010,9,2010_09_SD_HOU,HOU,SD,23.0,29.0,-6.0,0.4504276513709967,0,False
2010,9,2010_09_ARI_MIN,MIN,ARI,27.0,24.0,3.0,0.7514797594728858,1,False
2010,9,2010_09_NYG_SEA,SEA,NYG,7.0,41.0,-34.0,0.39174910180902206,0,False
2010,9,2010_09_KC_OAK,OAK,KC,23.0,20.0,3.0,0.520055919477499,1,False
2010,9,2010_09_IND_PHI,PHI,IND,26.0,24.0,2.0,0.4377891810853303,1,False
2010,9,2010_09_DAL_GB,GB,DAL,45.0,7.0,38.0,0.7623301282250968,1,False
2010,9,2010_09_PIT_CIN,CIN,PIT,21.0,27.0,-6.0,0.2954452254154,0,False
2010,10,2010_10_BAL_ATL,ATL,BAL,26.0,21.0,5.0,0.5597924708281933,1,False
2010,10,2010_10_DET_BUF,BUF,DET,14.0,12.0,2.0,0.4522056665178424,1,False
2010,10,2010_10_MIN_CHI,CHI,MIN,27.0,13.0,14.0,0.5779724217683985,1,False
2010,10,2010_10_NYJ_CLE,CLE,NYJ,20.0,26.0,-6.0,0.3292194249784045,0,False
2010,10,2010_10_CIN_IND,IND,CIN,23.0,17.0,6.0,0.8211919660781299,1,False
2010,10,2010_10_HOU_JAX,JAX,HOU,31.0,24.0,7.0,0.46966147872750186,1,False
2010,10,2010_10_TEN_MIA,MIA,TEN,29.0,17.0,12.0,0.3245193777598659,1,False
2010,10,2010_10_CAR_TB,TB,CAR,31.0,16.0,15.0,0.7022297034399755,1,False
2010,10,2010_10_KC_DEN,DEN,KC,49.0,29.0,20.0,0.34043324947728976,1,False
2010,10,2010_10_SEA_ARI,ARI,SEA,18.0,36.0,-18.0,0.6075531120436655,0,False
2010,10,2010_10_DAL_NYG,NYG,DAL,20.0,33.0,-13.0,0.8327427827004645,0,False
2010,10,2010_10_STL_SF,SF,STL,23.0,20.0,3.0,0.5812258075968478,1,False
2010,10,2010_10_NE_PIT,PIT,NE,26.0,39.0,-13.0,0.5855655062565155,0,False
2010,10,2010_10_PHI_WAS,WAS,PHI,28.0,59.0,-31.0,0.360507812287394,0,False
2010,11,2010_11_CHI_MIA,MIA,CHI,0.0,16.0,-16.0,0.5007645095580662,0,False
2010,11,2010_11_BAL_CAR,CAR,BAL,13.0,37.0,-24.0,0.20263913266809014,0,False
2010,11,2010_11_BUF_CIN,CIN,BUF,31.0,49.0,-18.0,0.7152007258479646,0,False
2010,11,2010_11_DET_DAL,DAL,DET,35.0,19.0,16.0,0.6546033142076754,1,False
2010,11,2010_11_CLE_JAX,JAX,CLE,24.0,20.0,4.0,0.5058701399633128,1,False
2010,11,2010_11_ARI_KC,KC,ARI,31.0,13.0,18.0,0.7032066048362726,1,False
2010,11,2010_11_GB_MIN,MIN,GB,3.0,31.0,-28.0,0.3042202678660908,0,False
2010,11,2010_11_HOU_NYJ,NYJ,HOU,30.0,27.0,3.0,0.8332016560779821,1,False
2010,11,2010_11_OAK_PIT,PIT,OAK,35.0,3.0,32.0,0.6399995474051938,1,False
2010,11,2010_11_WAS_TEN,TEN,WAS,16.0,19.0,-3.0,0.802813464066454,0,False
2010,11,2010_11_SEA_NO,NO,SEA,34.0,19.0,15.0,0.8358529384094953,1,False
2010,11,2010_11_TB_SF,SF,TB,0.0,21.0,-21.0,0.5451913320779238,0,False
2010,11,2010_11_ATL_STL,STL,ATL,17.0,34.0,-17.0,0.24616251465107217,0,False
2010,11,2010_11_IND_NE,NE,IND,31.0,28.0,3.0,0.5249413975989142,1,False
2010,11,2010_11_NYG_PHI,PHI,NYG,27.0,17.0,10.0,0.6521331956687961,1,False
2010,11,2010_11_DEN_SD,SD,DEN,35.0,14.0,21.0,0.810795162774098,1,False
2010,12,2010_12_NE_DET,DET,NE,24.0,45.0,-21.0,0.18724273910373487,0,False
2010,12,2010_12_NO_DAL,DAL,NO,27.0,30.0,-3.0,0.33400926752779936,0,False
2010,12,2010_12_CIN_NYJ,NYJ,CIN,26.0,10.0,16.0,0.8668611497808457,1,False
2010,12,2010_12_GB_ATL,ATL,GB,20.0,17.0,3.0,0.4914567405076134,1,False
2010,12,2010_12_PIT_BUF,BUF,PIT,16.0,19.0,-3.0,0.2519597142020656,0,False
2010,12,2010_12_CAR_CLE,CLE,CAR,24.0,23.0,1.0,0.7674827520763483,1,False
2010,12,2010_12_TEN_HOU,HOU,TEN,20.0,0.0,20.0,0.37114894588492,1,False
2010,12,2010_12_JAX_NYG,NYG,JAX,24.0,20.0,4.0,0.7152309736088538,1,False
2010,12,2010_12_MIN_WAS,WAS,MIN,13.0,17.0,-4.0,0.521135275247914,0,False
2010,12,2010_12_MIA_OAK,OAK,MIA,17.0,33.0,-16.0,0.6202880258791988,0,False
2010,12,2010_12_KC_SEA,SEA,KC,24.0,42.0,-18.0,0.41860733748872236,0,False
2010,12,2010_12_TB_BAL,BAL,TB,17.0,10.0,7.0,0.7570129656281298,1,False
2010,12,2010_12_PHI_CHI,CHI,PHI,31.0,26.0,5.0,0.45491058384090005,1,False
2010,12,2010_12_STL_DEN,DEN,STL,33.0,36.0,-3.0,0.5473349178207851,0,False
2010,12,2010_12_SD_IND,IND,SD,14.0,36.0,-22.0,0.6000187304855901,0,False
2010,12,2010_12_SF_ARI,ARI,SF,6.0,27.0,-21.0,0.48714600785817447,0,False
2010,13,2010_13_HOU_PHI,PHI,HOU,34.0,24.0,10.0,0.735675625545412,1,False
2010,13,2010_13_NO_CIN,CIN,NO,30.0,34.0,-4.0,0.18188969395361326,0,False
2010,13,2010_13_CHI_DET,DET,CHI,20.0,24.0,-4.0,0.24376938286224337,0,False
2010,13,2010_13_SF_GB,GB,SF,34.0,16.0,18.0,0.8183344857741849,1,False
2010,13,2010_13_DEN_KC,KC,DEN,10.0,6.0,4.0,0.7684882584449921,1,False
2010,13,2010_13_CLE_MIA,MIA,CLE,10.0,13.0,-3.0,0.6189412646547728,0,False
2010,13,2010_13_BUF_MIN,MIN,BUF,38.0,14.0,24.0,0.6418186360174762,1,False
2010,13,2010_13_WAS_NYG,NYG,WAS,31.0,7.0,24.0,0.8047609241333771,1,False
2010,13,2010_13_JAX_TEN,TEN,JAX,6.0,17.0,-11.0,0.6233530414581488,0,False
2010,13,2010_13_OAK_SD,SD,OAK,13.0,28.0,-15.0,0.8168208980089638,0,False
2010,13,2010_13_STL_ARI,ARI,STL,6.0,19.0,-13.0,0.4761799415245826,0,False
2010,13,2010_13_DAL_IND,IND,DAL,35.0,38.0,-3.0,0.7247708238649041,0,False
2010,13,2010_13_CAR_SEA,SEA,CAR,31.0,14.0,17.0,0.6292611469122813,1,False
2010,13,2010_13_ATL_TB,TB,ATL,24.0,28.0,-4.0,0.36154708234248245,0,False
2010,13,2010_13_PIT_BAL,BAL,PIT,10.0,13.0,-3.0,0.6166529301743825,0,False
2010,13,2010_13_NYJ_NE,NE,NYJ,45.0,3.0,42.0,0.5770229296305158,1,False
2010,14,2010_14_IND_TEN,TEN,IND,28.0,30.0,-2.0,0.4479191185927722,0,False
2010,14,2010_14_CLE_BUF,BUF,CLE,13.0,6.0,7.0,0.42489460165943194,1,False
2010,14,2010_14_ATL_CAR,CAR,ATL,10.0,31.0,-21.0,0.1271760329128469,0,False
2010,14,2010_14_GB_DET,DET,GB,7.0,3.0,4.0,0.1420489301003525,1,False
2010,14,2010_14_OAK_JAX,JAX,OAK,38.0,31.0,7.0,0.5489276381997306,1,False
2010,14,2010_14_CIN_PIT,PIT,CIN,23.0,7.0,16.0,0.8744323041271768,1,False
2010,14,2010_14_TB_WAS,WAS,TB,16.0,17.0,-1.0,0.3999752576142153,0,False
2010,14,2010_14_STL_NO,NO,STL,31.0,13.0,18.0,0.8688123882652445,1,False
2010,14,2010_14_SEA_SF,SF,SEA,40.0,21.0,19.0,0.633323104689362,1,False
2010,14,2010_14_DEN_ARI,ARI,DEN,43.0,13.0,30.0,0.5258797848416078,1,False
2010,14,2010_14_NE_CHI,CHI,NE,7.0,36.0,-29.0,0.41149968692881966,0,False
2010,14,2010_14_MIA_NYJ,NYJ,MIA,6.0,10.0,-4.0,0.6892915224159626,0,False
2010,14,2010_14_KC_SD,SD,KC,31.0,0.0,31.0,0.6570192057699359,1,False
2010,14,2010_14_PHI_DAL,DAL,PHI,27.0,30.0,-3.0,0.35543678164522696,0,False
2010,14,2010_14_NYG_MIN,MIN,NYG,3.0,21.0,-18.0,0.3229406365328263,0,True
2010,14,2010_14_BAL_HOU,HOU,BAL,28.0,34.0,-6.0,0.32773597592782666,0,False
2010,15,2010_15_SF_SD,SD,SF,34.0,7.0,27.0,0.774712576482966,1,False
2010,15,2010_15_NO_BAL,BAL,NO,30.0,24.0,6.0,0.4795683637970058,1,False
2010,15,2010_15_ARI_CAR,CAR,ARI,19.0,12.0,7.0,0.44337595509146976,1,False
2010,15,2010_15_CLE_CIN,CIN,CLE,19.0,17.0,2.0,0.3903073477203919,1,False
2010,15,2010_15_WAS_DAL,DAL,WAS,33.0,30.0,3.0,0.7258024450450599,1,False
2010,15,2010_15_JAX_IND,IND,JAX,34.0,24.0,10.0,0.6487600126577382,1,False
2010,15,2010_15_BUF_MIA,MIA,BUF,14.0,17.0,-3.0,0.7189953931271161,0,False
2010,15,2010_15_PHI_NYG,NYG,PHI,31.0,38.0,-7.0,0.5587073146484589,0,False
2010,15,2010_15_KC_STL,STL,KC,13.0,27.0,-14.0,0.445770356824955,0,False
2010,15,2010_15_DET_TB,TB,DET,20.0,23.0,-3.0,0.7807494135345532,0,False
2010,15,2010_15_HOU_TEN,TEN,HOU,31.0,17.0,14.0,0.5753986217502285,1,False
2010,15,2010_15_ATL_SEA,SEA,ATL,18.0,34.0,-16.0,0.1784231420969211,0,False
2010,15,2010_15_DEN_OAK,OAK,DEN,39.0,23.0,16.0,0.7976497042454717,1,False
2010,15,2010_15_NYJ_PIT,PIT,NYJ,17.0,22.0,-5.0,0.6747564939536336,0,False
2010,15,2010_15_GB_NE,NE,GB,31.0,27.0,4.0,0.690214238462192,1,False
2010,15,2010_15_CHI_MIN,MIN,CHI,14.0,40.0,-26.0,0.43021463804638205,0,False
2010,16,2010_16_CAR_PIT,PIT,CAR,27.0,3.0,24.0,0.9028935275374839,1,False
2010,16,2010_16_DAL_ARI,ARI,DAL,27.0,26.0,1.0,0.3549216495519713,1,False
2010,16,2010_16_NE_BUF,BUF,NE,3.0,34.0,-31.0,0.15580408702631493,0,False
2010,16,2010_16_NYJ_CHI,CHI,NYJ,38.0,34.0,4.0,0.5950356170223929,1,False
2010,16,2010_16_BAL_CLE,CLE,BAL,10.0,20.0,-10.0,0.2954556199489494,0,False
2010,16,2010_16_WAS_JAX,JAX,WAS,17.0,20.0,-3.0,0.7676171876310176,0,False
2010,16,2010_16_TEN_KC,KC,TEN,34.0,14.0,20.0,0.600797970753348,1,False
2010,16,2010_16_DET_MIA,MIA,DET,27.0,34.0,-7.0,0.7542316526784534,0,False
2010,16,2010_16_SF_STL,STL,SF,25.0,17.0,8.0,0.47381969737595403,1,False
2010,16,2010_16_SD_CIN,CIN,SD,34.0,20.0,14.0,0.1580744714167815,1,False
2010,16,2010_16_HOU_DEN,DEN,HOU,24.0,23.0,1.0,0.3497638725433948,1,False
2010,16,2010_16_IND_OAK,OAK,IND,26.0,31.0,-5.0,0.4750311209954985,0,False
2010,16,2010_16_NYG_GB,GB,NYG,45.0,17.0,28.0,0.6460328183582763,1,False
2010,16,2010_16_SEA_TB,TB,SEA,38.0,15.0,23.0,0.7774535066501976,1,False
2010,16,2010_16_NO_ATL,ATL,NO,14.0,17.0,-3.0,0.6330593188544646,0,False
2010,16,2010_16_MIN_PHI,PHI,MIN,14.0,24.0,-10.0,0.840935577931532,0,False
2010,17,2010_17_CAR_ATL,ATL,CAR,31.0,10.0,21.0,0.9385114311829583,1,False
2010,17,2010_17_CIN_BAL,BAL,CIN,13.0,7.0,6.0,0.867658163645468,1,False
2010,17,2010_17_PIT_CLE,CLE,PIT,9.0,41.0,-32.0,0.2630039694562919,0,False
2010,17,2010_17_MIN_DET,DET,MIN,20.0,13.0,7.0,0.45544584519915854,1,False
2010,17,2010_17_OAK_KC,KC,OAK,10.0,31.0,-21.0,0.6626352843913735,0,False
2010,17,2010_17_MIA_NE,NE,MIA,38.0,7.0,31.0,0.8992756852331002,1,False
2010,17,2010_17_TB_NO,NO,TB,13.0,23.0,-10.0,0.7698773694865703,0,False
2010,17,2010_17_BUF_NYJ,NYJ,BUF,38.0,7.0,31.0,0.7845007550213833,1,False
2010,17,2010_17_SD_DEN,DEN,SD,28.0,33.0,-5.0,0.1674271381872451,0,False
2010,17,2010_17_CHI_GB,GB,CHI,10.0,3.0,7.0,0.6886321192215408,1,False
2010,17,2010_17_JAX_HOU,HOU,JAX,34.0,17.0,17.0,0.4578761190156353,1,False
2010,17,2010_17_TEN_IND,IND,TEN,23.0,20.0,3.0,0.7778662350350728,1,False
2010,17,2010_17_DAL_PHI,PHI,DAL,13.0,14.0,-1.0,0.7438054968700919,0,False
2010,17,2010_17_ARI_SF,SF,ARI,38.0,7.0,31.0,0.6564885424102673,1,False
2010,17,2010_17_NYG_WAS,WAS,NYG,14.0,17.0,-3.0,0.30414709708429855,0,False
2010,17,2010_17_STL_SEA,SEA,STL,16.0,6.0,10.0,0.44762444498254095,1,False
2011,1,2011_01_NO_GB,GB,NO,42.0,34.0,8.0,0.6574773166237683,1,False
2011,1,2011_01_PIT_BAL,BAL,PIT,35.0,7.0,28.0,0.5365779964920708,1,False
2011,1,2011_01_ATL_CHI,CHI,ATL,30.0,12.0,18.0,0.45638086126401123,1,False
2011,1,2011_01_CIN_CLE,CLE,CIN,17.0,27.0,-10.0,0.5524293558366749,0,False
2011,1,2011_01_IND_HOU,HOU,IND,34.0,7.0,27.0,0.4605016815550953,1,False
2011,1,2011_01_TEN_JAX,JAX,TEN,16.0,14.0,2.0,0.6224974178053325,1,False
2011,1,2011_01_BUF_KC,KC,BUF,7.0,41.0,-34.0,0.7000735901990248,0,False
2011,1,2011_01_PHI_STL,STL,PHI,13.0,31.0,-18.0,0.3177090523662117,0,False
2011,1,2011_01_DET_TB,TB,DET,20.0,27.0,-7.0,0.7225022798092404,0,False
2011,1,2011_01_CAR_ARI,ARI,CAR,28.0,21.0,7.0,0.6198932157379777,1,False
2011,1,2011_01_MIN_SD,SD,MIN,24.0,17.0,7.0,0.7794048673363408,1,False
2011,1,2011_01_SEA_SF,SF,SEA,33.0,17.0,16.0,0.6618057281467006,1,False
2011,1,2011_01_NYG_WAS,WAS,NYG,28.0,14.0,14.0,0.39875144884838587,1,False
2011,1,2011_01_DAL_NYJ,NYJ,DAL,27.0,24.0,3.0,0.6248405986457505,1,False
2011,1,2011_01_NE_MIA,MIA,NE,24.0,38.0,-14.0,0.186696055353915,0,False
2011,1,2011_01_OAK_DEN,DEN,OAK,20.0,23.0,-3.0,0.39346374217450636,0,False
2011,2,2011_02_OAK_BUF,BUF,OAK,38.0,35.0,3.0,0.5079353847034314,1,False
2011,2,2011_02_GB_CAR,CAR,GB,23.0,30.0,-7.0,0.15079761277683057,0,False
2011,2,2011_02_KC_DET,DET,KC,48.0,3.0,45.0,0.5931450512545979,1,False
2011,2,2011_02_CLE_IND,IND,CLE,19.0,27.0,-8.0,0.7202829939858961,0,False
2011,2,2011_02_TB_MIN,MIN,TB,20.0,24.0,-4.0,0.4469539132786021,0,False
2011,2,2011_02_CHI_NO,NO,CHI,30.0,13.0,17.0,0.5099060966625624,1,False
2011,2,2011_02_JAX_NYJ,NYJ,JAX,32.0,3.0,29.0,0.704786087058478,1,False
2011,2,2011_02_SEA_PIT,PIT,SEA,24.0,0.0,24.0,0.8512269664968025,1,False
2011,2,2011_02_BAL_TEN,TEN,BAL,26.0,13.0,13.0,0.24672888732811643,1,False
2011,2,2011_02_ARI_WAS,WAS,ARI,22.0,21.0,1.0,0.6666023970129679,1,False
2011,2,2011_02_DAL_SF,SF,DAL,24.0,27.0,-3.0,0.5637813169211123,0,False
2011,2,2011_02_CIN_DEN,DEN,CIN,24.0,22.0,2.0,0.4106947677727573,1,False
2011,2,2011_02_HOU_MIA,MIA,HOU,13.0,23.0,-10.0,0.4028299716643833,0,False
2011,2,2011_02_SD_NE,NE,SD,35.0,21.0,14.0,0.764407382547519,1,False
2011,2,2011_02_PHI_ATL,ATL,PHI,35.0,31.0,4.0,0.5885690045435794,1,False
2011,2,2011_02_STL_NYG,NYG,STL,28.0,16.0,12.0,0.723232992279793,1,False
2011,3,2011_03_NE_BUF,BUF,NE,34.0,31.0,3.0,0.1479809864320296,1,False
2011,3,2011_03_JAX_CAR,CAR,JAX,16.0,10.0,6.0,0.41055493731612164,1,False
2011,3,2011_03_SF_CIN,CIN,SF,8.0,13.0,-5.0,0.49418735859007173,0,False
2011,3,2011_03_MIA_CLE,CLE,MIA,17.0,16.0,1.0,0.5756805048317344,1,False
2011,3,2011_03_DET_MIN,MIN,DET,23.0,26.0,-3.0,0.42143927603065545,0,False
2011,3,2011_03_HOU_NO,NO,HOU,40.0,33.0,7.0,0.5892532035013001,1,False
2011,3,2011_03_NYG_PHI,PHI,NYG,16.0,29.0,-13.0,0.6302780231731706,0,False
2011,3,2011_03_DEN_TEN,TEN,DEN,17.0,14.0,3.0,0.7112414073232834,1,False
2011,3,2011_03_NYJ_OAK,OAK,NYJ,34.0,24.0,10.0,0.4216183951968897,1,False
2011,3,2011_03_KC_SD,SD,KC,20.0,17.0,3.0,0.8212491955739344,1,False
2011,3,2011_03_BAL_STL,STL,BAL,7.0,37.0,-30.0,0.23928642111236706,0,False
2011,3,2011_03_GB_CHI,CHI,GB,17.0,27.0,-10.0,0.42287732763164504,0,False
2011,3,2011_03_ARI_SEA,SEA,ARI,13.0,10.0,3.0,0.47246752727407393,1,False
2011,3,2011_03_ATL_TB,TB,ATL,16.0,13.0,3.0,0.4435245045004926,1,False
2011,3,2011_03_PIT_IND,IND,PIT,20.0,23.0,-3.0,0.361749946041963,0,False
2011,3,2011_03_WAS_DAL,DAL,WAS,18.0,16.0,2.0,0.6312999406185458,1,False
2011,4,2011_04_CAR_CHI,CHI,CAR,34.0,29.0,5.0,0.7891269973155057,1,False
2011,4,2011_04_BUF_CIN,CIN,BUF,23.0,20.0,3.0,0.5309809494135176,1,False
2011,4,2011_04_TEN_CLE,CLE,TEN,13.0,31.0,-18.0,0.4564927177066327,0,False
2011,4,2011_04_DET_DAL,DAL,DET,30.0,34.0,-4.0,0.49322481607896496,0,False
2011,4,2011_04_PIT_HOU,HOU,PIT,17.0,10.0,7.0,0.4343099336504047,1,False
2011,4,2011_04_NO_JAX,JAX,NO,10.0,23.0,-13.0,0.30182305226716905,0,False
2011,4,2011_04_MIN_KC,KC,MIN,22.0,17.0,5.0,0.45475828008311847,1,False
2011,4,2011_04_SF_PHI,PHI,SF,23.0,24.0,-1.0,0.6129479725379717,0,False
2011,4,2011_04_WAS_STL,STL,WAS,10.0,17.0,-7.0,0.3759927126758288,0,False
2011,4,2011_04_NYG_ARI,ARI,NYG,27.0,31.0,-4.0,0.3548654684292493,0,False
2011,4,2011_04_ATL_SEA,SEA,ATL,28.0,30.0,-2.0,0.26078241533545604,0,False
2011,4,2011_04_DEN_GB,GB,DEN,49.0,23.0,26.0,0.8939595310343581,1,False
2011,4,2011_04_NE_OAK,OAK,NE,19.0,31.0,-12.0,0.27844822393738267,0,False
2011,4,2011_04_MIA_SD,SD,MIA,26.0,16.0,10.0,0.7937644190309825,1,False
2011,4,2011_04_NYJ_BAL,BAL,NYJ,34.0,17.0,17.0,0.677423169162762,1,False
2011,4,2011_04_IND_TB,TB,IND,24.0,17.0,7.0,0.6582791464022899,1,False
2011,5,2011_05_PHI_BUF,BUF,PHI,31.0,24.0,7.0,0.5128167228761107,1,False
2011,5,2011_05_NO_CAR,CAR,NO,27.0,30.0,-3.0,0.2060347753021005,0,False
2011,5,2011_05_OAK_HOU,HOU,OAK,20.0,25.0,-5.0,0.6305542981076488,0,False
2011,5,2011_05_KC_IND,IND,KC,24.0,28.0,-4.0,0.7045995600603998,0,False
2011,5,2011_05_CIN_JAX,JAX,CIN,20.0,30.0,-10.0,0.43183249050185185,0,False
2011,5,2011_05_ARI_MIN,MIN,ARI,34.0,10.0,24.0,0.5420528844857058,1,False
2011,5,2011_05_SEA_NYG,NYG,SEA,25.0,36.0,-11.0,0.8199015975751709,0,False
2011,5,2011_05_TEN_PIT,PIT,TEN,38.0,17.0,21.0,0.6488378324799362,1,False
2011,5,2011_05_TB_SF,SF,TB,48.0,3.0,45.0,0.5210889595086828,1,False
2011,5,2011_05_SD_DEN,DEN,SD,24.0,29.0,-5.0,0.20541541854347448,0,False
2011,5,2011_05_NYJ_NE,NE,NYJ,30.0,21.0,9.0,0.804533296079148,1,False
2011,5,2011_05_GB_ATL,ATL,GB,14.0,25.0,-11.0,0.42332650476052447,0,False
2011,5,2011_05_CHI_DET,DET,CHI,24.0,13.0,11.0,0.6685998335733931,1,False
2011,6,2011_06_CAR_ATL,ATL,CAR,31.0,17.0,14.0,0.8127315675776191,1,False
2011,6,2011_06_IND_CIN,CIN,IND,27.0,17.0,10.0,0.6674970215649143,1,False
2011,6,2011_06_SF_DET,DET,SF,19.0,25.0,-6.0,0.623785393686283,0,False
2011,6,2011_06_STL_GB,GB,STL,24.0,3.0,21.0,0.9451879951995674,1,False
2011,6,2011_06_BUF_NYG,NYG,BUF,27.0,24.0,3.0,0.5629673315973992,1,False
2011,6,2011_06_JAX_PIT,PIT,JAX,17.0,13.0,4.0,0.8805189295816179,1,False
2011,6,2011_06_PHI_WAS,WAS,PHI,13.0,20.0,-7.0,0.5766147052640903,0,False
2011,6,2011_06_HOU_BAL,BAL,HOU,29.0,14.0,15.0,0.7476552875232327,1,False
2011,6,2011_06_CLE_OAK,OAK,CLE,24.0,17.0,7.0,0.7841302999675966,1,False
2011,6,2011_06_DAL_NE,NE,DAL,20.0,16.0,4.0,0.8587732502072966,1,False
2011,6,2011_06_NO_TB,TB,NO,26.0,20.0,6.0,0.3961232228138586,1,False
2011,6,2011_06_MIN_CHI,CHI,MIN,39.0,10.0,29.0,0.680485650552715,1,False
2011,6,2011_06_MIA_NYJ,NYJ,MIA,24.0,6.0,18.0,0.796242875165932,1,False
2011,7,2011_07_WAS_CAR,CAR,WAS,33.0,20.0,13.0,0.3435357978262134,1,False
2011,7,2011_07_SEA_CLE,CLE,SEA,6.0,3.0,3.0,0.5386384793248549,1,False
2011,7,2011_07_ATL_DET,DET,ATL,16.0,23.0,-7.0,0.6277376703084009,0,False
2011,7,2011_07_DEN_MIA,MIA,DEN,15.0,18.0,-3.0,0.5621536504461769,0,False
2011,7,2011_07_SD_NYJ,NYJ,SD,27.0,21.0,6.0,0.5517706891059089,1,False
2011,7,2011_07_CHI_TB,TB,CHI,18.0,24.0,-6.0,0.46058461838643905,0,True
2011,7,2011_07_HOU_TEN,TEN,HOU,7.0,41.0,-34.0,0.5293431232747632,0,False
2011,7,2011_07_PIT_ARI,ARI,PIT,20.0,32.0,-12.0,0.1764411021253067,0,False
2011,7,2011_07_KC_OAK,OAK,KC,0.0,28.0,-28.0,0.7669630646464647,0,False
2011,7,2011_07_STL_DAL,DAL,STL,34.0,7.0,27.0,0.8245378308829504,1,False
2011,7,2011_07_GB_MIN,MIN,GB,27.0,33.0,-6.0,0.15675283147913108,0,False
2011,7,2011_07_IND_NO,NO,IND,62.0,7.0,55.0,0.8025166139021767,1,False
2011,7,2011_07_BAL_JAX,JAX,BAL,12.0,7.0,5.0,0.13275086321757598,1,False
2011,8,2011_08_ARI_BAL,BAL,ARI,30.0,27.0,3.0,0.913904228128473,1,False
2011,8,2011_08_MIN_CAR,CAR,MIN,21.0,24.0,-3.0,0.5419473528024962,0,False
2011,8,2011_08_JAX_HOU,HOU,JAX,24.0,14.0,10.0,0.8301137218015249,1,False
2011,8,2011_08_MIA_NYG,NYG,MIA,20.0,17.0,3.0,0.7989179348946154,1,False
2011,8,2011_08_NO_STL,STL,NO,31.0,21.0,10.0,0.1130236252712734,1,False
2011,8,2011_08_IND_TEN,TEN,IND,27.0,10.0,17.0,0.7115325859941453,1,False
2011,8,2011_08_WAS_BUF,BUF,WAS,23.0,0.0,23.0,0.6292104310681624,1,False
2011,8,2011_08_DET_DEN,DEN,DET,10.0,45.0,-35.0,0.2927338460375789,0,False
2011,8,2011_08_NE_PIT,PIT,NE,25.0,17.0,8.0,0.39519605544201825,1,False
2011,8,2011_08_CIN_SEA,SEA,CIN,12.0,34.0,-22.0,0.3726618992726507,0,False
2011,8,2011_08_CLE_SF,SF,CLE,20.0,10.0,10.0,0.8471239529679486,1,False
2011,8,2011_08_DAL_PHI,PHI,DAL,34.0,7.0,27.0,0.5419037589856107,1,False
2011,8,2011_08_SD_KC,KC,SD,23.0,20.0,3.0,0.4248085907646588,1,False
2011,9,2011_09_NYJ_BUF,BUF,NYJ,11.0,27.0,-16.0,0.48961704995815925,0,False
2011,9,2011_09_SEA_DAL,DAL,SEA,23.0,13.0,10.0,0.7152817930161645,1,False
2011,9,2011_09_CLE_HOU,HOU,CLE,30.0,12.0,18.0,0.8343978974675326,1,False
2011,9,2011_09_ATL_IND,IND,ATL,7.0,31.0,-24.0,0.1975182642839079,0,False
2011,9,2011_09_MIA_KC,KC,MIA,3.0,31.0,-28.0,0.7347079626054517,0,False
2011,9,2011_09_TB_NO,NO,TB,27.0,16.0,11.0,0.7531486740289551,1,False
2011,9,2011_09_SF_WAS,WAS,SF,11.0,19.0,-8.0,0.2244039126240079,0,False
2011,9,2011_09_DEN_OAK,OAK,DEN,24.0,38.0,-14.0,0.7924350878802238,0,False
2011,9,2011_09_CIN_TEN,TEN,CIN,17.0,24.0,-7.0,0.47100203930955553,0,False
2011,9,2011_09_STL_ARI,ARI,STL,19.0,13.0,6.0,0.6044907467972916,1,False
2011,9,2011_09_NYG_NE,NE,NYG,20.0,24.0,-4.0,0.7753363209859399,0,False
2011,9,2011_09_GB_SD,SD,GB,38.0,45.0,-7.0,0.29893131908395976,0,False
2011,9,2011_09_BAL_PIT,PIT,BAL,20.0,23.0,-3.0,0.5250691406194785,0,False
2011,9,2011_09_CHI_PHI,PHI,CHI,24.0,30.0,-6.0,0.5784403830337207,0,False
2011,10,2011_10_OAK_SD,SD,OAK,17.0,24.0,-7.0,0.6860165853935399,0,False
2011,10,2011_10_NO_ATL,ATL,NO,23.0,26.0,-3.0,0.4893864724996765,0,False
2011,10,2011_10_TEN_CAR,CAR,TEN,3.0,30.0,-27.0,0.44599514503350246,0,False
2011,10,2011_10_PIT_CIN,CIN,PIT,17.0,24.0,-7.0,0.470198925334871,0,False
2011,10,2011_10_STL_CLE,CLE,STL,12.0,13.0,-1.0,0.6995669079764347,0,False
2011,10,2011_10_BUF_DAL,DAL,BUF,44.0,7.0,37.0,0.5130042562358571,1,False
2011,10,2011_10_JAX_IND,IND,JAX,3.0,17.0,-14.0,0.45478913389560405,0,False
2011,10,2011_10_DEN_KC,KC,DEN,10.0,17.0,-7.0,0.6227648159415501,0,False
2011,10,2011_10_WAS_MIA,MIA,WAS,20.0,9.0,11.0,0.6062306818650806,1,False
2011,10,2011_10_ARI_PHI,PHI,ARI,17.0,21.0,-4.0,0.8004651815601744,0,False
2011,10,2011_10_HOU_TB,TB,HOU,9.0,37.0,-28.0,0.3410290974685354,0,False
2011,10,2011_10_BAL_SEA,SEA,BAL,22.0,17.0,5.0,0.15329431023076515,1,False
2011,10,2011_10_DET_CHI,CHI,DET,37.0,13.0,24.0,0.5345967350507943,1,False
2011,10,2011_10_NYG_SF,SF,NYG,27.0,20.0,7.0,0.6865294542657776,1,False
2011,10,2011_10_NE_NYJ,NYJ,NE,16.0,37.0,-21.0,0.5021654171336113,0,False
2011,10,2011_10_MIN_GB,GB,MIN,45.0,7.0,38.0,0.9035809036862942,1,False
2011,11,2011_11_NYJ_DEN,DEN,NYJ,17.0,13.0,4.0,0.3244202384459475,1,False
2011,11,2011_11_CIN_BAL,BAL,CIN,31.0,24.0,7.0,0.6726601641183283,1,False
2011,11,2011_11_JAX_CLE,CLE,JAX,14.0,10.0,4.0,0.5407803939887474,1,False
2011,11,2011_11_CAR_DET,DET,CAR,49.0,35.0,14.0,0.8274001005974848,1,False
2011,11,2011_11_TB_GB,GB,TB,35.0,26.0,9.0,0.924219515100601,1,False
2011,11,2011_11_BUF_MIA,MIA,BUF,35.0,8.0,27.0,0.5651913028733465,1,False
2011,11,2011_11_OAK_MIN,MIN,OAK,21.0,27.0,-6.0,0.4483312140638673,0,False
2011,11,2011_11_DAL_WAS,WAS,DAL,24.0,27.0,-3.0,0.26514190964501805,0,False
2011,11,2011_11_ARI_SF,SF,ARI,23.0,7.0,16.0,0.8727366374290376,1,False
2011,11,2011_11_SEA_STL,STL,SEA,7.0,24.0,-17.0,0.44671306392413146,0,False
2011,11,2011_11_TEN_ATL,ATL,TEN,23.0,17.0,6.0,0.6892008121351315,1,False
2011,11,2011_11_SD_CHI,CHI,SD,31.0,20.0,11.0,0.7335266116335755,1,False
2011,11,2011_11_PHI_NYG,NYG,PHI,10.0,17.0,-7.0,0.6342952932667497,0,False
2011,11,2011_11_KC_NE,NE,KC,34.0,3.0,31.0,0.8712865336944752,1,False
2011,12,2011_12_GB_DET,DET,GB,15.0,27.0,-12.0,0.24146079231462012,0,False
2011,12,2011_12_MIA_DAL,DAL,MIA,20.0,19.0,1.0,0.6617147369257143,1,False
2011,12,2011_12_SF_BAL,BAL,SF,16.0,6.0,10.0,0.5371530609038196,1,False
2011,12,2011_12_MIN_ATL,ATL,MIN,24.0,14.0,10.0,0.8514253556164108,1,False
2011,12,2011_12_CLE_CIN,CIN,CLE,23.0,20.0,3.0,0.7685177015803528,1,False
2011,12,2011_12_CAR_IND,IND,CAR,19.0,27.0,-8.0,0.4724116166505379,0,False
2011,12,2011_12_HOU_JAX,JAX,HOU,13.0,20.0,-7.0,0.24444099123200194,0,False
2011,12,2011_12_BUF_NYJ,NYJ,BUF,28.0,24.0,4.0,0.7348888041927956,1,False
2011,12,2011_12_ARI_STL,STL,ARI,20.0,23.0,-3.0,0.4581936743620909,0,False
2011,12,2011_12_TB_TEN,TEN,TB,23.0,17.0,6.0,0.7029294083646029,1,False
2011,12,2011_12_CHI_OAK,OAK,CHI,25.0,20.0,5.0,0.3276697847712183,1,False
2011,12,2011_12_WAS_SEA,SEA,WAS,17.0,23.0,-6.0,0.7129071366442014,0,False
2011,12,2011_12_NE_PHI,PHI,NE,20.0,38.0,-18.0,0.3219789429747257,0,False
2011,12,2011_12_DEN_SD,SD,DEN,13.0,16.0,-3.0,0.6614146919735397,0,False
2011,12,2011_12_PIT_KC,KC,PIT,9.0,13.0,-4.0,0.24361286286345102,0,False
2011,12,2011_12_NYG_NO,NO,NYG,49.0,24.0,25.0,0.7441666379948703,1,False
2011,13,2011_13_PHI_SEA,SEA,PHI,31.0,14.0,17.0,0.4188544179005031,1,False
2011,13,2011_13_TEN_BUF,BUF,TEN,17.0,23.0,-6.0,0.40004982008799683,0,False
2011,13,2011_13_KC_CHI,CHI,KC,3.0,10.0,-7.0,0.8433533271797649,0,False
2011,13,2011_13_ATL_HOU,HOU,ATL,17.0,10.0,7.0,0.6102406214881718,1,False
2011,13,2011_13_OAK_MIA,MIA,OAK,34.0,14.0,20.0,0.5783795107884486,1,False
2011,13,2011_13_DEN_MIN,MIN,DEN,32.0,35.0,-3.0,0.4494982515511499,0,False
2011,13,2011_13_IND_NE,NE,IND,31.0,24.0,7.0,0.9626243011789377,1,False
2011,13,2011_13_CIN_PIT,PIT,CIN,35.0,7.0,28.0,0.7109824007148845,1,False
2011,13,2011_13_CAR_TB,TB,CAR,19.0,38.0,-19.0,0.6004749357574887,0,False
2011,13,2011_13_NYJ_WAS,WAS,NYJ,19.0,34.0,-15.0,0.3124073618867056,0,False
2011,13,2011_13_BAL_CLE,CLE,BAL,10.0,24.0,-14.0,0.19827464309209908,0,False
2011,13,2011_13_DAL_ARI,ARI,DAL,19.0,13.0,6.0,0.2824102725537513,1,False
2011,13,2011_13_GB_NYG,NYG,GB,35.0,38.0,-3.0,0.15490329891806442,0,False
2011,13,2011_13_STL_SF,SF,STL,26.0,0.0,26.0,0.9166187191677814,1,False
2011,13,2011_13_DET_NO,NO,DET,31.0,17.0,14.0,0.7732435627120312,1,False
2011,13,2011_13_SD_JAX,JAX,SD,14.0,38.0,-24.0,0.4672531642282695,0,False
2011,14,2011_14_CLE_PIT,PIT,CLE,14.0,3.0,11.0,0.9058831814493367,1,False
2011,14,2011_14_IND_BAL,BAL,IND,24.0,10.0,14.0,0.9423204601345605,1,False
2011,14,2011_14_ATL_CAR,CAR,ATL,23.0,31.0,-8.0,0.27721908762913183,0,False
2011,14,2011_14_HOU_CIN,CIN,HOU,19.0,20.0,-1.0,0.3311340949894418,0,False
2011,14,2011_14_MIN_DET,DET,MIN,34.0,28.0,6.0,0.7642357571130616,1,False
2011,14,2011_14_TB_JAX,JAX,TB,41.0,14.0,27.0,0.6322745356844778,1,False
2011,14,2011_14_PHI_MIA,MIA,PHI,10.0,26.0,-16.0,0.6802314196655284,0,False
2011,14,2011_14_KC_NYJ,NYJ,KC,37.0,10.0,27.0,0.7662997642608218,1,False
2011,14,2011_14_NO_TEN,TEN,NO,17.0,22.0,-5.0,0.2963985405910953,0,False
2011,14,2011_14_NE_WAS,WAS,NE,27.0,34.0,-7.0,0.10607307971513076,0,False
2011,14,2011_14_SF_ARI,ARI,SF,21.0,19.0,2.0,0.20418993965378837,1,False
2011,14,2011_14_CHI_DEN,DEN,CHI,13.0,10.0,3.0,0.37515250609676926,1,False
2011,14,2011_14_OAK_GB,GB,OAK,46.0,16.0,30.0,0.8996000319904256,1,False
2011,14,2011_14_BUF_SD,SD,BUF,37.0,10.0,27.0,0.7337139937858232,1,False
2011,14,2011_14_NYG_DAL,DAL,NYG,34.0,37.0,-3.0,0.6978424664353229,0,False
2011,14,2011_14_STL_SEA,SEA,STL,30.0,13.0,17.0,0.8056266255324158,1,False
2011,15,2011_15_JAX_ATL,ATL,JAX,41.0,14.0,27.0,0.8219088460749993,1,False
2011,15,2011_15_DAL_TB,TB,DAL,15.0,31.0,-16.0,0.2539836025560755,0,False
2011,15,2011_15_MIA_BUF,BUF,MIA,23.0,30.0,-7.0,0.28277177647412494,0,False
2011,15,2011_15_SEA_CHI,CHI,SEA,14.0,38.0,-24.0,0.7237537619844179,0,False
2011,15,2011_15_CAR_HOU,HOU,CAR,13.0,28.0,-15.0,0.8851914763359855,0,False
2011,15,2011_15_TEN_IND,IND,TEN,27.0,13.0,14.0,0.20315435260534204,1,False
2011,15,2011_15_GB_KC,KC,GB,19.0,14.0,5.0,0.09890649342704379,1,False
2011,15,2011_15_NO_MIN,MIN,NO,20.0,42.0,-22.0,0.11356691780421381,0,False
2011,15,2011_15_WAS_NYG,NYG,WAS,10.0,23.0,-13.0,0.7670162190961403,0,False
2011,15,2011_15_CIN_STL,STL,CIN,13.0,20.0,-7.0,0.24760230883096543,0,False
2011,15,2011_15_DET_OAK,OAK,DET,27.0,28.0,-1.0,0.460120460347039,0,False
2011,15,2011_15_CLE_ARI,ARI,CLE,20.0,17.0,3.0,0.6777483765496577,1,False
2011,15,2011_15_NE_DEN,DEN,NE,23.0,41.0,-18.0,0.22974322787622534,0,False
2011,15,2011_15_NYJ_PHI,PHI,NYJ,45.0,19.0,26.0,0.4092373518050319,1,False
2011,15,2011_15_BAL_SD,SD,BAL,34.0,14.0,20.0,0.3740731089130407,1,False
2011,15,2011_15_PIT_SF,SF,PIT,20.0,3.0,17.0,0.4614747022222777,1,False
2011,16,2011_16_HOU_IND,IND,HOU,19.0,16.0,3.0,0.13487764977254318,1,False
2011,16,2011_16_CLE_BAL,BAL,CLE,20.0,14.0,6.0,0.8737370620900231,1,False
2011,16,2011_16_DEN_BUF,BUF,DEN,40.0,14.0,26.0,0.35430852964916876,1,False
2011,16,2011_16_TB_CAR,CAR,TB,48.0,16.0,32.0,0.7823519628466795,1,False
2011,16,2011_16_ARI_CIN,CIN,ARI,23.0,16.0,7.0,0.633368696485768,1,False
2011,16,2011_16_OAK_KC,KC,OAK,13.0,16.0,-3.0,0.5445213392658896,0,False
2011,16,2011_16_MIA_NE,NE,MIA,27.0,24.0,3.0,0.8227091860201741,1,False
2011,16,2011_16_NYG_NYJ,NYJ,NYG,14.0,29.0,-15.0,0.7332160063940345,0,False
2011,16,2011_16_STL_PIT,PIT,STL,27.0,0.0,27.0,0.9309619613256006,1,False
2011,16,2011_16_JAX_TEN,TEN,JAX,23.0,17.0,6.0,0.7092880405281267,1,False
2011,16,2011_16_MIN_WAS,WAS,MIN,26.0,33.0,-7.0,0.6692507996263015,0,False
2011,16,2011_16_SD_DET,DET,SD,38.0,10.0,28.0,0.46173259456372595,1,False
2011,16,2011_16_PHI_DAL,DAL,PHI,7.0,20.0,-13.0,0.5417460886828862,0,False
2011,16,2011_16_SF_SEA,SEA,SF,17.0,19.0,-2.0,0.38492718903692624,0,False
2011,16,2011_16_CHI_GB,GB,CHI,35.0,21.0,14.0,0.8511563799036673,1,False
2011,16,2011_16_ATL_NO,NO,ATL,45.0,16.0,29.0,0.6876998009070326,1,False
2011,17,2011_17_DET_GB,GB,DET,45.0,41.0,4.0,0.8223917590166249,1,False
2011,17,2011_17_TEN_HOU,HOU,TEN,22.0,23.0,-1.0,0.7101816231381145,0,False
2011,17,2011_17_IND_JAX,JAX,IND,19.0,13.0,6.0,0.6065104619492909,1,False
2011,17,2011_17_NYJ_MIA,MIA,NYJ,19.0,17.0,2.0,0.6166421240676242,1,False
2011,17,2011_17_CHI_MIN,MIN,CHI,13.0,17.0,-4.0,0.3478777134184941,0,False
2011,17,2011_17_BUF_NE,NE,BUF,49.0,21.0,28.0,0.9451252019951574,1,False
2011,17,2011_17_CAR_NO,NO,CAR,45.0,17.0,28.0,0.8609883297336043,1,False
2011,17,2011_17_WAS_PHI,PHI,WAS,34.0,10.0,24.0,0.8126435888293866,1,False
2011,17,2011_17_SF_STL,STL,SF,27.0,34.0,-7.0,0.09446128482592216,0,False
2011,17,2011_17_SEA_ARI,ARI,SEA,23.0,20.0,3.0,0.4187657818684256,1,False
2011,17,2011_17_TB_ATL,ATL,TB,45.0,24.0,21.0,0.9222826049691154,1,False
2011,17,2011_17_BAL_CIN,CIN,BAL,16.0,24.0,-8.0,0.3824206183618547,0,False
2011,17,2011_17_PIT_CLE,CLE,PIT,9.0,13.0,-4.0,0.15758420009910154,0,False
2011,17,2011_17_KC_DEN,DEN,KC,3.0,7.0,-4.0,0.6470066111735631,0,False
2011,17,2011_17_SD_OAK,OAK,SD,26.0,38.0,-12.0,0.445979866932716,0,False
2011,17,2011_17_DAL_NYG,NYG,DAL,31.0,14.0,17.0,0.48391196412188425,1,False
2012,1,2012_01_DAL_NYG,NYG,DAL,17.0,24.0,-7.0,0.5681576370884467,0,False
2012,1,2012_01_IND_CHI,CHI,IND,41.0,21.0,20.0,0.7181255089048197,1,False
2012,1,2012_01_PHI_CLE,CLE,PHI,16.0,17.0,-1.0,0.30953056142189794,0,False
2012,1,2012_01_STL_DET,DET,STL,27.0,23.0,4.0,0.827148118179465,1,False
2012,1,2012_01_MIA_HOU,HOU,MIA,30.0,10.0,20.0,0.6086306298041603,1,False
2012,1,2012_01_ATL_KC,KC,ATL,24.0,40.0,-16.0,0.36353309463890865,0,False
2012,1,2012_01_JAX_MIN,MIN,JAX,26.0,23.0,3.0,0.47826653072926245,1,False
2012,1,2012_01_WAS_NO,NO,WAS,32.0,40.0,-8.0,0.8987330079632717,0,False
2012,1,2012_01_BUF_NYJ,NYJ,BUF,48.0,28.0,20.0,0.738233601869303,1,False
2012,1,2012_01_NE_TEN,TEN,NE,13.0,34.0,-21.0,0.2699609572691544,0,False
2012,1,2012_01_SEA_ARI,ARI,SEA,20.0,16.0,4.0,0.46209549181386933,1,False
2012,1,2012_01_SF_GB,GB,SF,22.0,30.0,-8.0,0.689363315082953,0,False
2012,1,2012_01_CAR_TB,TB,CAR,16.0,10.0,6.0,0.30353666881694236,1,False
2012,1,2012_01_PIT_DEN,DEN,PIT,31.0,19.0,12.0,0.30466127723450415,1,False
2012,1,2012_01_CIN_BAL,BAL,CIN,44.0,13.0,31.0,0.7351885825603905,1,False
2012,1,2012_01_SD_OAK,OAK,SD,14.0,22.0,-8.0,0.41765068644895414,0,False
2012,2,2012_02_CHI_GB,GB,CHI,23.0,10.0,13.0,0.7502809346293611,1,False
2012,2,2012_02_KC_BUF,BUF,KC,35.0,17.0,18.0,0.4934181033771573,1,False
2012,2,2012_02_NO_CAR,CAR,NO,35.0,27.0,8.0,0.2847647848988075,1,False
2012,2,2012_02_CLE_CIN,CIN,CLE,34.0,27.0,7.0,0.630667043360202,1,False
2012,2,2012_02_MIN_IND,IND,MIN,23.0,20.0,3.0,0.5101557453826981,1,False
2012,2,2012_02_HOU_JAX,JAX,HOU,7.0,27.0,-20.0,0.3158670457736667,0,False
2012,2,2012_02_OAK_MIA,MIA,OAK,35.0,13.0,22.0,0.6694856997994176,1,False
2012,2,2012_02_ARI_NE,NE,ARI,18.0,20.0,-2.0,0.8629464496596155,0,False
2012,2,2012_02_TB_NYG,NYG,TB,41.0,34.0,7.0,0.7720000240878534,1,False
2012,2,2012_02_BAL_PHI,PHI,BAL,24.0,23.0,1.0,0.4821109061192795,1,False
2012,2,2012_02_DAL_SEA,SEA,DAL,27.0,7.0,20.0,0.6134364279946226,1,False
2012,2,2012_02_WAS_STL,STL,WAS,31.0,28.0,3.0,0.35903726757075,1,False
2012,2,2012_02_NYJ_PIT,PIT,NYJ,27.0,10.0,17.0,0.6396130071359205,1,False
2012,2,2012_02_TEN_SD,SD,TEN,38.0,10.0,28.0,0.73292100720054,1,False
2012,2,2012_02_DET_SF,SF,DET,27.0,19.0,8.0,0.6966469943353254,1,False
2012,2,2012_02_DEN_ATL,ATL,DEN,27.0,21.0,6.0,0.7554058865534804,1,False
2012,3,2012_03_NYG_CAR,CAR,NYG,7.0,36.0,-29.0,0.579520750944022,0,False
2012,3,2012_03_STL_CHI,CHI,STL,23.0,6.0,17.0,0.7692997498146376,1,False
2012,3,2012_03_BUF_CLE,CLE,BUF,14.0,24.0,-10.0,0.5028126979435229,0,False
2012,3,2012_03_TB_DAL,DAL,TB,16.0,10.0,6.0,0.7491073371979531,1,False
2012,3,2012_03_JAX_IND,IND,JAX,17.0,22.0,-5.0,0.5976697439605541,0,False
2012,3,2012_03_NYJ_MIA,MIA,NYJ,20.0,23.0,-3.0,0.571627839493765,0,False
2012,3,2012_03_SF_MIN,MIN,SF,24.0,13.0,11.0,0.23864655546960797,1,False
2012,3,2012_03_KC_NO,NO,KC,24.0,27.0,-3.0,0.8504534218752783,0,False
2012,3,2012_03_DET_TEN,TEN,DET,44.0,41.0,3.0,0.42839975161946064,1,False
2012,3,2012_03_CIN_WAS,WAS,CIN,31.0,38.0,-7.0,0.5162263948801998,0,False
2012,3,2012_03_PHI_ARI,ARI,PHI,27.0,6.0,21.0,0.4542020368756966,1,False
2012,3,2012_03_ATL_SD,SD,ATL,3.0,27.0,-24.0,0.587108070631075,0,False
2012,3,2012_03_HOU_DEN,DEN,HOU,25.0,31.0,-6.0,0.3621425201010507,0,False
2012,3,2012_03_PIT_OAK,OAK,PIT,34.0,31.0,3.0,0.2419160270478031,1,False
2012,3,2012_03_NE_BAL,BAL,NE,31.0,30.0,1.0,0.4736686079114709,1,False
2012,3,2012_03_GB_SEA,SEA,GB,14.0,12.0,2.0,0.40504748876307894,1,False
2012,4,2012_04_CLE_BAL,BAL,CLE,23.0,16.0,7.0,0.8782432122175338,1,False
2012,4,2012_04_CAR_ATL,ATL,CAR,30.0,28.0,2.0,0.8122453525700102,1,False
2012,4,2012_04_NE_BUF,BUF,NE,28.0,52.0,-24.0,0.24732507753850058,0,False
2012,4,2012_04_MIN_DET,DET,MIN,13.0,20.0,-7.0,0.6552783397852728,0,False
2012,4,2012_04_TEN_HOU,HOU,TEN,38.0,14.0,24.0,0.7888035418994859,1,False
2012,4,2012_04_SD_KC,KC,SD,20.0,37.0,-17.0,0.32107675633668986,0,False
2012,4,2012_04_SF_NYJ,NYJ,SF,0.0,34.0,-34.0,0.4310597906860062,0,False
2012,4,2012_04_SEA_STL,STL,SEA,19.0,13.0,6.0,0.20897659307864574,1,False
2012,4,2012_04_MIA_ARI,ARI,MIA,24.0,21.0,3.0,0.6501278798424032,1,False
2012,4,2012_04_OAK_DEN,DEN,OAK,37.0,6.0,31.0,0.6313903081200628,1,False
2012,4,2012_04_CIN_JAX,JAX,CIN,10.0,27.0,-17.0,0.4624903858831687,0,False
2012,4,2012_04_NO_GB,GB,NO,28.0,27.0,1.0,0.6315619573779179,1,False
2012,4,2012_04_WAS_TB,TB,WAS,22.0,24.0,-2.0,0.4336015654319034,0,False
2012,4,2012_04_NYG_PHI,PHI,NYG,19.0,17.0,2.0,0.5520561591249195,1,False
2012,4,2012_04_CHI_DAL,DAL,CHI,18.0,34.0,-16.0,0.5124241942204902,0,False
2012,5,2012_05_ARI_STL,STL,ARI,17.0,3.0,14.0,0.2685685591050573,1,False
2012,5,2012_05_MIA_CIN,CIN,MIA,13.0,17.0,-4.0,0.6560702504936697,0,False
2012,5,2012_05_GB_IND,IND,GB,30.0,27.0,3.0,0.22203020092762793,1,False
2012,5,2012_05_BAL_KC,KC,BAL,6.0,9.0,-3.0,0.22500352755677883,0,False
2012,5,2012_05_CLE_NYG,NYG,CLE,41.0,27.0,14.0,0.8270856208776768,1,False
2012,5,2012_05_PHI_PIT,PIT,PHI,16.0,14.0,2.0,0.5907341070748774,1,False
2012,5,2012_05_ATL_WAS,WAS,ATL,17.0,24.0,-7.0,0.23553290528487655,0,False
2012,5,2012_05_SEA_CAR,CAR,SEA,12.0,16.0,-4.0,0.4320960160150374,0,False
2012,5,2012_05_CHI_JAX,JAX,CHI,3.0,41.0,-38.0,0.348891250129142,0,False
2012,5,2012_05_TEN_MIN,MIN,TEN,30.0,7.0,23.0,0.6914846878332209,1,False
2012,5,2012_05_DEN_NE,NE,DEN,31.0,21.0,10.0,0.837894561569856,1,False
2012,5,2012_05_BUF_SF,SF,BUF,45.0,3.0,42.0,0.836157360293174,1,False
2012,5,2012_05_SD_NO,NO,SD,31.0,24.0,7.0,0.5453437665458885,1,False
2012,5,2012_05_HOU_NYJ,NYJ,HOU,17.0,23.0,-6.0,0.3201748305962751,0,False
2012,6,2012_06_PIT_TEN,TEN,PIT,26.0,23.0,3.0,0.2541168165856932,1,False
2012,6,2012_06_OAK_ATL,ATL,OAK,23.0,20.0,3.0,0.8990925038820015,1,False
2012,6,2012_06_DAL_BAL,BAL,DAL,31.0,29.0,2.0,0.808575491062588,1,False
2012,6,2012_06_CIN_CLE,CLE,CIN,34.0,24.0,10.0,0.3160597025486443,1,False
2012,6,2012_06_STL_MIA,MIA,STL,17.0,14.0,3.0,0.7081105551603627,1,False
2012,6,2012_06_IND_NYJ,NYJ,IND,35.0,9.0,26.0,0.5843237686775703,1,False
2012,6,2012_06_DET_PHI,PHI,DET,23.0,26.0,-3.0,0.6592444483498987,0,False
2012,6,2012_06_KC_TB,TB,KC,38.0,10.0,28.0,0.44692756450917775,1,False
2012,6,2012_06_BUF_ARI,ARI,BUF,16.0,19.0,-3.0,0.7415028299241035,0,False
2012,6,2012_06_NE_SEA,SEA,NE,24.0,23.0,1.0,0.29829621670795015,1,False
2012,6,2012_06_NYG_SF,SF,NYG,3.0,26.0,-23.0,0.7207250580270275,0,False
2012,6,2012_06_MIN_WAS,WAS,MIN,38.0,26.0,12.0,0.4077367258921677,1,False
2012,6,2012_06_GB_HOU,HOU,GB,24.0,42.0,-18.0,0.6402832144960651,0,False
2012,6,2012_06_DEN_SD,SD,DEN,24.0,35.0,-11.0,0.7044867154574003,0,False
2012,7,2012_07_SEA_SF,SF,SEA,13.0,6.0,7.0,0.7236131837045502,1,False
2012,7,2012_07_TEN_BUF,BUF,TEN,34.0,35.0,-1.0,0.6104097709354689,0,False
2012,7,2012_07_DAL_CAR,CAR,DAL,14.0,19.0,-5.0,0.5608667943849746,0,False
2012,7,2012_07_BAL_HOU,HOU,BAL,43.0,13.0,30.0,0.5222409661942912,1,False
2012,7,2012_07_CLE_IND,IND,CLE,17.0,13.0,4.0,0.5835147261047224,1,False
2012,7,2012_07_ARI_MIN,MIN,ARI,21.0,14.0,7.0,0.5816295849018492,1,False
2012,7,2012_07_WAS_NYG,NYG,WAS,27.0,23.0,4.0,0.8220451755928148,1,False
2012,7,2012_07_GB_STL,STL,GB,20.0,30.0,-10.0,0.23400445004401682,0,False
2012,7,2012_07_NO_TB,TB,NO,28.0,35.0,-7.0,0.2660261656726454,0,False
2012,7,2012_07_NYJ_NE,NE,NYJ,29.0,26.0,3.0,0.8283807590369687,1,False
2012,7,2012_07_JAX_OAK,OAK,JAX,26.0,23.0,3.0,0.6412276116478806,1,False
2012,7,2012_07_PIT_CIN,CIN,PIT,17.0,24.0,-7.0,0.4458431820455705,0,False
2012,7,2012_07_DET_CHI,CHI,DET,13.0,7.0,6.0,0.6919094219954652,1,False
2012,8,2012_08_TB_MIN,MIN,TB,17.0,36.0,-19.0,0.7560773917347264,0,False
2012,8,2012_08_CAR_CHI,CHI,CAR,23.0,22.0,1.0,0.84254205106882,1,False
2012,8,2012_08_SD_CLE,CLE,SD,7.0,6.0,1.0,0.3568169533735373,1,False
2012,8,2012_08_SEA_DET,DET,SEA,28.0,24.0,4.0,0.5529927344057008,1,False
2012,8,2012_08_JAX_GB,GB,JAX,24.0,15.0,9.0,0.8982093219925442,1,False
2012,8,2012_08_MIA_NYJ,NYJ,MIA,9.0,30.0,-21.0,0.5438895151101242,0,False
2012,8,2012_08_ATL_PHI,PHI,ATL,17.0,30.0,-13.0,0.37369548002013214,0,False
2012,8,2012_08_WAS_PIT,PIT,WAS,27.0,12.0,15.0,0.774750531532326,1,False
2012,8,2012_08_NE_STL,STL,NE,7.0,45.0,-38.0,0.13848215624411223,0,True
2012,8,2012_08_IND_TEN,TEN,IND,13.0,19.0,-6.0,0.5673443958697081,0,False
2012,8,2012_08_OAK_KC,KC,OAK,16.0,26.0,-10.0,0.5045131940569135,0,False
2012,8,2012_08_NYG_DAL,DAL,NYG,24.0,29.0,-5.0,0.2783688079799736,0,False
2012,8,2012_08_NO_DEN,DEN,NO,34.0,14.0,20.0,0.4296998282990175,1,False
2012,8,2012_08_SF_ARI,ARI,SF,3.0,24.0,-21.0,0.3285270110709704,0,False
2012,9,2012_09_KC_SD,SD,KC,31.0,13.0,18.0,0.8221874518095689,1,False
2012,9,2012_09_DEN_CIN,CIN,DEN,23.0,31.0,-8.0,0.38795004468659017,0,False
2012,9,2012_09_BAL_CLE,CLE,BAL,15.0,25.0,-10.0,0.2588996954914172,0,False
2012,9,2012_09_ARI_GB,GB,ARI,31.0,17.0,14.0,0.8249198912315552,1,False
2012,9,2012_09_BUF_HOU,HOU,BUF,21.0,9.0,12.0,0.8892188787221396,1,False
2012,9,2012_09_MIA_IND,IND,MIA,23.0,20.0,3.0,0.35861033319443375,1,False
2012,9,2012_09_DET_JAX,JAX,DET,14.0,31.0,-17.0,0.33426964627487543,0,False
2012,9,2012_09_CHI_TEN,TEN,CHI,20.0,51.0,-31.0,0.18936931944125923,0,False
2012,9,2012_09_CAR_WAS,WAS,CAR,13.0,21.0,-8.0,0.6503630120602907,0,False
2012,9,2012_09_TB_OAK,OAK,TB,32.0,42.0,-10.0,0.49807564663283993,0,False
2012,9,2012_09_MIN_SEA,SEA,MIN,30.0,20.0,10.0,0.5832369707717833,1,False
2012,9,2012_09_PIT_NYG,NYG,PIT,20.0,24.0,-4.0,0.6460119024979498,0,False
2012,9,2012_09_DAL_ATL,ATL,DAL,19.0,13.0,6.0,0.8737964556623877,1,False
2012,9,2012_09_PHI_NO,NO,PHI,28.0,13.0,15.0,0.6322961459569961,1,False
2012,10,2012_10_IND_JAX,JAX,IND,10.0,27.0,-17.0,0.3680922111909433,0,False
2012,10,2012_10_OAK_BAL,BAL,OAK,55.0,20.0,35.0,0.8336496187619878,1,False
2012,10,2012_10_DEN_CAR,CAR,DEN,14.0,36.0,-22.0,0.31364170668885555,0,False
2012,10,2012_10_NYG_CIN,CIN,NYG,31.0,13.0,18.0,0.2865496622248805,1,False
2012,10,2012_10_TEN_MIA,MIA,TEN,3.0,37.0,-34.0,0.8104140321951043,0,False
2012,10,2012_10_DET_MIN,MIN,DET,34.0,24.0,10.0,0.47881707483323754,1,False
2012,10,2012_10_BUF_NE,NE,BUF,37.0,31.0,6.0,0.9116396810344122,1,False
2012,10,2012_10_ATL_NO,NO,ATL,31.0,27.0,4.0,0.3354202099535289,1,False
2012,10,2012_10_SD_TB,TB,SD,34.0,24.0,10.0,0.5047484796146899,1,False
2012,10,2012_10_NYJ_SEA,SEA,NYJ,28.0,7.0,21.0,0.6705824764729101,1,False
2012,10,2012_10_DAL_PHI,PHI,DAL,23.0,38.0,-15.0,0.5757257257393577,0,False
2012,10,2012_10_STL_SF,SF,STL,24.0,24.0,0.0,0.8969550292177287,0,False
2012,10,2012_10_HOU_CHI,CHI,HOU,6.0,13.0,-7.0,0.5493803223312191,0,False
2012,10,2012_10_KC_PIT,PIT,KC,16.0,13.0,3.0,0.9020923964031327,1,False
2012,11,2012_11_MIA_BUF,BUF,MIA,19.0,14.0,5.0,0.4322501594829472,1,False
2012,11,2012_11_ARI_ATL,ATL,ARI,23.0,19.0,4.0,0.8549579458326212,1,False
2012,11,2012_11_TB_CAR,CAR,TB,21.0,27.0,-6.0,0.3704162603052914,0,False
2012,11,2012_11_CLE_DAL,DAL,CLE,23.0,20.0,3.0,0.7180205630714285,1,False
2012,11,2012_11_GB_DET,DET,GB,20.0,24.0,-4.0,0.2800230036669546,0,False
2012,11,2012_11_JAX_HOU,HOU,JAX,43.0,37.0,6.0,0.9507180218470869,1,False
2012,11,2012_11_CIN_KC,KC,CIN,6.0,28.0,-22.0,0.26718190757244437,0,False
2012,11,2012_11_NYJ_STL,STL,NYJ,13.0,27.0,-14.0,0.5479755703346219,0,False
2012,11,2012_11_PHI_WAS,WAS,PHI,31.0,6.0,25.0,0.5563662842798544,1,False
2012,11,2012_11_NO_OAK,OAK,NO,17.0,38.0,-21.0,0.2666863052145654,0,False
2012,11,2012_11_SD_DEN,DEN,SD,30.0,23.0,7.0,0.7245242827558248,1,False
2012,11,2012_11_IND_NE,NE,IND,59.0,24.0,35.0,0.8533539246863385,1,False
2012,11,2012_11_BAL_PIT,PIT,BAL,10.0,13.0,-3.0,0.567508168941377,0,False
2012,11,2012_11_CHI_SF,SF,CHI,32.0,7.0,25.0,0.5902970921115049,1,False
2012,12,2012_12_HOU_DET,DET,HOU,31.0,34.0,-3.0,0.2664916405413351,0,False
2012,12,2012_12_WAS_DAL,DAL,WAS,31.0,38.0,-7.0,0.6391372377200236,0,False
2012,12,2012_12_NE_NYJ,NYJ,NE,19.0,49.0,-30.0,0.16182272965266645,0,False
2012,12,2012_12_MIN_CHI,CHI,MIN,28.0,10.0,18.0,0.7409516909475103,1,False
2012,12,2012_12_OAK_CIN,CIN,OAK,34.0,10.0,24.0,0.8082756898788804,1,False
2012,12,2012_12_PIT_CLE,CLE,PIT,20.0,14.0,6.0,0.23959023503333282,1,False
2012,12,2012_12_BUF_IND,IND,BUF,20.0,13.0,7.0,0.6195697075428186,1,False
2012,12,2012_12_TEN_JAX,JAX,TEN,24.0,19.0,5.0,0.3467497301202923,1,False
2012,12,2012_12_DEN_KC,KC,DEN,9.0,17.0,-8.0,0.13033606954492846,0,False
2012,12,2012_12_SEA_MIA,MIA,SEA,24.0,21.0,3.0,0.42987695946124976,1,False
2012,12,2012_12_ATL_TB,TB,ATL,23.0,24.0,-1.0,0.3809480926385293,0,False
2012,12,2012_12_BAL_SD,SD,BAL,13.0,16.0,-3.0,0.3202376267612713,0,False
2012,12,2012_12_STL_ARI,ARI,STL,17.0,31.0,-14.0,0.6658272568699898,0,False
2012,12,2012_12_SF_NO,NO,SF,21.0,31.0,-10.0,0.4323897271985782,0,False
2012,12,2012_12_GB_NYG,NYG,GB,38.0,10.0,28.0,0.41754437465748945,1,False
2012,12,2012_12_CAR_PHI,PHI,CAR,22.0,30.0,-8.0,0.557366012815745,0,False
2012,13,2012_13_NO_ATL,ATL,NO,23.0,13.0,10.0,0.6780337514757103,1,False
2012,13,2012_13_JAX_BUF,BUF,JAX,34.0,18.0,16.0,0.6801083142667755,1,False
2012,13,2012_13_SEA_CHI,CHI,SEA,17.0,23.0,-6.0,0.7187687624504928,0,False
2012,13,2012_13_IND_DET,DET,IND,33.0,35.0,-2.0,0.5976662487685769,0,False
2012,13,2012_13_MIN_GB,GB,MIN,23.0,14.0,9.0,0.7997728633230512,1,False
2012,13,2012_13_CAR_KC,KC,CAR,27.0,21.0,6.0,0.34468574142771957,1,False
2012,13,2012_13_NE_MIA,MIA,NE,16.0,23.0,-7.0,0.1508586983027436,0,False
2012,13,2012_13_ARI_NYJ,NYJ,ARI,7.0,6.0,1.0,0.6276177574685468,1,False
2012,13,2012_13_SF_STL,STL,SF,16.0,13.0,3.0,0.14938498929686939,1,False
2012,13,2012_13_HOU_TEN,TEN,HOU,10.0,24.0,-14.0,0.1785103689470297,0,False
2012,13,2012_13_TB_DEN,DEN,TB,31.0,23.0,8.0,0.7252789334563409,1,False
2012,13,2012_13_PIT_BAL,BAL,PIT,20.0,23.0,-3.0,0.680616108031337,0,False
2012,13,2012_13_CLE_OAK,OAK,CLE,17.0,20.0,-3.0,0.43147322934773674,0,False
2012,13,2012_13_CIN_SD,SD,CIN,13.0,20.0,-7.0,0.43764259764335467,0,False
2012,13,2012_13_PHI_DAL,DAL,PHI,38.0,33.0,5.0,0.7291613655531295,1,False
2012,13,2012_13_NYG_WAS,WAS,NYG,17.0,16.0,1.0,0.36238085563857597,1,False
2012,14,2012_14_DEN_OAK,OAK,DEN,13.0,26.0,-13.0,0.14549387868350117,0,False
2012,14,2012_14_STL_BUF,BUF,STL,12.0,15.0,-3.0,0.5777458146209858,0,False
2012,14,2012_14_ATL_CAR,CAR,ATL,30.0,20.0,10.0,0.1885423416708694,1,False
2012,14,2012_14_DAL_CIN,CIN,DAL,19.0,20.0,-1.0,0.6821211741259017,0,False
2012,14,2012_14_KC_CLE,CLE,KC,30.0,7.0,23.0,0.7289221291595676,1,False
2012,14,2012_14_TEN_IND,IND,TEN,27.0,23.0,4.0,0.6635672947662675,1,False
2012,14,2012_14_NYJ_JAX,JAX,NYJ,10.0,17.0,-7.0,0.33562382261797113,0,False
2012,14,2012_14_CHI_MIN,MIN,CHI,21.0,14.0,7.0,0.31807670365335,1,False
2012,14,2012_14_SD_PIT,PIT,SD,24.0,34.0,-10.0,0.757907203883417,0,False
2012,14,2012_14_PHI_TB,TB,PHI,21.0,23.0,-2.0,0.8199356594659339,0,False
2012,14,2012_14_BAL_WAS,WAS,BAL,31.0,28.0,3.0,0.35959937164382066,1,False
2012,14,2012_14_MIA_SF,SF,MIA,27.0,13.0,14.0,0.8447697367919185,1,False
2012,14,2012_14_NO_NYG,NYG,NO,52.0,27.0,25.0,0.6443840642909787,1,False
2012,14,2012_14_ARI_SEA,SEA,ARI,58.0,0.0,58.0,0.819630839788025,1,False
2012,14,2012_14_DET_GB,GB,DET,27.0,20.0,7.0,0.7942929158750264,1,False
2012,14,2012_14_HOU_NE,NE,HOU,42.0,14.0,28.0,0.6969447517685958,1,False
2012,15,2012_15_CIN_PHI,PHI,CIN,13.0,34.0,-21.0,0.26054005595159085,0,False
2012,15,2012_15_NYG_ATL,ATL,NYG,34.0,0.0,34.0,0.556323065708042,1,False
2012,15,2012_15_DEN_BAL,BAL,DEN,17.0,34.0,-17.0,0.4595113655106439,0,False
2012,15,2012_15_GB_CHI,CHI,GB,13.0,21.0,-8.0,0.38816639124586283,0,False
2012,15,2012_15_WAS_CLE,CLE,WAS,21.0,38.0,-17.0,0.5050276545886142,0,False
2012,15,2012_15_IND_HOU,HOU,IND,29.0,17.0,12.0,0.7684528244993628,1,False
2012,15,2012_15_JAX_MIA,MIA,JAX,24.0,3.0,21.0,0.7561257534063922,1,False
2012,15,2012_15_TB_NO,NO,TB,41.0,0.0,41.0,0.5972013442063272,1,False
2012,15,2012_15_MIN_STL,STL,MIN,22.0,36.0,-14.0,0.542784952656911,0,False
2012,15,2012_15_DET_ARI,ARI,DET,38.0,10.0,28.0,0.34547661709173494,1,False
2012,15,2012_15_SEA_BUF,BUF,SEA,17.0,50.0,-33.0,0.3139065583825177,0,False
2012,15,2012_15_CAR_SD,SD,CAR,7.0,31.0,-24.0,0.6386080624591199,0,False
2012,15,2012_15_PIT_DAL,DAL,PIT,27.0,24.0,3.0,0.4941284284905976,1,False
2012,15,2012_15_KC_OAK,OAK,KC,15.0,0.0,15.0,0.6248237406050077,1,False
2012,15,2012_15_SF_NE,NE,SF,34.0,41.0,-7.0,0.771614575758559,0,False
2012,15,2012_15_NYJ_TEN,TEN,NYJ,14.0,10.0,4.0,0.4975366227015223,1,False
2012,16,2012_16_ATL_DET,DET,ATL,18.0,31.0,-13.0,0.1997213530909428,0,False
2012,16,2012_16_OAK_CAR,CAR,OAK,17.0,6.0,11.0,0.7749388041220663,1,False
2012,16,2012_16_NO_DAL,DAL,NO,31.0,34.0,-3.0,0.4945394247240492,0,False
2012,16,2012_16_TEN_GB,GB,TEN,55.0,7.0,48.0,0.8528960503397381,1,False
2012,16,2012_16_MIN_HOU,HOU,MIN,6.0,23.0,-17.0,0.8233151815821864,0,False
2012,16,2012_16_NE_JAX,JAX,NE,16.0,23.0,-7.0,0.05116584371174967,0,False
2012,16,2012_16_IND_KC,KC,IND,13.0,20.0,-7.0,0.26504439006501257,0,False
2012,16,2012_16_BUF_MIA,MIA,BUF,24.0,10.0,14.0,0.6655062708724627,1,False
2012,16,2012_16_SD_NYJ,NYJ,SD,17.0,27.0,-10.0,0.5312251187341155,0,False
2012,16,2012_16_WAS_PHI,PHI,WAS,20.0,27.0,-7.0,0.2776969234122684,0,False
2012,16,2012_16_CIN_PIT,PIT,CIN,10.0,13.0,-3.0,0.4645990160012549,0,False
2012,16,2012_16_STL_TB,TB,STL,13.0,28.0,-15.0,0.6512027249976271,0,False
2012,16,2012_16_CLE_DEN,DEN,CLE,34.0,12.0,22.0,0.8784208478446422,1,False
2012,16,2012_16_CHI_ARI,ARI,CHI,13.0,28.0,-15.0,0.34026549986907517,0,False
2012,16,2012_16_NYG_BAL,BAL,NYG,33.0,14.0,19.0,0.5676903073801669,1,False
2012,16,2012_16_SF_SEA,SEA,SF,42.0,13.0,29.0,0.4859006936828048,1,False
2012,17,2012_17_TB_ATL,ATL,TB,17.0,22.0,-5.0,0.8861203199095375,0,False
2012,17,2012_17_NYJ_BUF,BUF,NYJ,28.0,9.0,19.0,0.5292110792382683,1,False
2012,17,2012_17_BAL_CIN,CIN,BAL,23.0,17.0,6.0,0.5599961725354592,1,False
2012,17,2012_17_CHI_DET,DET,CHI,24.0,26.0,-2.0,0.3388025024036313,0,False
2012,17,2012_17_HOU_IND,IND,HOU,28.0,16.0,12.0,0.37986013417614634,1,False
2012,17,2012_17_CAR_NO,NO,CAR,38.0,44.0,-6.0,0.6827802624265027,0,False
2012,17,2012_17_PHI_NYG,NYG,PHI,42.0,7.0,35.0,0.8297560412000894,1,False
2012,17,2012_17_CLE_PIT,PIT,CLE,24.0,10.0,14.0,0.7216365363677429,1,False
2012,17,2012_17_JAX_TEN,TEN,JAX,38.0,20.0,18.0,0.7204601158308364,1,False
2012,17,2012_17_KC_DEN,DEN,KC,38.0,3.0,35.0,0.9554786846921152,1,False
2012,17,2012_17_GB_MIN,MIN,GB,37.0,34.0,3.0,0.30080941445211534,1,False
2012,17,2012_17_MIA_NE,NE,MIA,28.0,0.0,28.0,0.9058978674095182,1,False
2012,17,2012_17_OAK_SD,SD,OAK,24.0,21.0,3.0,0.7855171446514598,1,False
2012,17,2012_17_STL_SEA,SEA,STL,20.0,13.0,7.0,0.8793961584102591,1,False
2012,17,2012_17_ARI_SF,SF,ARI,27.0,13.0,14.0,0.8970730861979804,1,False
2012,17,2012_17_DAL_WAS,WAS,DAL,28.0,18.0,10.0,0.6323551317941534,1,False
2013,1,2013_01_BAL_DEN,DEN,BAL,49.0,27.0,22.0,0.7271409987338936,1,False
2013,1,2013_01_NE_BUF,BUF,NE,21.0,23.0,-2.0,0.19807160985353192,0,False
2013,1,2013_01_SEA_CAR,CAR,SEA,7.0,12.0,-5.0,0.3323410535392898,0,False
2013,1,2013_01_CIN_CHI,CHI,CIN,24.0,21.0,3.0,0.4094677443722507,1,False
2013,1,2013_01_MIA_CLE,CLE,MIA,10.0,23.0,-13.0,0.5173541561197511,0,False
2013,1,2013_01_MIN_DET,DET,MIN,34.0,24.0,10.0,0.3704717734638575,1,False
2013,1,2013_01_OAK_IND,IND,OAK,21.0,17.0,4.0,0.7782932966320637,1,False
2013,1,2013_01_KC_JAX,JAX,KC,2.0,28.0,-26.0,0.5923010805225722,0,False
2013,1,2013_01_ATL_NO,NO,ATL,23.0,17.0,6.0,0.46881764261065234,1,False
2013,1,2013_01_TB_NYJ,NYJ,TB,18.0,17.0,1.0,0.522288398446338,1,False
2013,1,2013_01_TEN_PIT,PIT,TEN,9.0,16.0,-7.0,0.6932928418216017,0,False
2013,1,2013_01_GB_SF,SF,GB,34.0,28.0,6.0,0.537414091400693,1,False
2013,1,2013_01_ARI_STL,STL,ARI,27.0,24.0,3.0,0.7033409290664553,1,False
2013,1,2013_01_NYG_DAL,DAL,NYG,36.0,31.0,5.0,0.49367540837587115,1,False
2013,1,2013_01_PHI_WAS,WAS,PHI,27.0,33.0,-6.0,0.8443590434762008,0,False
2013,1,2013_01_HOU_SD,SD,HOU,28.0,31.0,-3.0,0.47549535762404926,0,False
2013,2,2013_02_NYJ_NE,NE,NYJ,13.0,10.0,3.0,0.8909346516133104,1,False
2013,2,2013_02_STL_ATL,ATL,STL,31.0,24.0,7.0,0.7197667049838097,1,False
2013,2,2013_02_CLE_BAL,BAL,CLE,14.0,6.0,8.0,0.7221809472727203,1,False
2013,2,2013_02_CAR_BUF,BUF,CAR,24.0,23.0,1.0,0.44318178777165973,1,False
2013,2,2013_02_MIN_CHI,CHI,MIN,31.0,30.0,1.0,0.5972559275577561,1,False
2013,2,2013_02_WAS_GB,GB,WAS,38.0,20.0,18.0,0.6373537749753573,1,False
2013,2,2013_02_TEN_HOU,HOU,TEN,30.0,24.0,6.0,0.6623192259664819,1,False
2013,2,2013_02_MIA_IND,IND,MIA,20.0,24.0,-4.0,0.5837030517969266,0,False
2013,2,2013_02_DAL_KC,KC,DAL,17.0,16.0,1.0,0.3534820378319455,1,False
2013,2,2013_02_SD_PHI,PHI,SD,30.0,33.0,-3.0,0.42791297406031725,0,False
2013,2,2013_02_DET_ARI,ARI,DET,25.0,21.0,4.0,0.47466272778142554,1,False
2013,2,2013_02_NO_TB,TB,NO,14.0,16.0,-2.0,0.3687014516146536,0,False
2013,2,2013_02_DEN_NYG,NYG,DEN,23.0,41.0,-18.0,0.31085723337783694,0,False
2013,2,2013_02_JAX_OAK,OAK,JAX,19.0,9.0,10.0,0.6804542536573246,1,False
2013,2,2013_02_SF_SEA,SEA,SF,29.0,3.0,26.0,0.677951755920771,1,False
2013,2,2013_02_PIT_CIN,CIN,PIT,20.0,10.0,10.0,0.7157121776799213,1,False
2013,3,2013_03_KC_PHI,PHI,KC,16.0,26.0,-10.0,0.574351540937851,0,False
2013,3,2013_03_HOU_BAL,BAL,HOU,30.0,9.0,21.0,0.5230094097025006,1,False
2013,3,2013_03_NYG_CAR,CAR,NYG,38.0,0.0,38.0,0.5912398961939761,1,False
2013,3,2013_03_GB_CIN,CIN,GB,34.0,30.0,4.0,0.5351007596452393,1,False
2013,3,2013_03_STL_DAL,DAL,STL,31.0,7.0,24.0,0.5968171298695837,1,False
2013,3,2013_03_CLE_MIN,MIN,CLE,27.0,31.0,-4.0,0.7331912780727449,0,False
2013,3,2013_03_TB_NE,NE,TB,23.0,3.0,20.0,0.891426677344786,1,False
2013,3,2013_03_ARI_NO,NO,ARI,31.0,7.0,24.0,0.7774252708304079,1,False
2013,3,2013_03_SD_TEN,TEN,SD,20.0,17.0,3.0,0.4953370507342929,1,False
2013,3,2013_03_DET_WAS,WAS,DET,20.0,27.0,-7.0,0.6835587053888789,0,False
2013,3,2013_03_ATL_MIA,MIA,ATL,27.0,23.0,4.0,0.45031949002686544,1,False
2013,3,2013_03_BUF_NYJ,NYJ,BUF,27.0,20.0,7.0,0.5154379848575255,1,False
2013,3,2013_03_JAX_SEA,SEA,JAX,45.0,17.0,28.0,0.955938503324523,1,False
2013,3,2013_03_IND_SF,SF,IND,7.0,27.0,-20.0,0.6239563556126397,0,False
2013,3,2013_03_CHI_PIT,PIT,CHI,23.0,40.0,-17.0,0.4424482174948677,0,False
2013,3,2013_03_OAK_DEN,DEN,OAK,37.0,21.0,16.0,0.9063584027627892,1,False
2013,4,2013_04_SF_STL,STL,SF,11.0,35.0,-24.0,0.4440137843870183,0,False
2013,4,2013_04_BAL_BUF,BUF,BAL,23.0,20.0,3.0,0.37446606279552835,1,False
2013,4,2013_04_CIN_CLE,CLE,CIN,17.0,6.0,11.0,0.2781437104919139,1,False
2013,4,2013_04_CHI_DET,DET,CHI,40.0,32.0,8.0,0.38606972713184645,1,False
2013,4,2013_04_SEA_HOU,HOU,SEA,20.0,23.0,-3.0,0.22479551065328235,0,False
2013,4,2013_04_IND_JAX,JAX,IND,3.0,37.0,-34.0,0.15889465469840267,0,False
2013,4,2013_04_NYG_KC,KC,NYG,31.0,7.0,24.0,0.5417620961175732,1,False
2013,4,2013_04_PIT_MIN,MIN,PIT,34.0,27.0,7.0,0.5765249218103657,1,True
2013,4,2013_04_ARI_TB,TB,ARI,10.0,13.0,-3.0,0.5951500000805788,0,False
2013,4,2013_04_NYJ_TEN,TEN,NYJ,38.0,13.0,25.0,0.5722389741692427,1,False
2013,4,2013_04_PHI_DEN,DEN,PHI,52.0,20.0,32.0,0.9318925948452671,1,False
2013,4,2013_04_WAS_OAK,OAK,WAS,14.0,24.0,-10.0,0.4664124478262326,0,False
2013,4,2013_04_DAL_SD,SD,DAL,30.0,21.0,9.0,0.4773229822877435,1,False
2013,4,2013_04_NE_ATL,ATL,NE,23.0,30.0,-7.0,0.38540354713862224,0,False
2013,4,2013_04_MIA_NO,NO,MIA,38.0,17.0,21.0,0.6488029377277548,1,False
2013,5,2013_05_BUF_CLE,CLE,BUF,37.0,24.0,13.0,0.5647465649376336,1,False
2013,5,2013_05_NO_CHI,CHI,NO,18.0,26.0,-8.0,0.43850388235801546,0,False
2013,5,2013_05_NE_CIN,CIN,NE,13.0,6.0,7.0,0.33186246718649137,1,False
2013,5,2013_05_DET_GB,GB,DET,22.0,9.0,13.0,0.7694281117856931,1,False
2013,5,2013_05_SEA_IND,IND,SEA,34.0,28.0,6.0,0.32789006493964323,1,False
2013,5,2013_05_BAL_MIA,MIA,BAL,23.0,26.0,-3.0,0.5129740554750992,0,False
2013,5,2013_05_PHI_NYG,NYG,PHI,21.0,36.0,-15.0,0.6531531897631574,0,False
2013,5,2013_05_JAX_STL,STL,JAX,34.0,20.0,14.0,0.7892287087467634,1,False
2013,5,2013_05_KC_TEN,TEN,KC,17.0,26.0,-9.0,0.6472968138843501,0,False
2013,5,2013_05_CAR_ARI,ARI,CAR,22.0,6.0,16.0,0.2938329091551102,1,False
2013,5,2013_05_DEN_DAL,DAL,DEN,48.0,51.0,-3.0,0.21114867875595134,0,False
2013,5,2013_05_HOU_SF,SF,HOU,34.0,3.0,31.0,0.6528927452438271,1,False
2013,5,2013_05_SD_OAK,OAK,SD,27.0,17.0,10.0,0.3870656701759109,1,False
2013,5,2013_05_NYJ_ATL,ATL,NYJ,28.0,30.0,-2.0,0.7654334273219358,0,False
2013,6,2013_06_NYG_CHI,CHI,NYG,27.0,21.0,6.0,0.8145246408988623,1,False
2013,6,2013_06_GB_BAL,BAL,GB,17.0,19.0,-2.0,0.4391785705858641,0,False
2013,6,2013_06_CIN_BUF,BUF,CIN,24.0,27.0,-3.0,0.31015186252694965,0,False
2013,6,2013_06_DET_CLE,CLE,DET,17.0,31.0,-14.0,0.5490261945868906,0,False
2013,6,2013_06_STL_HOU,HOU,STL,13.0,38.0,-25.0,0.6473064814773914,0,False
2013,6,2013_06_OAK_KC,KC,OAK,24.0,7.0,17.0,0.6766707165355024,1,False
2013,6,2013_06_CAR_MIN,MIN,CAR,10.0,35.0,-25.0,0.5392888748745939,0,False
2013,6,2013_06_PIT_NYJ,NYJ,PIT,6.0,19.0,-13.0,0.5679086269500291,0,False
2013,6,2013_06_PHI_TB,TB,PHI,20.0,31.0,-11.0,0.5903903835868518,0,False
2013,6,2013_06_JAX_DEN,DEN,JAX,35.0,19.0,16.0,0.977947782603057,1,False
2013,6,2013_06_TEN_SEA,SEA,TEN,20.0,13.0,7.0,0.829506618959406,1,False
2013,6,2013_06_NO_NE,NE,NO,30.0,27.0,3.0,0.5636634519730965,1,False
2013,6,2013_06_ARI_SF,SF,ARI,32.0,20.0,12.0,0.730061120118784,1,False
2013,6,2013_06_WAS_DAL,DAL,WAS,31.0,16.0,15.0,0.5758507980016594,1,False
2013,6,2013_06_IND_SD,SD,IND,19.0,9.0,10.0,0.3470411152597422,1,False
2013,7,2013_07_SEA_ARI,ARI,SEA,22.0,34.0,-12.0,0.20893167154138362,0,False
2013,7,2013_07_TB_ATL,ATL,TB,31.0,23.0,8.0,0.8235978992972741,1,False
2013,7,2013_07_STL_CAR,CAR,STL,30.0,15.0,15.0,0.7259642929981072,1,False
2013,7,2013_07_CIN_DET,DET,CIN,24.0,27.0,-3.0,0.46632259527961367,0,False
2013,7,2013_07_SD_JAX,JAX,SD,6.0,24.0,-18.0,0.15277972898877526,0,False
2013,7,2013_07_BUF_MIA,MIA,BUF,21.0,23.0,-2.0,0.6901207933317968,0,False
2013,7,2013_07_NE_NYJ,NYJ,NE,30.0,27.0,3.0,0.1748065730175739,1,False
2013,7,2013_07_DAL_PHI,PHI,DAL,3.0,17.0,-14.0,0.3881045571646453,0,False
2013,7,2013_07_CHI_WAS,WAS,CHI,45.0,41.0,4.0,0.42886693358563016,1,False
2013,7,2013_07_SF_TEN,TEN,SF,17.0,31.0,-14.0,0.36816505808155325,0,False
2013,7,2013_07_CLE_GB,GB,CLE,31.0,13.0,18.0,0.8458262713980637,1,False
2013,7,2013_07_HOU_KC,KC,HOU,17.0,16.0,1.0,0.7636718856326501,1,False
2013,7,2013_07_BAL_PIT,PIT,BAL,19.0,16.0,3.0,0.4098732176519232,1,False
2013,7,2013_07_DEN_IND,IND,DEN,39.0,33.0,6.0,0.30013717668636947,1,False
2013,7,2013_07_MIN_NYG,NYG,MIN,23.0,7.0,16.0,0.376412637719981,1,False
2013,8,2013_08_CAR_TB,TB,CAR,13.0,31.0,-18.0,0.24878749452552598,0,False
2013,8,2013_08_DAL_DET,DET,DAL,31.0,30.0,1.0,0.4972745731241902,1,False
2013,8,2013_08_SF_JAX,JAX,SF,10.0,42.0,-32.0,0.05160375384976649,0,True
2013,8,2013_08_CLE_KC,KC,CLE,23.0,17.0,6.0,0.7580201299329236,1,False
2013,8,2013_08_MIA_NE,NE,MIA,27.0,17.0,10.0,0.806318862691744,1,False
2013,8,2013_08_BUF_NO,NO,BUF,35.0,17.0,18.0,0.8092254880856323,1,False
2013,8,2013_08_NYG_PHI,PHI,NYG,7.0,15.0,-8.0,0.5555721014182475,0,False
2013,8,2013_08_NYJ_CIN,CIN,NYJ,49.0,9.0,40.0,0.7904559127676194,1,False
2013,8,2013_08_PIT_OAK,OAK,PIT,21.0,18.0,3.0,0.4291169102083178,1,False
2013,8,2013_08_ATL_ARI,ARI,ATL,27.0,13.0,14.0,0.375342246898231,1,False
2013,8,2013_08_WAS_DEN,DEN,WAS,45.0,21.0,24.0,0.8745969429258369,1,False
2013,8,2013_08_GB_MIN,MIN,GB,31.0,44.0,-13.0,0.22287036904970747,0,False
2013,8,2013_08_SEA_STL,STL,SEA,9.0,14.0,-5.0,0.21571461011145096,0,False
2013,9,2013_09_CIN_MIA,MIA,CIN,22.0,20.0,2.0,0.30296957822487347,1,False
2013,9,2013_09_KC_BUF,BUF,KC,13.0,23.0,-10.0,0.29003557527662743,0,False
2013,9,2013_09_ATL_CAR,CAR,ATL,34.0,10.0,24.0,0.7293385818212901,1,False
2013,9,2013_09_MIN_DAL,DAL,MIN,27.0,23.0,4.0,0.7922654822558013,1,False
2013,9,2013_09_NO_NYJ,NYJ,NO,26.0,20.0,6.0,0.1969043644765691,1,False
2013,9,2013_09_TEN_STL,STL,TEN,21.0,28.0,-7.0,0.4842600036522454,0,False
2013,9,2013_09_SD_WAS,WAS,SD,30.0,24.0,6.0,0.410738737671477,1,False
2013,9,2013_09_PHI_OAK,OAK,PHI,20.0,49.0,-29.0,0.5940421738779595,0,False
2013,9,2013_09_TB_SEA,SEA,TB,27.0,24.0,3.0,0.9153903797848244,1,False
2013,9,2013_09_BAL_CLE,CLE,BAL,24.0,18.0,6.0,0.38365959694283863,1,False
2013,9,2013_09_PIT_NE,NE,PIT,55.0,31.0,24.0,0.8175019451135137,1,False
2013,9,2013_09_IND_HOU,HOU,IND,24.0,27.0,-3.0,0.26970038643993155,0,False
2013,9,2013_09_CHI_GB,GB,CHI,20.0,27.0,-7.0,0.7491692372119746,0,False
2013,10,2013_10_WAS_MIN,MIN,WAS,34.0,27.0,7.0,0.4667241498030516,1,False
2013,10,2013_10_SEA_ATL,ATL,SEA,10.0,33.0,-23.0,0.24182136403489196,0,False
2013,10,2013_10_CIN_BAL,BAL,CIN,20.0,17.0,3.0,0.4074643943734483,1,False
2013,10,2013_10_DET_CHI,CHI,DET,19.0,21.0,-2.0,0.6189298722895883,0,False
2013,10,2013_10_PHI_GB,GB,PHI,13.0,27.0,-14.0,0.8162160148555018,0,False
2013,10,2013_10_STL_IND,IND,STL,8.0,38.0,-30.0,0.83476446165731,0,False
2013,10,2013_10_OAK_NYG,NYG,OAK,24.0,20.0,4.0,0.6183015572021258,1,False
2013,10,2013_10_BUF_PIT,PIT,BUF,23.0,10.0,13.0,0.6228905075912561,1,False
2013,10,2013_10_JAX_TEN,TEN,JAX,27.0,29.0,-2.0,0.9099645984335504,0,False
2013,10,2013_10_CAR_SF,SF,CAR,9.0,10.0,-1.0,0.6017817501238137,0,False
2013,10,2013_10_HOU_ARI,ARI,HOU,27.0,24.0,3.0,0.655593857309093,1,False
2013,10,2013_10_DEN_SD,SD,DEN,20.0,28.0,-8.0,0.24242755642296895,0,False
2013,10,2013_10_DAL_NO,NO,DAL,49.0,17.0,32.0,0.6690992627722973,1,False
2013,10,2013_10_MIA_TB,TB,MIA,22.0,19.0,3.0,0.3562955789214661,1,False
2013,11,2013_11_IND_TEN,TEN,IND,27.0,30.0,-3.0,0.4395811030202084,0,False
2013,11,2013_11_NYJ_BUF,BUF,NYJ,37.0,14.0,23.0,0.48926216262942546,1,False
2013,11,2013_11_BAL_CHI,CHI,BAL,23.0,20.0,3.0,0.5577142986930227,1,False
2013,11,2013_11_CLE_CIN,CIN,CLE,41.0,20.0,21.0,0.7737103997194281,1,False
2013,11,2013_11_OAK_HOU,HOU,OAK,23.0,28.0,-5.0,0.6338904680137243,0,False
2013,11,2013_11_ARI_JAX,JAX,ARI,14.0,27.0,-13.0,0.18570335193427492,0,False
2013,11,2013_11_WAS_PHI,PHI,WAS,24.0,16.0,8.0,0.6548008261299835,1,False
2013,11,2013_11_DET_PIT,PIT,DET,37.0,27.0,10.0,0.46825809121240447,1,False
2013,11,2013_11_ATL_TB,TB,ATL,41.0,28.0,13.0,0.4558577107288226,1,False
2013,11,2013_11_SD_MIA,MIA,SD,20.0,16.0,4.0,0.510274360112051,1,False
2013,11,2013_11_SF_NO,NO,SF,23.0,20.0,3.0,0.6034913373801872,1,False
2013,11,2013_11_GB_NYG,NYG,GB,27.0,13.0,14.0,0.2987538434922355,1,False
2013,11,2013_11_MIN_SEA,SEA,MIN,41.0,20.0,21.0,0.8923884684258783,1,False
2013,11,2013_11_KC_DEN,DEN,KC,27.0,17.0,10.0,0.761454739792016,1,False
2013,11,2013_11_NE_CAR,CAR,NE,24.0,20.0,4.0,0.5236389909931626,1,False
2013,12,2013_12_NO_ATL,ATL,NO,13.0,17.0,-4.0,0.1762126898138233,0,False
2013,12,2013_12_NYJ_BAL,BAL,NYJ,19.0,3.0,16.0,0.7828083102830528,1,False
2013,12,2013_12_PIT_CLE,CLE,PIT,11.0,27.0,-16.0,0.4646283512696107,0,False
2013,12,2013_12_TB_DET,DET,TB,21.0,24.0,-3.0,0.7139440016875274,0,False
2013,12,2013_12_MIN_GB,GB,MIN,26.0,26.0,0.0,0.781928658293315,0,False
2013,12,2013_12_JAX_HOU,HOU,JAX,6.0,13.0,-7.0,0.8087978188921221,0,False
2013,12,2013_12_SD_KC,KC,SD,38.0,41.0,-3.0,0.7112046356478878,0,False
2013,12,2013_12_CAR_MIA,MIA,CAR,16.0,20.0,-4.0,0.2686932887638785,0,False
2013,12,2013_12_CHI_STL,STL,CHI,42.0,21.0,21.0,0.4478638435851684,1,False
2013,12,2013_12_IND_ARI,ARI,IND,40.0,11.0,29.0,0.4670650783860361,1,False
2013,12,2013_12_TEN_OAK,OAK,TEN,19.0,23.0,-4.0,0.42466947034196717,0,False
2013,12,2013_12_DAL_NYG,NYG,DAL,21.0,24.0,-3.0,0.48047649936624015,0,False
2013,12,2013_12_DEN_NE,NE,DEN,34.0,31.0,3.0,0.4548115982775687,1,False
2013,12,2013_12_SF_WAS,WAS,SF,6.0,27.0,-21.0,0.2230977625223037,0,False
2013,13,2013_13_GB_DET,DET,GB,40.0,10.0,30.0,0.47652252654353405,1,False
2013,13,2013_13_OAK_DAL,DAL,OAK,31.0,24.0,7.0,0.7721329689278744,1,False
2013,13,2013_13_PIT_BAL,BAL,PIT,22.0,20.0,2.0,0.5791210343329688,1,False
2013,13,2013_13_TB_CAR,CAR,TB,27.0,6.0,21.0,0.8486066109541627,1,False
2013,13,2013_13_JAX_CLE,CLE,JAX,28.0,32.0,-4.0,0.7766100861026296,0,False
2013,13,2013_13_NE_HOU,HOU,NE,31.0,34.0,-3.0,0.16264598912379036,0,False
2013,13,2013_13_TEN_IND,IND,TEN,22.0,14.0,8.0,0.610056357883349,1,False
2013,13,2013_13_CHI_MIN,MIN,CHI,23.0,20.0,3.0,0.42087229060966863,1,False
2013,13,2013_13_MIA_NYJ,NYJ,MIA,3.0,23.0,-20.0,0.3846692556999817,0,False
2013,13,2013_13_ARI_PHI,PHI,ARI,24.0,21.0,3.0,0.48335988915831174,1,False
2013,13,2013_13_ATL_BUF,BUF,ATL,31.0,34.0,-3.0,0.5386970207717812,0,True
2013,13,2013_13_STL_SF,SF,STL,23.0,13.0,10.0,0.8014313587394329,1,False
2013,13,2013_13_DEN_KC,KC,DEN,28.0,35.0,-7.0,0.32769421345216426,0,False
2013,13,2013_13_CIN_SD,SD,CIN,10.0,17.0,-7.0,0.37241670735123605,0,False
2013,13,2013_13_NYG_WAS,WAS,NYG,17.0,24.0,-7.0,0.43532911172521105,0,False
2013,13,2013_13_NO_SEA,SEA,NO,34.0,7.0,27.0,0.6135237540836922,1,False
2013,14,2013_14_HOU_JAX,JAX,HOU,27.0,20.0,7.0,0.4604095219271933,1,False
2013,14,2013_14_MIN_BAL,BAL,MIN,29.0,26.0,3.0,0.7711525776806251,1,False
2013,14,2013_14_IND_CIN,CIN,IND,42.0,28.0,14.0,0.7881367567955976,1,False
2013,14,2013_14_ATL_GB,GB,ATL,22.0,21.0,1.0,0.6723446734076511,1,False
2013,14,2013_14_CLE_NE,NE,CLE,27.0,26.0,1.0,0.901087687493757,1,False
2013,14,2013_14_OAK_NYJ,NYJ,OAK,37.0,27.0,10.0,0.5132445157662153,1,False
2013,14,2013_14_DET_PHI,PHI,DET,34.0,20.0,14.0,0.6145094819531793,1,False
2013,14,2013_14_MIA_PIT,PIT,MIA,28.0,34.0,-6.0,0.6084869410496664,0,False
2013,14,2013_14_BUF_TB,TB,BUF,27.0,6.0,21.0,0.5768733975396748,1,False
2013,14,2013_14_KC_WAS,WAS,KC,10.0,45.0,-35.0,0.33326560994611,0,False
2013,14,2013_14_TEN_DEN,DEN,TEN,51.0,28.0,23.0,0.8829626117130792,1,False
2013,14,2013_14_STL_ARI,ARI,STL,30.0,10.0,20.0,0.600508364365073,1,False
2013,14,2013_14_NYG_SD,SD,NYG,37.0,14.0,23.0,0.5013287436192847,1,False
2013,14,2013_14_SEA_SF,SF,SEA,19.0,17.0,2.0,0.5135896907174136,1,False
2013,14,2013_14_CAR_NO,NO,CAR,31.0,13.0,18.0,0.44341861319828135,1,False
2013,14,2013_14_DAL_CHI,CHI,DAL,45.0,28.0,17.0,0.4854959221746589,1,False
2013,15,2013_15_SD_DEN,DEN,SD,20.0,27.0,-7.0,0.827950120732104,0,False
2013,15,2013_15_WAS_ATL,ATL,WAS,27.0,26.0,1.0,0.6735086916896625,1,False
2013,15,2013_15_CHI_CLE,CLE,CHI,31.0,38.0,-7.0,0.3034808028521956,0,False
2013,15,2013_15_HOU_IND,IND,HOU,25.0,3.0,22.0,0.7198356883519131,1,False
2013,15,2013_15_BUF_JAX,JAX,BUF,20.0,27.0,-7.0,0.49154933140526585,0,False
2013,15,2013_15_NE_MIA,MIA,NE,24.0,20.0,4.0,0.34712112752951385,1,False
2013,15,2013_15_PHI_MIN,MIN,PHI,48.0,30.0,18.0,0.3283083694709579,1,False
2013,15,2013_15_SEA_NYG,NYG,SEA,0.0,23.0,-23.0,0.2130307542327842,0,False
2013,15,2013_15_SF_TB,TB,SF,14.0,33.0,-19.0,0.22071069749476974,0,False
2013,15,2013_15_NYJ_CAR,CAR,NYJ,30.0,20.0,10.0,0.8956341550799162,1,False
2013,15,2013_15_KC_OAK,OAK,KC,31.0,56.0,-25.0,0.2307253432017059,0,False
2013,15,2013_15_GB_DAL,DAL,GB,36.0,37.0,-1.0,0.6076689364173036,0,False
2013,15,2013_15_NO_STL,STL,NO,27.0,16.0,11.0,0.3242095071322793,1,False
2013,15,2013_15_ARI_TEN,TEN,ARI,34.0,37.0,-3.0,0.32136043649849866,0,False
2013,15,2013_15_CIN_PIT,PIT,CIN,30.0,20.0,10.0,0.31373794864285953,1,False
2013,15,2013_15_BAL_DET,DET,BAL,16.0,18.0,-2.0,0.48752989975738625,0,False
2013,16,2013_16_MIA_BUF,BUF,MIA,19.0,0.0,19.0,0.3305789840776382,1,False
2013,16,2013_16_NO_CAR,CAR,NO,17.0,13.0,4.0,0.618336010361303,1,False
2013,16,2013_16_MIN_CIN,CIN,MIN,42.0,14.0,28.0,0.7910561106678804,1,False
2013,16,2013_16_DEN_HOU,HOU,DEN,13.0,37.0,-24.0,0.13462129058761788,0,False
2013,16,2013_16_TEN_JAX,JAX,TEN,16.0,20.0,-4.0,0.4255932634263278,0,False
2013,16,2013_16_IND_KC,KC,IND,7.0,23.0,-16.0,0.6905130532227485,0,False
2013,16,2013_16_CLE_NYJ,NYJ,CLE,24.0,13.0,11.0,0.5642317516057802,1,False
2013,16,2013_16_TB_STL,STL,TB,23.0,13.0,10.0,0.6775155120333465,1,False
2013,16,2013_16_DAL_WAS,WAS,DAL,23.0,24.0,-1.0,0.3315916786506726,0,False
2013,16,2013_16_NYG_DET,DET,NYG,20.0,23.0,-3.0,0.6028446932701979,0,False
2013,16,2013_16_ARI_SEA,SEA,ARI,10.0,17.0,-7.0,0.7915460579709739,0,False
2013,16,2013_16_NE_BAL,BAL,NE,7.0,41.0,-34.0,0.4404913949380388,0,False
2013,16,2013_16_PIT_GB,GB,PIT,31.0,38.0,-7.0,0.4768460142652647,0,False
2013,16,2013_16_OAK_SD,SD,OAK,26.0,13.0,13.0,0.8571743622167035,1,False
2013,16,2013_16_CHI_PHI,PHI,CHI,54.0,11.0,43.0,0.5477179429685124,1,False
2013,16,2013_16_ATL_SF,SF,ATL,34.0,24.0,10.0,0.9011070654416471,1,False
2013,17,2013_17_CAR_ATL,ATL,CAR,20.0,21.0,-1.0,0.22037227580706278,0,False
2013,17,2013_17_BAL_CIN,CIN,BAL,34.0,17.0,17.0,0.7710764677976407,1,False
2013,17,2013_17_JAX_IND,IND,JAX,30.0,10.0,20.0,0.8348569803928314,1,False
2013,17,2013_17_NYJ_MIA,MIA,NYJ,7.0,20.0,-13.0,0.7699331127972122,0,False
2013,17,2013_17_DET_MIN,MIN,DET,14.0,13.0,1.0,0.520821266342598,1,False
2013,17,2013_17_WAS_NYG,NYG,WAS,20.0,6.0,14.0,0.7427655027671568,1,False
2013,17,2013_17_CLE_PIT,PIT,CLE,20.0,7.0,13.0,0.840477014901743,1,False
2013,17,2013_17_HOU_TEN,TEN,HOU,16.0,10.0,6.0,0.7292664597289024,1,False
2013,17,2013_17_SF_ARI,ARI,SF,20.0,23.0,-3.0,0.442206465905384,0,False
2013,17,2013_17_GB_CHI,CHI,GB,28.0,33.0,-5.0,0.6234670510760069,0,False
2013,17,2013_17_BUF_NE,NE,BUF,34.0,20.0,14.0,0.8741088249972885,1,False
2013,17,2013_17_TB_NO,NO,TB,42.0,17.0,25.0,0.787636914663309,1,False
2013,17,2013_17_DEN_OAK,OAK,DEN,14.0,34.0,-20.0,0.0819671550793779,0,False
2013,17,2013_17_KC_SD,SD,KC,27.0,24.0,3.0,0.5826152806632339,1,False
2013,17,2013_17_STL_SEA,SEA,STL,27.0,9.0,18.0,0.8113283434646457,1,False
2013,17,2013_17_PHI_DAL,DAL,PHI,22.0,24.0,-2.0,0.3880427329542713,0,False
2014,1,2014_01_GB_SEA,SEA,GB,36.0,16.0,20.0,0.8432677134048377,1,False
2014,1,2014_01_NO_ATL,ATL,NO,37.0,34.0,3.0,0.33717415067942835,1,False
2014,1,2014_01_CIN_BAL,BAL,CIN,16.0,23.0,-7.0,0.3639970705730779,0,False
2014,1,2014_01_BUF_CHI,CHI,BUF,20.0,23.0,-3.0,0.5718502705365992,0,False
2014,1,2014_01_WAS_HOU,HOU,WAS,17.0,6.0,11.0,0.5745115740619616,1,False
2014,1,2014_01_TEN_KC,KC,TEN,10.0,26.0,-16.0,0.6767455040581338,0,False
2014,1,2014_01_NE_MIA,MIA,NE,33.0,20.0,13.0,0.32023116487481723,1,False
2014,1,2014_01_OAK_NYJ,NYJ,OAK,19.0,14.0,5.0,0.7165792555593952,1,False
2014,1,2014_01_JAX_PHI,PHI,JAX,34.0,17.0,17.0,0.8372557722267406,1,False
2014,1,2014_01_CLE_PIT,PIT,CLE,30.0,27.0,3.0,0.8284371653770207,1,False
2014,1,2014_01_MIN_STL,STL,MIN,6.0,34.0,-28.0,0.6484097685244573,0,False
2014,1,2014_01_SF_DAL,DAL,SF,17.0,28.0,-11.0,0.31458488617263797,0,False
2014,1,2014_01_CAR_TB,TB,CAR,14.0,20.0,-6.0,0.32448838713679024,0,False
2014,1,2014_01_IND_DEN,DEN,IND,31.0,24.0,7.0,0.7488905757183422,1,False
2014,1,2014_01_NYG_DET,DET,NYG,35.0,14.0,21.0,0.5584839867136792,1,False
2014,1,2014_01_SD_ARI,ARI,SD,18.0,17.0,1.0,0.6284014860435313,1,False
2014,2,2014_02_PIT_BAL,BAL,PIT,26.0,6.0,20.0,0.40909353346212884,1,False
2014,2,2014_02_MIA_BUF,BUF,MIA,29.0,10.0,19.0,0.4993868517742362,1,False
2014,2,2014_02_DET_CAR,CAR,DET,24.0,7.0,17.0,0.6896572383754018,1,False
2014,2,2014_02_ATL_CIN,CIN,ATL,24.0,10.0,14.0,0.8035170264850089,1,False
2014,2,2014_02_NO_CLE,CLE,NO,26.0,24.0,2.0,0.28898773794817484,1,False
2014,2,2014_02_NE_MIN,MIN,NE,7.0,30.0,-23.0,0.43552518410676355,0,False
2014,2,2014_02_ARI_NYG,NYG,ARI,14.0,25.0,-11.0,0.34507145776141496,0,False
2014,2,2014_02_DAL_TEN,TEN,DAL,10.0,26.0,-16.0,0.6430439192027146,0,False
2014,2,2014_02_JAX_WAS,WAS,JAX,41.0,10.0,31.0,0.5396758512356834,1,False
2014,2,2014_02_SEA_SD,SD,SEA,30.0,21.0,9.0,0.33112015041451615,1,False
2014,2,2014_02_STL_TB,TB,STL,17.0,19.0,-2.0,0.47351048679369356,0,False
2014,2,2014_02_KC_DEN,DEN,KC,24.0,17.0,7.0,0.8092917413498427,1,False
2014,2,2014_02_NYJ_GB,GB,NYJ,31.0,24.0,7.0,0.5402937273272703,1,False
2014,2,2014_02_HOU_OAK,OAK,HOU,14.0,30.0,-16.0,0.49060051424261103,0,False
2014,2,2014_02_CHI_SF,SF,CHI,20.0,28.0,-8.0,0.8397070382356987,0,False
2014,2,2014_02_PHI_IND,IND,PHI,27.0,30.0,-3.0,0.4697080585356221,0,False
2014,3,2014_03_TB_ATL,ATL,TB,56.0,14.0,42.0,0.6645021635281088,1,False
2014,3,2014_03_SD_BUF,BUF,SD,10.0,22.0,-12.0,0.4815553275432617,0,False
2014,3,2014_03_TEN_CIN,CIN,TEN,33.0,7.0,26.0,0.8317624191110803,1,False
2014,3,2014_03_BAL_CLE,CLE,BAL,21.0,23.0,-2.0,0.3767481265107078,0,False
2014,3,2014_03_GB_DET,DET,GB,19.0,7.0,12.0,0.6109024765355345,1,False
2014,3,2014_03_IND_JAX,JAX,IND,17.0,44.0,-27.0,0.2713481563674816,0,False
2014,3,2014_03_OAK_NE,NE,OAK,16.0,9.0,7.0,0.9125190472529541,1,False
2014,3,2014_03_MIN_NO,NO,MIN,20.0,9.0,11.0,0.6369216606238199,1,False
2014,3,2014_03_HOU_NYG,NYG,HOU,30.0,17.0,13.0,0.5534743090789408,1,False
2014,3,2014_03_WAS_PHI,PHI,WAS,37.0,34.0,3.0,0.8341914791243746,1,False
2014,3,2014_03_DAL_STL,STL,DAL,31.0,34.0,-3.0,0.4961741387006188,0,False
2014,3,2014_03_SF_ARI,ARI,SF,23.0,14.0,9.0,0.5259387303789498,1,False
2014,3,2014_03_KC_MIA,MIA,KC,15.0,34.0,-19.0,0.5748521826270766,0,False
2014,3,2014_03_DEN_SEA,SEA,DEN,26.0,20.0,6.0,0.5509982668071784,1,False
2014,3,2014_03_PIT_CAR,CAR,PIT,19.0,37.0,-18.0,0.7156246085840117,0,False
2014,3,2014_03_CHI_NYJ,NYJ,CHI,19.0,27.0,-8.0,0.5488319286180449,0,False
2014,4,2014_04_NYG_WAS,WAS,NYG,14.0,45.0,-31.0,0.49855880478901005,0,False
2014,4,2014_04_CAR_BAL,BAL,CAR,38.0,10.0,28.0,0.4575183492711676,1,False
2014,4,2014_04_GB_CHI,CHI,GB,17.0,38.0,-21.0,0.669217060638989,0,False
2014,4,2014_04_BUF_HOU,HOU,BUF,23.0,17.0,6.0,0.4405463886756418,1,False
2014,4,2014_04_TEN_IND,IND,TEN,41.0,17.0,24.0,0.7786139480549408,1,False
2014,4,2014_04_DET_NYJ,NYJ,DET,17.0,24.0,-7.0,0.44795242965185583,0,False
2014,4,2014_04_MIA_OAK,OAK,MIA,14.0,38.0,-24.0,0.28116328093533777,0,True
2014,4,2014_04_TB_PIT,PIT,TB,24.0,27.0,-3.0,0.8436818289096932,0,False
2014,4,2014_04_JAX_SD,SD,JAX,33.0,14.0,19.0,0.912587873617134,1,False
2014,4,2014_04_ATL_MIN,MIN,ATL,41.0,28.0,13.0,0.4923941756315679,1,False
2014,4,2014_04_PHI_SF,SF,PHI,26.0,21.0,5.0,0.5533189315211255,1,False
2014,4,2014_04_NO_DAL,DAL,NO,38.0,17.0,21.0,0.5150429490269706,1,False
2014,4,2014_04_NE_KC,KC,NE,41.0,14.0,27.0,0.38147948892815914,1,False
2014,5,2014_05_MIN_GB,GB,MIN,42.0,10.0,32.0,0.5968352216758571,1,False
2014,5,2014_05_CHI_CAR,CAR,CHI,31.0,24.0,7.0,0.6399970117481278,1,False
2014,5,2014_05_HOU_DAL,DAL,HOU,20.0,17.0,3.0,0.7464429590091199,1,False
2014,5,2014_05_BUF_DET,DET,BUF,14.0,17.0,-3.0,0.6579668051639574,0,False
2014,5,2014_05_BAL_IND,IND,BAL,20.0,13.0,7.0,0.6494647923462744,1,False
2014,5,2014_05_PIT_JAX,JAX,PIT,9.0,17.0,-8.0,0.18250551034031187,0,False
2014,5,2014_05_TB_NO,NO,TB,37.0,31.0,6.0,0.7896545007241024,1,False
2014,5,2014_05_ATL_NYG,NYG,ATL,30.0,20.0,10.0,0.5786802822089742,1,False
2014,5,2014_05_STL_PHI,PHI,STL,34.0,28.0,6.0,0.7780510514288549,1,False
2014,5,2014_05_CLE_TEN,TEN,CLE,28.0,29.0,-1.0,0.5720310393934219,0,False
2014,5,2014_05_ARI_DEN,DEN,ARI,41.0,20.0,21.0,0.6451027261416121,1,False
2014,5,2014_05_NYJ_SD,SD,NYJ,31.0,0.0,31.0,0.8124708226195876,1,False
2014,5,2014_05_KC_SF,SF,KC,22.0,17.0,5.0,0.6063910355889787,1,False
2014,5,2014_05_CIN_NE,NE,CIN,43.0,17.0,26.0,0.41061428151286866,1,False
2014,5,2014_05_SEA_WAS,WAS,SEA,17.0,27.0,-10.0,0.16223681364861667,0,False
2014,6,2014_06_IND_HOU,HOU,IND,28.0,33.0,-5.0,0.24942224294243787,0,False
2014,6,2014_06_NE_BUF,BUF,NE,22.0,37.0,-15.0,0.3598914174980933,0,False
2014,6,2014_06_CAR_CIN,CIN,CAR,37.0,37.0,0.0,0.6974653590235924,0,False
2014,6,2014_06_PIT_CLE,CLE,PIT,31.0,10.0,21.0,0.3353977257208681,1,False
2014,6,2014_06_GB_MIA,MIA,GB,24.0,27.0,-3.0,0.42973807452973856,0,False
2014,6,2014_06_DET_MIN,MIN,DET,3.0,17.0,-14.0,0.4533767362508689,0,False
2014,6,2014_06_DEN_NYJ,NYJ,DEN,17.0,31.0,-14.0,0.18051581402029215,0,False
2014,6,2014_06_BAL_TB,TB,BAL,17.0,48.0,-31.0,0.27876644169819476,0,False
2014,6,2014_06_JAX_TEN,TEN,JAX,16.0,14.0,2.0,0.7948625850380129,1,False
2014,6,2014_06_SD_OAK,OAK,SD,28.0,31.0,-3.0,0.10390241246773099,0,False
2014,6,2014_06_WAS_ARI,ARI,WAS,30.0,20.0,10.0,0.8261558376665425,1,False
2014,6,2014_06_CHI_ATL,ATL,CHI,13.0,27.0,-14.0,0.6002808901603067,0,False
2014,6,2014_06_DAL_SEA,SEA,DAL,23.0,30.0,-7.0,0.6962402481105333,0,False
2014,6,2014_06_NYG_PHI,PHI,NYG,27.0,0.0,27.0,0.6659746282716029,1,False
2014,6,2014_06_SF_STL,STL,SF,17.0,31.0,-14.0,0.2851067409352324,0,False
2014,7,2014_07_NYJ_NE,NE,NYJ,27.0,25.0,2.0,0.8813071548844278,1,False
2014,7,2014_07_ATL_BAL,BAL,ATL,29.0,7.0,22.0,0.7665734702807888,1,False
2014,7,2014_07_MIN_BUF,BUF,MIN,17.0,16.0,1.0,0.6664688362807931,1,False
2014,7,2014_07_MIA_CHI,CHI,MIA,14.0,27.0,-13.0,0.5887864229622354,0,False
2014,7,2014_07_NO_DET,DET,NO,24.0,23.0,1.0,0.6000342598818369,1,False
2014,7,2014_07_CAR_GB,GB,CAR,38.0,17.0,21.0,0.6034499190506556,1,False
2014,7,2014_07_CIN_IND,IND,CIN,27.0,0.0,27.0,0.6006001706553332,1,False
2014,7,2014_07_CLE_JAX,JAX,CLE,24.0,6.0,18.0,0.2508581892631433,1,False
2014,7,2014_07_SEA_STL,STL,SEA,28.0,26.0,2.0,0.24586214170780277,1,False
2014,7,2014_07_TEN_WAS,WAS,TEN,19.0,17.0,2.0,0.4774431237652,1,False
2014,7,2014_07_KC_SD,SD,KC,20.0,23.0,-3.0,0.7429467610159415,0,False
2014,7,2014_07_NYG_DAL,DAL,NYG,31.0,21.0,10.0,0.7111543411782533,1,False
2014,7,2014_07_ARI_OAK,OAK,ARI,13.0,24.0,-11.0,0.15996655127608336,0,False
2014,7,2014_07_SF_DEN,DEN,SF,42.0,17.0,25.0,0.6735367690200167,1,False
2014,7,2014_07_HOU_PIT,PIT,HOU,30.0,23.0,7.0,0.6847211345048206,1,False
2014,8,2014_08_SD_DEN,DEN,SD,35.0,21.0,14.0,0.7199338419763823,1,False
2014,8,2014_08_DET_ATL,ATL,DET,21.0,22.0,-1.0,0.2731479782890428,0,True
2014,8,2014_08_SEA_CAR,CAR,SEA,9.0,13.0,-4.0,0.40878972252420276,0,False
2014,8,2014_08_BAL_CIN,CIN,BAL,27.0,24.0,3.0,0.4962424634173839,1,False
2014,8,2014_08_MIA_JAX,JAX,MIA,13.0,27.0,-14.0,0.27656257547496504,0,False
2014,8,2014_08_STL_KC,KC,STL,34.0,7.0,27.0,0.7328749266443988,1,False
2014,8,2014_08_CHI_NE,NE,CHI,51.0,23.0,28.0,0.804660013888172,1,False
2014,8,2014_08_BUF_NYJ,NYJ,BUF,23.0,43.0,-20.0,0.44401540596537237,0,False
2014,8,2014_08_MIN_TB,TB,MIN,13.0,19.0,-6.0,0.3997036850362475,0,False
2014,8,2014_08_HOU_TEN,TEN,HOU,16.0,30.0,-14.0,0.5280526618232334,0,False
2014,8,2014_08_PHI_ARI,ARI,PHI,24.0,20.0,4.0,0.4768716879456685,1,False
2014,8,2014_08_OAK_CLE,CLE,OAK,23.0,13.0,10.0,0.7636927775015768,1,False
2014,8,2014_08_IND_PIT,PIT,IND,51.0,34.0,17.0,0.3283694987174603,1,False
2014,8,2014_08_GB_NO,NO,GB,44.0,23.0,21.0,0.4489631211013311,1,False
2014,8,2014_08_WAS_DAL,DAL,WAS,17.0,20.0,-3.0,0.868703197263953,0,False
2014,9,2014_09_NO_CAR,CAR,NO,10.0,28.0,-18.0,0.42733727991351583,0,False
2014,9,2014_09_JAX_CIN,CIN,JAX,33.0,23.0,10.0,0.8973897298948389,1,False
2014,9,2014_09_TB_CLE,CLE,TB,22.0,17.0,5.0,0.7634913833911603,1,False
2014,9,2014_09_ARI_DAL,DAL,ARI,17.0,28.0,-11.0,0.5777548402135398,0,False
2014,9,2014_09_PHI_HOU,HOU,PHI,21.0,31.0,-10.0,0.3614715253557799,0,False
2014,9,2014_09_NYJ_KC,KC,NYJ,24.0,10.0,14.0,0.8692103261638289,1,False
2014,9,2014_09_SD_MIA,MIA,SD,37.0,0.0,37.0,0.42918083750716124,1,False
2014,9,2014_09_WAS_MIN,MIN,WAS,29.0,26.0,3.0,0.629047237771832,1,False
2014,9,2014_09_STL_SF,SF,STL,10.0,13.0,-3.0,0.8266640553693336,0,False
2014,9,2014_09_DEN_NE,NE,DEN,43.0,21.0,22.0,0.44853215627442145,1,False
2014,9,2014_09_OAK_SEA,SEA,OAK,30.0,24.0,6.0,0.929254460849427,1,False
2014,9,2014_09_BAL_PIT,PIT,BAL,43.0,23.0,20.0,0.4411669794407252,1,False
2014,9,2014_09_IND_NYG,NYG,IND,24.0,40.0,-16.0,0.3614655902557107,0,False
2014,10,2014_10_CLE_CIN,CIN,CLE,3.0,24.0,-21.0,0.7252308752111455,0,False
2014,10,2014_10_TEN_BAL,BAL,TEN,21.0,7.0,14.0,0.850362192068193,1,False
2014,10,2014_10_KC_BUF,BUF,KC,13.0,17.0,-4.0,0.40477043690118386,0,False
2014,10,2014_10_MIA_DET,DET,MIA,20.0,16.0,4.0,0.5355578401142673,1,False
2014,10,2014_10_DAL_JAX,JAX,DAL,17.0,31.0,-14.0,0.12406814225926331,0,True
2014,10,2014_10_SF_NO,NO,SF,24.0,27.0,-3.0,0.6319274921945592,0,False
2014,10,2014_10_PIT_NYJ,NYJ,PIT,20.0,13.0,7.0,0.18983590490641106,1,False
2014,10,2014_10_ATL_TB,TB,ATL,17.0,27.0,-10.0,0.4234223459285083,0,False
2014,10,2014_10_DEN_OAK,OAK,DEN,17.0,41.0,-24.0,0.08832354762718882,0,False
2014,10,2014_10_STL_ARI,ARI,STL,31.0,14.0,17.0,0.8437844585176515,1,False
2014,10,2014_10_NYG_SEA,SEA,NYG,38.0,17.0,21.0,0.803295317907708,1,False
2014,10,2014_10_CHI_GB,GB,CHI,55.0,14.0,41.0,0.756296601475008,1,False
2014,10,2014_10_CAR_PHI,PHI,CAR,45.0,21.0,24.0,0.7882945195812767,1,False
2014,11,2014_11_BUF_MIA,MIA,BUF,22.0,9.0,13.0,0.6796028933904836,1,False
2014,11,2014_11_ATL_CAR,CAR,ATL,17.0,19.0,-2.0,0.5423711913205737,0,False
2014,11,2014_11_MIN_CHI,CHI,MIN,21.0,13.0,8.0,0.5060662125539938,1,False
2014,11,2014_11_HOU_CLE,CLE,HOU,7.0,23.0,-16.0,0.688321220328718,0,False
2014,11,2014_11_SEA_KC,KC,SEA,24.0,20.0,4.0,0.5714387907267632,1,False
2014,11,2014_11_CIN_NO,NO,CIN,10.0,27.0,-17.0,0.6657137243487762,0,False
2014,11,2014_11_SF_NYG,NYG,SF,10.0,16.0,-6.0,0.3704364536000218,0,False
2014,11,2014_11_DEN_STL,STL,DEN,22.0,7.0,15.0,0.1674440121155926,1,False
2014,11,2014_11_TB_WAS,WAS,TB,7.0,27.0,-20.0,0.7207544266415259,0,False
2014,11,2014_11_OAK_SD,SD,OAK,13.0,6.0,7.0,0.8950690533337371,1,False
2014,11,2014_11_DET_ARI,ARI,DET,14.0,6.0,8.0,0.6983022099879376,1,False
2014,11,2014_11_PHI_GB,GB,PHI,53.0,20.0,33.0,0.561649426169434,1,False
2014,11,2014_11_NE_IND,IND,NE,20.0,42.0,-22.0,0.4577001147032951,0,False
2014,11,2014_11_PIT_TEN,TEN,PIT,24.0,27.0,-3.0,0.2336575148642261,0,False
2014,12,2014_12_KC_OAK,OAK,KC,24.0,20.0,4.0,0.09633461559903186,1,False
2014,12,2014_12_CLE_ATL,ATL,CLE,24.0,26.0,-2.0,0.5184911592127686,0,False
2014,12,2014_12_TB_CHI,CHI,TB,21.0,13.0,8.0,0.6714037029112938,1,False
2014,12,2014_12_CIN_HOU,HOU,CIN,13.0,22.0,-9.0,0.43846695925850643,0,False
2014,12,2014_12_JAX_IND,IND,JAX,23.0,3.0,20.0,0.9157213140172425,1,False
2014,12,2014_12_GB_MIN,MIN,GB,21.0,24.0,-3.0,0.204263783374835,0,False
2014,12,2014_12_DET_NE,NE,DET,34.0,9.0,25.0,0.8055661032872206,1,False
2014,12,2014_12_TEN_PHI,PHI,TEN,43.0,24.0,19.0,0.8638769043936829,1,False
2014,12,2014_12_STL_SD,SD,STL,27.0,24.0,3.0,0.7176827369121281,1,False
2014,12,2014_12_ARI_SEA,SEA,ARI,19.0,3.0,16.0,0.5128287527814476,1,False
2014,12,2014_12_MIA_DEN,DEN,MIA,39.0,36.0,3.0,0.644582748157799,1,False
2014,12,2014_12_WAS_SF,SF,WAS,17.0,13.0,4.0,0.8640636919529395,1,False
2014,12,2014_12_DAL_NYG,NYG,DAL,28.0,31.0,-3.0,0.31958532364254394,0,False
2014,12,2014_12_NYJ_BUF,BUF,NYJ,38.0,3.0,35.0,0.6536752437326059,1,True
2014,12,2014_12_BAL_NO,NO,BAL,27.0,34.0,-7.0,0.491641636630386,0,False
2014,13,2014_13_CHI_DET,DET,CHI,34.0,17.0,17.0,0.7149187099233381,1,False
2014,13,2014_13_PHI_DAL,DAL,PHI,10.0,33.0,-23.0,0.5581611616684784,0,False
2014,13,2014_13_SEA_SF,SF,SEA,3.0,19.0,-16.0,0.47787567305223716,0,False
2014,13,2014_13_SD_BAL,BAL,SD,33.0,34.0,-1.0,0.6705931258391865,0,False
2014,13,2014_13_CLE_BUF,BUF,CLE,26.0,10.0,16.0,0.5953660586710665,1,False
2014,13,2014_13_TEN_HOU,HOU,TEN,45.0,21.0,24.0,0.7418967078641008,1,False
2014,13,2014_13_WAS_IND,IND,WAS,49.0,27.0,22.0,0.8926187388835657,1,False
2014,13,2014_13_NYG_JAX,JAX,NYG,25.0,24.0,1.0,0.3751897462460149,1,False
2014,13,2014_13_CAR_MIN,MIN,CAR,31.0,13.0,18.0,0.5903305682955238,1,False
2014,13,2014_13_NO_PIT,PIT,NO,32.0,35.0,-3.0,0.6337313201798467,0,False
2014,13,2014_13_OAK_STL,STL,OAK,52.0,0.0,52.0,0.7806274644181632,1,False
2014,13,2014_13_CIN_TB,TB,CIN,13.0,14.0,-1.0,0.2793771614353744,0,False
2014,13,2014_13_ARI_ATL,ATL,ARI,29.0,18.0,11.0,0.25773855205223556,1,False
2014,13,2014_13_NE_GB,GB,NE,26.0,21.0,5.0,0.4670244549195167,1,False
2014,13,2014_13_DEN_KC,KC,DEN,16.0,29.0,-13.0,0.49077376276614876,0,False
2014,13,2014_13_MIA_NYJ,NYJ,MIA,13.0,16.0,-3.0,0.16942279110708264,0,False
2014,14,2014_14_DAL_CHI,CHI,DAL,28.0,41.0,-13.0,0.3556187322886722,0,False
2014,14,2014_14_PIT_CIN,CIN,PIT,21.0,42.0,-21.0,0.5958813760545213,0,False
2014,14,2014_14_IND_CLE,CLE,IND,24.0,25.0,-1.0,0.31741818919924303,0,False
2014,14,2014_14_TB_DET,DET,TB,34.0,17.0,17.0,0.8212430318796349,1,False
2014,14,2014_14_HOU_JAX,JAX,HOU,13.0,27.0,-14.0,0.29824757685298564,0,False
2014,14,2014_14_BAL_MIA,MIA,BAL,13.0,28.0,-15.0,0.577001338171463,0,False
2014,14,2014_14_NYJ_MIN,MIN,NYJ,30.0,24.0,6.0,0.7677147012075695,1,False
2014,14,2014_14_CAR_NO,NO,CAR,10.0,41.0,-31.0,0.7817170918201074,0,False
2014,14,2014_14_NYG_TEN,TEN,NYG,7.0,36.0,-29.0,0.47314896304982434,0,False
2014,14,2014_14_STL_WAS,WAS,STL,0.0,24.0,-24.0,0.3046363011114231,0,False
2014,14,2014_14_KC_ARI,ARI,KC,17.0,14.0,3.0,0.6158436988259942,1,False
2014,14,2014_14_BUF_DEN,DEN,BUF,24.0,17.0,7.0,0.756307538297319,1,False
2014,14,2014_14_SF_OAK,OAK,SF,24.0,13.0,11.0,0.157897221603466,1,False
2014,14,2014_14_SEA_PHI,PHI,SEA,14.0,24.0,-10.0,0.5291743497508233,0,False
2014,14,2014_14_NE_SD,SD,NE,14.0,23.0,-9.0,0.25357276438189547,0,False
2014,14,2014_14_ATL_GB,GB,ATL,43.0,37.0,6.0,0.8655553342028487,1,False
2014,15,2014_15_ARI_STL,STL,ARI,6.0,12.0,-6.0,0.48067459618939307,0,False
2014,15,2014_15_PIT_ATL,ATL,PIT,20.0,27.0,-7.0,0.35498989047809737,0,False
2014,15,2014_15_JAX_BAL,BAL,JAX,20.0,12.0,8.0,0.9185184851328876,1,False
2014,15,2014_15_GB_BUF,BUF,GB,21.0,13.0,8.0,0.32023063577610267,1,False
2014,15,2014_15_TB_CAR,CAR,TB,19.0,17.0,2.0,0.7379403268427136,1,False
2014,15,2014_15_CIN_CLE,CLE,CIN,0.0,30.0,-30.0,0.43325523407834116,0,False
2014,15,2014_15_HOU_IND,IND,HOU,17.0,10.0,7.0,0.7323033742298375,1,False
2014,15,2014_15_OAK_KC,KC,OAK,31.0,13.0,18.0,0.878064513713262,1,False
2014,15,2014_15_MIA_NE,NE,MIA,41.0,13.0,28.0,0.8175759902305328,1,False
2014,15,2014_15_WAS_NYG,NYG,WAS,24.0,13.0,11.0,0.7282295629160184,1,False
2014,15,2014_15_DEN_SD,SD,DEN,10.0,22.0,-12.0,0.3079568860546368,0,False
2014,15,2014_15_NYJ_TEN,TEN,NYJ,11.0,16.0,-5.0,0.5101016996688403,0,False
2014,15,2014_15_MIN_DET,DET,MIN,16.0,14.0,2.0,0.6861633060200828,1,False
2014,15,2014_15_SF_SEA,SEA,SF,17.0,7.0,10.0,0.8139893756788331,1,False
2014,15,2014_15_DAL_PHI,PHI,DAL,27.0,38.0,-11.0,0.6591515472541188,0,False
2014,15,2014_15_NO_CHI,CHI,NO,15.0,31.0,-16.0,0.40627435190065514,0,False
2014,16,2014_16_TEN_JAX,JAX,TEN,21.0,13.0,8.0,0.6031490152864676,1,False
2014,16,2014_16_PHI_WAS,WAS,PHI,27.0,24.0,3.0,0.17967233647810366,1,False
2014,16,2014_16_SD_SF,SF,SD,35.0,38.0,-3.0,0.5800621733206357,0,False
2014,16,2014_16_CLE_CAR,CAR,CLE,17.0,13.0,4.0,0.6294494707692717,1,False
2014,16,2014_16_DET_CHI,CHI,DET,14.0,20.0,-6.0,0.25199110287127024,0,False
2014,16,2014_16_BAL_HOU,HOU,BAL,25.0,13.0,12.0,0.3896838036226417,1,False
2014,16,2014_16_MIN_MIA,MIA,MIN,37.0,35.0,2.0,0.6217932124836262,1,False
2014,16,2014_16_ATL_NO,NO,ATL,14.0,30.0,-16.0,0.6843352893037833,0,False
2014,16,2014_16_NE_NYJ,NYJ,NE,16.0,17.0,-1.0,0.07641908279486319,0,False
2014,16,2014_16_KC_PIT,PIT,KC,20.0,12.0,8.0,0.6272404509396378,1,False
2014,16,2014_16_GB_TB,TB,GB,3.0,20.0,-17.0,0.15502909293849745,0,False
2014,16,2014_16_NYG_STL,STL,NYG,27.0,37.0,-10.0,0.6817684763740057,0,False
2014,16,2014_16_IND_DAL,DAL,IND,42.0,7.0,35.0,0.49563975375012,1,False
2014,16,2014_16_BUF_OAK,OAK,BUF,26.0,24.0,2.0,0.18150730748934904,1,False
2014,16,2014_16_SEA_ARI,ARI,SEA,6.0,35.0,-29.0,0.3943115106215562,0,False
2014,16,2014_16_DEN_CIN,CIN,DEN,37.0,28.0,9.0,0.4221831120451332,1,False
2014,17,2014_17_CLE_BAL,BAL,CLE,20.0,10.0,10.0,0.7947913241959442,1,False
2014,17,2014_17_JAX_HOU,HOU,JAX,23.0,17.0,6.0,0.8652337553976405,1,False
2014,17,2014_17_SD_KC,KC,SD,19.0,7.0,12.0,0.6401640903921878,1,False
2014,17,2014_17_NYJ_MIA,MIA,NYJ,24.0,37.0,-13.0,0.8079997950314542,0,False
2014,17,2014_17_CHI_MIN,MIN,CHI,13.0,9.0,4.0,0.7632561757632451,1,False
2014,17,2014_17_BUF_NE,NE,BUF,9.0,17.0,-8.0,0.8524671933069214,0,False
2014,17,2014_17_PHI_NYG,NYG,PHI,26.0,34.0,-8.0,0.46073367266860377,0,False
2014,17,2014_17_NO_TB,TB,NO,20.0,23.0,-3.0,0.3579877427104408,0,False
2014,17,2014_17_IND_TEN,TEN,IND,10.0,27.0,-17.0,0.1466234974603673,0,False
2014,17,2014_17_DAL_WAS,WAS,DAL,17.0,44.0,-27.0,0.14511388828586352,0,False
2014,17,2014_17_CAR_ATL,ATL,CAR,3.0,34.0,-31.0,0.5974464458832699,0,False
2014,17,2014_17_OAK_DEN,DEN,OAK,47.0,14.0,33.0,0.919721846653739,1,False
2014,17,2014_17_DET_GB,GB,DET,30.0,20.0,10.0,0.6958417266301987,1,False
2014,17,2014_17_STL_SEA,SEA,STL,20.0,6.0,14.0,0.8577127753925607,1,False
2014,17,2014_17_ARI_SF,SF,ARI,20.0,17.0,3.0,0.4579024346171126,1,False
2014,17,2014_17_CIN_PIT,PIT,CIN,27.0,17.0,10.0,0.6040052428711452,1,False
2015,1,2015_01_PIT_NE,NE,PIT,28.0,21.0,7.0,0.6604772549849344,1,False
2015,1,2015_01_IND_BUF,BUF,IND,27.0,14.0,13.0,0.5543985894486189,1,False
2015,1,2015_01_GB_CHI,CHI,GB,23.0,31.0,-8.0,0.20067730368537193,0,False
2015,1,2015_01_KC_HOU,HOU,KC,20.0,27.0,-7.0,0.5703375748325646,0,False
2015,1,2015_01_CAR_JAX,JAX,CAR,9.0,20.0,-11.0,0.3199263087690117,0,False
2015,1,2015_01_CLE_NYJ,NYJ,CLE,31.0,10.0,21.0,0.5992604779645938,1,False
2015,1,2015_01_SEA_STL,STL,SEA,34.0,31.0,3.0,0.29243227804952526,1,False
2015,1,2015_01_MIA_WAS,WAS,MIA,10.0,17.0,-7.0,0.3738347926094079,0,False
2015,1,2015_01_NO_ARI,ARI,NO,31.0,19.0,12.0,0.6571567493286427,1,False
2015,1,2015_01_DET_SD,SD,DET,33.0,28.0,5.0,0.4728638455559096,1,False
2015,1,2015_01_BAL_DEN,DEN,BAL,19.0,13.0,6.0,0.6863306658458251,1,False
2015,1,2015_01_CIN_OAK,OAK,CIN,13.0,33.0,-20.0,0.24499562452390697,0,False
2015,1,2015_01_TEN_TB,TB,TEN,14.0,42.0,-28.0,0.6911250822116373,0,False
2015,1,2015_01_NYG_DAL,DAL,NYG,27.0,26.0,1.0,0.7482947540539217,1,False
2015,1,2015_01_PHI_ATL,ATL,PHI,26.0,24.0,2.0,0.44949522047688023,1,False
2015,1,2015_01_MIN_SF,SF,MIN,20.0,3.0,17.0,0.5698178536903884,1,False
2015,2,2015_02_DEN_KC,KC,DEN,24.0,31.0,-7.0,0.4484132180807446,0,False
2015,2,2015_02_NE_BUF,BUF,NE,32.0,40.0,-8.0,0.4428094308741952,0,False
2015,2,2015_02_HOU_CAR,CAR,HOU,24.0,17.0,7.0,0.6100099410044785,1,False
2015,2,2015_02_ARI_CHI,CHI,ARI,23.0,48.0,-25.0,0.37026223796207997,0,False
2015,2,2015_02_SD_CIN,CIN,SD,24.0,19.0,5.0,0.6902716449771534,1,False
2015,2,2015_02_TEN_CLE,CLE,TEN,28.0,14.0,14.0,0.5632646689333459,1,False
2015,2,2015_02_DET_MIN,MIN,DET,26.0,16.0,10.0,0.4995097210750055,1,False
2015,2,2015_02_TB_NO,NO,TB,19.0,26.0,-7.0,0.7081483214299006,0,False
2015,2,2015_02_ATL_NYG,NYG,ATL,20.0,24.0,-4.0,0.618251989977617,0,False
2015,2,2015_02_SF_PIT,PIT,SF,43.0,18.0,25.0,0.6391458632343371,1,False
2015,2,2015_02_STL_WAS,WAS,STL,24.0,10.0,14.0,0.24385505648647346,1,False
2015,2,2015_02_MIA_JAX,JAX,MIA,23.0,20.0,3.0,0.3576983764044869,1,False
2015,2,2015_02_BAL_OAK,OAK,BAL,37.0,33.0,4.0,0.22913614299842186,1,False
2015,2,2015_02_DAL_PHI,PHI,DAL,10.0,20.0,-10.0,0.3917094065794779,0,False
2015,2,2015_02_SEA_GB,GB,SEA,27.0,17.0,10.0,0.5273905171923108,1,False
2015,2,2015_02_NYJ_IND,IND,NYJ,7.0,20.0,-13.0,0.6421822981084937,0,False
2015,3,2015_03_WAS_NYG,NYG,WAS,32.0,21.0,11.0,0.7452570008540422,1,False
2015,3,2015_03_CIN_BAL,BAL,CIN,24.0,28.0,-4.0,0.4525680583929232,0,False
2015,3,2015_03_NO_CAR,CAR,NO,27.0,22.0,5.0,0.7929714928646672,1,False
2015,3,2015_03_OAK_CLE,CLE,OAK,20.0,27.0,-7.0,0.6495452436069058,0,False
2015,3,2015_03_ATL_DAL,DAL,ATL,28.0,39.0,-11.0,0.7855932126574253,0,False
2015,3,2015_03_TB_HOU,HOU,TB,19.0,9.0,10.0,0.7686828665318048,1,False
2015,3,2015_03_SD_MIN,MIN,SD,31.0,14.0,17.0,0.58160577069808,1,False
2015,3,2015_03_JAX_NE,NE,JAX,51.0,17.0,34.0,0.9011061965467282,1,False
2015,3,2015_03_PHI_NYJ,NYJ,PHI,17.0,24.0,-7.0,0.5426472796047722,0,False
2015,3,2015_03_PIT_STL,STL,PIT,6.0,12.0,-6.0,0.37643588994864835,0,False
2015,3,2015_03_IND_TEN,TEN,IND,33.0,35.0,-2.0,0.30583957324421984,0,False
2015,3,2015_03_SF_ARI,ARI,SF,47.0,7.0,40.0,0.6835888762021171,1,False
2015,3,2015_03_BUF_MIA,MIA,BUF,14.0,41.0,-27.0,0.37518662580131396,0,False
2015,3,2015_03_CHI_SEA,SEA,CHI,26.0,0.0,26.0,0.8878383750314921,1,False
2015,3,2015_03_DEN_DET,DET,DEN,12.0,24.0,-12.0,0.30954719737688996,0,False
2015,3,2015_03_KC_GB,GB,KC,38.0,28.0,10.0,0.7218953710652237,1,False
2015,4,2015_04_BAL_PIT,PIT,BAL,20.0,23.0,-3.0,0.7462205045180262,0,False
2015,4,2015_04_NYJ_MIA,MIA,NYJ,14.0,27.0,-13.0,0.35459783115300897,0,True
2015,4,2015_04_HOU_ATL,ATL,HOU,48.0,21.0,27.0,0.563673072876704,1,False
2015,4,2015_04_NYG_BUF,BUF,NYG,10.0,24.0,-14.0,0.6803576556627308,0,False
2015,4,2015_04_OAK_CHI,CHI,OAK,22.0,20.0,2.0,0.5112836584466833,1,False
2015,4,2015_04_KC_CIN,CIN,KC,36.0,21.0,15.0,0.7007719579846677,1,False
2015,4,2015_04_JAX_IND,IND,JAX,16.0,13.0,3.0,0.7734135094984428,1,False
2015,4,2015_04_CAR_TB,TB,CAR,23.0,37.0,-14.0,0.19712060363548303,0,False
2015,4,2015_04_PHI_WAS,WAS,PHI,23.0,20.0,3.0,0.30385513542498155,1,False
2015,4,2015_04_CLE_SD,SD,CLE,30.0,27.0,3.0,0.6958804772767476,1,False
2015,4,2015_04_STL_ARI,ARI,STL,22.0,24.0,-2.0,0.7628129746314348,0,False
2015,4,2015_04_MIN_DEN,DEN,MIN,23.0,20.0,3.0,0.7689160396942649,1,False
2015,4,2015_04_GB_SF,SF,GB,3.0,17.0,-14.0,0.229464598819923,0,False
2015,4,2015_04_DAL_NO,NO,DAL,26.0,20.0,6.0,0.2776162859316055,1,False
2015,4,2015_04_DET_SEA,SEA,DET,13.0,10.0,3.0,0.804017535396521,1,False
2015,5,2015_05_IND_HOU,HOU,IND,20.0,27.0,-7.0,0.5339316715042448,0,False
2015,5,2015_05_WAS_ATL,ATL,WAS,25.0,19.0,6.0,0.7991616720825454,1,False
2015,5,2015_05_CLE_BAL,BAL,CLE,30.0,33.0,-3.0,0.7772416257058277,0,False
2015,5,2015_05_SEA_CIN,CIN,SEA,27.0,24.0,3.0,0.5266316671452227,1,False
2015,5,2015_05_STL_GB,GB,STL,24.0,10.0,14.0,0.8453523518440309,1,False
2015,5,2015_05_CHI_KC,KC,CHI,17.0,18.0,-1.0,0.7810816199620917,0,False
2015,5,2015_05_NO_PHI,PHI,NO,39.0,17.0,22.0,0.6523192460886272,1,False
2015,5,2015_05_JAX_TB,TB,JAX,38.0,31.0,7.0,0.5388952147835461,1,False
2015,5,2015_05_BUF_TEN,TEN,BUF,13.0,14.0,-1.0,0.25988177565666365,0,False
2015,5,2015_05_ARI_DET,DET,ARI,17.0,42.0,-25.0,0.33532215400444343,0,False
2015,5,2015_05_NE_DAL,DAL,NE,6.0,30.0,-24.0,0.4378155396252348,0,False
2015,5,2015_05_DEN_OAK,OAK,DEN,10.0,16.0,-6.0,0.17153677522689753,0,False
2015,5,2015_05_SF_NYG,NYG,SF,30.0,27.0,3.0,0.7699870657153286,1,False
2015,5,2015_05_PIT_SD,SD,PIT,20.0,24.0,-4.0,0.3297968957827989,0,False
2015,6,2015_06_ATL_NO,NO,ATL,31.0,21.0,10.0,0.342172724494087,1,False
2015,6,2015_06_CIN_BUF,BUF,CIN,21.0,34.0,-13.0,0.4032015996827104,0,False
2015,6,2015_06_DEN_CLE,CLE,DEN,23.0,26.0,-3.0,0.16608888322799517,0,False
2015,6,2015_06_CHI_DET,DET,CHI,37.0,34.0,3.0,0.6555122914050437,1,False
2015,6,2015_06_HOU_JAX,JAX,HOU,20.0,31.0,-11.0,0.40280637502235866,0,False
2015,6,2015_06_KC_MIN,MIN,KC,16.0,10.0,6.0,0.6076489471747335,1,False
2015,6,2015_06_WAS_NYJ,NYJ,WAS,34.0,20.0,14.0,0.7814055229746962,1,False
2015,6,2015_06_ARI_PIT,PIT,ARI,25.0,13.0,12.0,0.5142775067337209,1,False
2015,6,2015_06_MIA_TEN,TEN,MIA,10.0,38.0,-28.0,0.5276106811592993,0,False
2015,6,2015_06_CAR_SEA,SEA,CAR,23.0,27.0,-4.0,0.5691045581322272,0,False
2015,6,2015_06_SD_GB,GB,SD,27.0,20.0,7.0,0.8576804824110387,1,False
2015,6,2015_06_BAL_SF,SF,BAL,25.0,20.0,5.0,0.4369651759167008,1,False
2015,6,2015_06_NE_IND,IND,NE,27.0,34.0,-7.0,0.2399242622833239,0,False
2015,6,2015_06_NYG_PHI,PHI,NYG,27.0,7.0,20.0,0.5540886094179461,1,False
2015,7,2015_07_SEA_SF,SF,SEA,3.0,20.0,-17.0,0.2954000332730716,0,False
2015,7,2015_07_BUF_JAX,JAX,BUF,34.0,31.0,3.0,0.20430281269115708,1,True
2015,7,2015_07_MIN_DET,DET,MIN,19.0,28.0,-9.0,0.406575173885283,0,False
2015,7,2015_07_NO_IND,IND,NO,21.0,27.0,-6.0,0.6351174192203453,0,False
2015,7,2015_07_PIT_KC,KC,PIT,23.0,13.0,10.0,0.29648459314149167,1,False
2015,7,2015_07_HOU_MIA,MIA,HOU,44.0,26.0,18.0,0.5257978937743595,1,False
2015,7,2015_07_NYJ_NE,NE,NYJ,30.0,23.0,7.0,0.792535069952993,1,False
2015,7,2015_07_CLE_STL,STL,CLE,24.0,6.0,18.0,0.5869667619956859,1,False
2015,7,2015_07_ATL_TEN,TEN,ATL,7.0,10.0,-3.0,0.2551445138643694,0,False
2015,7,2015_07_TB_WAS,WAS,TB,31.0,30.0,1.0,0.601258938602789,1,False
2015,7,2015_07_OAK_SD,SD,OAK,29.0,37.0,-8.0,0.6961912181736518,0,False
2015,7,2015_07_DAL_NYG,NYG,DAL,27.0,20.0,7.0,0.4777887711216997,1,False
2015,7,2015_07_PHI_CAR,CAR,PHI,27.0,16.0,11.0,0.650974155536404,1,False
2015,7,2015_07_BAL_ARI,ARI,BAL,26.0,18.0,8.0,0.7750174188336462,1,False
2015,8,2015_08_MIA_NE,NE,MIA,36.0,7.0,29.0,0.8579776622688161,1,False
2015,8,2015_08_DET_KC,KC,DET,45.0,10.0,35.0,0.6533828548350012,1,True
2015,8,2015_08_TB_ATL,ATL,TB,20.0,23.0,-3.0,0.82113421955314,0,False
2015,8,2015_08_SD_BAL,BAL,SD,29.0,26.0,3.0,0.6257453187139147,1,False
2015,8,2015_08_MIN_CHI,CHI,MIN,20.0,23.0,-3.0,0.28244849956885093,0,False
2015,8,2015_08_ARI_CLE,CLE,ARI,20.0,34.0,-14.0,0.17785270539577575,0,False
2015,8,2015_08_TEN_HOU,HOU,TEN,20.0,6.0,14.0,0.6980397838592475,1,False
2015,8,2015_08_NYG_NO,NO,NYG,52.0,49.0,3.0,0.5107481387978865,1,False
2015,8,2015_08_CIN_PIT,PIT,CIN,10.0,16.0,-6.0,0.47192737288313885,0,False
2015,8,2015_08_SF_STL,STL,SF,27.0,6.0,21.0,0.6360594935624722,1,False
2015,8,2015_08_NYJ_OAK,OAK,NYJ,34.0,20.0,14.0,0.3496975644327488,1,False
2015,8,2015_08_SEA_DAL,DAL,SEA,12.0,13.0,-1.0,0.4235811566422344,0,False
2015,8,2015_08_GB_DEN,DEN,GB,29.0,10.0,19.0,0.5228696772013766,1,False
2015,8,2015_08_IND_CAR,CAR,IND,29.0,26.0,3.0,0.7929492120236157,1,False
2015,9,2015_09_CLE_CIN,CIN,CLE,31.0,10.0,21.0,0.9053522363760479,1,False
2015,9,2015_09_MIA_BUF,BUF,MIA,33.0,17.0,16.0,0.6514748036239786,1,False
2015,9,2015_09_GB_CAR,CAR,GB,37.0,29.0,8.0,0.5713637099606432,1,False
2015,9,2015_09_STL_MIN,MIN,STL,21.0,18.0,3.0,0.6652659289569297,1,False
2015,9,2015_09_WAS_NE,NE,WAS,27.0,10.0,17.0,0.940875137042369,1,False
2015,9,2015_09_TEN_NO,NO,TEN,28.0,34.0,-6.0,0.8041117133525454,0,False
2015,9,2015_09_JAX_NYJ,NYJ,JAX,28.0,23.0,5.0,0.8234025271235441,1,False
2015,9,2015_09_OAK_PIT,PIT,OAK,38.0,35.0,3.0,0.7562431600032917,1,False
2015,9,2015_09_ATL_SF,SF,ATL,17.0,16.0,1.0,0.29849036250776567,1,False
2015,9,2015_09_NYG_TB,TB,NYG,18.0,32.0,-14.0,0.36761407827342896,0,False
2015,9,2015_09_DEN_IND,IND,DEN,27.0,24.0,3.0,0.20136783799349386,1,False
2015,9,2015_09_PHI_DAL,DAL,PHI,27.0,33.0,-6.0,0.47099347157537313,0,False
2015,9,2015_09_CHI_SD,SD,CHI,19.0,22.0,-3.0,0.6696903886068275,0,False
2015,10,2015_10_BUF_NYJ,NYJ,BUF,17.0,22.0,-5.0,0.551482931482289,0,False
2015,10,2015_10_JAX_BAL,BAL,JAX,20.0,22.0,-2.0,0.7763215193140574,0,False
2015,10,2015_10_DET_GB,GB,DET,16.0,18.0,-2.0,0.885159942327516,0,False
2015,10,2015_10_MIA_PHI,PHI,MIA,19.0,20.0,-1.0,0.7618162828330259,0,False
2015,10,2015_10_CLE_PIT,PIT,CLE,30.0,9.0,21.0,0.8579523999580371,1,False
2015,10,2015_10_CHI_STL,STL,CHI,13.0,37.0,-24.0,0.748010186704879,0,False
2015,10,2015_10_DAL_TB,TB,DAL,10.0,6.0,4.0,0.41232381611794566,1,False
2015,10,2015_10_CAR_TEN,TEN,CAR,10.0,27.0,-17.0,0.1544698505033084,0,False
2015,10,2015_10_NO_WAS,WAS,NO,47.0,14.0,33.0,0.4217356635414103,1,False
2015,10,2015_10_MIN_OAK,OAK,MIN,14.0,30.0,-16.0,0.39908039313597393,0,False
2015,10,2015_10_KC_DEN,DEN,KC,13.0,29.0,-16.0,0.7702424584307788,0,False
2015,10,2015_10_NE_NYG,NYG,NE,26.0,27.0,-1.0,0.20848814442259725,0,False
2015,10,2015_10_ARI_SEA,SEA,ARI,32.0,39.0,-7.0,0.4644232805320153,0,False
2015,10,2015_10_HOU_CIN,CIN,HOU,6.0,10.0,-4.0,0.8812773436283359,0,False
2015,11,2015_11_TEN_JAX,JAX,TEN,19.0,13.0,6.0,0.6166553164650116,1,False
2015,11,2015_11_IND_ATL,ATL,IND,21.0,24.0,-3.0,0.6350173502432942,0,False
2015,11,2015_11_STL_BAL,BAL,STL,16.0,13.0,3.0,0.5847338143130818,1,False
2015,11,2015_11_WAS_CAR,CAR,WAS,44.0,16.0,28.0,0.8558926919389034,1,False
2015,11,2015_11_DEN_CHI,CHI,DEN,15.0,17.0,-2.0,0.2644136734372172,0,False
2015,11,2015_11_OAK_DET,DET,OAK,18.0,13.0,5.0,0.455097948111288,1,False
2015,11,2015_11_NYJ_HOU,HOU,NYJ,24.0,17.0,7.0,0.534387714403672,1,False
2015,11,2015_11_DAL_MIA,MIA,DAL,14.0,24.0,-10.0,0.5692752484061453,0,False
2015,11,2015_11_TB_PHI,PHI,TB,17.0,45.0,-28.0,0.7940506488658671,0,False
2015,11,2015_11_KC_SD,SD,KC,3.0,33.0,-30.0,0.3118349426216109,0,False
2015,11,2015_11_GB_MIN,MIN,GB,13.0,30.0,-17.0,0.5720611667685239,0,False
2015,11,2015_11_SF_SEA,SEA,SF,29.0,13.0,16.0,0.8541664687891434,1,False
2015,11,2015_11_CIN_ARI,ARI,CIN,34.0,31.0,3.0,0.6106219932538925,1,False
2015,11,2015_11_BUF_NE,NE,BUF,20.0,13.0,7.0,0.8642095593809258,1,False
2015,12,2015_12_PHI_DET,DET,PHI,45.0,14.0,31.0,0.3972759970907984,1,False
2015,12,2015_12_CAR_DAL,DAL,CAR,14.0,33.0,-19.0,0.21662578552724943,0,False
2015,12,2015_12_CHI_GB,GB,CHI,13.0,17.0,-4.0,0.816385365123433,0,False
2015,12,2015_12_MIN_ATL,ATL,MIN,10.0,20.0,-10.0,0.49653077494345343,0,False
2015,12,2015_12_STL_CIN,CIN,STL,31.0,7.0,24.0,0.8275031648880788,1,False
2015,12,2015_12_NO_HOU,HOU,NO,24.0,6.0,18.0,0.6813271768796103,1,False
2015,12,2015_12_TB_IND,IND,TB,25.0,12.0,13.0,0.6760373756830652,1,False
2015,12,2015_12_SD_JAX,JAX,SD,25.0,31.0,-6.0,0.5442005084883659,0,False
2015,12,2015_12_BUF_KC,KC,BUF,30.0,22.0,8.0,0.7003804172858861,1,False
2015,12,2015_12_MIA_NYJ,NYJ,MIA,38.0,20.0,18.0,0.638639101200605,1,False
2015,12,2015_12_OAK_TEN,TEN,OAK,21.0,24.0,-3.0,0.370498437149849,0,False
2015,12,2015_12_NYG_WAS,WAS,NYG,20.0,14.0,6.0,0.3576686580791492,1,False
2015,12,2015_12_ARI_SF,SF,ARI,13.0,19.0,-6.0,0.14119353588275274,0,False
2015,12,2015_12_PIT_SEA,SEA,PIT,39.0,30.0,9.0,0.6206672460408018,1,False
2015,12,2015_12_NE_DEN,DEN,NE,30.0,24.0,6.0,0.32891424332396946,1,False
2015,12,2015_12_BAL_CLE,CLE,BAL,27.0,33.0,-6.0,0.32840803675242447,0,False
2015,13,2015_13_GB_DET,DET,GB,23.0,27.0,-4.0,0.35207854563102914,0,False
2015,13,2015_13_HOU_BUF,BUF,HOU,30.0,21.0,9.0,0.5324527552478425,1,False
2015,13,2015_13_SF_CHI,CHI,SF,20.0,26.0,-6.0,0.7301683650874652,0,False
2015,13,2015_13_CIN_CLE,CLE,CIN,3.0,37.0,-34.0,0.10865804650948332,0,False
2015,13,2015_13_BAL_MIA,MIA,BAL,15.0,13.0,2.0,0.4264886974251831,1,False
2015,13,2015_13_SEA_MIN,MIN,SEA,7.0,38.0,-31.0,0.4892192740499783,0,False
2015,13,2015_13_NYJ_NYG,NYG,NYJ,20.0,23.0,-3.0,0.5761623056605442,0,False
2015,13,2015_13_ARI_STL,STL,ARI,3.0,27.0,-24.0,0.21955277826838082,0,False
2015,13,2015_13_ATL_TB,TB,ATL,23.0,19.0,4.0,0.4784199557785583,1,False
2015,13,2015_13_JAX_TEN,TEN,JAX,42.0,39.0,3.0,0.4585837825714439,1,False
2015,13,2015_13_KC_OAK,OAK,KC,20.0,34.0,-14.0,0.2541155057135128,0,False
2015,13,2015_13_DEN_SD,SD,DEN,3.0,17.0,-14.0,0.21495500012057592,0,False
2015,13,2015_13_PHI_NE,NE,PHI,28.0,35.0,-7.0,0.8930543615138864,0,False
2015,13,2015_13_CAR_NO,NO,CAR,38.0,41.0,-3.0,0.13420934623467073,0,False
2015,13,2015_13_IND_PIT,PIT,IND,45.0,10.0,35.0,0.612020048847534,1,False
2015,13,2015_13_DAL_WAS,WAS,DAL,16.0,19.0,-3.0,0.5603254975173266,0,False
2015,14,2015_14_MIN_ARI,ARI,MIN,23.0,20.0,3.0,0.7847594708024693,1,False
2015,14,2015_14_SEA_BAL,BAL,SEA,6.0,35.0,-29.0,0.2743797501195989,0,False
2015,14,2015_14_ATL_CAR,CAR,ATL,38.0,0.0,38.0,0.8782301927611841,1,False
2015,14,2015_14_WAS_CHI,CHI,WAS,21.0,24.0,-3.0,0.6478427387761052,0,False
2015,14,2015_14_PIT_CIN,CIN,PIT,20.0,33.0,-13.0,0.6847849268052258,0,False
2015,14,2015_14_SF_CLE,CLE,SF,24.0,10.0,14.0,0.36139242432619495,1,False
2015,14,2015_14_IND_JAX,JAX,IND,51.0,16.0,35.0,0.35767424391826064,1,False
2015,14,2015_14_SD_KC,KC,SD,10.0,3.0,7.0,0.897957065456752,1,False
2015,14,2015_14_TEN_NYJ,NYJ,TEN,30.0,8.0,22.0,0.8166014054442522,1,False
2015,14,2015_14_BUF_PHI,PHI,BUF,23.0,20.0,3.0,0.5113346519788643,1,False
2015,14,2015_14_DET_STL,STL,DET,21.0,14.0,7.0,0.4667837732338835,1,False
2015,14,2015_14_NO_TB,TB,NO,17.0,24.0,-7.0,0.6930615117656976,0,False
2015,14,2015_14_OAK_DEN,DEN,OAK,12.0,15.0,-3.0,0.8682559549076216,0,False
2015,14,2015_14_DAL_GB,GB,DAL,28.0,7.0,21.0,0.778801508299395,1,False
2015,14,2015_14_NE_HOU,HOU,NE,6.0,27.0,-21.0,0.3018244213749138,0,False
2015,14,2015_14_NYG_MIA,MIA,NYG,24.0,31.0,-7.0,0.48476580442785827,0,False
2015,15,2015_15_TB_STL,STL,TB,31.0,23.0,8.0,0.5591660640623828,1,False
2015,15,2015_15_NYJ_DAL,DAL,NYJ,16.0,19.0,-3.0,0.44829041528731317,0,False
2015,15,2015_15_KC_BAL,BAL,KC,14.0,34.0,-20.0,0.21549453491793705,0,False
2015,15,2015_15_HOU_IND,IND,HOU,10.0,16.0,-6.0,0.45895764307693804,0,False
2015,15,2015_15_ATL_JAX,JAX,ATL,17.0,23.0,-6.0,0.598428171726312,0,False
2015,15,2015_15_CHI_MIN,MIN,CHI,38.0,17.0,21.0,0.6768648566059726,1,False
2015,15,2015_15_TEN_NE,NE,TEN,33.0,16.0,17.0,0.9475583552371962,1,False
2015,15,2015_15_CAR_NYG,NYG,CAR,35.0,38.0,-3.0,0.2002440598561483,0,False
2015,15,2015_15_BUF_WAS,WAS,BUF,35.0,25.0,10.0,0.4463515284403494,1,False
2015,15,2015_15_GB_OAK,OAK,GB,20.0,30.0,-10.0,0.2918681545803808,0,False
2015,15,2015_15_CLE_SEA,SEA,CLE,30.0,13.0,17.0,0.9433207980841845,1,False
2015,15,2015_15_DEN_PIT,PIT,DEN,34.0,27.0,7.0,0.5874641406408873,1,False
2015,15,2015_15_MIA_SD,SD,MIA,30.0,14.0,16.0,0.5561010851931038,1,False
2015,15,2015_15_CIN_SF,SF,CIN,14.0,24.0,-10.0,0.17801650165469068,0,False
2015,15,2015_15_ARI_PHI,PHI,ARI,17.0,40.0,-23.0,0.27394956393453923,0,False
2015,15,2015_15_DET_NO,NO,DET,27.0,35.0,-8.0,0.5133774559377342,0,False
2015,16,2015_16_SD_OAK,OAK,SD,23.0,20.0,3.0,0.5813030652814669,1,False
2015,16,2015_16_WAS_PHI,PHI,WAS,24.0,38.0,-14.0,0.5157733804432921,0,False
2015,16,2015_16_CAR_ATL,ATL,CAR,20.0,13.0,7.0,0.1464429707849925,1,False
2015,16,2015_16_PIT_BAL,BAL,PIT,20.0,17.0,3.0,0.21980391264067056,1,False
2015,16,2015_16_DAL_BUF,BUF,DAL,16.0,6.0,10.0,0.658760403401146,1,False
2015,16,2015_16_SF_DET,DET,SF,32.0,17.0,15.0,0.7332924121296083,1,False
2015,16,2015_16_CLE_KC,KC,CLE,17.0,13.0,4.0,0.9534640255035174,1,False
2015,16,2015_16_IND_MIA,MIA,IND,12.0,18.0,-6.0,0.4594209701250084,0,False
2015,16,2015_16_NE_NYJ,NYJ,NE,26.0,20.0,6.0,0.2866537803971381,1,False
2015,16,2015_16_CHI_TB,TB,CHI,21.0,26.0,-5.0,0.557985642774951,0,False
2015,16,2015_16_HOU_TEN,TEN,HOU,6.0,34.0,-28.0,0.25614764102675436,0,False
2015,16,2015_16_JAX_NO,NO,JAX,38.0,27.0,11.0,0.5245320399546697,1,False
2015,16,2015_16_GB_ARI,ARI,GB,38.0,8.0,30.0,0.7007228417637903,1,False
2015,16,2015_16_STL_SEA,SEA,STL,17.0,23.0,-6.0,0.9005147865124096,0,False
2015,16,2015_16_NYG_MIN,MIN,NYG,49.0,17.0,32.0,0.6423093330977956,1,False
2015,16,2015_16_CIN_DEN,DEN,CIN,20.0,17.0,3.0,0.48902715448130146,1,False
2015,17,2015_17_NO_ATL,ATL,NO,17.0,20.0,-3.0,0.6498917246065392,0,False
2015,17,2015_17_NYJ_BUF,BUF,NYJ,22.0,17.0,5.0,0.4850373656725272,1,False
2015,17,2015_17_DET_CHI,CHI,DET,20.0,24.0,-4.0,0.4670828803393663,0,False
2015,17,2015_17_BAL_CIN,CIN,BAL,24.0,16.0,8.0,0.8365112397166361,1,False
2015,17,2015_17_PIT_CLE,CLE,PIT,12.0,28.0,-16.0,0.1224137030500184,0,False
2015,17,2015_17_WAS_DAL,DAL,WAS,23.0,34.0,-11.0,0.42161125389427573,0,False
2015,17,2015_17_JAX_HOU,HOU,JAX,30.0,6.0,24.0,0.7835717884488501,1,False
2015,17,2015_17_TEN_IND,IND,TEN,30.0,24.0,6.0,0.7907258945595378,1,False
2015,17,2015_17_NE_MIA,MIA,NE,20.0,10.0,10.0,0.13545900563912058,1,False
2015,17,2015_17_PHI_NYG,NYG,PHI,30.0,35.0,-5.0,0.6294062458658213,0,False
2015,17,2015_17_SEA_ARI,ARI,SEA,6.0,36.0,-30.0,0.6753829704284212,0,False
2015,17,2015_17_TB_CAR,CAR,TB,38.0,10.0,28.0,0.9150229735287578,1,False
2015,17,2015_17_SD_DEN,DEN,SD,27.0,20.0,7.0,0.8362074208162847,1,False
2015,17,2015_17_OAK_KC,KC,OAK,23.0,17.0,6.0,0.9044024352690698,1,False
2015,17,2015_17_STL_SF,SF,STL,19.0,16.0,3.0,0.41302444076390904,1,False
2015,17,2015_17_MIN_GB,GB,MIN,13.0,20.0,-7.0,0.592581031582794,0,False
2016,1,2016_01_CAR_DEN,DEN,CAR,21.0,20.0,1.0,0.3977976690101033,1,False
2016,1,2016_01_TB_ATL,ATL,TB,24.0,31.0,-7.0,0.6267107805291119,0,False
2016,1,2016_01_BUF_BAL,BAL,BUF,13.0,7.0,6.0,0.4520269518481701,1,False
2016,1,2016_01_CHI_HOU,HOU,CHI,23.0,14.0,9.0,0.7219734277165609,1,False
2016,1,2016_01_GB_JAX,JAX,GB,23.0,27.0,-4.0,0.35226397405074555,0,False
2016,1,2016_01_SD_KC,KC,SD,33.0,27.0,6.0,0.8572356426379429,1,False
2016,1,2016_01_OAK_NO,NO,OAK,34.0,35.0,-1.0,0.5783595060316165,0,False
2016,1,2016_01_CIN_NYJ,NYJ,CIN,22.0,23.0,-1.0,0.46578332159222935,0,False
2016,1,2016_01_CLE_PHI,PHI,CLE,29.0,10.0,19.0,0.6981905365361473,1,False
2016,1,2016_01_MIN_TEN,TEN,MIN,16.0,25.0,-9.0,0.20197990475929972,0,False
2016,1,2016_01_MIA_SEA,SEA,MIA,12.0,10.0,2.0,0.8776877961205743,1,False
2016,1,2016_01_NYG_DAL,DAL,NYG,19.0,20.0,-1.0,0.5168273176994497,0,False
2016,1,2016_01_DET_IND,IND,DET,35.0,39.0,-4.0,0.41921101738151473,0,False
2016,1,2016_01_NE_ARI,ARI,NE,21.0,23.0,-2.0,0.6654451997126456,0,False
2016,1,2016_01_PIT_WAS,WAS,PIT,16.0,38.0,-22.0,0.42345689105740697,0,False
2016,1,2016_01_LA_SF,SF,LA,28.0,0.0,28.0,0.4238901563115976,1,False
2016,2,2016_02_NYJ_BUF,BUF,NYJ,31.0,37.0,-6.0,0.49120618009733097,0,False
2016,2,2016_02_TB_ARI,ARI,TB,40.0,7.0,33.0,0.8142130358724141,1,False
2016,2,2016_02_SF_CAR,CAR,SF,46.0,27.0,19.0,0.8353795017217206,1,False
2016,2,2016_02_BAL_CLE,CLE,BAL,20.0,25.0,-5.0,0.3613891517142996,0,False
2016,2,2016_02_TEN_DET,DET,TEN,15.0,16.0,-1.0,0.8621789363738237,0,False
2016,2,2016_02_KC_HOU,HOU,KC,19.0,12.0,7.0,0.4405277795058479,1,False
2016,2,2016_02_MIA_NE,NE,MIA,31.0,24.0,7.0,0.7998905187988467,1,False
2016,2,2016_02_NO_NYG,NYG,NO,16.0,13.0,3.0,0.5884691721823223,1,False
2016,2,2016_02_CIN_PIT,PIT,CIN,24.0,16.0,8.0,0.6466988306251784,1,False
2016,2,2016_02_DAL_WAS,WAS,DAL,23.0,27.0,-4.0,0.6670684954503538,0,False
2016,2,2016_02_SEA_LA,LA,SEA,9.0,3.0,6.0,0.24182879983365846,1,False
2016,2,2016_02_IND_DEN,DEN,IND,34.0,20.0,14.0,0.7919995130959159,1,False
2016,2,2016_02_ATL_OAK,OAK,ATL,28.0,35.0,-7.0,0.6023819954085509,0,False
2016,2,2016_02_JAX_SD,SD,JAX,38.0,14.0,24.0,0.5843599708815718,1,False
2016,2,2016_02_GB_MIN,MIN,GB,17.0,14.0,3.0,0.591490192191857,1,False
2016,2,2016_02_PHI_CHI,CHI,PHI,14.0,29.0,-15.0,0.5000374600427366,0,False
2016,3,2016_03_HOU_NE,NE,HOU,27.0,0.0,27.0,0.5736457628440826,1,False
2016,3,2016_03_ARI_BUF,BUF,ARI,33.0,18.0,15.0,0.28921151962859865,1,False
2016,3,2016_03_MIN_CAR,CAR,MIN,10.0,22.0,-12.0,0.6763045418367243,0,False
2016,3,2016_03_DEN_CIN,CIN,DEN,17.0,29.0,-12.0,0.5356970197684497,0,False
2016,3,2016_03_DET_GB,GB,DET,34.0,27.0,7.0,0.5644468647015358,1,False
2016,3,2016_03_BAL_JAX,JAX,BAL,17.0,19.0,-2.0,0.39358121376160615,0,False
2016,3,2016_03_CLE_MIA,MIA,CLE,30.0,24.0,6.0,0.6873575349448949,1,False
2016,3,2016_03_WAS_NYG,NYG,WAS,27.0,29.0,-2.0,0.5294979307856388,0,False
2016,3,2016_03_OAK_TEN,TEN,OAK,10.0,17.0,-7.0,0.4018796021661676,0,False
2016,3,2016_03_SF_SEA,SEA,SF,37.0,18.0,19.0,0.8421110345694017,1,False
2016,3,2016_03_LA_TB,TB,LA,32.0,37.0,-5.0,0.3830744474934233,0,False
2016,3,2016_03_SD_IND,IND,SD,26.0,22.0,4.0,0.46243320255266057,1,False
2016,3,2016_03_NYJ_KC,KC,NYJ,24.0,3.0,21.0,0.643440043658602,1,False
2016,3,2016_03_PIT_PHI,PHI,PIT,34.0,3.0,31.0,0.32353534980599574,1,False
2016,3,2016_03_CHI_DAL,DAL,CHI,31.0,17.0,14.0,0.6228372955692716,1,False
2016,3,2016_03_ATL_NO,NO,ATL,32.0,45.0,-13.0,0.5648279617866446,0,False
2016,4,2016_04_MIA_CIN,CIN,MIA,22.0,7.0,15.0,0.732642508387291,1,False
2016,4,2016_04_IND_JAX,JAX,IND,30.0,27.0,3.0,0.41373754159208126,1,True
2016,4,2016_04_CAR_ATL,ATL,CAR,48.0,33.0,15.0,0.3518801684721039,1,False
2016,4,2016_04_OAK_BAL,BAL,OAK,27.0,28.0,-1.0,0.6109191114053366,0,False
2016,4,2016_04_DET_CHI,CHI,DET,17.0,14.0,3.0,0.34908911431394246,1,False
2016,4,2016_04_TEN_HOU,HOU,TEN,27.0,20.0,7.0,0.8475765699014628,1,False
2016,4,2016_04_BUF_NE,NE,BUF,0.0,16.0,-16.0,0.7403559445156839,0,False
2016,4,2016_04_SEA_NYJ,NYJ,SEA,17.0,27.0,-10.0,0.318120922610488,0,False
2016,4,2016_04_CLE_WAS,WAS,CLE,31.0,20.0,11.0,0.7983621646785614,1,False
2016,4,2016_04_DEN_TB,TB,DEN,7.0,27.0,-20.0,0.19329901423977758,0,False
2016,4,2016_04_LA_ARI,ARI,LA,13.0,17.0,-4.0,0.7758694000086188,0,False
2016,4,2016_04_NO_SD,SD,NO,34.0,35.0,-1.0,0.6010821762325127,0,False
2016,4,2016_04_DAL_SF,SF,DAL,17.0,24.0,-7.0,0.4975038557939415,0,False
2016,4,2016_04_KC_PIT,PIT,KC,43.0,14.0,29.0,0.5401493517704011,1,False
2016,4,2016_04_NYG_MIN,MIN,NYG,24.0,10.0,14.0,0.8019582853600645,1,False
2016,5,2016_05_ARI_SF,SF,ARI,21.0,33.0,-12.0,0.28882505885196974,0,False
2016,5,2016_05_WAS_BAL,BAL,WAS,10.0,16.0,-6.0,0.5004932628540928,0,False
2016,5,2016_05_NE_CLE,CLE,NE,13.0,33.0,-20.0,0.1785666399074819,0,False
2016,5,2016_05_PHI_DET,DET,PHI,24.0,23.0,1.0,0.4114940852014631,1,False
2016,5,2016_05_CHI_IND,IND,CHI,29.0,23.0,6.0,0.6405406539277344,1,False
2016,5,2016_05_TEN_MIA,MIA,TEN,17.0,30.0,-13.0,0.7364505032050072,0,False
2016,5,2016_05_HOU_MIN,MIN,HOU,31.0,13.0,18.0,0.7398132808762656,1,False
2016,5,2016_05_NYJ_PIT,PIT,NYJ,31.0,13.0,18.0,0.778224701574935,1,False
2016,5,2016_05_ATL_DEN,DEN,ATL,16.0,23.0,-7.0,0.7501093879936266,0,False
2016,5,2016_05_CIN_DAL,DAL,CIN,28.0,14.0,14.0,0.4603314892473609,1,False
2016,5,2016_05_BUF_LA,LA,BUF,19.0,30.0,-11.0,0.4742417055958233,0,False
2016,5,2016_05_SD_OAK,OAK,SD,34.0,31.0,3.0,0.5796197431544838,1,False
2016,5,2016_05_NYG_GB,GB,NYG,23.0,16.0,7.0,0.7563589813206565,1,False
2016,5,2016_05_TB_CAR,CAR,TB,14.0,17.0,-3.0,0.8723549343884816,0,False
2016,6,2016_06_DEN_SD,SD,DEN,21.0,13.0,8.0,0.2991997623344314,1,False
2016,6,2016_06_SF_BUF,BUF,SF,45.0,16.0,29.0,0.8288974810079296,1,False
2016,6,2016_06_JAX_CHI,CHI,JAX,16.0,17.0,-1.0,0.5517066836463568,0,False
2016,6,2016_06_LA_DET,DET,LA,31.0,28.0,3.0,0.6241183481196592,1,False
2016,6,2016_06_PIT_MIA,MIA,PIT,30.0,15.0,15.0,0.1811706484382818,1,False
2016,6,2016_06_CIN_NE,NE,CIN,35.0,17.0,18.0,0.7043944146109676,1,False
2016,6,2016_06_CAR_NO,NO,CAR,41.0,38.0,3.0,0.413774519340411,1,False
2016,6,2016_06_BAL_NYG,NYG,BAL,27.0,23.0,4.0,0.4713872444062075,1,False
2016,6,2016_06_CLE_TEN,TEN,CLE,28.0,26.0,2.0,0.6627517833030455,1,False
2016,6,2016_06_PHI_WAS,WAS,PHI,27.0,20.0,7.0,0.4948839259377466,1,False
2016,6,2016_06_KC_OAK,OAK,KC,10.0,26.0,-16.0,0.40398818843746476,0,False
2016,6,2016_06_DAL_GB,GB,DAL,16.0,30.0,-14.0,0.6353656172807923,0,False
2016,6,2016_06_ATL_SEA,SEA,ATL,26.0,24.0,2.0,0.7071488486111951,1,False
2016,6,2016_06_IND_HOU,HOU,IND,26.0,23.0,3.0,0.6866474367415456,1,False
2016,6,2016_06_NYJ_ARI,ARI,NYJ,28.0,3.0,25.0,0.785104371224518,1,False
2016,7,2016_07_CHI_GB,GB,CHI,26.0,10.0,16.0,0.7772354844770064,1,False
2016,7,2016_07_NYG_LA,LA,NYG,10.0,17.0,-7.0,0.5532042482891507,0,True
2016,7,2016_07_CLE_CIN,CIN,CLE,31.0,17.0,14.0,0.8232928416856975,1,False
2016,7,2016_07_WAS_DET,DET,WAS,20.0,17.0,3.0,0.5144037567158855,1,False
2016,7,2016_07_OAK_JAX,JAX,OAK,16.0,33.0,-17.0,0.4060900717973877,0,False
2016,7,2016_07_NO_KC,KC,NO,27.0,21.0,6.0,0.7760392010130599,1,False
2016,7,2016_07_BUF_MIA,MIA,BUF,28.0,25.0,3.0,0.2817178192706272,1,False
2016,7,2016_07_BAL_NYJ,NYJ,BAL,24.0,16.0,8.0,0.4626473867961202,1,False
2016,7,2016_07_MIN_PHI,PHI,MIN,21.0,10.0,11.0,0.32427084617833035,1,False
2016,7,2016_07_IND_TEN,TEN,IND,26.0,34.0,-8.0,0.42250774648338596,0,False
2016,7,2016_07_SD_ATL,ATL,SD,30.0,33.0,-3.0,0.7169504497636398,0,False
2016,7,2016_07_TB_SF,SF,TB,17.0,34.0,-17.0,0.5614778799510631,0,False
2016,7,2016_07_NE_PIT,PIT,NE,16.0,27.0,-11.0,0.5305510563537659,0,False
2016,7,2016_07_SEA_ARI,ARI,SEA,6.0,6.0,0.0,0.5018894822458362,0,False
2016,7,2016_07_HOU_DEN,DEN,HOU,27.0,9.0,18.0,0.65519429017339,1,False
2016,8,2016_08_JAX_TEN,TEN,JAX,36.0,22.0,14.0,0.6440755671465423,1,False
2016,8,2016_08_WAS_CIN,CIN,WAS,27.0,27.0,0.0,0.4832420355812299,0,True
2016,8,2016_08_NE_BUF,BUF,NE,25.0,41.0,-16.0,0.47702117833284313,0,False
2016,8,2016_08_ARI_CAR,CAR,ARI,30.0,20.0,10.0,0.46900156413440314,1,False
2016,8,2016_08_NYJ_CLE,CLE,NYJ,28.0,31.0,-3.0,0.3369255960343555,0,False
2016,8,2016_08_DET_HOU,HOU,DET,20.0,13.0,7.0,0.5471478394668513,1,False
2016,8,2016_08_KC_IND,IND,KC,14.0,30.0,-16.0,0.3755453646496445,0,False
2016,8,2016_08_SEA_NO,NO,SEA,25.0,20.0,5.0,0.26204843197774796,1,False
2016,8,2016_08_OAK_TB,TB,OAK,24.0,30.0,-6.0,0.43839623362582597,0,False
2016,8,2016_08_SD_DEN,DEN,SD,27.0,19.0,8.0,0.7729505825315275,1,False
2016,8,2016_08_GB_ATL,ATL,GB,33.0,32.0,1.0,0.5920946688737069,1,False
2016,8,2016_08_PHI_DAL,DAL,PHI,29.0,23.0,6.0,0.5158077383337042,1,False
2016,8,2016_08_MIN_CHI,CHI,MIN,20.0,10.0,10.0,0.14616073410169286,1,False
2016,9,2016_09_ATL_TB,TB,ATL,28.0,43.0,-15.0,0.3025033246774454,0,False
2016,9,2016_09_PIT_BAL,BAL,PIT,21.0,14.0,7.0,0.3512143168331563,1,False
2016,9,2016_09_DAL_CLE,CLE,DAL,10.0,35.0,-25.0,0.14437425972289683,0,False
2016,9,2016_09_JAX_KC,KC,JAX,19.0,14.0,5.0,0.9128058652119881,1,False
2016,9,2016_09_NYJ_MIA,MIA,NYJ,27.0,23.0,4.0,0.6162287523031034,1,False
2016,9,2016_09_DET_MIN,MIN,DET,16.0,22.0,-6.0,0.7319186792409101,0,False
2016,9,2016_09_PHI_NYG,NYG,PHI,28.0,23.0,5.0,0.3770164644362445,1,False
2016,9,2016_09_CAR_LA,LA,CAR,10.0,13.0,-3.0,0.38249501794345325,0,False
2016,9,2016_09_NO_SF,SF,NO,23.0,41.0,-18.0,0.36571272414866174,0,False
2016,9,2016_09_IND_GB,GB,IND,26.0,31.0,-5.0,0.7341191129499012,0,False
2016,9,2016_09_TEN_SD,SD,TEN,43.0,35.0,8.0,0.6778566571803253,1,False
2016,9,2016_09_DEN_OAK,OAK,DEN,30.0,20.0,10.0,0.34875772040199177,1,False
2016,9,2016_09_BUF_SEA,SEA,BUF,31.0,25.0,6.0,0.6633273027630587,1,False
2016,10,2016_10_CLE_BAL,BAL,CLE,28.0,7.0,21.0,0.8420407067761508,1,False
2016,10,2016_10_KC_CAR,CAR,KC,17.0,20.0,-3.0,0.443903795394685,0,False
2016,10,2016_10_HOU_JAX,JAX,HOU,21.0,24.0,-3.0,0.29374468764594613,0,False
2016,10,2016_10_DEN_NO,NO,DEN,23.0,25.0,-2.0,0.37575463532564196,0,False
2016,10,2016_10_LA_NYJ,NYJ,LA,6.0,9.0,-3.0,0.5457433525604635,0,False
2016,10,2016_10_ATL_PHI,PHI,ATL,24.0,15.0,9.0,0.5411450672218563,1,False
2016,10,2016_10_CHI_TB,TB,CHI,36.0,10.0,26.0,0.5689727555770496,1,False
2016,10,2016_10_GB_TEN,TEN,GB,47.0,25.0,22.0,0.3450856702901752,1,False
2016,10,2016_10_MIN_WAS,WAS,MIN,26.0,20.0,6.0,0.4879863644727091,1,False
2016,10,2016_10_MIA_SD,SD,MIA,24.0,31.0,-7.0,0.6244483557510924,0,False
2016,10,2016_10_SF_ARI,ARI,SF,23.0,20.0,3.0,0.892782785640253,1,False
2016,10,2016_10_DAL_PIT,PIT,DAL,30.0,35.0,-5.0,0.42652143985234103,0,False
2016,10,2016_10_SEA_NE,NE,SEA,24.0,31.0,-7.0,0.6887282418251396,0,False
2016,10,2016_10_CIN_NYG,NYG,CIN,21.0,20.0,1.0,0.574299193723807,1,False
2016,11,2016_11_NO_CAR,CAR,NO,23.0,20.0,3.0,0.6514097245060197,1,False
2016,11,2016_11_BUF_CIN,CIN,BUF,12.0,16.0,-4.0,0.4565725584333411,0,False
2016,11,2016_11_PIT_CLE,CLE,PIT,9.0,24.0,-15.0,0.18414698184586012,0,False
2016,11,2016_11_BAL_DAL,DAL,BAL,27.0,17.0,10.0,0.779356846964881,1,False
2016,11,2016_11_JAX_DET,DET,JAX,26.0,19.0,7.0,0.8250132987971628,1,False
2016,11,2016_11_TEN_IND,IND,TEN,24.0,17.0,7.0,0.6009497610616825,1,False
2016,11,2016_11_TB_KC,KC,TB,17.0,19.0,-2.0,0.8377663647408089,0,False
2016,11,2016_11_ARI_MIN,MIN,ARI,30.0,24.0,6.0,0.4848484517977507,1,False
2016,11,2016_11_CHI_NYG,NYG,CHI,22.0,16.0,6.0,0.787591315064418,1,False
2016,11,2016_11_MIA_LA,LA,MIA,10.0,14.0,-4.0,0.5381275567486227,0,False
2016,11,2016_11_PHI_SEA,SEA,PHI,26.0,15.0,11.0,0.6648183626569216,1,False
2016,11,2016_11_NE_SF,SF,NE,17.0,30.0,-13.0,0.08327011171828057,0,False
2016,11,2016_11_GB_WAS,WAS,GB,42.0,24.0,18.0,0.6768360753531321,1,False
2016,11,2016_11_HOU_OAK,OAK,HOU,27.0,20.0,7.0,0.5690773674373484,1,True
2016,12,2016_12_MIN_DET,DET,MIN,16.0,13.0,3.0,0.5087992631586542,1,False
2016,12,2016_12_WAS_DAL,DAL,WAS,31.0,26.0,5.0,0.6915905939954005,1,False
2016,12,2016_12_PIT_IND,IND,PIT,7.0,28.0,-21.0,0.5298209771985423,0,False
2016,12,2016_12_ARI_ATL,ATL,ARI,38.0,19.0,19.0,0.5975495862260541,1,False
2016,12,2016_12_CIN_BAL,BAL,CIN,19.0,14.0,5.0,0.5661612898919338,1,False
2016,12,2016_12_JAX_BUF,BUF,JAX,28.0,21.0,7.0,0.8813980506179175,1,False
2016,12,2016_12_TEN_CHI,CHI,TEN,21.0,27.0,-6.0,0.4214329212933613,0,False
2016,12,2016_12_NYG_CLE,CLE,NYG,13.0,27.0,-14.0,0.16416609713753097,0,False
2016,12,2016_12_SD_HOU,HOU,SD,13.0,21.0,-8.0,0.5769002605672752,0,False
2016,12,2016_12_SF_MIA,MIA,SF,31.0,24.0,7.0,0.8696482766170489,1,False
2016,12,2016_12_LA_NO,NO,LA,49.0,21.0,28.0,0.6101320455516491,1,False
2016,12,2016_12_SEA_TB,TB,SEA,14.0,5.0,9.0,0.2578404728718668,1,False
2016,12,2016_12_NE_NYJ,NYJ,NE,17.0,22.0,-5.0,0.16795749062077592,0,False
2016,12,2016_12_CAR_OAK,OAK,CAR,35.0,32.0,3.0,0.626190513645741,1,False
2016,12,2016_12_KC_DEN,DEN,KC,27.0,30.0,-3.0,0.5485877659995243,0,False
2016,12,2016_12_GB_PHI,PHI,GB,13.0,27.0,-14.0,0.7112551503501552,0,False
2016,13,2016_13_DAL_MIN,MIN,DAL,15.0,17.0,-2.0,0.3460082939401472,0,False
2016,13,2016_13_KC_ATL,ATL,KC,28.0,29.0,-1.0,0.5267073750832539,0,False
2016,13,2016_13_MIA_BAL,BAL,MIA,38.0,6.0,32.0,0.5289784868752369,1,False
2016,13,2016_13_SF_CHI,CHI,SF,26.0,6.0,20.0,0.6821100032266916,1,False
2016,13,2016_13_PHI_CIN,CIN,PHI,32.0,14.0,18.0,0.5540845063353327,1,False
2016,13,2016_13_HOU_GB,GB,HOU,21.0,13.0,8.0,0.6001436142489441,1,False
2016,13,2016_13_DEN_JAX,JAX,DEN,10.0,20.0,-10.0,0.17521073223706,0,False
2016,13,2016_13_LA_NE,NE,LA,26.0,10.0,16.0,0.8917335213971969,1,False
2016,13,2016_13_DET_NO,NO,DET,13.0,28.0,-15.0,0.5662958515000603,0,False
2016,13,2016_13_BUF_OAK,OAK,BUF,38.0,24.0,14.0,0.5562531455268501,1,False
2016,13,2016_13_WAS_ARI,ARI,WAS,31.0,23.0,8.0,0.48005097183870904,1,False
2016,13,2016_13_NYG_PIT,PIT,NYG,24.0,14.0,10.0,0.6532358053548377,1,False
2016,13,2016_13_TB_SD,SD,TB,21.0,28.0,-7.0,0.5512661874235529,0,False
2016,13,2016_13_CAR_SEA,SEA,CAR,40.0,7.0,33.0,0.7126196096540933,1,False
2016,13,2016_13_IND_NYJ,NYJ,IND,10.0,41.0,-31.0,0.48707103057545564,0,False
2016,14,2016_14_OAK_KC,KC,OAK,21.0,13.0,8.0,0.6425313091360412,1,False
2016,14,2016_14_PIT_BUF,BUF,PIT,20.0,27.0,-7.0,0.48545510861885427,0,False
2016,14,2016_14_SD_CAR,CAR,SD,28.0,16.0,12.0,0.6022487592365333,1,False
2016,14,2016_14_CIN_CLE,CLE,CIN,10.0,23.0,-13.0,0.1670414157658595,0,False
2016,14,2016_14_CHI_DET,DET,CHI,20.0,17.0,3.0,0.8293437335941211,1,False
2016,14,2016_14_HOU_IND,IND,HOU,17.0,22.0,-5.0,0.6851467804411356,0,False
2016,14,2016_14_MIN_JAX,JAX,MIN,16.0,25.0,-9.0,0.23393946112898872,0,False
2016,14,2016_14_ARI_MIA,MIA,ARI,26.0,23.0,3.0,0.46254958082444414,1,False
2016,14,2016_14_WAS_PHI,PHI,WAS,22.0,27.0,-5.0,0.41800518285796945,0,False
2016,14,2016_14_DEN_TEN,TEN,DEN,13.0,10.0,3.0,0.37734426857501124,1,False
2016,14,2016_14_NYJ_SF,SF,NYJ,17.0,23.0,-6.0,0.3634420795918619,0,False
2016,14,2016_14_SEA_GB,GB,SEA,38.0,10.0,28.0,0.31522384121208746,1,False
2016,14,2016_14_ATL_LA,LA,ATL,14.0,42.0,-28.0,0.2675122339624516,0,False
2016,14,2016_14_NO_TB,TB,NO,16.0,11.0,5.0,0.63129703280246,1,False
2016,14,2016_14_DAL_NYG,NYG,DAL,10.0,7.0,3.0,0.3315014069634832,1,False
2016,14,2016_14_BAL_NE,NE,BAL,30.0,23.0,7.0,0.7948732712165122,1,False
2016,15,2016_15_LA_SEA,SEA,LA,24.0,3.0,21.0,0.8771783528602973,1,False
2016,15,2016_15_MIA_NYJ,NYJ,MIA,13.0,34.0,-21.0,0.3950605369863634,0,False
2016,15,2016_15_PHI_BAL,BAL,PHI,27.0,26.0,1.0,0.7213720514003205,1,False
2016,15,2016_15_CLE_BUF,BUF,CLE,33.0,13.0,20.0,0.9025899950162742,1,False
2016,15,2016_15_GB_CHI,CHI,GB,27.0,30.0,-3.0,0.2693469277137029,0,False
2016,15,2016_15_PIT_CIN,CIN,PIT,20.0,24.0,-4.0,0.4742065105275548,0,False
2016,15,2016_15_JAX_HOU,HOU,JAX,21.0,20.0,1.0,0.8287685884216736,1,False
2016,15,2016_15_TEN_KC,KC,TEN,17.0,19.0,-2.0,0.8165477350645747,0,False
2016,15,2016_15_IND_MIN,MIN,IND,6.0,34.0,-28.0,0.6110157987780667,0,False
2016,15,2016_15_DET_NYG,NYG,DET,17.0,6.0,11.0,0.520281191808967,1,False
2016,15,2016_15_NO_ARI,ARI,NO,41.0,48.0,-7.0,0.6283945225838451,0,False
2016,15,2016_15_SF_ATL,ATL,SF,41.0,13.0,28.0,0.936310985073134,1,False
2016,15,2016_15_NE_DEN,DEN,NE,3.0,16.0,-13.0,0.35186118691825224,0,False
2016,15,2016_15_OAK_SD,SD,OAK,16.0,19.0,-3.0,0.3656763852357878,0,False
2016,15,2016_15_TB_DAL,DAL,TB,26.0,20.0,6.0,0.7087708742020897,1,False
2016,15,2016_15_CAR_WAS,WAS,CAR,15.0,26.0,-11.0,0.6197942991707127,0,False
2016,16,2016_16_NYG_PHI,PHI,NYG,24.0,19.0,5.0,0.3387755561277587,1,False
2016,16,2016_16_MIA_BUF,BUF,MIA,31.0,34.0,-3.0,0.5373916062300709,0,False
2016,16,2016_16_ATL_CAR,CAR,ATL,16.0,33.0,-17.0,0.43216149121203584,0,False
2016,16,2016_16_WAS_CHI,CHI,WAS,21.0,41.0,-20.0,0.33113469194420786,0,False
2016,16,2016_16_SD_CLE,CLE,SD,20.0,17.0,3.0,0.21395252912549187,1,False
2016,16,2016_16_MIN_GB,GB,MIN,38.0,25.0,13.0,0.7068956783776197,1,False
2016,16,2016_16_TEN_JAX,JAX,TEN,38.0,17.0,21.0,0.27341370654133135,1,False
2016,16,2016_16_NYJ_NE,NE,NYJ,41.0,3.0,38.0,0.9216039133860505,1,False
2016,16,2016_16_IND_OAK,OAK,IND,33.0,25.0,8.0,0.6604832087764356,1,False
2016,16,2016_16_SF_LA,LA,SF,21.0,22.0,-1.0,0.7088056564344817,0,False
2016,16,2016_16_TB_NO,NO,TB,31.0,24.0,7.0,0.5539730133515427,1,False
2016,16,2016_16_ARI_SEA,SEA,ARI,31.0,34.0,-3.0,0.7812014214668345,0,False
2016,16,2016_16_CIN_HOU,HOU,CIN,12.0,10.0,2.0,0.47244643867351155,1,False
2016,16,2016_16_BAL_PIT,PIT,BAL,31.0,27.0,4.0,0.6734081753024767,1,False
2016,16,2016_16_DEN_KC,KC,DEN,33.0,10.0,23.0,0.6895208845240138,1,False
2016,16,2016_16_DET_DAL,DAL,DET,42.0,21.0,21.0,0.7224099414110099,1,False
2016,17,2016_17_BAL_CIN,CIN,BAL,27.0,10.0,17.0,0.5205462200689801,1,False
2016,17,2016_17_JAX_IND,IND,JAX,24.0,20.0,4.0,0.7979414135888439,1,False
2016,17,2016_17_NE_MIA,MIA,NE,14.0,35.0,-21.0,0.25277122413345804,0,False
2016,17,2016_17_CHI_MIN,MIN,CHI,38.0,10.0,28.0,0.7229814490995148,1,False
2016,17,2016_17_BUF_NYJ,NYJ,BUF,30.0,10.0,20.0,0.32102136594421676,1,False
2016,17,2016_17_DAL_PHI,PHI,DAL,27.0,13.0,14.0,0.23592928448040892,1,False
2016,17,2016_17_CLE_PIT,PIT,CLE,27.0,24.0,3.0,0.9517338588346422,1,False
2016,17,2016_17_CAR_TB,TB,CAR,17.0,16.0,1.0,0.5690577662213214,1,False
2016,17,2016_17_HOU_TEN,TEN,HOU,24.0,17.0,7.0,0.47400963041665256,1,False
2016,17,2016_17_NO_ATL,ATL,NO,38.0,32.0,6.0,0.7680663149217191,1,False
2016,17,2016_17_OAK_DEN,DEN,OAK,24.0,6.0,18.0,0.40598404479167316,1,False
2016,17,2016_17_ARI_LA,LA,ARI,6.0,44.0,-38.0,0.3033101255348555,0,False
2016,17,2016_17_KC_SD,SD,KC,27.0,37.0,-10.0,0.21636135875205786,0,False
2016,17,2016_17_SEA_SF,SF,SEA,23.0,25.0,-2.0,0.11210912549688375,0,False
2016,17,2016_17_NYG_WAS,WAS,NYG,10.0,19.0,-9.0,0.5787250479490255,0,False
2016,17,2016_17_GB_DET,DET,GB,24.0,31.0,-7.0,0.4449729650860915,0,False
2017,1,2017_01_KC_NE,NE,KC,27.0,42.0,-15.0,0.6888361651607996,0,False
2017,1,2017_01_NYJ_BUF,BUF,NYJ,21.0,12.0,9.0,0.6750334128874066,1,False
2017,1,2017_01_ATL_CHI,CHI,ATL,17.0,23.0,-6.0,0.1744309031320385,0,False
2017,1,2017_01_BAL_CIN,CIN,BAL,0.0,20.0,-20.0,0.6190159108907161,0,False
2017,1,2017_01_PIT_CLE,CLE,PIT,18.0,21.0,-3.0,0.1507151299641347,0,False
2017,1,2017_01_ARI_DET,DET,ARI,35.0,23.0,12.0,0.5113359796527136,1,False
2017,1,2017_01_JAX_HOU,HOU,JAX,7.0,29.0,-22.0,0.6838250943557924,0,False
2017,1,2017_01_OAK_TEN,TEN,OAK,16.0,26.0,-10.0,0.45583946317075413,0,False
2017,1,2017_01_PHI_WAS,WAS,PHI,17.0,30.0,-13.0,0.6171395408513305,0,False
2017,1,2017_01_IND_LA,LA,IND,46.0,9.0,37.0,0.25128332225446814,1,False
2017,1,2017_01_SEA_GB,GB,SEA,17.0,9.0,8.0,0.5666078707392324,1,False
2017,1,2017_01_CAR_SF,SF,CAR,3.0,23.0,-20.0,0.3250200520036127,0,False
2017,1,2017_01_NYG_DAL,DAL,NYG,19.0,3.0,16.0,0.6207683858861619,1,False
2017,1,2017_01_NO_MIN,MIN,NO,29.0,19.0,10.0,0.5576465274432832,1,False
2017,1,2017_01_LAC_DEN,DEN,LAC,24.0,21.0,3.0,0.5933290374643565,1,False
2017,2,2017_02_HOU_CIN,CIN,HOU,9.0,13.0,-4.0,0.683014819298916,0,False
2017,2,2017_02_CLE_BAL,BAL,CLE,24.0,10.0,14.0,0.8469691235462711,1,False
2017,2,2017_02_BUF_CAR,CAR,BUF,9.0,3.0,6.0,0.6056827021335142,1,False
2017,2,2017_02_ARI_IND,IND,ARI,13.0,16.0,-3.0,0.5168824814066042,0,False
2017,2,2017_02_TEN_JAX,JAX,TEN,16.0,37.0,-21.0,0.5588946113213651,0,False
2017,2,2017_02_PHI_KC,KC,PHI,27.0,20.0,7.0,0.7574478144116025,1,False
2017,2,2017_02_NE_NO,NO,NE,20.0,36.0,-16.0,0.29157146634525544,0,False
2017,2,2017_02_MIN_PIT,PIT,MIN,26.0,9.0,17.0,0.7071219637042634,1,False
2017,2,2017_02_CHI_TB,TB,CHI,29.0,7.0,22.0,0.787205001952534,1,False
2017,2,2017_02_MIA_LAC,LAC,MIA,17.0,19.0,-2.0,0.5566886605948519,0,False
2017,2,2017_02_NYJ_OAK,OAK,NYJ,45.0,20.0,25.0,0.7989659639739246,1,False
2017,2,2017_02_DAL_DEN,DEN,DAL,42.0,17.0,25.0,0.4554971375343202,1,False
2017,2,2017_02_WAS_LA,LA,WAS,20.0,27.0,-7.0,0.41292999574522804,0,False
2017,2,2017_02_SF_SEA,SEA,SF,12.0,9.0,3.0,0.8648043493214156,1,False
2017,2,2017_02_GB_ATL,ATL,GB,34.0,23.0,11.0,0.6104449324850099,1,False
2017,2,2017_02_DET_NYG,NYG,DET,10.0,24.0,-14.0,0.5620998889973589,0,False
2017,3,2017_03_LA_SF,SF,LA,39.0,41.0,-2.0,0.47516792753354015,0,False
2017,3,2017_03_DEN_BUF,BUF,DEN,26.0,16.0,10.0,0.4147497471374898,1,False
2017,3,2017_03_NO_CAR,CAR,NO,13.0,34.0,-21.0,0.6897991420758237,0,False
2017,3,2017_03_PIT_CHI,CHI,PIT,23.0,17.0,6.0,0.16876376969241827,1,False
2017,3,2017_03_ATL_DET,DET,ATL,26.0,30.0,-4.0,0.3699536666493937,0,False
2017,3,2017_03_CLE_IND,IND,CLE,31.0,28.0,3.0,0.7725747239052688,1,False
2017,3,2017_03_TB_MIN,MIN,TB,34.0,17.0,17.0,0.4926748681235895,1,False
2017,3,2017_03_HOU_NE,NE,HOU,36.0,33.0,3.0,0.8533289995451647,1,False
2017,3,2017_03_MIA_NYJ,NYJ,MIA,20.0,6.0,14.0,0.3376922665724047,1,False
2017,3,2017_03_NYG_PHI,PHI,NYG,27.0,24.0,3.0,0.6089251043744994,1,False
2017,3,2017_03_SEA_TEN,TEN,SEA,33.0,27.0,6.0,0.4529893743897013,1,False
2017,3,2017_03_CIN_GB,GB,CIN,27.0,24.0,3.0,0.7389202362247284,1,False
2017,3,2017_03_KC_LAC,LAC,KC,10.0,24.0,-14.0,0.2975357021444538,0,False
2017,3,2017_03_OAK_WAS,WAS,OAK,27.0,10.0,17.0,0.42030188493186893,1,False
2017,3,2017_03_BAL_JAX,JAX,BAL,44.0,7.0,37.0,0.2838564928847327,1,True
2017,3,2017_03_DAL_ARI,ARI,DAL,17.0,28.0,-11.0,0.5175274516441353,0,False
2017,4,2017_04_CHI_GB,GB,CHI,35.0,14.0,21.0,0.851856890885123,1,False
2017,4,2017_04_BUF_ATL,ATL,BUF,17.0,23.0,-6.0,0.7961425514696993,0,False
2017,4,2017_04_PIT_BAL,BAL,PIT,9.0,26.0,-17.0,0.4123762275579966,0,False
2017,4,2017_04_CIN_CLE,CLE,CIN,7.0,31.0,-24.0,0.30854948802891946,0,False
2017,4,2017_04_LA_DAL,DAL,LA,30.0,35.0,-5.0,0.8005864928331508,0,False
2017,4,2017_04_TEN_HOU,HOU,TEN,57.0,14.0,43.0,0.4786102579083569,1,False
2017,4,2017_04_DET_MIN,MIN,DET,7.0,14.0,-7.0,0.5649647641840564,0,False
2017,4,2017_04_CAR_NE,NE,CAR,30.0,33.0,-3.0,0.8128206180959461,0,False
2017,4,2017_04_JAX_NYJ,NYJ,JAX,23.0,20.0,3.0,0.4297783285563355,1,False
2017,4,2017_04_SF_ARI,ARI,SF,18.0,15.0,3.0,0.8268878619690532,1,False
2017,4,2017_04_PHI_LAC,LAC,PHI,24.0,26.0,-2.0,0.42140076768258955,0,False
2017,4,2017_04_NYG_TB,TB,NYG,25.0,23.0,2.0,0.635657392198059,1,False
2017,4,2017_04_OAK_DEN,DEN,OAK,16.0,10.0,6.0,0.5796221129374057,1,False
2017,4,2017_04_IND_SEA,SEA,IND,46.0,18.0,28.0,0.6588189975378459,1,False
2017,4,2017_04_NO_MIA,MIA,NO,0.0,20.0,-20.0,0.4754153396351045,0,True
2017,4,2017_04_WAS_KC,KC,WAS,29.0,20.0,9.0,0.7744418690437793,1,False
2017,5,2017_05_NE_TB,TB,NE,14.0,19.0,-5.0,0.34202941317562197,0,False
2017,5,2017_05_BUF_CIN,CIN,BUF,20.0,16.0,4.0,0.5093227451403113,1,False
2017,5,2017_05_NYJ_CLE,CLE,NYJ,14.0,17.0,-3.0,0.3458402304546448,0,False
2017,5,2017_05_CAR_DET,DET,CAR,24.0,27.0,-3.0,0.576577029299207,0,False
2017,5,2017_05_SF_IND,IND,SF,26.0,23.0,3.0,0.7113042590581471,1,False
2017,5,2017_05_TEN_MIA,MIA,TEN,16.0,10.0,6.0,0.5510185423597301,1,False
2017,5,2017_05_LAC_NYG,NYG,LAC,22.0,27.0,-5.0,0.6096259375304978,0,False
2017,5,2017_05_ARI_PHI,PHI,ARI,34.0,7.0,27.0,0.631229018165404,1,False
2017,5,2017_05_JAX_PIT,PIT,JAX,9.0,30.0,-21.0,0.7539681853889133,0,False
2017,5,2017_05_SEA_LA,LA,SEA,10.0,16.0,-6.0,0.39020909803513437,0,False
2017,5,2017_05_BAL_OAK,OAK,BAL,17.0,30.0,-13.0,0.6893418005333002,0,False
2017,5,2017_05_GB_DAL,DAL,GB,31.0,35.0,-4.0,0.45405288384397585,0,False
2017,5,2017_05_KC_HOU,HOU,KC,34.0,42.0,-8.0,0.2912216417213162,0,False
2017,5,2017_05_MIN_CHI,CHI,MIN,17.0,20.0,-3.0,0.30172890608976294,0,False
2017,6,2017_06_PHI_CAR,CAR,PHI,23.0,28.0,-5.0,0.48246969014604474,0,False
2017,6,2017_06_MIA_ATL,ATL,MIA,17.0,20.0,-3.0,0.8105331273071795,0,False
2017,6,2017_06_CHI_BAL,BAL,CHI,24.0,27.0,-3.0,0.7765444176237312,0,False
2017,6,2017_06_CLE_HOU,HOU,CLE,33.0,17.0,16.0,0.8340671320295175,1,False
2017,6,2017_06_GB_MIN,MIN,GB,23.0,10.0,13.0,0.40384327262666747,1,False
2017,6,2017_06_DET_NO,NO,DET,52.0,38.0,14.0,0.5799671600708058,1,False
2017,6,2017_06_NE_NYJ,NYJ,NE,17.0,24.0,-7.0,0.24261754095511537,0,False
2017,6,2017_06_SF_WAS,WAS,SF,26.0,24.0,2.0,0.8357440540963539,1,False
2017,6,2017_06_TB_ARI,ARI,TB,38.0,33.0,5.0,0.5482525874587699,1,False
2017,6,2017_06_LA_JAX,JAX,LA,17.0,27.0,-10.0,0.7084228803829918,0,False
2017,6,2017_06_PIT_KC,KC,PIT,13.0,19.0,-6.0,0.7777044374348101,0,False
2017,6,2017_06_LAC_OAK,OAK,LAC,16.0,17.0,-1.0,0.6182211968180478,0,False
2017,6,2017_06_NYG_DEN,DEN,NYG,10.0,23.0,-13.0,0.74323531458055,0,False
2017,6,2017_06_IND_TEN,TEN,IND,36.0,22.0,14.0,0.5549691535777272,1,False
2017,7,2017_07_KC_OAK,OAK,KC,31.0,30.0,1.0,0.26547989113683035,1,False
2017,7,2017_07_TB_BUF,BUF,TB,30.0,27.0,3.0,0.6644540664941563,1,False
2017,7,2017_07_CAR_CHI,CHI,CAR,17.0,3.0,14.0,0.3047810987863941,1,False
2017,7,2017_07_TEN_CLE,CLE,TEN,9.0,12.0,-3.0,0.3189859380348228,0,False
2017,7,2017_07_NO_GB,GB,NO,17.0,26.0,-9.0,0.5949067658402919,0,False
2017,7,2017_07_JAX_IND,IND,JAX,0.0,27.0,-27.0,0.3545898275781789,0,False
2017,7,2017_07_ARI_LA,LA,ARI,33.0,0.0,33.0,0.4836573230436082,1,True
2017,7,2017_07_NYJ_MIA,MIA,NYJ,31.0,28.0,3.0,0.636342597042518,1,False
2017,7,2017_07_BAL_MIN,MIN,BAL,24.0,16.0,8.0,0.7259657332020341,1,False
2017,7,2017_07_DAL_SF,SF,DAL,10.0,40.0,-30.0,0.2581482574880209,0,False
2017,7,2017_07_DEN_LAC,LAC,DEN,21.0,0.0,21.0,0.4802240701659706,1,False
2017,7,2017_07_SEA_NYG,NYG,SEA,7.0,24.0,-17.0,0.3830745305388733,0,False
2017,7,2017_07_CIN_PIT,PIT,CIN,29.0,14.0,15.0,0.678567157963603,1,False
2017,7,2017_07_ATL_NE,NE,ATL,23.0,7.0,16.0,0.6504159242783009,1,False
2017,7,2017_07_WAS_PHI,PHI,WAS,34.0,24.0,10.0,0.7025771764101972,1,False
2017,8,2017_08_MIA_BAL,BAL,MIA,40.0,0.0,40.0,0.519295337154639,1,False
2017,8,2017_08_OAK_BUF,BUF,OAK,34.0,14.0,20.0,0.6293910188538594,1,False
2017,8,2017_08_IND_CIN,CIN,IND,24.0,23.0,1.0,0.7687074920541078,1,False
2017,8,2017_08_LAC_NE,NE,LAC,21.0,13.0,8.0,0.7732518909185636,1,False
2017,8,2017_08_CHI_NO,NO,CHI,20.0,12.0,8.0,0.8144762618896653,1,False
2017,8,2017_08_ATL_NYJ,NYJ,ATL,20.0,25.0,-5.0,0.4048651983263933,0,False
2017,8,2017_08_SF_PHI,PHI,SF,33.0,10.0,23.0,0.9202856000296032,1,False
2017,8,2017_08_CAR_TB,TB,CAR,3.0,17.0,-14.0,0.5223965164930447,0,False
2017,8,2017_08_HOU_SEA,SEA,HOU,41.0,38.0,3.0,0.6920573554688968,1,False
2017,8,2017_08_DAL_WAS,WAS,DAL,19.0,33.0,-14.0,0.48008264473103357,0,False
2017,8,2017_08_PIT_DET,DET,PIT,15.0,20.0,-5.0,0.41291332014818766,0,False
2017,8,2017_08_MIN_CLE,CLE,MIN,16.0,33.0,-17.0,0.11343237410248692,0,True
2017,8,2017_08_DEN_KC,KC,DEN,29.0,19.0,10.0,0.7922967784188985,1,False
2017,9,2017_09_BUF_NYJ,NYJ,BUF,34.0,21.0,13.0,0.3640524081984622,1,False
2017,9,2017_09_ATL_CAR,CAR,ATL,20.0,17.0,3.0,0.5059990466790643,1,False
2017,9,2017_09_IND_HOU,HOU,IND,14.0,20.0,-6.0,0.803886912257619,0,False
2017,9,2017_09_CIN_JAX,JAX,CIN,23.0,7.0,16.0,0.6460340075966325,1,False
2017,9,2017_09_TB_NO,NO,TB,30.0,10.0,20.0,0.7855878352569817,1,False
2017,9,2017_09_LA_NYG,NYG,LA,17.0,51.0,-34.0,0.42194126254517766,0,False
2017,9,2017_09_DEN_PHI,PHI,DEN,51.0,23.0,28.0,0.7779962249867487,1,False
2017,9,2017_09_BAL_TEN,TEN,BAL,23.0,20.0,3.0,0.4967932648811256,1,False
2017,9,2017_09_WAS_SEA,SEA,WAS,14.0,17.0,-3.0,0.7701930688597373,0,False
2017,9,2017_09_ARI_SF,SF,ARI,10.0,20.0,-10.0,0.31078164283478465,0,False
2017,9,2017_09_KC_DAL,DAL,KC,28.0,17.0,11.0,0.4268051434256415,1,False
2017,9,2017_09_OAK_MIA,MIA,OAK,24.0,27.0,-3.0,0.49115967096677515,0,False
2017,9,2017_09_DET_GB,GB,DET,17.0,30.0,-13.0,0.6355217328692624,0,False
2017,10,2017_10_SEA_ARI,ARI,SEA,16.0,22.0,-6.0,0.31616022991008846,0,False
2017,10,2017_10_NO_BUF,BUF,NO,10.0,47.0,-37.0,0.4304426500105416,0,False
2017,10,2017_10_GB_CHI,CHI,GB,16.0,23.0,-7.0,0.4042144478586091,0,False
2017,10,2017_10_CLE_DET,DET,CLE,38.0,24.0,14.0,0.8920527821109419,1,False
2017,10,2017_10_PIT_IND,IND,PIT,17.0,20.0,-3.0,0.2341284813507372,0,False
2017,10,2017_10_LAC_JAX,JAX,LAC,20.0,17.0,3.0,0.6788957962628617,1,False
2017,10,2017_10_NYJ_TB,TB,NYJ,15.0,10.0,5.0,0.4711415751094982,1,False
2017,10,2017_10_CIN_TEN,TEN,CIN,24.0,20.0,4.0,0.6237242556103787,1,False
2017,10,2017_10_MIN_WAS,WAS,MIN,30.0,38.0,-8.0,0.407889136106333,0,False
2017,10,2017_10_HOU_LA,LA,HOU,33.0,7.0,26.0,0.7471258613763119,1,False
2017,10,2017_10_DAL_ATL,ATL,DAL,27.0,7.0,20.0,0.44679262364520983,1,False
2017,10,2017_10_NYG_SF,SF,NYG,31.0,21.0,10.0,0.38279958606562225,1,False
2017,10,2017_10_NE_DEN,DEN,NE,16.0,41.0,-25.0,0.24479682805231567,0,False
2017,10,2017_10_MIA_CAR,CAR,MIA,45.0,21.0,24.0,0.7184008050125316,1,False
2017,11,2017_11_TEN_PIT,PIT,TEN,40.0,17.0,23.0,0.7420136284425364,1,False
2017,11,2017_11_DET_CHI,CHI,DET,24.0,27.0,-3.0,0.327754790601657,0,False
2017,11,2017_11_JAX_CLE,CLE,JAX,7.0,19.0,-12.0,0.13925176195242722,0,False
2017,11,2017_11_BAL_GB,GB,BAL,0.0,23.0,-23.0,0.6189888281674634,0,False
2017,11,2017_11_ARI_HOU,HOU,ARI,31.0,21.0,10.0,0.6371206134825464,1,False
2017,11,2017_11_TB_MIA,MIA,TB,20.0,30.0,-10.0,0.5236079551824656,0,False
2017,11,2017_11_LA_MIN,MIN,LA,24.0,7.0,17.0,0.5400074856124207,1,False
2017,11,2017_11_WAS_NO,NO,WAS,34.0,31.0,3.0,0.8301125786462666,1,False
2017,11,2017_11_KC_NYG,NYG,KC,12.0,9.0,3.0,0.20127398777687514,1,False
2017,11,2017_11_BUF_LAC,LAC,BUF,54.0,24.0,30.0,0.5823717547153985,1,False
2017,11,2017_11_CIN_DEN,DEN,CIN,17.0,20.0,-3.0,0.5178279497648413,0,False
2017,11,2017_11_NE_OAK,OAK,NE,8.0,33.0,-25.0,0.18025659828742313,0,True
2017,11,2017_11_PHI_DAL,DAL,PHI,9.0,37.0,-28.0,0.40594759297130295,0,False
2017,11,2017_11_ATL_SEA,SEA,ATL,31.0,34.0,-3.0,0.6277151216491081,0,False
2017,12,2017_12_MIN_DET,DET,MIN,23.0,30.0,-7.0,0.41119280311942646,0,False
2017,12,2017_12_LAC_DAL,DAL,LAC,6.0,28.0,-22.0,0.5797681141793849,0,False
2017,12,2017_12_NYG_WAS,WAS,NYG,20.0,10.0,10.0,0.6750827839907588,1,False
2017,12,2017_12_TB_ATL,ATL,TB,34.0,20.0,14.0,0.7602218461494006,1,False
2017,12,2017_12_CLE_CIN,CIN,CLE,30.0,16.0,14.0,0.8496696351634303,1,False
2017,12,2017_12_TEN_IND,IND,TEN,16.0,20.0,-4.0,0.4574075993555123,0,False
2017,12,2017_12_BUF_KC,KC,BUF,10.0,16.0,-6.0,0.7912979447617805,0,False
2017,12,2017_12_MIA_NE,NE,MIA,35.0,17.0,18.0,0.9292703597685957,1,False
2017,12,2017_12_CAR_NYJ,NYJ,CAR,27.0,35.0,-8.0,0.44573133873956555,0,False
2017,12,2017_12_CHI_PHI,PHI,CHI,31.0,3.0,28.0,0.9109979910000631,1,False
2017,12,2017_12_SEA_SF,SF,SEA,13.0,24.0,-11.0,0.16779319767493298,0,False
2017,12,2017_12_JAX_ARI,ARI,JAX,27.0,24.0,3.0,0.26853028123029216,1,False
2017,12,2017_12_NO_LA,LA,NO,26.0,20.0,6.0,0.40105593603256545,1,False
2017,12,2017_12_DEN_OAK,OAK,DEN,21.0,14.0,7.0,0.6328502709157575,1,False
2017,12,2017_12_GB_PIT,PIT,GB,31.0,28.0,3.0,0.7819458994465934,1,False
2017,12,2017_12_HOU_BAL,BAL,HOU,23.0,16.0,7.0,0.6186636731650204,1,False
2017,13,2017_13_WAS_DAL,DAL,WAS,38.0,14.0,24.0,0.6018313296728669,1,False
2017,13,2017_13_MIN_ATL,ATL,MIN,9.0,14.0,-5.0,0.4904387073704968,0,False
2017,13,2017_13_DET_BAL,BAL,DET,44.0,20.0,24.0,0.6240158984836102,1,False
2017,13,2017_13_NE_BUF,BUF,NE,3.0,23.0,-20.0,0.17764929302525964,0,False
2017,13,2017_13_SF_CHI,CHI,SF,14.0,15.0,-1.0,0.6824707379495841,0,False
2017,13,2017_13_TB_GB,GB,TB,26.0,20.0,6.0,0.6481298005145223,1,False
2017,13,2017_13_IND_JAX,JAX,IND,30.0,10.0,20.0,0.8236820824528963,1,False
2017,13,2017_13_DEN_MIA,MIA,DEN,35.0,9.0,26.0,0.5605484313914844,1,False
2017,13,2017_13_KC_NYJ,NYJ,KC,38.0,31.0,7.0,0.3735099677065325,1,False
2017,13,2017_13_HOU_TEN,TEN,HOU,24.0,13.0,11.0,0.5434649648656601,1,False
2017,13,2017_13_CLE_LAC,LAC,CLE,19.0,10.0,9.0,0.9368061022014212,1,False
2017,13,2017_13_LA_ARI,ARI,LA,16.0,32.0,-16.0,0.2731368125290489,0,False
2017,13,2017_13_CAR_NO,NO,CAR,31.0,21.0,10.0,0.6950604735383734,1,False
2017,13,2017_13_NYG_OAK,OAK,NYG,24.0,17.0,7.0,0.6799996212106563,1,False
2017,13,2017_13_PHI_SEA,SEA,PHI,24.0,10.0,14.0,0.36864158937172625,1,False
2017,13,2017_13_PIT_CIN,CIN,PIT,20.0,23.0,-3.0,0.31081183104530646,0,False
2017,14,2017_14_NO_ATL,ATL,NO,20.0,17.0,3.0,0.4363343112655556,1,False
2017,14,2017_14_IND_BUF,BUF,IND,13.0,7.0,6.0,0.6798359335153463,1,False
2017,14,2017_14_MIN_CAR,CAR,MIN,31.0,24.0,7.0,0.3861098437334184,1,False
2017,14,2017_14_CHI_CIN,CIN,CHI,7.0,33.0,-26.0,0.6932145002130687,0,False
2017,14,2017_14_GB_CLE,CLE,GB,21.0,27.0,-6.0,0.21063210167361598,0,False
2017,14,2017_14_SF_HOU,HOU,SF,16.0,26.0,-10.0,0.7397616388673487,0,False
2017,14,2017_14_OAK_KC,KC,OAK,26.0,15.0,11.0,0.6662598538184704,1,False
2017,14,2017_14_DAL_NYG,NYG,DAL,10.0,30.0,-20.0,0.2992009522857874,0,False
2017,14,2017_14_DET_TB,TB,DET,21.0,24.0,-3.0,0.4489911361572963,0,False
2017,14,2017_14_TEN_ARI,ARI,TEN,12.0,7.0,5.0,0.3764346487459308,1,False
2017,14,2017_14_NYJ_DEN,DEN,NYJ,23.0,0.0,23.0,0.33491454219911815,1,False
2017,14,2017_14_WAS_LAC,LAC,WAS,30.0,13.0,17.0,0.7908618008599629,1,False
2017,14,2017_14_SEA_JAX,JAX,SEA,30.0,24.0,6.0,0.5022262734836845,1,False
2017,14,2017_14_PHI_LA,LA,PHI,35.0,43.0,-8.0,0.4573472213213662,0,False
2017,14,2017_14_BAL_PIT,PIT,BAL,39.0,38.0,1.0,0.60980242290886,1,False
2017,14,2017_14_NE_MIA,MIA,NE,27.0,20.0,7.0,0.11155391079511795,1,False
2017,15,2017_15_DEN_IND,IND,DEN,13.0,25.0,-12.0,0.5173877720688894,0,False
2017,15,2017_15_CHI_DET,DET,CHI,20.0,10.0,10.0,0.6792070448933895,1,False
2017,15,2017_15_LAC_KC,KC,LAC,30.0,13.0,17.0,0.44796350243640154,1,False
2017,15,2017_15_MIA_BUF,BUF,MIA,24.0,16.0,8.0,0.5931213786132462,1,False
2017,15,2017_15_GB_CAR,CAR,GB,31.0,24.0,7.0,0.7179966010636966,1,False
2017,15,2017_15_BAL_CLE,CLE,BAL,10.0,27.0,-17.0,0.09685823566381596,0,False
2017,15,2017_15_HOU_JAX,JAX,HOU,45.0,7.0,38.0,0.8315980793280489,1,False
2017,15,2017_15_CIN_MIN,MIN,CIN,34.0,7.0,27.0,0.8643683472394397,1,False
2017,15,2017_15_NYJ_NO,NO,NYJ,31.0,19.0,12.0,0.8534317890562443,1,False
2017,15,2017_15_PHI_NYG,NYG,PHI,29.0,34.0,-5.0,0.10970328543603078,0,False
2017,15,2017_15_ARI_WAS,WAS,ARI,20.0,15.0,5.0,0.542757362636687,1,False
2017,15,2017_15_LA_SEA,SEA,LA,7.0,42.0,-35.0,0.5413773718037947,0,False
2017,15,2017_15_NE_PIT,PIT,NE,24.0,27.0,-3.0,0.46581269859548596,0,False
2017,15,2017_15_TEN_SF,SF,TEN,25.0,23.0,2.0,0.31593247399319624,1,False
2017,15,2017_15_DAL_OAK,OAK,DAL,17.0,20.0,-3.0,0.39348449837932514,0,False
2017,15,2017_15_ATL_TB,TB,ATL,21.0,24.0,-3.0,0.26653738761215956,0,False
2017,16,2017_16_IND_BAL,BAL,IND,23.0,16.0,7.0,0.9032767637397096,1,False
2017,16,2017_16_MIN_GB,GB,MIN,0.0,16.0,-16.0,0.2709484196780829,0,False
2017,16,2017_16_TB_CAR,CAR,TB,22.0,19.0,3.0,0.8316675545081982,1,False
2017,16,2017_16_CLE_CHI,CHI,CLE,20.0,3.0,17.0,0.8245525367500024,1,False
2017,16,2017_16_DET_CIN,CIN,DET,26.0,17.0,9.0,0.3427545689952742,1,False
2017,16,2017_16_MIA_KC,KC,MIA,29.0,13.0,16.0,0.8123283371398662,1,False
2017,16,2017_16_BUF_NE,NE,BUF,37.0,16.0,21.0,0.8886644162485717,1,False
2017,16,2017_16_ATL_NO,NO,ATL,23.0,13.0,10.0,0.6297281103033109,1,False
2017,16,2017_16_LAC_NYJ,NYJ,LAC,7.0,14.0,-7.0,0.2824598461299445,0,False
2017,16,2017_16_LA_TEN,TEN,LA,23.0,27.0,-4.0,0.27016272743907516,0,False
2017,16,2017_16_DEN_WAS,WAS,DEN,27.0,11.0,16.0,0.6122271258165226,1,False
2017,16,2017_16_JAX_SF,SF,JAX,44.0,33.0,11.0,0.1583469943946832,1,False
2017,16,2017_16_NYG_ARI,ARI,NYG,23.0,0.0,23.0,0.7058651413917926,1,False
2017,16,2017_16_SEA_DAL,DAL,SEA,12.0,21.0,-9.0,0.6018993151533142,0,False
2017,16,2017_16_PIT_HOU,HOU,PIT,6.0,34.0,-28.0,0.1490890781936207,0,False
2017,16,2017_16_OAK_PHI,PHI,OAK,19.0,10.0,9.0,0.8811796409749029,1,False
2017,17,2017_17_GB_DET,DET,GB,35.0,11.0,24.0,0.6474927875835307,1,False
2017,17,2017_17_HOU_IND,IND,HOU,22.0,13.0,9.0,0.6107748275113569,1,False
2017,17,2017_17_CHI_MIN,MIN,CHI,23.0,10.0,13.0,0.884524979491435,1,False
2017,17,2017_17_NYJ_NE,NE,NYJ,26.0,6.0,20.0,0.9318618031357884,1,False
2017,17,2017_17_WAS_NYG,NYG,WAS,18.0,10.0,8.0,0.2908077035797615,1,False
2017,17,2017_17_DAL_PHI,PHI,DAL,0.0,6.0,-6.0,0.8290955708217936,0,False
2017,17,2017_17_CLE_PIT,PIT,CLE,28.0,24.0,4.0,0.9675320126999857,1,False
2017,17,2017_17_CAR_ATL,ATL,CAR,22.0,10.0,12.0,0.5349639868826824,1,False
2017,17,2017_17_CIN_BAL,BAL,CIN,27.0,31.0,-4.0,0.85796653846091,0,False
2017,17,2017_17_KC_DEN,DEN,KC,24.0,27.0,-3.0,0.23573817486844192,0,False
2017,17,2017_17_SF_LA,LA,SF,13.0,34.0,-21.0,0.8700262232825637,0,False
2017,17,2017_17_OAK_LAC,LAC,OAK,30.0,10.0,20.0,0.7906556102341757,1,False
2017,17,2017_17_BUF_MIA,MIA,BUF,16.0,22.0,-6.0,0.561633930510922,0,False
2017,17,2017_17_ARI_SEA,SEA,ARI,24.0,26.0,-2.0,0.7015758389934604,0,False
2017,17,2017_17_NO_TB,TB,NO,31.0,24.0,7.0,0.17776897153244783,1,False
2017,17,2017_17_JAX_TEN,TEN,JAX,15.0,10.0,5.0,0.36636537218132076,1,False
2018,1,2018_01_ATL_PHI,PHI,ATL,18.0,12.0,6.0,0.6451373256995823,1,False
2018,1,2018_01_BUF_BAL,BAL,BUF,47.0,3.0,44.0,0.7666421567915159,1,False
2018,1,2018_01_PIT_CLE,CLE,PIT,21.0,21.0,0.0,0.13441889197161808,0,False
2018,1,2018_01_CIN_IND,IND,CIN,23.0,34.0,-11.0,0.48717661519403865,0,False
2018,1,2018_01_TEN_MIA,MIA,TEN,27.0,20.0,7.0,0.47534030042030245,1,False
2018,1,2018_01_SF_MIN,MIN,SF,24.0,16.0,8.0,0.7731330531766556,1,False
2018,1,2018_01_HOU_NE,NE,HOU,27.0,20.0,7.0,0.9348318422713748,1,False
2018,1,2018_01_TB_NO,NO,TB,40.0,48.0,-8.0,0.758382700984699,0,False
2018,1,2018_01_JAX_NYG,NYG,JAX,15.0,20.0,-5.0,0.3185196651753306,0,False
2018,1,2018_01_KC_LAC,LAC,KC,28.0,38.0,-10.0,0.6187679339782403,0,False
2018,1,2018_01_WAS_ARI,ARI,WAS,6.0,24.0,-18.0,0.6096207487177118,0,False
2018,1,2018_01_DAL_CAR,CAR,DAL,16.0,8.0,8.0,0.6376552738344068,1,False
2018,1,2018_01_SEA_DEN,DEN,SEA,27.0,24.0,3.0,0.41038987756270245,1,False
2018,1,2018_01_CHI_GB,GB,CHI,24.0,23.0,1.0,0.5704381453873142,1,False
2018,1,2018_01_NYJ_DET,DET,NYJ,17.0,48.0,-31.0,0.7377806377258925,0,False
2018,1,2018_01_LA_OAK,OAK,LA,13.0,33.0,-20.0,0.3713093547211866,0,False
2018,2,2018_02_BAL_CIN,CIN,BAL,34.0,23.0,11.0,0.3263311269013987,1,False
2018,2,2018_02_CAR_ATL,ATL,CAR,31.0,24.0,7.0,0.5353109408498054,1,False
2018,2,2018_02_LAC_BUF,BUF,LAC,20.0,31.0,-11.0,0.3039849007733105,0,False
2018,2,2018_02_MIN_GB,GB,MIN,29.0,29.0,0.0,0.24767997282985635,0,False
2018,2,2018_02_CLE_NO,NO,CLE,21.0,18.0,3.0,0.8669215912969953,1,False
2018,2,2018_02_MIA_NYJ,NYJ,MIA,12.0,20.0,-8.0,0.5523258579656372,0,False
2018,2,2018_02_KC_PIT,PIT,KC,37.0,42.0,-5.0,0.5940525794658441,0,False
2018,2,2018_02_PHI_TB,TB,PHI,27.0,21.0,6.0,0.3461231160642355,1,False
2018,2,2018_02_HOU_TEN,TEN,HOU,20.0,17.0,3.0,0.7388475302247296,1,False
2018,2,2018_02_IND_WAS,WAS,IND,9.0,21.0,-12.0,0.7501706497158671,0,False
2018,2,2018_02_ARI_LA,LA,ARI,34.0,0.0,34.0,0.7435226414931284,1,False
2018,2,2018_02_DET_SF,SF,DET,30.0,27.0,3.0,0.6184768038613329,1,False
2018,2,2018_02_OAK_DEN,DEN,OAK,20.0,19.0,1.0,0.6670505544328792,1,False
2018,2,2018_02_NE_JAX,JAX,NE,31.0,20.0,11.0,0.3664794672952673,1,False
2018,2,2018_02_NYG_DAL,DAL,NYG,20.0,13.0,7.0,0.7481269309380605,1,False
2018,2,2018_02_SEA_CHI,CHI,SEA,24.0,17.0,7.0,0.45863120005019015,1,False
2018,3,2018_03_NYJ_CLE,CLE,NYJ,21.0,17.0,4.0,0.35644993155462906,1,False
2018,3,2018_03_NO_ATL,ATL,NO,37.0,43.0,-6.0,0.6124489418024842,0,False
2018,3,2018_03_DEN_BAL,BAL,DEN,27.0,14.0,13.0,0.7513354450397342,1,False
2018,3,2018_03_CIN_CAR,CAR,CIN,31.0,21.0,10.0,0.6155762340929605,1,False
2018,3,2018_03_NYG_HOU,HOU,NYG,22.0,27.0,-5.0,0.5025248351064883,0,False
2018,3,2018_03_TEN_JAX,JAX,TEN,6.0,9.0,-3.0,0.7208397699981244,0,False
2018,3,2018_03_SF_KC,KC,SF,38.0,27.0,11.0,0.7575433789831514,1,False
2018,3,2018_03_OAK_MIA,MIA,OAK,28.0,20.0,8.0,0.6948294731171625,1,False
2018,3,2018_03_BUF_MIN,MIN,BUF,6.0,27.0,-21.0,0.8587815220326334,0,False
2018,3,2018_03_IND_PHI,PHI,IND,20.0,16.0,4.0,0.8063978253542267,1,False
2018,3,2018_03_GB_WAS,WAS,GB,31.0,17.0,14.0,0.6017867818629187,1,False
2018,3,2018_03_LAC_LA,LA,LAC,35.0,23.0,12.0,0.6447452894458632,1,False
2018,3,2018_03_CHI_ARI,ARI,CHI,14.0,16.0,-2.0,0.4937048704308813,0,False
2018,3,2018_03_DAL_SEA,SEA,DAL,24.0,13.0,11.0,0.4749163412996582,1,False
2018,3,2018_03_NE_DET,DET,NE,26.0,10.0,16.0,0.26758276375684564,1,False
2018,3,2018_03_PIT_TB,TB,PIT,27.0,30.0,-3.0,0.4386537756414857,0,False
2018,4,2018_04_MIN_LA,LA,MIN,38.0,31.0,7.0,0.6694492467340984,1,False
2018,4,2018_04_CIN_ATL,ATL,CIN,36.0,37.0,-1.0,0.6731272464235487,0,False
2018,4,2018_04_TB_CHI,CHI,TB,48.0,10.0,38.0,0.5563984306966493,1,False
2018,4,2018_04_DET_DAL,DAL,DET,26.0,24.0,2.0,0.6400991463702966,1,False
2018,4,2018_04_BUF_GB,GB,BUF,22.0,0.0,22.0,0.521314999933352,1,False
2018,4,2018_04_HOU_IND,IND,HOU,34.0,37.0,-3.0,0.7065739880213183,0,False
2018,4,2018_04_NYJ_JAX,JAX,NYJ,31.0,12.0,19.0,0.7842250852085204,1,False
2018,4,2018_04_MIA_NE,NE,MIA,38.0,7.0,31.0,0.6603368560108123,1,False
2018,4,2018_04_PHI_TEN,TEN,PHI,26.0,23.0,3.0,0.4488575326727079,1,False
2018,4,2018_04_SEA_ARI,ARI,SEA,17.0,20.0,-3.0,0.411016701346614,0,False
2018,4,2018_04_CLE_OAK,OAK,CLE,45.0,42.0,3.0,0.659591468788039,1,False
2018,4,2018_04_SF_LAC,LAC,SF,29.0,27.0,2.0,0.659612558728982,1,False
2018,4,2018_04_NO_NYG,NYG,NO,18.0,33.0,-15.0,0.29430846855761794,0,False
2018,4,2018_04_BAL_PIT,PIT,BAL,14.0,26.0,-12.0,0.5419652368250328,0,False
2018,4,2018_04_KC_DEN,DEN,KC,23.0,27.0,-4.0,0.26717833367100174,0,False
2018,5,2018_05_IND_NE,NE,IND,38.0,24.0,14.0,0.8363217368943657,1,False
2018,5,2018_05_TEN_BUF,BUF,TEN,13.0,12.0,1.0,0.44761773066695404,1,False
2018,5,2018_05_NYG_CAR,CAR,NYG,33.0,31.0,2.0,0.8121613227823129,1,False
2018,5,2018_05_MIA_CIN,CIN,MIA,27.0,17.0,10.0,0.6044440573912044,1,False
2018,5,2018_05_BAL_CLE,CLE,BAL,12.0,9.0,3.0,0.16439389296674103,1,False
2018,5,2018_05_GB_DET,DET,GB,31.0,23.0,8.0,0.6307294335758347,1,False
2018,5,2018_05_JAX_KC,KC,JAX,30.0,14.0,16.0,0.6819087203750646,1,False
2018,5,2018_05_DEN_NYJ,NYJ,DEN,34.0,16.0,18.0,0.4544270894484573,1,False
2018,5,2018_05_ATL_PIT,PIT,ATL,41.0,17.0,24.0,0.6070427953640185,1,False
2018,5,2018_05_OAK_LAC,LAC,OAK,26.0,10.0,16.0,0.7772922566922967,1,False
2018,5,2018_05_MIN_PHI,PHI,MIN,21.0,23.0,-2.0,0.5794521622957489,0,False
2018,5,2018_05_LA_SEA,SEA,LA,31.0,33.0,-2.0,0.33064974847559603,0,False
2018,5,2018_05_ARI_SF,SF,ARI,18.0,28.0,-10.0,0.6715743591515291,0,False
2018,5,2018_05_DAL_HOU,HOU,DAL,19.0,16.0,3.0,0.28281400864187795,1,False
2018,5,2018_05_WAS_NO,NO,WAS,43.0,19.0,24.0,0.7102770953856953,1,False
2018,6,2018_06_PHI_NYG,NYG,PHI,13.0,34.0,-21.0,0.30472251300561415,0,False
2018,6,2018_06_TB_ATL,ATL,TB,34.0,29.0,5.0,0.6419371495665406,1,False
2018,6,2018_06_PIT_CIN,CIN,PIT,21.0,28.0,-7.0,0.45250257058929116,0,False
2018,6,2018_06_LAC_CLE,CLE,LAC,14.0,38.0,-24.0,0.2624765834521228,0,False
2018,6,2018_06_BUF_HOU,HOU,BUF,20.0,13.0,7.0,0.4599805428461507,1,False
2018,6,2018_06_CHI_MIA,MIA,CHI,31.0,28.0,3.0,0.3803469445758977,1,False
2018,6,2018_06_ARI_MIN,MIN,ARI,27.0,17.0,10.0,0.7786662893931038,1,False
2018,6,2018_06_IND_NYJ,NYJ,IND,42.0,34.0,8.0,0.6473086604681764,1,False
2018,6,2018_06_SEA_OAK,OAK,SEA,3.0,27.0,-24.0,0.3050976566636774,0,True
2018,6,2018_06_CAR_WAS,WAS,CAR,23.0,17.0,6.0,0.4198892740269105,1,False
2018,6,2018_06_LA_DEN,DEN,LA,20.0,23.0,-3.0,0.18998671849134466,0,False
2018,6,2018_06_JAX_DAL,DAL,JAX,40.0,7.0,33.0,0.4667210953898482,1,False
2018,6,2018_06_BAL_TEN,TEN,BAL,0.0,21.0,-21.0,0.40728292773433017,0,False
2018,6,2018_06_KC_NE,NE,KC,43.0,40.0,3.0,0.502394520540062,1,False
2018,6,2018_06_SF_GB,GB,SF,33.0,30.0,3.0,0.5624995864587533,1,False
2018,7,2018_07_DEN_ARI,ARI,DEN,10.0,45.0,-35.0,0.6142602183989013,0,False
2018,7,2018_07_NE_CHI,CHI,NE,31.0,38.0,-7.0,0.36408610658378443,0,False
2018,7,2018_07_BUF_IND,IND,BUF,37.0,5.0,32.0,0.5392771443678167,1,False
2018,7,2018_07_HOU_JAX,JAX,HOU,7.0,20.0,-13.0,0.6662300103847818,0,False
2018,7,2018_07_DET_MIA,MIA,DET,21.0,32.0,-11.0,0.46969975519298596,0,False
2018,7,2018_07_MIN_NYJ,NYJ,MIN,17.0,37.0,-20.0,0.39679532889570285,0,False
2018,7,2018_07_CAR_PHI,PHI,CAR,17.0,21.0,-4.0,0.6294714939359225,0,False
2018,7,2018_07_CLE_TB,TB,CLE,26.0,23.0,3.0,0.7226521881381497,1,False
2018,7,2018_07_NO_BAL,BAL,NO,23.0,24.0,-1.0,0.5730693747300989,0,False
2018,7,2018_07_LA_SF,SF,LA,10.0,39.0,-29.0,0.2401758710664759,0,False
2018,7,2018_07_DAL_WAS,WAS,DAL,20.0,17.0,3.0,0.5179949911416265,1,False
2018,7,2018_07_CIN_KC,KC,CIN,45.0,10.0,35.0,0.7493037344515776,1,False
2018,7,2018_07_TEN_LAC,LAC,TEN,20.0,19.0,1.0,0.694381674417864,1,True
2018,7,2018_07_NYG_ATL,ATL,NYG,23.0,20.0,3.0,0.7790587870294848,1,False
2018,8,2018_08_MIA_HOU,HOU,MIA,42.0,23.0,19.0,0.6103855734833513,1,False
2018,8,2018_08_BAL_CAR,CAR,BAL,36.0,21.0,15.0,0.4707235843967055,1,False
2018,8,2018_08_NYJ_CHI,CHI,NYJ,24.0,10.0,14.0,0.6746491661059647,1,False
2018,8,2018_08_TB_CIN,CIN,TB,37.0,34.0,3.0,0.6192832877239594,1,False
2018,8,2018_08_SEA_DET,DET,SEA,14.0,28.0,-14.0,0.5281957600351019,0,False
2018,8,2018_08_DEN_KC,KC,DEN,30.0,23.0,7.0,0.8575971247522938,1,False
2018,8,2018_08_WAS_NYG,NYG,WAS,13.0,20.0,-7.0,0.3331005737428172,0,False
2018,8,2018_08_CLE_PIT,PIT,CLE,33.0,18.0,15.0,0.8921494125025574,1,False
2018,8,2018_08_IND_OAK,OAK,IND,28.0,42.0,-14.0,0.41323347104687713,0,False
2018,8,2018_08_SF_ARI,ARI,SF,18.0,15.0,3.0,0.5041193976406557,1,False
2018,8,2018_08_GB_LA,LA,GB,29.0,27.0,2.0,0.855110373759,1,False
2018,8,2018_08_NO_MIN,MIN,NO,20.0,30.0,-10.0,0.532445363092604,0,False
2018,8,2018_08_PHI_JAX,JAX,PHI,18.0,24.0,-6.0,0.3348022242201166,0,True
2018,8,2018_08_NE_BUF,BUF,NE,6.0,25.0,-19.0,0.16932150647542626,0,False
2018,9,2018_09_OAK_SF,SF,OAK,34.0,3.0,31.0,0.6309224137095291,1,False
2018,9,2018_09_PIT_BAL,BAL,PIT,16.0,23.0,-7.0,0.5195958109994641,0,False
2018,9,2018_09_CHI_BUF,BUF,CHI,9.0,41.0,-32.0,0.2730840065144394,0,False
2018,9,2018_09_TB_CAR,CAR,TB,42.0,28.0,14.0,0.7674180885301872,1,False
2018,9,2018_09_KC_CLE,CLE,KC,21.0,37.0,-16.0,0.1064495056134195,0,False
2018,9,2018_09_NYJ_MIA,MIA,NYJ,13.0,6.0,7.0,0.5380503627034915,1,False
2018,9,2018_09_DET_MIN,MIN,DET,24.0,9.0,15.0,0.6472705791378204,1,False
2018,9,2018_09_ATL_WAS,WAS,ATL,14.0,38.0,-24.0,0.5664854396121046,0,False
2018,9,2018_09_HOU_DEN,DEN,HOU,17.0,19.0,-2.0,0.46641128419655165,0,False
2018,9,2018_09_LAC_SEA,SEA,LAC,17.0,25.0,-8.0,0.5521910017662273,0,False
2018,9,2018_09_LA_NO,NO,LA,45.0,35.0,10.0,0.4645210048644309,1,False
2018,9,2018_09_GB_NE,NE,GB,31.0,17.0,14.0,0.8293478648767171,1,False
2018,9,2018_09_TEN_DAL,DAL,TEN,14.0,28.0,-14.0,0.6755728954525548,0,False
2018,10,2018_10_CAR_PIT,PIT,CAR,52.0,21.0,31.0,0.6023568299108123,1,False
2018,10,2018_10_DET_CHI,CHI,DET,34.0,22.0,12.0,0.7324596845815862,1,False
2018,10,2018_10_NO_CIN,CIN,NO,14.0,51.0,-37.0,0.29615601351327075,0,False
2018,10,2018_10_ATL_CLE,CLE,ATL,28.0,16.0,12.0,0.21123993995393606,1,False
2018,10,2018_10_JAX_IND,IND,JAX,29.0,26.0,3.0,0.6069072242306749,1,False
2018,10,2018_10_ARI_KC,KC,ARI,26.0,14.0,12.0,0.927443942141777,1,False
2018,10,2018_10_BUF_NYJ,NYJ,BUF,10.0,41.0,-31.0,0.6674214172198072,0,False
2018,10,2018_10_WAS_TB,TB,WAS,3.0,16.0,-13.0,0.45175824583620966,0,False
2018,10,2018_10_NE_TEN,TEN,NE,34.0,10.0,24.0,0.2999940342950929,1,False
2018,10,2018_10_LAC_OAK,OAK,LAC,6.0,20.0,-14.0,0.1506742587135418,0,False
2018,10,2018_10_MIA_GB,GB,MIA,31.0,12.0,19.0,0.6179475929869125,1,False
2018,10,2018_10_SEA_LA,LA,SEA,36.0,31.0,5.0,0.7138646064241565,1,False
2018,10,2018_10_DAL_PHI,PHI,DAL,20.0,27.0,-7.0,0.6855637852499877,0,False
2018,10,2018_10_NYG_SF,SF,NYG,23.0,27.0,-4.0,0.6692771674211295,0,False
2018,11,2018_11_GB_SEA,SEA,GB,27.0,24.0,3.0,0.6660628099613859,1,False
2018,11,2018_11_DAL_ATL,ATL,DAL,19.0,22.0,-3.0,0.5558975074910799,0,False
2018,11,2018_11_CIN_BAL,BAL,CIN,24.0,21.0,3.0,0.7131315910762507,1,False
2018,11,2018_11_CAR_DET,DET,CAR,20.0,19.0,1.0,0.419341265032663,1,False
2018,11,2018_11_TEN_IND,IND,TEN,38.0,10.0,28.0,0.45868674300577433,1,False
2018,11,2018_11_PIT_JAX,JAX,PIT,16.0,20.0,-4.0,0.20490872659133436,0,False
2018,11,2018_11_TB_NYG,NYG,TB,38.0,35.0,3.0,0.548365027489041,1,False
2018,11,2018_11_HOU_WAS,WAS,HOU,21.0,23.0,-2.0,0.533750479913743,0,False
2018,11,2018_11_OAK_ARI,ARI,OAK,21.0,23.0,-2.0,0.6743694150724968,0,False
2018,11,2018_11_DEN_LAC,LAC,DEN,22.0,23.0,-1.0,0.824175599401487,0,False
2018,11,2018_11_PHI_NO,NO,PHI,48.0,7.0,41.0,0.7995109576137784,1,False
2018,11,2018_11_MIN_CHI,CHI,MIN,25.0,20.0,5.0,0.605447032857918,1,False
2018,11,2018_11_KC_LA,LA,KC,54.0,51.0,3.0,0.46129255439303546,1,False
2018,12,2018_12_CHI_DET,DET,CHI,16.0,23.0,-7.0,0.3484550118488906,0,False
2018,12,2018_12_WAS_DAL,DAL,WAS,31.0,23.0,8.0,0.6286489273440462,1,False
2018,12,2018_12_ATL_NO,NO,ATL,31.0,17.0,14.0,0.8764753563647024,1,False
2018,12,2018_12_OAK_BAL,BAL,OAK,34.0,17.0,17.0,0.8723665517782393,1,False
2018,12,2018_12_JAX_BUF,BUF,JAX,24.0,21.0,3.0,0.5346394405249043,1,False
2018,12,2018_12_SEA_CAR,CAR,SEA,27.0,30.0,-3.0,0.5562305597105146,0,False
2018,12,2018_12_CLE_CIN,CIN,CLE,20.0,35.0,-15.0,0.6749716803712993,0,False
2018,12,2018_12_NE_NYJ,NYJ,NE,13.0,27.0,-14.0,0.17589155665826436,0,False
2018,12,2018_12_NYG_PHI,PHI,NYG,25.0,22.0,3.0,0.7397415492047086,1,False
2018,12,2018_12_SF_TB,TB,SF,27.0,9.0,18.0,0.5248666156931974,1,False
2018,12,2018_12_ARI_LAC,LAC,ARI,45.0,10.0,35.0,0.8635976989520139,1,False
2018,12,2018_12_PIT_DEN,DEN,PIT,24.0,17.0,7.0,0.21219655634819184,1,False
2018,12,2018_12_MIA_IND,IND,MIA,27.0,24.0,3.0,0.7684162528186423,1,False
2018,12,2018_12_GB_MIN,MIN,GB,24.0,17.0,7.0,0.6982352300363543,1,False
2018,12,2018_12_TEN_HOU,HOU,TEN,34.0,17.0,17.0,0.6254557065834566,1,False
2018,13,2018_13_NO_DAL,DAL,NO,13.0,10.0,3.0,0.2521649937382146,1,False
2018,13,2018_13_BAL_ATL,ATL,BAL,16.0,26.0,-10.0,0.44216011434671904,0,False
2018,13,2018_13_DEN_CIN,CIN,DEN,10.0,24.0,-14.0,0.4236071044035172,0,False
2018,13,2018_13_LA_DET,DET,LA,16.0,30.0,-14.0,0.2594757210462484,0,False
2018,13,2018_13_ARI_GB,GB,ARI,17.0,20.0,-3.0,0.768684420153903,0,False
2018,13,2018_13_CLE_HOU,HOU,CLE,29.0,13.0,16.0,0.8169044504075029,1,False
2018,13,2018_13_IND_JAX,JAX,IND,6.0,0.0,6.0,0.343970264255095,1,False
2018,13,2018_13_BUF_MIA,MIA,BUF,21.0,17.0,4.0,0.5504263710216329,1,False
2018,13,2018_13_CHI_NYG,NYG,CHI,30.0,27.0,3.0,0.19943367160715136,1,False
2018,13,2018_13_CAR_TB,TB,CAR,24.0,17.0,7.0,0.3547386742367254,1,False
2018,13,2018_13_KC_OAK,OAK,KC,33.0,40.0,-7.0,0.08381538111264651,0,False
2018,13,2018_13_NYJ_TEN,TEN,NYJ,26.0,22.0,4.0,0.7612811177271691,1,False
2018,13,2018_13_MIN_NE,NE,MIN,24.0,10.0,14.0,0.6682235931365239,1,False
2018,13,2018_13_SF_SEA,SEA,SF,43.0,16.0,27.0,0.8337484062125804,1,False
2018,13,2018_13_LAC_PIT,PIT,LAC,30.0,33.0,-3.0,0.5699031960867799,0,False
2018,13,2018_13_WAS_PHI,PHI,WAS,28.0,13.0,15.0,0.6347793461741176,1,False
2018,14,2018_14_JAX_TEN,TEN,JAX,30.0,9.0,21.0,0.6755430321842082,1,False
2018,14,2018_14_NYJ_BUF,BUF,NYJ,23.0,27.0,-4.0,0.6479674300041122,0,False
2018,14,2018_14_CAR_CLE,CLE,CAR,26.0,20.0,6.0,0.3402936653630357,1,False
2018,14,2018_14_ATL_GB,GB,ATL,34.0,20.0,14.0,0.5376830417476592,1,False
2018,14,2018_14_IND_HOU,HOU,IND,21.0,24.0,-3.0,0.682430405607543,0,False
2018,14,2018_14_BAL_KC,KC,BAL,27.0,24.0,3.0,0.7477901025102941,1,False
2018,14,2018_14_NE_MIA,MIA,NE,34.0,33.0,1.0,0.2001310804047676,1,False
2018,14,2018_14_NO_TB,TB,NO,14.0,28.0,-14.0,0.16375631950952163,0,False
2018,14,2018_14_NYG_WAS,WAS,NYG,16.0,40.0,-24.0,0.654876285610482,0,False
2018,14,2018_14_CIN_LAC,LAC,CIN,26.0,21.0,5.0,0.9096698052971001,1,False
2018,14,2018_14_DEN_SF,SF,DEN,20.0,14.0,6.0,0.2993609160209436,1,False
2018,14,2018_14_DET_ARI,ARI,DET,3.0,17.0,-14.0,0.44533067294145307,0,False
2018,14,2018_14_PHI_DAL,DAL,PHI,29.0,23.0,6.0,0.6347775508846418,1,False
2018,14,2018_14_PIT_OAK,OAK,PIT,24.0,21.0,3.0,0.0999344888744809,1,False
2018,14,2018_14_LA_CHI,CHI,LA,15.0,6.0,9.0,0.4410955554066621,1,False
2018,14,2018_14_MIN_SEA,SEA,MIN,21.0,7.0,14.0,0.6170014891115458,1,False
2018,15,2018_15_LAC_KC,KC,LAC,28.0,29.0,-1.0,0.6206105258279534,0,False
2018,15,2018_15_HOU_NYJ,NYJ,HOU,22.0,29.0,-7.0,0.21698540010076314,0,False
2018,15,2018_15_CLE_DEN,DEN,CLE,16.0,17.0,-1.0,0.7384391811923474,0,False
2018,15,2018_15_ARI_ATL,ATL,ARI,40.0,14.0,26.0,0.7611186181694661,1,False
2018,15,2018_15_TB_BAL,BAL,TB,20.0,12.0,8.0,0.7576309965147531,1,False
2018,15,2018_15_DET_BUF,BUF,DET,14.0,13.0,1.0,0.43900168258040395,1,False
2018,15,2018_15_GB_CHI,CHI,GB,24.0,17.0,7.0,0.7642472107563919,1,False
2018,15,2018_15_OAK_CIN,CIN,OAK,30.0,16.0,14.0,0.631611229569008,1,False
2018,15,2018_15_DAL_IND,IND,DAL,23.0,0.0,23.0,0.4841966617929425,1,False
2018,15,2018_15_WAS_JAX,JAX,WAS,13.0,16.0,-3.0,0.527440791375962,0,False
2018,15,2018_15_MIA_MIN,MIN,MIA,41.0,17.0,24.0,0.7440574716651368,1,False
2018,15,2018_15_TEN_NYG,NYG,TEN,0.0,17.0,-17.0,0.47815801427444377,0,False
2018,15,2018_15_SEA_SF,SF,SEA,26.0,23.0,3.0,0.19248532994007345,1,False
2018,15,2018_15_NE_PIT,PIT,NE,17.0,10.0,7.0,0.5246820312646591,1,False
2018,15,2018_15_PHI_LA,LA,PHI,23.0,30.0,-7.0,0.7389398678410614,0,False
2018,15,2018_15_NO_CAR,CAR,NO,9.0,12.0,-3.0,0.19403027562566216,0,False
2018,16,2018_16_WAS_TEN,TEN,WAS,25.0,16.0,9.0,0.7646836716484516,1,False
2018,16,2018_16_BAL_LAC,LAC,BAL,10.0,22.0,-12.0,0.6990076406117136,0,False
2018,16,2018_16_ATL_CAR,CAR,ATL,10.0,24.0,-14.0,0.565694308240007,0,False
2018,16,2018_16_CIN_CLE,CLE,CIN,26.0,18.0,8.0,0.6334616271459734,1,False
2018,16,2018_16_TB_DAL,DAL,TB,27.0,20.0,7.0,0.7281831588429253,1,False
2018,16,2018_16_MIN_DET,DET,MIN,9.0,27.0,-18.0,0.35238821219262695,0,False
2018,16,2018_16_NYG_IND,IND,NYG,28.0,27.0,1.0,0.7936331275329349,1,False
2018,16,2018_16_JAX_MIA,MIA,JAX,7.0,17.0,-10.0,0.5591309653402249,0,False
2018,16,2018_16_BUF_NE,NE,BUF,24.0,12.0,12.0,0.8670078288399171,1,False
2018,16,2018_16_GB_NYJ,NYJ,GB,38.0,44.0,-6.0,0.33473477195176254,0,False
2018,16,2018_16_HOU_PHI,PHI,HOU,32.0,30.0,2.0,0.4780954047271251,1,False
2018,16,2018_16_LA_ARI,ARI,LA,9.0,31.0,-22.0,0.13721017055809193,0,False
2018,16,2018_16_CHI_SF,SF,CHI,9.0,14.0,-5.0,0.2066686024000554,0,False
2018,16,2018_16_PIT_NO,NO,PIT,31.0,28.0,3.0,0.7530432288248926,1,False
2018,16,2018_16_KC_SEA,SEA,KC,38.0,31.0,7.0,0.41191706535989725,1,False
2018,16,2018_16_DEN_OAK,OAK,DEN,27.0,14.0,13.0,0.2593270466114683,1,False
2018,17,2018_17_MIA_BUF,BUF,MIA,42.0,17.0,25.0,0.5962440079748851,1,False
2018,17,2018_17_DET_GB,GB,DET,0.0,31.0,-31.0,0.6711069637449135,0,False
2018,17,2018_17_JAX_HOU,HOU,JAX,20.0,3.0,17.0,0.7689020956476917,1,False
2018,17,2018_17_NYJ_NE,NE,NYJ,38.0,3.0,35.0,0.9119568249734877,1,False
2018,17,2018_17_CAR_NO,NO,CAR,14.0,33.0,-19.0,0.9152867369827249,0,False
2018,17,2018_17_DAL_NYG,NYG,DAL,35.0,36.0,-1.0,0.39354271098444094,0,False
2018,17,2018_17_ATL_TB,TB,ATL,32.0,34.0,-2.0,0.40668642656764936,0,False
2018,17,2018_17_CLE_BAL,BAL,CLE,26.0,24.0,2.0,0.7971689921219296,1,False
2018,17,2018_17_LAC_DEN,DEN,LAC,9.0,23.0,-14.0,0.2801690314217351,0,False
2018,17,2018_17_OAK_KC,KC,OAK,35.0,3.0,32.0,0.905073920792933,1,False
2018,17,2018_17_SF_LA,LA,SF,48.0,32.0,16.0,0.8407183560362952,1,False
2018,17,2018_17_CHI_MIN,MIN,CHI,10.0,24.0,-14.0,0.4824085823573231,0,False
2018,17,2018_17_CIN_PIT,PIT,CIN,16.0,13.0,3.0,0.8579653986608473,1,False
2018,17,2018_17_ARI_SEA,SEA,ARI,27.0,24.0,3.0,0.9148744457209921,1,False
2018,17,2018_17_PHI_WAS,WAS,PHI,0.0,24.0,-24.0,0.3354309507550557,0,False
2018,17,2018_17_IND_TEN,TEN,IND,17.0,33.0,-16.0,0.5623845979887546,0,False
2019,1,2019_01_GB_CHI,CHI,GB,3.0,10.0,-7.0,0.7701297446462053,0,False
2019,1,2019_01_LA_CAR,CAR,LA,27.0,30.0,-3.0,0.38512584050403853,0,False
2019,1,2019_01_TEN_CLE,CLE,TEN,13.0,43.0,-30.0,0.48495551876725473,0,False
2019,1,2019_01_KC_JAX,JAX,KC,26.0,40.0,-14.0,0.2836113319967557,0,False
2019,1,2019_01_BAL_MIA,MIA,BAL,10.0,59.0,-49.0,0.26709046404598985,0,False
2019,1,2019_01_ATL_MIN,MIN,ATL,28.0,12.0,16.0,0.6395481494906086,1,False
2019,1,2019_01_BUF_NYJ,NYJ,BUF,16.0,17.0,-1.0,0.3808942861784808,0,False
2019,1,2019_01_WAS_PHI,PHI,WAS,32.0,27.0,5.0,0.7592277287760051,1,False
2019,1,2019_01_IND_LAC,LAC,IND,30.0,24.0,6.0,0.6028560931001428,1,False
2019,1,2019_01_CIN_SEA,SEA,CIN,21.0,20.0,1.0,0.8190320790457265,1,False
2019,1,2019_01_DET_ARI,ARI,DET,27.0,27.0,0.0,0.3365296628615263,0,False
2019,1,2019_01_NYG_DAL,DAL,NYG,35.0,17.0,18.0,0.6834068949552613,1,False
2019,1,2019_01_SF_TB,TB,SF,17.0,31.0,-14.0,0.6023557982723157,0,False
2019,1,2019_01_PIT_NE,NE,PIT,33.0,3.0,30.0,0.6224402064598458,1,False
2019,1,2019_01_HOU_NO,NO,HOU,30.0,28.0,2.0,0.6941308251011898,1,False
2019,1,2019_01_DEN_OAK,OAK,DEN,24.0,16.0,8.0,0.4608775663167068,1,False
2019,2,2019_02_TB_CAR,CAR,TB,14.0,20.0,-6.0,0.6729212401108066,0,False
2019,2,2019_02_ARI_BAL,BAL,ARI,23.0,17.0,6.0,0.9062460990810567,1,False
2019,2,2019_02_SF_CIN,CIN,SF,17.0,41.0,-24.0,0.5635948497839016,0,False
2019,2,2019_02_LAC_DET,DET,LAC,13.0,10.0,3.0,0.39265893210711067,1,False
2019,2,2019_02_MIN_GB,GB,MIN,21.0,16.0,5.0,0.42675743506958796,1,False
2019,2,2019_02_JAX_HOU,HOU,JAX,13.0,12.0,1.0,0.7726857460598849,1,False
2019,2,2019_02_NE_MIA,MIA,NE,0.0,43.0,-43.0,0.14393202137553568,0,False
2019,2,2019_02_BUF_NYG,NYG,BUF,14.0,28.0,-14.0,0.47145716368681834,0,False
2019,2,2019_02_SEA_PIT,PIT,SEA,26.0,28.0,-2.0,0.4298974985810967,0,False
2019,2,2019_02_IND_TEN,TEN,IND,17.0,19.0,-2.0,0.5451906309657978,0,False
2019,2,2019_02_DAL_WAS,WAS,DAL,21.0,31.0,-10.0,0.29658771674504375,0,False
2019,2,2019_02_KC_OAK,OAK,KC,10.0,28.0,-18.0,0.24594185812978547,0,False
2019,2,2019_02_CHI_DEN,DEN,CHI,14.0,16.0,-2.0,0.3467355631893343,0,False
2019,2,2019_02_NO_LA,LA,NO,27.0,9.0,18.0,0.5396682073486799,1,False
2019,2,2019_02_PHI_ATL,ATL,PHI,24.0,20.0,4.0,0.4373565167050497,1,False
2019,2,2019_02_CLE_NYJ,NYJ,CLE,3.0,23.0,-20.0,0.4239116340566329,0,False
2019,3,2019_03_TEN_JAX,JAX,TEN,20.0,7.0,13.0,0.3410964302770302,1,False
2019,3,2019_03_CIN_BUF,BUF,CIN,21.0,17.0,4.0,0.7400771779900626,1,False
2019,3,2019_03_MIA_DAL,DAL,MIA,31.0,6.0,25.0,0.8969474101201785,1,False
2019,3,2019_03_DEN_GB,GB,DEN,27.0,16.0,11.0,0.6837244738161952,1,False
2019,3,2019_03_ATL_IND,IND,ATL,27.0,24.0,3.0,0.6584284695313195,1,False
2019,3,2019_03_BAL_KC,KC,BAL,33.0,28.0,5.0,0.5600535350374696,1,False
2019,3,2019_03_OAK_MIN,MIN,OAK,34.0,14.0,20.0,0.7899059485948513,1,False
2019,3,2019_03_NYJ_NE,NE,NYJ,30.0,14.0,16.0,0.9386778348813969,1,False
2019,3,2019_03_DET_PHI,PHI,DET,24.0,27.0,-3.0,0.6667046305246145,0,False
2019,3,2019_03_CAR_ARI,ARI,CAR,20.0,38.0,-18.0,0.3545310500951277,0,False
2019,3,2019_03_NYG_TB,TB,NYG,31.0,32.0,-1.0,0.633984074553334,0,False
2019,3,2019_03_HOU_LAC,LAC,HOU,20.0,27.0,-7.0,0.6247264396103342,0,False
2019,3,2019_03_NO_SEA,SEA,NO,27.0,33.0,-6.0,0.6373559527150976,0,False
2019,3,2019_03_PIT_SF,SF,PIT,24.0,20.0,4.0,0.5334511882274432,1,False
2019,3,2019_03_LA_CLE,CLE,LA,13.0,20.0,-7.0,0.2960758507316158,0,False
2019,3,2019_03_CHI_WAS,WAS,CHI,15.0,31.0,-16.0,0.25984949355710396,0,False
2019,4,2019_04_PHI_GB,GB,PHI,27.0,34.0,-7.0,0.5097451177327365,0,False
2019,4,2019_04_TEN_ATL,ATL,TEN,10.0,24.0,-14.0,0.5032734748937101,0,False
2019,4,2019_04_CLE_BAL,BAL,CLE,25.0,40.0,-15.0,0.8192739841811734,0,False
2019,4,2019_04_NE_BUF,BUF,NE,10.0,16.0,-6.0,0.25774405067988904,0,False
2019,4,2019_04_KC_DET,DET,KC,30.0,34.0,-4.0,0.3564842711775146,0,False
2019,4,2019_04_CAR_HOU,HOU,CAR,10.0,16.0,-6.0,0.6811822441598502,0,False
2019,4,2019_04_OAK_IND,IND,OAK,24.0,31.0,-7.0,0.8218733566915551,0,False
2019,4,2019_04_LAC_MIA,MIA,LAC,10.0,30.0,-20.0,0.1752447630854043,0,False
2019,4,2019_04_WAS_NYG,NYG,WAS,24.0,3.0,21.0,0.6691692031313594,1,False
2019,4,2019_04_SEA_ARI,ARI,SEA,10.0,27.0,-17.0,0.201871075466529,0,False
2019,4,2019_04_TB_LA,LA,TB,40.0,55.0,-15.0,0.854308810101631,0,False
2019,4,2019_04_MIN_CHI,CHI,MIN,16.0,6.0,10.0,0.6043508816956241,1,False
2019,4,2019_04_JAX_DEN,DEN,JAX,24.0,26.0,-2.0,0.4811230734456328,0,False
2019,4,2019_04_DAL_NO,NO,DAL,12.0,10.0,2.0,0.5135817189305736,1,False
2019,4,2019_04_CIN_PIT,PIT,CIN,27.0,3.0,24.0,0.7177284792258839,1,False
2019,5,2019_05_LA_SEA,SEA,LA,30.0,29.0,1.0,0.550436196826057,1,False
2019,5,2019_05_JAX_CAR,CAR,JAX,34.0,27.0,7.0,0.6790664944403402,1,False
2019,5,2019_05_ARI_CIN,CIN,ARI,23.0,26.0,-3.0,0.6622521870329118,0,False
2019,5,2019_05_ATL_HOU,HOU,ATL,53.0,32.0,21.0,0.6679963686646738,1,False
2019,5,2019_05_TB_NO,NO,TB,31.0,24.0,7.0,0.742343635931149,1,False
2019,5,2019_05_MIN_NYG,NYG,MIN,10.0,28.0,-18.0,0.3971231570996432,0,False
2019,5,2019_05_CHI_OAK,OAK,CHI,24.0,21.0,3.0,0.20096805649008453,1,True
2019,5,2019_05_NYJ_PHI,PHI,NYJ,31.0,6.0,25.0,0.8623467901781081,1,False
2019,5,2019_05_BAL_PIT,PIT,BAL,23.0,26.0,-3.0,0.48060557773940665,0,False
2019,5,2019_05_BUF_TEN,TEN,BUF,7.0,14.0,-7.0,0.6639468825605718,0,False
2019,5,2019_05_NE_WAS,WAS,NE,7.0,33.0,-26.0,0.09496381720613564,0,False
2019,5,2019_05_DEN_LAC,LAC,DEN,13.0,20.0,-7.0,0.8251881499616192,0,False
2019,5,2019_05_GB_DAL,DAL,GB,24.0,34.0,-10.0,0.7053551170820888,0,False
2019,5,2019_05_IND_KC,KC,IND,13.0,19.0,-6.0,0.7566315519109814,0,False
2019,5,2019_05_CLE_SF,SF,CLE,31.0,3.0,28.0,0.5894268585618601,1,False
2019,6,2019_06_NYG_NE,NE,NYG,35.0,14.0,21.0,0.9247805923505911,1,False
2019,6,2019_06_CAR_TB,TB,CAR,26.0,37.0,-11.0,0.3624533667838025,0,True
2019,6,2019_06_CIN_BAL,BAL,CIN,23.0,17.0,6.0,0.8607719114930933,1,False
2019,6,2019_06_SEA_CLE,CLE,SEA,28.0,32.0,-4.0,0.3536521565758372,0,False
2019,6,2019_06_NO_JAX,JAX,NO,6.0,13.0,-7.0,0.357193004404196,0,False
2019,6,2019_06_HOU_KC,KC,HOU,24.0,31.0,-7.0,0.6780729018171988,0,False
2019,6,2019_06_WAS_MIA,MIA,WAS,16.0,17.0,-1.0,0.45117160244550136,0,False
2019,6,2019_06_PHI_MIN,MIN,PHI,38.0,20.0,18.0,0.5633601166792455,1,False
2019,6,2019_06_ATL_ARI,ARI,ATL,34.0,33.0,1.0,0.37693646400082087,1,False
2019,6,2019_06_SF_LA,LA,SF,7.0,20.0,-13.0,0.6246783226917225,0,False
2019,6,2019_06_TEN_DEN,DEN,TEN,16.0,0.0,16.0,0.383922808977471,1,False
2019,6,2019_06_DAL_NYJ,NYJ,DAL,24.0,22.0,2.0,0.1987177118607871,1,False
2019,6,2019_06_PIT_LAC,LAC,PIT,17.0,24.0,-7.0,0.6132101129375016,0,False
2019,6,2019_06_DET_GB,GB,DET,23.0,22.0,1.0,0.5577813908180334,1,False
2019,7,2019_07_KC_DEN,DEN,KC,6.0,30.0,-24.0,0.29785877799226756,0,False
2019,7,2019_07_LA_ATL,ATL,LA,10.0,37.0,-27.0,0.33851969903977164,0,False
2019,7,2019_07_MIA_BUF,BUF,MIA,31.0,21.0,10.0,0.8978144390827296,1,False
2019,7,2019_07_JAX_CIN,CIN,JAX,17.0,27.0,-10.0,0.40125817409715425,0,False
2019,7,2019_07_MIN_DET,DET,MIN,30.0,42.0,-12.0,0.4136897104302991,0,False
2019,7,2019_07_OAK_GB,GB,OAK,42.0,24.0,18.0,0.7346876354241882,1,False
2019,7,2019_07_HOU_IND,IND,HOU,30.0,23.0,7.0,0.5230332905784117,1,False
2019,7,2019_07_ARI_NYG,NYG,ARI,21.0,27.0,-6.0,0.6270580822082275,0,False
2019,7,2019_07_SF_WAS,WAS,SF,0.0,9.0,-9.0,0.18675328984824918,0,False
2019,7,2019_07_LAC_TEN,TEN,LAC,23.0,20.0,3.0,0.5045517773284908,1,False
2019,7,2019_07_NO_CHI,CHI,NO,25.0,36.0,-11.0,0.5646881538352544,0,False
2019,7,2019_07_BAL_SEA,SEA,BAL,16.0,30.0,-14.0,0.5656029902934133,0,False
2019,7,2019_07_PHI_DAL,DAL,PHI,37.0,10.0,27.0,0.5768126573966001,1,False
2019,7,2019_07_NE_NYJ,NYJ,NE,0.0,33.0,-33.0,0.06358856833829343,0,False
2019,8,2019_08_WAS_MIN,MIN,WAS,19.0,9.0,10.0,0.908230266497281,1,False
2019,8,2019_08_SEA_ATL,ATL,SEA,20.0,27.0,-7.0,0.2971286487879919,0,False
2019,8,2019_08_PHI_BUF,BUF,PHI,13.0,31.0,-18.0,0.6145880466852354,0,False
2019,8,2019_08_LAC_CHI,CHI,LAC,16.0,17.0,-1.0,0.6512628818936319,0,False
2019,8,2019_08_NYG_DET,DET,NYG,31.0,26.0,5.0,0.7442050176550363,1,False
2019,8,2019_08_DEN_IND,IND,DEN,15.0,13.0,2.0,0.7700544992671794,1,False
2019,8,2019_08_NYJ_JAX,JAX,NYJ,29.0,15.0,14.0,0.7967088066821081,1,False
2019,8,2019_08_CIN_LA,LA,CIN,24.0,10.0,14.0,0.8543129931221091,1,True
2019,8,2019_08_ARI_NO,NO,ARI,31.0,9.0,22.0,0.8532571397942289,1,False
2019,8,2019_08_TB_TEN,TEN,TB,27.0,23.0,4.0,0.634596743947797,1,False
2019,8,2019_08_CAR_SF,SF,CAR,51.0,13.0,38.0,0.6265098481184287,1,False
2019,8,2019_08_OAK_HOU,HOU,OAK,27.0,24.0,3.0,0.8012197834509537,1,False
2019,8,2019_08_CLE_NE,NE,CLE,27.0,13.0,14.0,0.9353573955788727,1,False
2019,8,2019_08_GB_KC,KC,GB,24.0,31.0,-7.0,0.7205348096352074,0,False
2019,8,2019_08_MIA_PIT,PIT,MIA,27.0,14.0,13.0,0.8992317666008602,1,False
2019,9,2019_09_SF_ARI,ARI,SF,25.0,28.0,-3.0,0.16452963387230363,0,False
2019,9,2019_09_HOU_JAX,JAX,HOU,3.0,26.0,-23.0,0.3752138276781488,0,True
2019,9,2019_09_WAS_BUF,BUF,WAS,24.0,9.0,15.0,0.8353599432727723,1,False
2019,9,2019_09_TEN_CAR,CAR,TEN,30.0,20.0,10.0,0.602321585653789,1,False
2019,9,2019_09_MIN_KC,KC,MIN,26.0,23.0,3.0,0.5127707209356466,1,False
2019,9,2019_09_NYJ_MIA,MIA,NYJ,26.0,18.0,8.0,0.5035493305345884,1,False
2019,9,2019_09_CHI_PHI,PHI,CHI,22.0,14.0,8.0,0.5341715985666715,1,False
2019,9,2019_09_IND_PIT,PIT,IND,26.0,24.0,2.0,0.5342010082275626,1,False
2019,9,2019_09_DET_OAK,OAK,DET,31.0,24.0,7.0,0.3504826885082943,1,False
2019,9,2019_09_TB_SEA,SEA,TB,40.0,34.0,6.0,0.7629056919440252,1,False
2019,9,2019_09_CLE_DEN,DEN,CLE,24.0,19.0,5.0,0.6018879740162112,1,False
2019,9,2019_09_GB_LAC,LAC,GB,26.0,11.0,15.0,0.4187395074171781,1,False
2019,9,2019_09_NE_BAL,BAL,NE,37.0,20.0,17.0,0.2936076405228914,1,False
2019,9,2019_09_DAL_NYG,NYG,DAL,18.0,37.0,-19.0,0.2071915293981031,0,False
2019,10,2019_10_LAC_OAK,OAK,LAC,26.0,24.0,2.0,0.39126465527264637,1,False
2019,10,2019_10_DET_CHI,CHI,DET,20.0,13.0,7.0,0.6499890702928467,1,False
2019,10,2019_10_BAL_CIN,CIN,BAL,13.0,49.0,-36.0,0.11200920843977212,0,False
2019,10,2019_10_BUF_CLE,CLE,BUF,19.0,16.0,3.0,0.35931830066472775,1,False
2019,10,2019_10_ATL_NO,NO,ATL,9.0,26.0,-17.0,0.9025338137236081,0,False
2019,10,2019_10_NYG_NYJ,NYJ,NYG,34.0,27.0,7.0,0.44137420802878496,1,False
2019,10,2019_10_ARI_TB,TB,ARI,30.0,27.0,3.0,0.6674474005654224,1,False
2019,10,2019_10_KC_TEN,TEN,KC,35.0,32.0,3.0,0.32916589351016406,1,False
2019,10,2019_10_MIA_IND,IND,MIA,12.0,16.0,-4.0,0.8989743488126637,0,False
2019,10,2019_10_CAR_GB,GB,CAR,24.0,16.0,8.0,0.6131187217917702,1,False
2019,10,2019_10_LA_PIT,PIT,LA,17.0,12.0,5.0,0.4997583983574732,1,False
2019,10,2019_10_MIN_DAL,DAL,MIN,24.0,28.0,-4.0,0.5798478175350131,0,False
2019,10,2019_10_SEA_SF,SF,SEA,24.0,27.0,-3.0,0.7249751170970271,0,False
2019,11,2019_11_PIT_CLE,CLE,PIT,21.0,7.0,14.0,0.3088616881375928,1,False
2019,11,2019_11_HOU_BAL,BAL,HOU,41.0,7.0,34.0,0.6533893219659352,1,False
2019,11,2019_11_ATL_CAR,CAR,ATL,3.0,29.0,-26.0,0.7137776052120574,0,False
2019,11,2019_11_DAL_DET,DET,DAL,27.0,35.0,-8.0,0.33515946689923837,0,False
2019,11,2019_11_JAX_IND,IND,JAX,33.0,13.0,20.0,0.6741911829509862,1,False
2019,11,2019_11_BUF_MIA,MIA,BUF,20.0,37.0,-17.0,0.2786238583705578,0,False
2019,11,2019_11_DEN_MIN,MIN,DEN,27.0,23.0,4.0,0.8256839083266961,1,False
2019,11,2019_11_NO_TB,TB,NO,17.0,34.0,-17.0,0.3157853354936174,0,False
2019,11,2019_11_NYJ_WAS,WAS,NYJ,17.0,34.0,-17.0,0.5748086208841953,0,False
2019,11,2019_11_ARI_SF,SF,ARI,36.0,26.0,10.0,0.9090481895337749,1,False
2019,11,2019_11_CIN_OAK,OAK,CIN,17.0,10.0,7.0,0.8011895282721578,1,False
2019,11,2019_11_NE_PHI,PHI,NE,10.0,17.0,-7.0,0.2860581012412154,0,False
2019,11,2019_11_CHI_LA,LA,CHI,17.0,7.0,10.0,0.6256252408045816,1,False
2019,11,2019_11_KC_LAC,LAC,KC,17.0,24.0,-7.0,0.4132467029439544,0,True
2019,12,2019_12_IND_HOU,HOU,IND,20.0,17.0,3.0,0.5596720501159294,1,False
2019,12,2019_12_TB_ATL,ATL,TB,22.0,35.0,-13.0,0.6513364112056284,0,False
2019,12,2019_12_DEN_BUF,BUF,DEN,20.0,3.0,17.0,0.6978964597152347,1,False
2019,12,2019_12_NYG_CHI,CHI,NYG,19.0,14.0,5.0,0.8178451727661645,1,False
2019,12,2019_12_PIT_CIN,CIN,PIT,10.0,16.0,-6.0,0.1665985269154255,0,False
2019,12,2019_12_MIA_CLE,CLE,MIA,41.0,24.0,17.0,0.7533865834786831,1,False
2019,12,2019_12_CAR_NO,NO,CAR,34.0,31.0,3.0,0.8022463035625008,1,False
2019,12,2019_12_OAK_NYJ,NYJ,OAK,34.0,3.0,31.0,0.3721265032138165,1,False
2019,12,2019_12_SEA_PHI,PHI,SEA,9.0,17.0,-8.0,0.4825995629753353,0,False
2019,12,2019_12_DET_WAS,WAS,DET,19.0,16.0,3.0,0.3072737638853352,1,False
2019,12,2019_12_JAX_TEN,TEN,JAX,42.0,20.0,22.0,0.6417387171060333,1,False
2019,12,2019_12_DAL_NE,NE,DAL,13.0,9.0,4.0,0.725873941281921,1,False
2019,12,2019_12_GB_SF,SF,GB,37.0,8.0,29.0,0.6873162125400207,1,False
2019,12,2019_12_BAL_LA,LA,BAL,6.0,45.0,-39.0,0.395571281261517,0,False
2019,13,2019_13_CHI_DET,DET,CHI,20.0,24.0,-4.0,0.4069239757575133,0,False
2019,13,2019_13_BUF_DAL,DAL,BUF,15.0,26.0,-11.0,0.6178882390227964,0,False
2019,13,2019_13_NO_ATL,ATL,NO,18.0,26.0,-8.0,0.25460063388372167,0,False
2019,13,2019_13_SF_BAL,BAL,SF,20.0,17.0,3.0,0.6565134415682246,1,False
2019,13,2019_13_WAS_CAR,CAR,WAS,21.0,29.0,-8.0,0.7876897422886023,0,False
2019,13,2019_13_NYJ_CIN,CIN,NYJ,22.0,6.0,16.0,0.3427770820805583,1,False
2019,13,2019_13_TEN_IND,IND,TEN,17.0,31.0,-14.0,0.609557169797849,0,False
2019,13,2019_13_TB_JAX,JAX,TB,11.0,28.0,-17.0,0.47508791774064213,0,False
2019,13,2019_13_PHI_MIA,MIA,PHI,37.0,31.0,6.0,0.2638625023978695,1,False
2019,13,2019_13_GB_NYG,NYG,GB,13.0,31.0,-18.0,0.26153359541136395,0,False
2019,13,2019_13_CLE_PIT,PIT,CLE,20.0,13.0,7.0,0.7012056365058453,1,False
2019,13,2019_13_LA_ARI,ARI,LA,7.0,34.0,-27.0,0.29023949676352806,0,False
2019,13,2019_13_LAC_DEN,DEN,LAC,23.0,20.0,3.0,0.41126013390810146,1,False
2019,13,2019_13_OAK_KC,KC,OAK,40.0,9.0,31.0,0.8076454553429859,1,False
2019,13,2019_13_NE_HOU,HOU,NE,28.0,22.0,6.0,0.32867589882939896,1,False
2019,13,2019_13_MIN_SEA,SEA,MIN,37.0,30.0,7.0,0.5390726189956472,1,False
2019,14,2019_14_DAL_CHI,CHI,DAL,31.0,24.0,7.0,0.5203312423935929,1,False
2019,14,2019_14_CAR_ATL,ATL,CAR,40.0,20.0,20.0,0.5954299496515482,1,False
2019,14,2019_14_BAL_BUF,BUF,BAL,17.0,24.0,-7.0,0.27572932823064616,0,False
2019,14,2019_14_CIN_CLE,CLE,CIN,27.0,19.0,8.0,0.7667523625957561,1,False
2019,14,2019_14_WAS_GB,GB,WAS,20.0,15.0,5.0,0.8478610713911182,1,False
2019,14,2019_14_DEN_HOU,HOU,DEN,24.0,38.0,-14.0,0.7856007587103281,0,False
2019,14,2019_14_DET_MIN,MIN,DET,20.0,7.0,13.0,0.8460161968295952,1,False
2019,14,2019_14_SF_NO,NO,SF,46.0,48.0,-2.0,0.560644982652534,0,False
2019,14,2019_14_MIA_NYJ,NYJ,MIA,22.0,21.0,1.0,0.6144892522501376,1,False
2019,14,2019_14_IND_TB,TB,IND,38.0,35.0,3.0,0.4832165768895373,1,False
2019,14,2019_14_LAC_JAX,JAX,LAC,10.0,45.0,-35.0,0.3599961811066346,0,False
2019,14,2019_14_PIT_ARI,ARI,PIT,17.0,23.0,-6.0,0.22113572813219978,0,False
2019,14,2019_14_KC_NE,NE,KC,16.0,23.0,-7.0,0.6589391400649883,0,False
2019,14,2019_14_TEN_OAK,OAK,TEN,21.0,42.0,-21.0,0.3125582082614447,0,False
2019,14,2019_14_SEA_LA,LA,SEA,28.0,12.0,16.0,0.4963279954801832,1,False
2019,14,2019_14_NYG_PHI,PHI,NYG,23.0,17.0,6.0,0.8357014304254395,1,False
2019,15,2019_15_NYJ_BAL,BAL,NYJ,42.0,21.0,21.0,0.9466041682053576,1,False
2019,15,2019_15_SEA_CAR,CAR,SEA,24.0,30.0,-6.0,0.2522481629714122,0,False
2019,15,2019_15_NE_CIN,CIN,NE,13.0,34.0,-21.0,0.1259845336401194,0,False
2019,15,2019_15_TB_DET,DET,TB,17.0,38.0,-21.0,0.41267564410018287,0,False
2019,15,2019_15_CHI_GB,GB,CHI,21.0,13.0,8.0,0.5944729665254896,1,False
2019,15,2019_15_DEN_KC,KC,DEN,23.0,3.0,20.0,0.8192069582104504,1,False
2019,15,2019_15_MIA_NYG,NYG,MIA,36.0,20.0,16.0,0.4583894868207012,1,False
2019,15,2019_15_HOU_TEN,TEN,HOU,21.0,24.0,-3.0,0.6419401795409985,0,False
2019,15,2019_15_PHI_WAS,WAS,PHI,27.0,37.0,-10.0,0.3594285229473224,0,False
2019,15,2019_15_CLE_ARI,ARI,CLE,38.0,24.0,14.0,0.3000437733870207,1,False
2019,15,2019_15_MIN_LAC,LAC,MIN,10.0,39.0,-29.0,0.42329845714318526,0,False
2019,15,2019_15_JAX_OAK,OAK,JAX,16.0,20.0,-4.0,0.6195847238651517,0,False
2019,15,2019_15_LA_DAL,DAL,LA,44.0,21.0,23.0,0.45390962870158985,1,False
2019,15,2019_15_ATL_SF,SF,ATL,22.0,29.0,-7.0,0.8114967552590183,0,False
2019,15,2019_15_BUF_PIT,PIT,BUF,10.0,17.0,-7.0,0.6027185986753797,0,False
2019,15,2019_15_IND_NO,NO,IND,34.0,7.0,27.0,0.7692870045142259,1,False
2019,16,2019_16_HOU_TB,TB,HOU,20.0,23.0,-3.0,0.5502837364819214,0,False
2019,16,2019_16_BUF_NE,NE,BUF,24.0,17.0,7.0,0.6845603696639146,1,False
2019,16,2019_16_LA_SF,SF,LA,34.0,31.0,3.0,0.6563920135775667,1,False
2019,16,2019_16_JAX_ATL,ATL,JAX,24.0,12.0,12.0,0.8085259060486666,1,False
2019,16,2019_16_BAL_CLE,CLE,BAL,15.0,31.0,-16.0,0.12245573946865874,0,False
2019,16,2019_16_CAR_IND,IND,CAR,38.0,6.0,32.0,0.7300479154922956,1,False
2019,16,2019_16_CIN_MIA,MIA,CIN,38.0,35.0,3.0,0.6352125361878965,1,False
2019,16,2019_16_PIT_NYJ,NYJ,PIT,16.0,10.0,6.0,0.31670544393234,1,False
2019,16,2019_16_NO_TEN,TEN,NO,28.0,38.0,-10.0,0.41759632620909587,0,False
2019,16,2019_16_NYG_WAS,WAS,NYG,35.0,41.0,-6.0,0.561669835858643,0,False
2019,16,2019_16_DET_DEN,DEN,DET,27.0,17.0,10.0,0.6710078899258494,1,False
2019,16,2019_16_OAK_LAC,LAC,OAK,17.0,24.0,-7.0,0.7885261776171405,0,False
2019,16,2019_16_DAL_PHI,PHI,DAL,17.0,9.0,8.0,0.44883932983565095,1,False
2019,16,2019_16_ARI_SEA,SEA,ARI,13.0,27.0,-14.0,0.8624949262501654,0,False
2019,16,2019_16_KC_CHI,CHI,KC,3.0,26.0,-23.0,0.32154357139305534,0,False
2019,16,2019_16_GB_MIN,MIN,GB,10.0,23.0,-13.0,0.6856513138570367,0,False
2019,17,2019_17_NYJ_BUF,BUF,NYJ,6.0,13.0,-7.0,0.7728216267904026,0,False
2019,17,2019_17_NO_CAR,CAR,NO,10.0,42.0,-32.0,0.12328664054590965,0,False
2019,17,2019_17_CLE_CIN,CIN,CLE,33.0,23.0,10.0,0.311315687620042,1,False
2019,17,2019_17_GB_DET,DET,GB,20.0,23.0,-3.0,0.19990273407349396,0,False
2019,17,2019_17_LAC_KC,KC,LAC,31.0,21.0,10.0,0.8509770144832361,1,False
2019,17,2019_17_CHI_MIN,MIN,CHI,19.0,21.0,-2.0,0.7391349755798765,0,False
2019,17,2019_17_MIA_NE,NE,MIA,24.0,27.0,-3.0,0.9007547170746825,0,False
2019,17,2019_17_ATL_TB,TB,ATL,22.0,28.0,-6.0,0.5153135581914563,0,False
2019,17,2019_17_PIT_BAL,BAL,PIT,28.0,10.0,18.0,0.9002650156183923,1,False
2019,17,2019_17_WAS_DAL,DAL,WAS,47.0,16.0,31.0,0.8524653312758195,1,False
2019,17,2019_17_OAK_DEN,DEN,OAK,16.0,15.0,1.0,0.7136944659781971,1,False
2019,17,2019_17_TEN_HOU,HOU,TEN,14.0,35.0,-21.0,0.5699061851552585,0,False
2019,17,2019_17_IND_JAX,JAX,IND,38.0,20.0,18.0,0.26909581537227323,1,False
2019,17,2019_17_ARI_LA,LA,ARI,31.0,24.0,7.0,0.7779093594003045,1,False
2019,17,2019_17_PHI_NYG,NYG,PHI,17.0,34.0,-17.0,0.269221021573873,0,False
2019,17,2019_17_SF_SEA,SEA,SF,21.0,26.0,-5.0,0.4870540824441176,0,False
2020,1,2020_01_HOU_KC,KC,HOU,34.0,20.0,14.0,0.7969602359018764,1,False
2020,1,2020_01_SEA_ATL,ATL,SEA,25.0,38.0,-13.0,0.6395439801822742,0,False
2020,1,2020_01_CLE_BAL,BAL,CLE,38.0,6.0,32.0,0.900936200535892,1,False
2020,1,2020_01_NYJ_BUF,BUF,NYJ,27.0,17.0,10.0,0.6372696638383143,1,False
2020,1,2020_01_LV_CAR,CAR,LV,30.0,34.0,-4.0,0.31882722227385035,0,False
2020,1,2020_01_CHI_DET,DET,CHI,23.0,27.0,-4.0,0.37560320923083407,0,False
2020,1,2020_01_IND_JAX,JAX,IND,27.0,20.0,7.0,0.40939396420734514,1,False
2020,1,2020_01_GB_MIN,MIN,GB,34.0,43.0,-9.0,0.5751049683270487,0,False
2020,1,2020_01_MIA_NE,NE,MIA,21.0,11.0,10.0,0.7912854264696888,1,False
2020,1,2020_01_PHI_WAS,WAS,PHI,27.0,17.0,10.0,0.2726700042673266,1,False
2020,1,2020_01_LAC_CIN,CIN,LAC,13.0,16.0,-3.0,0.414508172482914,0,False
2020,1,2020_01_TB_NO,NO,TB,34.0,23.0,11.0,0.7577368802695507,1,False
2020,1,2020_01_ARI_SF,SF,ARI,20.0,24.0,-4.0,0.7864651000611781,0,False
2020,1,2020_01_DAL_LA,LA,DAL,20.0,17.0,3.0,0.5382832185283541,1,False
2020,1,2020_01_PIT_NYG,NYG,PIT,16.0,26.0,-10.0,0.4062894866371294,0,False
2020,1,2020_01_TEN_DEN,DEN,TEN,14.0,16.0,-2.0,0.4219842125494196,0,False
2020,2,2020_02_CIN_CLE,CLE,CIN,35.0,30.0,5.0,0.597970130000043,1,False
2020,2,2020_02_NYG_CHI,CHI,NYG,17.0,13.0,4.0,0.7538138861830377,1,False
2020,2,2020_02_ATL_DAL,DAL,ATL,40.0,39.0,1.0,0.5894336577176358,1,False
2020,2,2020_02_DET_GB,GB,DET,42.0,21.0,21.0,0.8480152681262424,1,False
2020,2,2020_02_MIN_IND,IND,MIN,28.0,11.0,17.0,0.4262908338709958,1,False
2020,2,2020_02_BUF_MIA,MIA,BUF,28.0,31.0,-3.0,0.3110552919893961,0,False
2020,2,2020_02_SF_NYJ,NYJ,SF,13.0,31.0,-18.0,0.39549390716462607,0,False
2020,2,2020_02_LA_PHI,PHI,LA,19.0,37.0,-18.0,0.5201366977679788,0,False
2020,2,2020_02_DEN_PIT,PIT,DEN,26.0,21.0,5.0,0.6268778937349572,1,False
2020,2,2020_02_CAR_TB,TB,CAR,31.0,17.0,14.0,0.7910490079347391,1,False
2020,2,2020_02_JAX_TEN,TEN,JAX,33.0,30.0,3.0,0.8121163905694242,1,False
2020,2,2020_02_WAS_ARI,ARI,WAS,30.0,15.0,15.0,0.6582053668644573,1,False
2020,2,2020_02_BAL_HOU,HOU,BAL,16.0,33.0,-17.0,0.15724698673631368,0,False
2020,2,2020_02_KC_LAC,LAC,KC,20.0,23.0,-3.0,0.24796357701664798,0,False
2020,2,2020_02_NE_SEA,SEA,NE,35.0,30.0,5.0,0.4863023529943583,1,False
2020,2,2020_02_NO_LV,LV,NO,34.0,24.0,10.0,0.30559838291080116,1,False
2020,3,2020_03_MIA_JAX,JAX,MIA,13.0,31.0,-18.0,0.610612062343535,0,False
2020,3,2020_03_CHI_ATL,ATL,CHI,26.0,30.0,-4.0,0.5284211703079329,0,False
2020,3,2020_03_LA_BUF,BUF,LA,35.0,32.0,3.0,0.54740545406292,1,False
2020,3,2020_03_WAS_CLE,CLE,WAS,34.0,20.0,14.0,0.6279355030138024,1,False
2020,3,2020_03_TEN_MIN,MIN,TEN,30.0,31.0,-1.0,0.41603548141394775,0,False
2020,3,2020_03_LV_NE,NE,LV,36.0,20.0,16.0,0.6401343008610745,1,False
2020,3,2020_03_SF_NYG,NYG,SF,9.0,36.0,-27.0,0.24907961937430548,0,False
2020,3,2020_03_CIN_PHI,PHI,CIN,23.0,23.0,0.0,0.7161320990547192,0,False
2020,3,2020_03_HOU_PIT,PIT,HOU,28.0,21.0,7.0,0.6869529816351605,1,False
2020,3,2020_03_NYJ_IND,IND,NYJ,36.0,7.0,29.0,0.6586374793686163,1,False
2020,3,2020_03_CAR_LAC,LAC,CAR,16.0,21.0,-5.0,0.7727627070251496,0,False
2020,3,2020_03_DET_ARI,ARI,DET,23.0,26.0,-3.0,0.7575097633380461,0,False
2020,3,2020_03_TB_DEN,DEN,TB,10.0,28.0,-18.0,0.4515860840884594,0,False
2020,3,2020_03_DAL_SEA,SEA,DAL,38.0,31.0,7.0,0.6100252065225891,1,False
2020,3,2020_03_GB_NO,NO,GB,30.0,37.0,-7.0,0.5999633950960771,0,False
2020,3,2020_03_KC_BAL,BAL,KC,20.0,34.0,-14.0,0.6615059541290131,0,False
2020,4,2020_04_DEN_NYJ,NYJ,DEN,28.0,37.0,-9.0,0.430509086543688,0,False
2020,4,2020_04_ARI_CAR,CAR,ARI,31.0,21.0,10.0,0.35817050899028785,1,False
2020,4,2020_04_JAX_CIN,CIN,JAX,33.0,25.0,8.0,0.5768822698983853,1,False
2020,4,2020_04_CLE_DAL,DAL,CLE,38.0,49.0,-11.0,0.7113207586472714,0,False
2020,4,2020_04_NO_DET,DET,NO,29.0,35.0,-6.0,0.21193831877839017,0,False
2020,4,2020_04_MIN_HOU,HOU,MIN,23.0,31.0,-8.0,0.4733377976379569,0,False
2020,4,2020_04_SEA_MIA,MIA,SEA,23.0,31.0,-8.0,0.3621395726121141,0,False
2020,4,2020_04_LAC_TB,TB,LAC,38.0,31.0,7.0,0.7245401118049796,1,False
2020,4,2020_04_BAL_WAS,WAS,BAL,17.0,31.0,-14.0,0.12115356774098815,0,False
2020,4,2020_04_NYG_LA,LA,NYG,17.0,9.0,8.0,0.861804748177938,1,False
2020,4,2020_04_IND_CHI,CHI,IND,11.0,19.0,-8.0,0.5972234875930326,0,False
2020,4,2020_04_BUF_LV,LV,BUF,23.0,30.0,-7.0,0.5045818995372284,0,False
2020,4,2020_04_PHI_SF,SF,PHI,20.0,25.0,-5.0,0.743057842412649,0,False
2020,4,2020_04_NE_KC,KC,NE,26.0,10.0,16.0,0.7513566609981848,1,False
2020,4,2020_04_ATL_GB,GB,ATL,30.0,16.0,14.0,0.7955863805345331,1,False
2020,5,2020_05_TB_CHI,CHI,TB,20.0,19.0,1.0,0.4892325977482681,1,False
2020,5,2020_05_CAR_ATL,ATL,CAR,16.0,23.0,-7.0,0.7266932076511298,0,False
2020,5,2020_05_CIN_BAL,BAL,CIN,27.0,3.0,24.0,0.9075708665207672,1,False
2020,5,2020_05_JAX_HOU,HOU,JAX,30.0,14.0,16.0,0.6097792042306579,1,False
2020,5,2020_05_LV_KC,KC,LV,32.0,40.0,-8.0,0.8700111995890126,0,False
2020,5,2020_05_ARI_NYJ,NYJ,ARI,10.0,30.0,-20.0,0.3686928930524522,0,False
2020,5,2020_05_PHI_PIT,PIT,PHI,38.0,29.0,9.0,0.6279157026194028,1,False
2020,5,2020_05_LA_WAS,WAS,LA,10.0,30.0,-20.0,0.20609237144429776,0,False
2020,5,2020_05_MIA_SF,SF,MIA,17.0,43.0,-26.0,0.7914316467104675,0,False
2020,5,2020_05_IND_CLE,CLE,IND,32.0,23.0,9.0,0.4219921565406848,1,False
2020,5,2020_05_NYG_DAL,DAL,NYG,37.0,34.0,3.0,0.786599245049259,1,False
2020,5,2020_05_MIN_SEA,SEA,MIN,27.0,26.0,1.0,0.6669940800145038,1,False
2020,5,2020_05_LAC_NO,NO,LAC,30.0,27.0,3.0,0.8182560215632738,1,False
2020,5,2020_05_BUF_TEN,TEN,BUF,42.0,16.0,26.0,0.6155753653712257,1,False
2020,6,2020_06_CHI_CAR,CAR,CHI,16.0,23.0,-7.0,0.416798465931484,0,False
2020,6,2020_06_CIN_IND,IND,CIN,31.0,27.0,4.0,0.776981919837021,1,False
2020,6,2020_06_DET_JAX,JAX,DET,16.0,34.0,-18.0,0.6083148014304279,0,False
2020,6,2020_06_ATL_MIN,MIN,ATL,23.0,40.0,-17.0,0.665483626196078,0,False
2020,6,2020_06_DEN_NE,NE,DEN,12.0,18.0,-6.0,0.7481030429325175,0,False
2020,6,2020_06_WAS_NYG,NYG,WAS,20.0,19.0,1.0,0.636781541504491,1,False
2020,6,2020_06_BAL_PHI,PHI,BAL,28.0,30.0,-2.0,0.20310812744488452,0,False
2020,6,2020_06_CLE_PIT,PIT,CLE,38.0,7.0,31.0,0.6898262752107891,1,False
2020,6,2020_06_HOU_TEN,TEN,HOU,42.0,36.0,6.0,0.8064976815230398,1,False
2020,6,2020_06_NYJ_MIA,MIA,NYJ,24.0,0.0,24.0,0.8028175855791286,1,False
2020,6,2020_06_GB_TB,TB,GB,38.0,10.0,28.0,0.3794213003839955,1,False
2020,6,2020_06_LA_SF,SF,LA,24.0,16.0,8.0,0.47045086465758584,1,False
2020,6,2020_06_KC_BUF,BUF,KC,17.0,26.0,-9.0,0.29813318446425635,0,False
2020,6,2020_06_ARI_DAL,DAL,ARI,10.0,38.0,-28.0,0.5845266820481438,0,False
2020,7,2020_07_NYG_PHI,PHI,NYG,22.0,21.0,1.0,0.7622742658725212,1,False
2020,7,2020_07_DET_ATL,ATL,DET,22.0,23.0,-1.0,0.6832277084529095,0,False
2020,7,2020_07_CLE_CIN,CIN,CLE,34.0,37.0,-3.0,0.47945140520840973,0,False
2020,7,2020_07_GB_HOU,HOU,GB,20.0,35.0,-15.0,0.28866502851758696,0,False
2020,7,2020_07_CAR_NO,NO,CAR,27.0,24.0,3.0,0.8571651172451916,1,False
2020,7,2020_07_BUF_NYJ,NYJ,BUF,10.0,18.0,-8.0,0.2548912284392819,0,False
2020,7,2020_07_PIT_TEN,TEN,PIT,24.0,27.0,-3.0,0.6000355716384532,0,False
2020,7,2020_07_DAL_WAS,WAS,DAL,25.0,3.0,22.0,0.338421181519396,1,False
2020,7,2020_07_TB_LV,LV,TB,20.0,45.0,-25.0,0.46338992922725974,0,False
2020,7,2020_07_KC_DEN,DEN,KC,16.0,43.0,-27.0,0.22980859516767788,0,False
2020,7,2020_07_JAX_LAC,LAC,JAX,39.0,29.0,10.0,0.6563062160136754,1,False
2020,7,2020_07_SF_NE,NE,SF,6.0,33.0,-27.0,0.5781447890115121,0,False
2020,7,2020_07_SEA_ARI,ARI,SEA,37.0,34.0,3.0,0.4827837714952776,1,False
2020,7,2020_07_CHI_LA,LA,CHI,24.0,10.0,14.0,0.6483152452866333,1,False
2020,8,2020_08_ATL_CAR,CAR,ATL,17.0,25.0,-8.0,0.5043820121182365,0,False
2020,8,2020_08_PIT_BAL,BAL,PIT,24.0,28.0,-4.0,0.7263060762554849,0,False
2020,8,2020_08_NE_BUF,BUF,NE,24.0,21.0,3.0,0.6014736040355035,1,False
2020,8,2020_08_TEN_CIN,CIN,TEN,31.0,20.0,11.0,0.23536351510582826,1,False
2020,8,2020_08_LV_CLE,CLE,LV,6.0,16.0,-10.0,0.56384698953901,0,False
2020,8,2020_08_IND_DET,DET,IND,21.0,41.0,-20.0,0.3520099138734904,0,False
2020,8,2020_08_MIN_GB,GB,MIN,22.0,28.0,-6.0,0.820384075669609,0,False
2020,8,2020_08_NYJ_KC,KC,NYJ,35.0,9.0,26.0,0.9607520125807149,1,False
2020,8,2020_08_LA_MIA,MIA,LA,28.0,17.0,11.0,0.42818094341929785,1,False
2020,8,2020_08_LAC_DEN,DEN,LAC,31.0,30.0,1.0,0.5839555363774148,1,False
2020,8,2020_08_NO_CHI,CHI,NO,23.0,26.0,-3.0,0.41430936917483197,0,False
2020,8,2020_08_SF_SEA,SEA,SF,37.0,27.0,10.0,0.5368048620659661,1,False
2020,8,2020_08_DAL_PHI,PHI,DAL,23.0,9.0,14.0,0.6627684112414479,1,False
2020,8,2020_08_TB_NYG,NYG,TB,23.0,25.0,-2.0,0.1509277451724978,0,False
2020,9,2020_09_GB_SF,SF,GB,17.0,34.0,-17.0,0.5320135119025666,0,False
2020,9,2020_09_DEN_ATL,ATL,DEN,34.0,27.0,7.0,0.6154166156066969,1,False
2020,9,2020_09_SEA_BUF,BUF,SEA,44.0,34.0,10.0,0.43905867642064883,1,False
2020,9,2020_09_BAL_IND,IND,BAL,10.0,24.0,-14.0,0.3711757747965332,0,False
2020,9,2020_09_HOU_JAX,JAX,HOU,25.0,27.0,-2.0,0.45715836827811335,0,False
2020,9,2020_09_CAR_KC,KC,CAR,33.0,31.0,2.0,0.9100585933950267,1,False
2020,9,2020_09_DET_MIN,MIN,DET,34.0,20.0,14.0,0.6849814706407953,1,False
2020,9,2020_09_CHI_TEN,TEN,CHI,24.0,17.0,7.0,0.6783744296743816,1,False
2020,9,2020_09_NYG_WAS,WAS,NYG,20.0,23.0,-3.0,0.6038986713347297,0,False
2020,9,2020_09_LV_LAC,LAC,LV,26.0,31.0,-5.0,0.472120148294053,0,False
2020,9,2020_09_MIA_ARI,ARI,MIA,31.0,34.0,-3.0,0.5610560381070936,0,False
2020,9,2020_09_PIT_DAL,DAL,PIT,19.0,24.0,-5.0,0.16880993241971998,0,False
2020,9,2020_09_NO_TB,TB,NO,3.0,38.0,-35.0,0.6093437027888836,0,False
2020,9,2020_09_NE_NYJ,NYJ,NE,27.0,30.0,-3.0,0.21180780490359172,0,False
2020,10,2020_10_IND_TEN,TEN,IND,17.0,34.0,-17.0,0.602820467611088,0,False
2020,10,2020_10_TB_CAR,CAR,TB,23.0,46.0,-23.0,0.2963422250078165,0,False
2020,10,2020_10_HOU_CLE,CLE,HOU,10.0,7.0,3.0,0.6139550576804225,1,False
2020,10,2020_10_WAS_DET,DET,WAS,30.0,27.0,3.0,0.5906265977079788,1,False
2020,10,2020_10_JAX_GB,GB,JAX,24.0,20.0,4.0,0.9137620162365524,1,False
2020,10,2020_10_PHI_NYG,NYG,PHI,27.0,17.0,10.0,0.37131400041949847,1,False
2020,10,2020_10_BUF_ARI,ARI,BUF,32.0,30.0,2.0,0.5546213148510254,1,False
2020,10,2020_10_DEN_LV,LV,DEN,37.0,12.0,25.0,0.7099464055889938,1,False
2020,10,2020_10_LAC_MIA,MIA,LAC,29.0,21.0,8.0,0.7560177499509619,1,False
2020,10,2020_10_SEA_LA,LA,SEA,23.0,16.0,7.0,0.5485322753404939,1,False
2020,10,2020_10_SF_NO,NO,SF,27.0,13.0,14.0,0.7240876985766943,1,False
2020,10,2020_10_CIN_PIT,PIT,CIN,36.0,10.0,26.0,0.873851138256987,1,False
2020,10,2020_10_BAL_NE,NE,BAL,23.0,17.0,6.0,0.24645886301191247,1,False
2020,10,2020_10_MIN_CHI,CHI,MIN,13.0,19.0,-6.0,0.5439465415751915,0,False
2020,11,2020_11_ARI_SEA,SEA,ARI,28.0,21.0,7.0,0.5830133405451993,1,False
2020,11,2020_11_TEN_BAL,BAL,TEN,24.0,30.0,-6.0,0.734653295587825,0,False
2020,11,2020_11_DET_CAR,CAR,DET,20.0,0.0,20.0,0.5849204132775362,1,False
2020,11,2020_11_PHI_CLE,CLE,PHI,22.0,17.0,5.0,0.6264271996866365,1,False
2020,11,2020_11_NE_HOU,HOU,NE,27.0,20.0,7.0,0.4408901732469327,1,False
2020,11,2020_11_PIT_JAX,JAX,PIT,3.0,27.0,-24.0,0.09265816848191673,0,False
2020,11,2020_11_ATL_NO,NO,ATL,24.0,9.0,15.0,0.7868123271041061,1,False
2020,11,2020_11_CIN_WAS,WAS,CIN,20.0,9.0,11.0,0.5121419416733466,1,False
2020,11,2020_11_MIA_DEN,DEN,MIA,20.0,13.0,7.0,0.2638226654907984,1,False
2020,11,2020_11_NYJ_LAC,LAC,NYJ,34.0,28.0,6.0,0.8113849733327783,1,False
2020,11,2020_11_GB_IND,IND,GB,34.0,31.0,3.0,0.5338682516735307,1,False
2020,11,2020_11_DAL_MIN,MIN,DAL,28.0,31.0,-3.0,0.8137259912623507,0,False
2020,11,2020_11_KC_LV,LV,KC,31.0,35.0,-4.0,0.30414382789912736,0,False
2020,11,2020_11_LA_TB,TB,LA,24.0,27.0,-3.0,0.6078989898032484,0,False
2020,12,2020_12_HOU_DET,DET,HOU,25.0,41.0,-16.0,0.4228416840154307,0,False
2020,12,2020_12_WAS_DAL,DAL,WAS,16.0,41.0,-25.0,0.5309149168461611,0,False
2020,12,2020_12_LV_ATL,ATL,LV,43.0,6.0,37.0,0.4858875756123704,1,False
2020,12,2020_12_LAC_BUF,BUF,LAC,27.0,17.0,10.0,0.7284337553069572,1,False
2020,12,2020_12_NYG_CIN,CIN,NYG,17.0,19.0,-2.0,0.520590806998526,0,False
2020,12,2020_12_TEN_IND,IND,TEN,26.0,45.0,-19.0,0.6339907104917575,0,False
2020,12,2020_12_CLE_JAX,JAX,CLE,25.0,27.0,-2.0,0.23101229337616125,0,False
2020,12,2020_12_CAR_MIN,MIN,CAR,28.0,27.0,1.0,0.705876526640295,1,False
2020,12,2020_12_ARI_NE,NE,ARI,20.0,17.0,3.0,0.5170761377440861,1,False
2020,12,2020_12_MIA_NYJ,NYJ,MIA,3.0,20.0,-17.0,0.13361747206019337,0,False
2020,12,2020_12_NO_DEN,DEN,NO,3.0,31.0,-28.0,0.18456540494014947,0,False
2020,12,2020_12_SF_LA,LA,SF,20.0,23.0,-3.0,0.7052694068081141,0,False
2020,12,2020_12_KC_TB,TB,KC,24.0,27.0,-3.0,0.34721595258708005,0,False
2020,12,2020_12_CHI_GB,GB,CHI,41.0,25.0,16.0,0.7547513748242994,1,False
2020,12,2020_12_SEA_PHI,PHI,SEA,17.0,23.0,-6.0,0.3827744392984011,0,False
2020,12,2020_12_BAL_PIT,PIT,BAL,19.0,14.0,5.0,0.709526506560188,1,False
2020,13,2020_13_NO_ATL,ATL,NO,16.0,21.0,-5.0,0.28533453819298454,0,False
2020,13,2020_13_DET_CHI,CHI,DET,30.0,34.0,-4.0,0.7100342615739487,0,False
2020,13,2020_13_IND_HOU,HOU,IND,20.0,26.0,-6.0,0.500754766198495,0,False
2020,13,2020_13_CIN_MIA,MIA,CIN,19.0,7.0,12.0,0.8546385070780574,1,False
2020,13,2020_13_JAX_MIN,MIN,JAX,27.0,24.0,3.0,0.8710715482080493,1,False
2020,13,2020_13_LV_NYJ,NYJ,LV,28.0,31.0,-3.0,0.20715637137011747,0,False
2020,13,2020_13_CLE_TEN,TEN,CLE,35.0,41.0,-6.0,0.7202512603940787,0,False
2020,13,2020_13_LA_ARI,ARI,LA,28.0,38.0,-10.0,0.4573544039258316,0,False
2020,13,2020_13_NYG_SEA,SEA,NYG,12.0,17.0,-5.0,0.7895720239818703,0,False
2020,13,2020_13_PHI_GB,GB,PHI,30.0,16.0,14.0,0.8058811060761951,1,False
2020,13,2020_13_NE_LAC,LAC,NE,0.0,45.0,-45.0,0.4643061797552862,0,False
2020,13,2020_13_DEN_KC,KC,DEN,22.0,16.0,6.0,0.9179169534766999,1,False
2020,13,2020_13_WAS_PIT,PIT,WAS,17.0,23.0,-6.0,0.8873971266336492,0,False
2020,13,2020_13_BUF_SF,SF,BUF,24.0,34.0,-10.0,0.401223460347097,0,True
2020,13,2020_13_DAL_BAL,BAL,DAL,34.0,17.0,17.0,0.895620192540348,1,False
2020,14,2020_14_NE_LA,LA,NE,24.0,3.0,21.0,0.6377896402866203,1,False
2020,14,2020_14_DEN_CAR,CAR,DEN,27.0,32.0,-5.0,0.6303749856510137,0,False
2020,14,2020_14_HOU_CHI,CHI,HOU,36.0,7.0,29.0,0.46950404213113345,1,False
2020,14,2020_14_DAL_CIN,CIN,DAL,7.0,30.0,-23.0,0.5918840961963059,0,False
2020,14,2020_14_TEN_JAX,JAX,TEN,10.0,31.0,-21.0,0.18578453817208732,0,False
2020,14,2020_14_KC_MIA,MIA,KC,27.0,33.0,-6.0,0.3736630996519741,0,False
2020,14,2020_14_ARI_NYG,NYG,ARI,7.0,26.0,-19.0,0.4978086860290416,0,False
2020,14,2020_14_MIN_TB,TB,MIN,26.0,14.0,12.0,0.6406728852314524,1,False
2020,14,2020_14_IND_LV,LV,IND,27.0,44.0,-17.0,0.48968306071877354,0,False
2020,14,2020_14_NYJ_SEA,SEA,NYJ,40.0,3.0,37.0,0.908928558019268,1,False
2020,14,2020_14_GB_DET,DET,GB,24.0,31.0,-7.0,0.1993436142883287,0,False
2020,14,2020_14_ATL_LAC,LAC,ATL,20.0,17.0,3.0,0.29890635371583923,1,False
2020,14,2020_14_NO_PHI,PHI,NO,24.0,21.0,3.0,0.14261054013414626,1,False
2020,14,2020_14_WAS_SF,SF,WAS,15.0,23.0,-8.0,0.48868559789636135,0,True
2020,14,2020_14_PIT_BUF,BUF,PIT,26.0,15.0,11.0,0.40066673451189794,1,False
2020,14,2020_14_BAL_CLE,CLE,BAL,42.0,47.0,-5.0,0.39280727074713934,0,False
2020,15,2020_15_LAC_LV,LV,LAC,27.0,30.0,-3.0,0.6843572868291835,0,False
2020,15,2020_15_BUF_DEN,DEN,BUF,19.0,48.0,-29.0,0.23499416988652352,0,False
2020,15,2020_15_CAR_GB,GB,CAR,24.0,16.0,8.0,0.8751708294220211,1,False
2020,15,2020_15_TB_ATL,ATL,TB,27.0,31.0,-4.0,0.46227150892413704,0,False
2020,15,2020_15_JAX_BAL,BAL,JAX,40.0,14.0,26.0,0.9256375598525652,1,False
2020,15,2020_15_SF_DAL,DAL,SF,41.0,33.0,8.0,0.37501565981730317,1,False
2020,15,2020_15_HOU_IND,IND,HOU,27.0,20.0,7.0,0.7939550616671226,1,False
2020,15,2020_15_NE_MIA,MIA,NE,22.0,12.0,10.0,0.6463574050244836,1,False
2020,15,2020_15_CHI_MIN,MIN,CHI,27.0,33.0,-6.0,0.6235459090934518,0,False
2020,15,2020_15_DET_TEN,TEN,DET,46.0,25.0,21.0,0.8589047219089321,1,False
2020,15,2020_15_SEA_WAS,WAS,SEA,15.0,20.0,-5.0,0.4706896791005457,0,False
2020,15,2020_15_PHI_ARI,ARI,PHI,33.0,26.0,7.0,0.6804498758518344,1,False
2020,15,2020_15_NYJ_LA,LA,NYJ,20.0,23.0,-3.0,0.9460543540137999,0,False
2020,15,2020_15_KC_NO,NO,KC,29.0,32.0,-3.0,0.5239806063850888,0,False
2020,15,2020_15_CLE_NYG,NYG,CLE,6.0,20.0,-14.0,0.45888339910099823,0,False
2020,15,2020_15_PIT_CIN,CIN,PIT,27.0,17.0,10.0,0.14040117303261157,1,False
2020,16,2020_16_MIN_NO,NO,MIN,52.0,33.0,19.0,0.8315286654858249,1,False
2020,16,2020_16_TB_DET,DET,TB,7.0,47.0,-40.0,0.17980317198881446,0,False
2020,16,2020_16_SF_ARI,ARI,SF,12.0,20.0,-8.0,0.677819463440656,0,False
2020,16,2020_16_MIA_LV,LV,MIA,25.0,26.0,-1.0,0.401163133949306,0,False
2020,16,2020_16_NYG_BAL,BAL,NYG,27.0,13.0,14.0,0.8677614101532715,1,False
2020,16,2020_16_CIN_HOU,HOU,CIN,31.0,37.0,-6.0,0.6764152316540535,0,False
2020,16,2020_16_CHI_JAX,JAX,CHI,17.0,41.0,-24.0,0.23273117271229044,0,False
2020,16,2020_16_ATL_KC,KC,ATL,17.0,14.0,3.0,0.8616266926167955,1,False
2020,16,2020_16_CLE_NYJ,NYJ,CLE,23.0,16.0,7.0,0.17898279998497135,1,False
2020,16,2020_16_IND_PIT,PIT,IND,28.0,24.0,4.0,0.546541724634118,1,False
2020,16,2020_16_DEN_LAC,LAC,DEN,19.0,16.0,3.0,0.5919340715664633,1,False
2020,16,2020_16_CAR_WAS,WAS,CAR,13.0,20.0,-7.0,0.7418263897314095,0,False
2020,16,2020_16_PHI_DAL,DAL,PHI,37.0,17.0,20.0,0.5254382079751496,1,False
2020,16,2020_16_LA_SEA,SEA,LA,20.0,9.0,11.0,0.5756553913927274,1,False
2020,16,2020_16_TEN_GB,GB,TEN,40.0,14.0,26.0,0.6568738380933925,1,False
2020,16,2020_16_BUF_NE,NE,BUF,9.0,38.0,-29.0,0.33503130052176056,0,False
2020,17,2020_17_MIA_BUF,BUF,MIA,56.0,26.0,30.0,0.7531600166417519,1,False
2020,17,2020_17_BAL_CIN,CIN,BAL,3.0,38.0,-35.0,0.16815917378454648,0,False
2020,17,2020_17_PIT_CLE,CLE,PIT,24.0,22.0,2.0,0.424135047826922,1,False
2020,17,2020_17_MIN_DET,DET,MIN,35.0,37.0,-2.0,0.2945419589502938,0,False
2020,17,2020_17_NYJ_NE,NE,NYJ,28.0,14.0,14.0,0.8130608045942216,1,False
2020,17,2020_17_DAL_NYG,NYG,DAL,23.0,19.0,4.0,0.4513756852782346,1,False
2020,17,2020_17_ATL_TB,TB,ATL,44.0,27.0,17.0,0.7322023528423187,1,False
2020,17,2020_17_NO_CAR,CAR,NO,7.0,33.0,-26.0,0.15828705629973558,0,False
2020,17,2020_17_GB_CHI,CHI,GB,16.0,35.0,-19.0,0.3006043064503019,0,False
2020,17,2020_17_LV_DEN,DEN,LV,31.0,32.0,-1.0,0.4352006590918163,0,False
2020,17,2020_17_TEN_HOU,HOU,TEN,38.0,41.0,-3.0,0.31485163127570365,0,False
2020,17,2020_17_JAX_IND,IND,JAX,28.0,14.0,14.0,0.9186468201954904,1,False
2020,17,2020_17_LAC_KC,KC,LAC,21.0,38.0,-17.0,0.9142775426799139,0,False
2020,17,2020_17_ARI_LA,LA,ARI,18.0,7.0,11.0,0.6868512920711067,1,False
2020,17,2020_17_SEA_SF,SF,SEA,23.0,26.0,-3.0,0.24459185248775586,0,True
2020,17,2020_17_WAS_PHI,PHI,WAS,14.0,20.0,-6.0,0.4390981526785552,0,False
2021,1,2021_01_DAL_TB,TB,DAL,31.0,29.0,2.0,0.7569851784827555,1,False
2021,1,2021_01_PHI_ATL,ATL,PHI,6.0,32.0,-26.0,0.6972755369872738,0,False
2021,1,2021_01_PIT_BUF,BUF,PIT,16.0,23.0,-7.0,0.7433937863398596,0,False
2021,1,2021_01_NYJ_CAR,CAR,NYJ,19.0,14.0,5.0,0.6767918618915907,1,False
2021,1,2021_01_MIN_CIN,CIN,MIN,27.0,24.0,3.0,0.40840108074696224,1,False
2021,1,2021_01_SF_DET,DET,SF,33.0,41.0,-8.0,0.404255540122558,0,False
2021,1,2021_01_JAX_HOU,HOU,JAX,37.0,21.0,16.0,0.7547746114250675,1,False
2021,1,2021_01_SEA_IND,IND,SEA,16.0,28.0,-12.0,0.5267292879314647,0,False
2021,1,2021_01_ARI_TEN,TEN,ARI,13.0,38.0,-25.0,0.6842792617083399,0,False
2021,1,2021_01_LAC_WAS,WAS,LAC,16.0,20.0,-4.0,0.6286518453988971,0,False
2021,1,2021_01_CLE_KC,KC,CLE,33.0,29.0,4.0,0.6891295414252336,1,False
2021,1,2021_01_MIA_NE,NE,MIA,16.0,17.0,-1.0,0.5434039376839127,0,False
2021,1,2021_01_GB_NO,NO,GB,38.0,3.0,35.0,0.5134207118068336,1,True
2021,1,2021_01_DEN_NYG,NYG,DEN,13.0,27.0,-14.0,0.6209740498427357,0,False
2021,1,2021_01_CHI_LA,LA,CHI,34.0,14.0,20.0,0.6656954692463395,1,False
2021,1,2021_01_BAL_LV,LV,BAL,33.0,27.0,6.0,0.30681942862711903,1,False
2021,2,2021_02_NYG_WAS,WAS,NYG,30.0,29.0,1.0,0.7110030882748078,1,False
2021,2,2021_02_NO_CAR,CAR,NO,26.0,7.0,19.0,0.1959166583840569,1,False
2021,2,2021_02_CIN_CHI,CHI,CIN,20.0,17.0,3.0,0.6810466640563053,1,False
2021,2,2021_02_HOU_CLE,CLE,HOU,31.0,21.0,10.0,0.645414880821638,1,False
2021,2,2021_02_LA_IND,IND,LA,24.0,27.0,-3.0,0.47157970505813523,0,False
2021,2,2021_02_DEN_JAX,JAX,DEN,13.0,23.0,-10.0,0.3054918619923481,0,False
2021,2,2021_02_BUF_MIA,MIA,BUF,0.0,35.0,-35.0,0.36360391446617685,0,False
2021,2,2021_02_NE_NYJ,NYJ,NE,6.0,25.0,-19.0,0.342723550102132,0,False
2021,2,2021_02_SF_PHI,PHI,SF,11.0,17.0,-6.0,0.5216618431345332,0,False
2021,2,2021_02_LV_PIT,PIT,LV,17.0,26.0,-9.0,0.7072643040816088,0,False
2021,2,2021_02_MIN_ARI,ARI,MIN,34.0,33.0,1.0,0.675357526234248,1,False
2021,2,2021_02_ATL_TB,TB,ATL,48.0,25.0,23.0,0.8316792282768026,1,False
2021,2,2021_02_DAL_LAC,LAC,DAL,17.0,20.0,-3.0,0.6092678024395456,0,False
2021,2,2021_02_TEN_SEA,SEA,TEN,30.0,33.0,-3.0,0.7338522762341892,0,False
2021,2,2021_02_KC_BAL,BAL,KC,36.0,35.0,1.0,0.5844948981464334,1,False
2021,2,2021_02_DET_GB,GB,DET,35.0,17.0,18.0,0.8865108721979368,1,False
2021,3,2021_03_CAR_HOU,HOU,CAR,9.0,24.0,-15.0,0.4486040398725727,0,False
2021,3,2021_03_WAS_BUF,BUF,WAS,43.0,21.0,22.0,0.8327877941858746,1,False
2021,3,2021_03_CHI_CLE,CLE,CHI,26.0,6.0,20.0,0.6259097907829672,1,False
2021,3,2021_03_BAL_DET,DET,BAL,17.0,19.0,-2.0,0.15417753189048183,0,False
2021,3,2021_03_ARI_JAX,JAX,ARI,19.0,31.0,-12.0,0.20348216102647335,0,False
2021,3,2021_03_LAC_KC,KC,LAC,24.0,30.0,-6.0,0.7525647927852718,0,False
2021,3,2021_03_NO_NE,NE,NO,13.0,28.0,-15.0,0.37658501517235576,0,False
2021,3,2021_03_ATL_NYG,NYG,ATL,14.0,17.0,-3.0,0.535668215507201,0,False
2021,3,2021_03_CIN_PIT,PIT,CIN,10.0,24.0,-14.0,0.7404119790988412,0,False
2021,3,2021_03_IND_TEN,TEN,IND,25.0,16.0,9.0,0.5850727625703066,1,False
2021,3,2021_03_NYJ_DEN,DEN,NYJ,26.0,0.0,26.0,0.7659129555997828,1,False
2021,3,2021_03_MIA_LV,LV,MIA,31.0,28.0,3.0,0.6067646406408786,1,False
2021,3,2021_03_TB_LA,LA,TB,34.0,24.0,10.0,0.4994083173997263,1,False
2021,3,2021_03_SEA_MIN,MIN,SEA,30.0,17.0,13.0,0.32052202374559724,1,False
2021,3,2021_03_GB_SF,SF,GB,28.0,30.0,-2.0,0.38301849238957797,0,False
2021,3,2021_03_PHI_DAL,DAL,PHI,41.0,21.0,20.0,0.6323047004930916,1,False
2021,4,2021_04_JAX_CIN,CIN,JAX,24.0,21.0,3.0,0.8093525757183097,1,False
2021,4,2021_04_WAS_ATL,ATL,WAS,30.0,34.0,-4.0,0.49200960011813843,0,False
2021,4,2021_04_HOU_BUF,BUF,HOU,40.0,0.0,40.0,0.9172383065428249,1,False
2021,4,2021_04_DET_CHI,CHI,DET,24.0,14.0,10.0,0.7699976720304653,1,False
2021,4,2021_04_CAR_DAL,DAL,CAR,36.0,28.0,8.0,0.5878646392369616,1,False
2021,4,2021_04_IND_MIA,MIA,IND,17.0,27.0,-10.0,0.47873285627234846,0,False
2021,4,2021_04_CLE_MIN,MIN,CLE,7.0,14.0,-7.0,0.44957697774084565,0,False
2021,4,2021_04_NYG_NO,NO,NYG,21.0,27.0,-6.0,0.8879233169959722,0,False
2021,4,2021_04_TEN_NYJ,NYJ,TEN,27.0,24.0,3.0,0.22544675804414674,1,False
2021,4,2021_04_KC_PHI,PHI,KC,30.0,42.0,-12.0,0.31286304882332444,0,False
2021,4,2021_04_ARI_LA,LA,ARI,20.0,37.0,-17.0,0.6885464911488665,0,False
2021,4,2021_04_SEA_SF,SF,SEA,21.0,28.0,-7.0,0.4581207011323972,0,False
2021,4,2021_04_BAL_DEN,DEN,BAL,7.0,23.0,-16.0,0.3777586486578611,0,False
2021,4,2021_04_PIT_GB,GB,PIT,27.0,17.0,10.0,0.7749371276375373,1,False
2021,4,2021_04_TB_NE,NE,TB,17.0,19.0,-2.0,0.36817859395447544,0,False
2021,4,2021_04_LV_LAC,LAC,LV,28.0,14.0,14.0,0.5170276677618356,1,False
2021,5,2021_05_LA_SEA,SEA,LA,17.0,26.0,-9.0,0.5848520474084221,0,False
2021,5,2021_05_NYJ_ATL,ATL,NYJ,27.0,20.0,7.0,0.6008506240453381,1,True
2021,5,2021_05_PHI_CAR,CAR,PHI,18.0,21.0,-3.0,0.7185944357326481,0,False
2021,5,2021_05_GB_CIN,CIN,GB,22.0,25.0,-3.0,0.2947966550173446,0,False
2021,5,2021_05_NE_HOU,HOU,NE,22.0,25.0,-3.0,0.4077552568930411,0,False
2021,5,2021_05_TEN_JAX,JAX,TEN,19.0,37.0,-18.0,0.18672866362658933,0,False
2021,5,2021_05_DET_MIN,MIN,DET,19.0,17.0,2.0,0.7918451127657993,1,False
2021,5,2021_05_DEN_PIT,PIT,DEN,27.0,19.0,8.0,0.5194603110137549,1,False
2021,5,2021_05_MIA_TB,TB,MIA,45.0,17.0,28.0,0.8459712123934521,1,False
2021,5,2021_05_NO_WAS,WAS,NO,22.0,33.0,-11.0,0.308545448789519,0,False
2021,5,2021_05_CLE_LAC,LAC,CLE,47.0,42.0,5.0,0.5634602610567842,1,False
2021,5,2021_05_CHI_LV,LV,CHI,9.0,20.0,-11.0,0.5888963245834984,0,False
2021,5,2021_05_SF_ARI,ARI,SF,17.0,10.0,7.0,0.7299855861250677,1,False
2021,5,2021_05_NYG_DAL,DAL,NYG,44.0,20.0,24.0,0.8005049832236751,1,False
2021,5,2021_05_BUF_KC,KC,BUF,20.0,38.0,-18.0,0.3100812378200191,0,False
2021,5,2021_05_IND_BAL,BAL,IND,31.0,25.0,6.0,0.7472344761358278,1,False
2021,6,2021_06_TB_PHI,PHI,TB,22.0,28.0,-6.0,0.20506833228170654,0,False
2021,6,2021_06_MIA_JAX,JAX,MIA,23.0,20.0,3.0,0.2860591665396954,1,True
2021,6,2021_06_LAC_BAL,BAL,LAC,34.0,6.0,28.0,0.6934547260826956,1,False
2021,6,2021_06_MIN_CAR,CAR,MIN,28.0,34.0,-6.0,0.5868595494110302,0,False
2021,6,2021_06_GB_CHI,CHI,GB,14.0,24.0,-10.0,0.35077343866944455,0,False
2021,6,2021_06_CIN_DET,DET,CIN,11.0,34.0,-23.0,0.3132943081704263,0,False
2021,6,2021_06_HOU_IND,IND,HOU,31.0,3.0,28.0,0.7649317888437333,1,False
2021,6,2021_06_LA_NYG,NYG,LA,11.0,38.0,-27.0,0.2490047432889261,0,False
2021,6,2021_06_KC_WAS,WAS,KC,13.0,31.0,-18.0,0.3746894173199831,0,False
2021,6,2021_06_ARI_CLE,CLE,ARI,14.0,37.0,-23.0,0.5072036483886652,0,False
2021,6,2021_06_LV_DEN,DEN,LV,24.0,34.0,-10.0,0.539967248739769,0,False
2021,6,2021_06_DAL_NE,NE,DAL,29.0,35.0,-6.0,0.40148318698003493,0,False
2021,6,2021_06_SEA_PIT,PIT,SEA,23.0,20.0,3.0,0.4867295619878184,1,False
2021,6,2021_06_BUF_TEN,TEN,BUF,34.0,31.0,3.0,0.20673962413549485,1,False
2021,7,2021_07_DEN_CLE,CLE,DEN,17.0,14.0,3.0,0.6418051014939088,1,False
2021,7,2021_07_CIN_BAL,BAL,CIN,17.0,41.0,-24.0,0.8266719287818644,0,False
2021,7,2021_07_WAS_GB,GB,WAS,24.0,10.0,14.0,0.8673833003937784,1,False
2021,7,2021_07_ATL_MIA,MIA,ATL,28.0,30.0,-2.0,0.5048255121857876,0,False
2021,7,2021_07_NYJ_NE,NE,NYJ,54.0,13.0,41.0,0.7697773266852629,1,False
2021,7,2021_07_CAR_NYG,NYG,CAR,25.0,3.0,22.0,0.37872930931282384,1,False
2021,7,2021_07_KC_TEN,TEN,KC,27.0,3.0,24.0,0.49750140762006495,1,False
2021,7,2021_07_DET_LA,LA,DET,28.0,19.0,9.0,0.9250362593595717,1,False
2021,7,2021_07_PHI_LV,LV,PHI,33.0,22.0,11.0,0.7303162366651065,1,False
2021,7,2021_07_HOU_ARI,ARI,HOU,31.0,5.0,26.0,0.9035600022884834,1,False
2021,7,2021_07_CHI_TB,TB,CHI,38.0,3.0,35.0,0.8278348411158974,1,False
2021,7,2021_07_IND_SF,SF,IND,18.0,30.0,-12.0,0.48073249050582145,0,False
2021,7,2021_07_NO_SEA,SEA,NO,10.0,13.0,-3.0,0.38551933659502324,0,False
2021,8,2021_08_GB_ARI,ARI,GB,21.0,24.0,-3.0,0.6001298868680465,0,False
2021,8,2021_08_CAR_ATL,ATL,CAR,13.0,19.0,-6.0,0.5531922235406977,0,False
2021,8,2021_08_MIA_BUF,BUF,MIA,26.0,11.0,15.0,0.9431484244377242,1,False
2021,8,2021_08_SF_CHI,CHI,SF,22.0,33.0,-11.0,0.49764078190731376,0,False
2021,8,2021_08_PIT_CLE,CLE,PIT,10.0,15.0,-5.0,0.5973499891839936,0,False
2021,8,2021_08_PHI_DET,DET,PHI,6.0,44.0,-38.0,0.4157631043701668,0,False
2021,8,2021_08_LA_HOU,HOU,LA,22.0,38.0,-16.0,0.12802798912383534,0,False
2021,8,2021_08_TEN_IND,IND,TEN,31.0,34.0,-3.0,0.52155881228124,0,False
2021,8,2021_08_CIN_NYJ,NYJ,CIN,34.0,31.0,3.0,0.20037280420289963,1,False
2021,8,2021_08_NE_LAC,LAC,NE,24.0,27.0,-3.0,0.5693185820086692,0,False
2021,8,2021_08_JAX_SEA,SEA,JAX,31.0,7.0,24.0,0.8540794171265117,1,False
2021,8,2021_08_WAS_DEN,DEN,WAS,17.0,10.0,7.0,0.6759169639027012,1,False
2021,8,2021_08_TB_NO,NO,TB,36.0,27.0,9.0,0.5237466360537911,1,False
2021,8,2021_08_DAL_MIN,MIN,DAL,16.0,20.0,-4.0,0.41528403797049945,0,False
2021,8,2021_08_NYG_KC,KC,NYG,20.0,17.0,3.0,0.7417148472017615,1,False
2021,9,2021_09_NYJ_IND,IND,NYJ,45.0,30.0,15.0,0.8702539608508645,1,False
2021,9,2021_09_MIN_BAL,BAL,MIN,34.0,31.0,3.0,0.745497613942215,1,False
2021,9,2021_09_NE_CAR,CAR,NE,6.0,24.0,-18.0,0.44389625118783604,0,False
2021,9,2021_09_CLE_CIN,CIN,CLE,16.0,41.0,-25.0,0.6287661518954283,0,False
2021,9,2021_09_DEN_DAL,DAL,DEN,16.0,30.0,-14.0,0.739319015872896,0,False
2021,9,2021_09_BUF_JAX,JAX,BUF,9.0,6.0,3.0,0.05850987556765618,1,False
2021,9,2021_09_HOU_MIA,MIA,HOU,17.0,9.0,8.0,0.6698404729857484,1,False
2021,9,2021_09_ATL_NO,NO,ATL,25.0,27.0,-2.0,0.8835009603203081,0,False
2021,9,2021_09_LV_NYG,NYG,LV,23.0,16.0,7.0,0.3551970801942473,1,False
2021,9,2021_09_LAC_PHI,PHI,LAC,24.0,27.0,-3.0,0.45296877700819665,0,False
2021,9,2021_09_GB_KC,KC,GB,13.0,7.0,6.0,0.4159703438456857,1,False
2021,9,2021_09_ARI_SF,SF,ARI,17.0,31.0,-14.0,0.2850232709724565,0,False
2021,9,2021_09_TEN_LA,LA,TEN,16.0,28.0,-12.0,0.6586464615131865,0,False
2021,9,2021_09_CHI_PIT,PIT,CHI,29.0,27.0,2.0,0.7491223199056396,1,False
2021,10,2021_10_BAL_MIA,MIA,BAL,22.0,10.0,12.0,0.22662664468489394,1,False
2021,10,2021_10_ATL_DAL,DAL,ATL,43.0,3.0,40.0,0.7656885365358201,1,False
2021,10,2021_10_JAX_IND,IND,JAX,23.0,17.0,6.0,0.8837193865309049,1,False
2021,10,2021_10_CLE_NE,NE,CLE,45.0,7.0,38.0,0.6038277695291705,1,False
2021,10,2021_10_BUF_NYJ,NYJ,BUF,17.0,45.0,-28.0,0.08489397115763606,0,False
2021,10,2021_10_DET_PIT,PIT,DET,16.0,16.0,0.0,0.890744152240875,0,False
2021,10,2021_10_NO_TEN,TEN,NO,23.0,21.0,2.0,0.6005915434033867,1,False
2021,10,2021_10_TB_WAS,WAS,TB,29.0,19.0,10.0,0.17716338436694512,1,False
2021,10,2021_10_CAR_ARI,ARI,CAR,10.0,34.0,-24.0,0.8629369808270434,0,False
2021,10,2021_10_MIN_LAC,LAC,MIN,20.0,27.0,-7.0,0.6184024142720168,0,False
2021,10,2021_10_PHI_DEN,DEN,PHI,13.0,30.0,-17.0,0.6947741050309282,0,False
2021,10,2021_10_SEA_GB,GB,SEA,17.0,0.0,17.0,0.738771740649075,1,False
2021,10,2021_10_KC_LV,LV,KC,14.0,41.0,-27.0,0.4747994037169029,0,False
2021,10,2021_10_LA_SF,SF,LA,31.0,10.0,21.0,0.32825118402225456,1,False
2021,11,2021_11_NE_ATL,ATL,NE,0.0,25.0,-25.0,0.2428993238653726,0,False
2021,11,2021_11_IND_BUF,BUF,IND,15.0,41.0,-26.0,0.7720957777807873,0,False
2021,11,2021_11_WAS_CAR,CAR,WAS,21.0,27.0,-6.0,0.6697437489612473,0,False
2021,11,2021_11_BAL_CHI,CHI,BAL,13.0,16.0,-3.0,0.3173892940492143,0,False
2021,11,2021_11_DET_CLE,CLE,DET,13.0,10.0,3.0,0.8492352906521732,1,False
2021,11,2021_11_SF_JAX,JAX,SF,10.0,30.0,-20.0,0.2740687925282669,0,False
2021,11,2021_11_GB_MIN,MIN,GB,34.0,31.0,3.0,0.33713639081393504,1,False
2021,11,2021_11_MIA_NYJ,NYJ,MIA,17.0,24.0,-7.0,0.2962326413103975,0,False
2021,11,2021_11_NO_PHI,PHI,NO,40.0,29.0,11.0,0.36294868588707696,1,False
2021,11,2021_11_HOU_TEN,TEN,HOU,13.0,22.0,-9.0,0.9456616435605771,0,False
2021,11,2021_11_CIN_LV,LV,CIN,13.0,32.0,-19.0,0.515229803951651,0,False
2021,11,2021_11_DAL_KC,KC,DAL,19.0,9.0,10.0,0.5632018407915066,1,False
2021,11,2021_11_ARI_SEA,SEA,ARI,13.0,23.0,-10.0,0.38638101969421823,0,False
2021,11,2021_11_PIT_LAC,LAC,PIT,41.0,37.0,4.0,0.5344736237174749,1,False
2021,11,2021_11_NYG_TB,TB,NYG,30.0,10.0,20.0,0.8056407804181316,1,False
2021,12,2021_12_CHI_DET,DET,CHI,14.0,16.0,-2.0,0.37538768744647166,0,False
2021,12,2021_12_LV_DAL,DAL,LV,33.0,36.0,-3.0,0.7949523928310542,0,False
2021,12,2021_12_BUF_NO,NO,BUF,6.0,31.0,-25.0,0.4474246079085773,0,False
2021,12,2021_12_PIT_CIN,CIN,PIT,41.0,10.0,31.0,0.61638887576671,1,False
2021,12,2021_12_NYJ_HOU,HOU,NYJ,14.0,21.0,-7.0,0.6420697495554548,0,False
2021,12,2021_12_TB_IND,IND,TB,31.0,38.0,-7.0,0.598985616749692,0,False
2021,12,2021_12_ATL_JAX,JAX,ATL,14.0,21.0,-7.0,0.42291032481476454,0,False
2021,12,2021_12_CAR_MIA,MIA,CAR,33.0,10.0,23.0,0.5944271059867658,1,False
2021,12,2021_12_TEN_NE,NE,TEN,36.0,13.0,23.0,0.6421446784023206,1,False
2021,12,2021_12_PHI_NYG,NYG,PHI,13.0,7.0,6.0,0.4028833201266399,1,False
2021,12,2021_12_LAC_DEN,DEN,LAC,28.0,13.0,15.0,0.4828070453873737,1,False
2021,12,2021_12_LA_GB,GB,LA,36.0,28.0,8.0,0.6921974784765879,1,False
2021,12,2021_12_MIN_SF,SF,MIN,34.0,26.0,8.0,0.5537078072357731,1,False
2021,12,2021_12_CLE_BAL,BAL,CLE,16.0,10.0,6.0,0.7116765816948085,1,False
2021,12,2021_12_SEA_WAS,WAS,SEA,17.0,15.0,2.0,0.4839733114123963,1,False
2021,13,2021_13_DAL_NO,NO,DAL,17.0,27.0,-10.0,0.5152331069413989,0,False
2021,13,2021_13_TB_ATL,ATL,TB,17.0,30.0,-13.0,0.20261944929479433,0,False
2021,13,2021_13_ARI_CHI,CHI,ARI,22.0,33.0,-11.0,0.26038489712849594,0,False
2021,13,2021_13_LAC_CIN,CIN,LAC,22.0,41.0,-19.0,0.7234269786214721,0,False
2021,13,2021_13_MIN_DET,DET,MIN,29.0,27.0,2.0,0.23137793043279686,1,False
2021,13,2021_13_IND_HOU,HOU,IND,0.0,31.0,-31.0,0.1456865561714934,0,False
2021,13,2021_13_NYG_MIA,MIA,NYG,20.0,9.0,11.0,0.6760947463650787,1,False
2021,13,2021_13_PHI_NYJ,NYJ,PHI,18.0,33.0,-15.0,0.26857260114268416,0,False
2021,13,2021_13_JAX_LA,LA,JAX,37.0,7.0,30.0,0.8772735284468949,1,False
2021,13,2021_13_WAS_LV,LV,WAS,15.0,17.0,-2.0,0.5476297098975573,0,False
2021,13,2021_13_BAL_PIT,PIT,BAL,20.0,19.0,1.0,0.3777581246363763,1,False
2021,13,2021_13_SF_SEA,SEA,SF,30.0,23.0,7.0,0.4655762058992845,1,False
2021,13,2021_13_DEN_KC,KC,DEN,22.0,9.0,13.0,0.7879090704876345,1,False
2021,13,2021_13_NE_BUF,BUF,NE,10.0,14.0,-4.0,0.5331066635521408,0,False
2021,14,2021_14_PIT_MIN,MIN,PIT,36.0,28.0,8.0,0.5796040249196237,1,False
2021,14,2021_14_ATL_CAR,CAR,ATL,21.0,29.0,-8.0,0.6182559871312676,0,False
2021,14,2021_14_BAL_CLE,CLE,BAL,24.0,22.0,2.0,0.3946555767027774,1,False
2021,14,2021_14_SEA_HOU,HOU,SEA,13.0,33.0,-20.0,0.2609753434697495,0,False
2021,14,2021_14_LV_KC,KC,LV,48.0,9.0,39.0,0.835574681846305,1,False
2021,14,2021_14_NO_NYJ,NYJ,NO,9.0,30.0,-21.0,0.23746665209985227,0,False
2021,14,2021_14_JAX_TEN,TEN,JAX,20.0,0.0,20.0,0.9138492399309096,1,False
2021,14,2021_14_DAL_WAS,WAS,DAL,20.0,27.0,-7.0,0.38224205659646343,0,False
2021,14,2021_14_DET_DEN,DEN,DET,38.0,10.0,28.0,0.8019675753723412,1,False
2021,14,2021_14_NYG_LAC,LAC,NYG,37.0,21.0,16.0,0.716500272410178,1,False
2021,14,2021_14_SF_CIN,CIN,SF,23.0,26.0,-3.0,0.587383137104064,0,False
2021,14,2021_14_BUF_TB,TB,BUF,33.0,27.0,6.0,0.6256313779565391,1,False
2021,14,2021_14_CHI_GB,GB,CHI,45.0,30.0,15.0,0.8782012667176522,1,False
2021,14,2021_14_LA_ARI,ARI,LA,23.0,30.0,-7.0,0.6454970082119996,0,False
2021,15,2021_15_KC_LAC,LAC,KC,28.0,34.0,-6.0,0.3015394652126313,0,False
2021,15,2021_15_NE_IND,IND,NE,27.0,17.0,10.0,0.4718451549795363,1,False
2021,15,2021_15_CAR_BUF,BUF,CAR,31.0,14.0,17.0,0.8397061293279272,1,False
2021,15,2021_15_ARI_DET,DET,ARI,30.0,12.0,18.0,0.12674454427902002,1,False
2021,15,2021_15_HOU_JAX,JAX,HOU,16.0,30.0,-14.0,0.5337223708381122,0,False
2021,15,2021_15_NYJ_MIA,MIA,NYJ,31.0,24.0,7.0,0.8947853599445834,1,False
2021,15,2021_15_DAL_NYG,NYG,DAL,6.0,21.0,-15.0,0.2902261686622068,0,False
2021,15,2021_15_TEN_PIT,PIT,TEN,19.0,13.0,6.0,0.37509196980234727,1,False
2021,15,2021_15_CIN_DEN,DEN,CIN,10.0,15.0,-5.0,0.5356874466438521,0,False
2021,15,2021_15_ATL_SF,SF,ATL,31.0,13.0,18.0,0.7789112845739393,1,False
2021,15,2021_15_GB_BAL,BAL,GB,30.0,31.0,-1.0,0.3883866099614907,0,False
2021,15,2021_15_NO_TB,TB,NO,0.0,9.0,-9.0,0.7708014709138896,0,False
2021,15,2021_15_LV_CLE,CLE,LV,14.0,16.0,-2.0,0.6840469127008358,0,False
2021,15,2021_15_MIN_CHI,CHI,MIN,9.0,17.0,-8.0,0.3436932720021667,0,False
2021,15,2021_15_SEA_LA,LA,SEA,20.0,10.0,10.0,0.6760111989078675,1,False
2021,15,2021_15_WAS_PHI,PHI,WAS,27.0,17.0,10.0,0.6809520248842916,1,False
2021,16,2021_16_SF_TEN,TEN,SF,20.0,17.0,3.0,0.5337777791843111,1,False
2021,16,2021_16_CLE_GB,GB,CLE,24.0,22.0,2.0,0.8158705213122875,1,False
2021,16,2021_16_IND_ARI,ARI,IND,16.0,22.0,-6.0,0.3799427044211157,0,False
2021,16,2021_16_DET_ATL,ATL,DET,20.0,16.0,4.0,0.6252746323097609,1,False
2021,16,2021_16_TB_CAR,CAR,TB,6.0,32.0,-26.0,0.1943392118798647,0,False
2021,16,2021_16_BAL_CIN,CIN,BAL,41.0,21.0,20.0,0.5634728936299268,1,False
2021,16,2021_16_LAC_HOU,HOU,LAC,41.0,29.0,12.0,0.24176861411795728,1,False
2021,16,2021_16_LA_MIN,MIN,LA,23.0,30.0,-7.0,0.4501414907174922,0,False
2021,16,2021_16_BUF_NE,NE,BUF,21.0,33.0,-12.0,0.6725564651678111,0,False
2021,16,2021_16_JAX_NYJ,NYJ,JAX,26.0,21.0,5.0,0.6655232297548292,1,False
2021,16,2021_16_NYG_PHI,PHI,NYG,34.0,10.0,24.0,0.7907224423557518,1,False
2021,16,2021_16_CHI_SEA,SEA,CHI,24.0,25.0,-1.0,0.7837329112390999,0,False
2021,16,2021_16_PIT_KC,KC,PIT,36.0,10.0,26.0,0.8504417635043897,1,False
2021,16,2021_16_DEN_LV,LV,DEN,17.0,13.0,4.0,0.42400524794415173,1,False
2021,16,2021_16_WAS_DAL,DAL,WAS,56.0,14.0,42.0,0.7878102188708147,1,False
2021,16,2021_16_MIA_NO,NO,MIA,3.0,20.0,-17.0,0.5520347918838027,0,False
2021,17,2021_17_LA_BAL,BAL,LA,19.0,20.0,-1.0,0.41194094146030225,0,False
2021,17,2021_17_ATL_BUF,BUF,ATL,29.0,15.0,14.0,0.877620755524097,1,False
2021,17,2021_17_NYG_CHI,CHI,NYG,29.0,3.0,26.0,0.6466123160353765,1,False
2021,17,2021_17_KC_CIN,CIN,KC,34.0,31.0,3.0,0.26682083177065263,1,False
2021,17,2021_17_LV_IND,IND,LV,20.0,23.0,-3.0,0.8701040913304511,0,False
2021,17,2021_17_JAX_NE,NE,JAX,50.0,10.0,40.0,0.9523558476760019,1,False
2021,17,2021_17_TB_NYJ,NYJ,TB,24.0,28.0,-4.0,0.12325257847444183,0,False
2021,17,2021_17_MIA_TEN,TEN,MIA,34.0,3.0,31.0,0.502185626452443,1,False
2021,17,2021_17_PHI_WAS,WAS,PHI,16.0,20.0,-4.0,0.27911157788818197,0,False
2021,17,2021_17_DEN_LAC,LAC,DEN,34.0,13.0,21.0,0.5914741641818458,1,False
2021,17,2021_17_HOU_SF,SF,HOU,23.0,7.0,16.0,0.8221519078298475,1,False
2021,17,2021_17_ARI_DAL,DAL,ARI,22.0,25.0,-3.0,0.7681214387130308,0,False
2021,17,2021_17_CAR_NO,NO,CAR,18.0,10.0,8.0,0.777319976839598,1,False
2021,17,2021_17_DET_SEA,SEA,DET,51.0,29.0,22.0,0.8118387134220205,1,False
2021,17,2021_17_MIN_GB,GB,MIN,37.0,10.0,27.0,0.7839136710579616,1,False
2021,17,2021_17_CLE_PIT,PIT,CLE,26.0,14.0,12.0,0.5181473957444018,1,False
2021,18,2021_18_KC_DEN,DEN,KC,24.0,28.0,-4.0,0.1721249966579833,0,False
2021,18,2021_18_DAL_PHI,PHI,DAL,26.0,51.0,-25.0,0.4728342885422804,0,False
2021,18,2021_18_PIT_BAL,BAL,PIT,13.0,16.0,-3.0,0.625234458651933,0,False
2021,18,2021_18_CIN_CLE,CLE,CIN,21.0,16.0,5.0,0.3866328935809418,1,False
2021,18,2021_18_GB_DET,DET,GB,37.0,30.0,7.0,0.10663533921142858,1,False
2021,18,2021_18_TEN_HOU,HOU,TEN,25.0,28.0,-3.0,0.22149938972808933,0,False
2021,18,2021_18_IND_JAX,JAX,IND,26.0,11.0,15.0,0.06064800592882374,1,False
2021,18,2021_18_CHI_MIN,MIN,CHI,31.0,17.0,14.0,0.6357096229172584,1,False
2021,18,2021_18_WAS_NYG,NYG,WAS,7.0,22.0,-15.0,0.42502972315056176,0,False
2021,18,2021_18_SEA_ARI,ARI,SEA,30.0,38.0,-8.0,0.5739768353508364,0,False
2021,18,2021_18_NO_ATL,ATL,NO,20.0,30.0,-10.0,0.32252683426896117,0,False
2021,18,2021_18_NYJ_BUF,BUF,NYJ,27.0,10.0,17.0,0.9355399238947831,1,False
2021,18,2021_18_SF_LA,LA,SF,24.0,27.0,-3.0,0.5837007367525009,0,False
2021,18,2021_18_NE_MIA,MIA,NE,33.0,24.0,9.0,0.39881939186263554,1,False
2021,18,2021_18_CAR_TB,TB,CAR,41.0,17.0,24.0,0.9099513767357551,1,False
2021,18,2021_18_LAC_LV,LV,LAC,35.0,32.0,3.0,0.4197026988658352,1,False
2022,1,2022_01_BUF_LA,LA,BUF,10.0,31.0,-21.0,0.5011631983145372,0,False
2022,1,2022_01_NO_ATL,ATL,NO,26.0,27.0,-1.0,0.3893484935573788,0,False
2022,1,2022_01_CLE_CAR,CAR,CLE,24.0,26.0,-2.0,0.4260276154986313,0,False
2022,1,2022_01_SF_CHI,CHI,SF,19.0,10.0,9.0,0.36209109206954104,1,False
2022,1,2022_01_PIT_CIN,CIN,PIT,20.0,23.0,-3.0,0.6928685722099542,0,False
2022,1,2022_01_PHI_DET,DET,PHI,35.0,38.0,-3.0,0.35891852404932156,0,False
2022,1,2022_01_IND_HOU,HOU,IND,20.0,20.0,0.0,0.31292857151021763,0,False
2022,1,2022_01_NE_MIA,MIA,NE,20.0,7.0,13.0,0.5039187613665386,1,False
2022,1,2022_01_BAL_NYJ,NYJ,BAL,9.0,24.0,-15.0,0.3557296233035261,0,False
2022,1,2022_01_JAX_WAS,WAS,JAX,28.0,22.0,6.0,0.7614643428904669,1,False
2022,1,2022_01_KC_ARI,ARI,KC,21.0,44.0,-23.0,0.26623337307883105,0,False
2022,1,2022_01_LV_LAC,LAC,LV,24.0,19.0,5.0,0.65366697917184,1,False
2022,1,2022_01_GB_MIN,MIN,GB,23.0,7.0,16.0,0.37864743033428433,1,False
2022,1,2022_01_NYG_TEN,TEN,NYG,20.0,21.0,-1.0,0.8619710423464018,0,False
2022,1,2022_01_TB_DAL,DAL,TB,3.0,19.0,-16.0,0.5338291141489211,0,False
2022,1,2022_01_DEN_SEA,SEA,DEN,17.0,16.0,1.0,0.7078932585620036,1,False
2022,2,2022_02_LAC_KC,KC,LAC,27.0,24.0,3.0,0.787674007748309,1,False
2022,2,2022_02_MIA_BAL,BAL,MIA,38.0,42.0,-4.0,0.459486653712057,0,False
2022,2,2022_02_NYJ_CLE,CLE,NYJ,30.0,31.0,-1.0,0.7828607182246721,0,False
2022,2,2022_02_WAS_DET,DET,WAS,36.0,27.0,9.0,0.49170090620387685,1,False
2022,2,2022_02_IND_JAX,JAX,IND,24.0,0.0,24.0,0.19466058438837183,1,False
2022,2,2022_02_TB_NO,NO,TB,10.0,20.0,-10.0,0.37831986767132825,0,False
2022,2,2022_02_CAR_NYG,NYG,CAR,19.0,16.0,3.0,0.5841079418816243,1,False
2022,2,2022_02_NE_PIT,PIT,NE,14.0,17.0,-3.0,0.47640805430904487,0,False
2022,2,2022_02_ATL_LA,LA,ATL,31.0,27.0,4.0,0.7528910427317789,1,False
2022,2,2022_02_SEA_SF,SF,SEA,27.0,7.0,20.0,0.5360820324661218,1,False
2022,2,2022_02_CIN_DAL,DAL,CIN,20.0,17.0,3.0,0.6635150444359007,1,False
2022,2,2022_02_HOU_DEN,DEN,HOU,16.0,9.0,7.0,0.6728038152071003,1,False
2022,2,2022_02_ARI_LV,LV,ARI,23.0,29.0,-6.0,0.5753479186798904,0,False
2022,2,2022_02_CHI_GB,GB,CHI,27.0,10.0,17.0,0.7139355022528898,1,False
2022,2,2022_02_TEN_BUF,BUF,TEN,41.0,7.0,34.0,0.735279788847254,1,False
2022,2,2022_02_MIN_PHI,PHI,MIN,24.0,7.0,17.0,0.5780400677197002,1,False
2022,3,2022_03_PIT_CLE,CLE,PIT,29.0,17.0,12.0,0.5429816211145868,1,False
2022,3,2022_03_NO_CAR,CAR,NO,22.0,14.0,8.0,0.2704850688601712,1,False
2022,3,2022_03_HOU_CHI,CHI,HOU,23.0,20.0,3.0,0.668839437471449,1,False
2022,3,2022_03_KC_IND,IND,KC,20.0,17.0,3.0,0.2643839708713055,1,False
2022,3,2022_03_BUF_MIA,MIA,BUF,21.0,19.0,2.0,0.41056147340552057,1,False
2022,3,2022_03_DET_MIN,MIN,DET,28.0,24.0,4.0,0.6879325773433563,1,False
2022,3,2022_03_BAL_NE,NE,BAL,26.0,37.0,-11.0,0.6415652229815312,0,False
2022,3,2022_03_CIN_NYJ,NYJ,CIN,12.0,27.0,-15.0,0.3296336291640704,0,False
2022,3,2022_03_LV_TEN,TEN,LV,24.0,22.0,2.0,0.6775157064134649,1,False
2022,3,2022_03_PHI_WAS,WAS,PHI,8.0,24.0,-16.0,0.3421785800211364,0,False
2022,3,2022_03_JAX_LAC,LAC,JAX,10.0,38.0,-28.0,0.8077791321494494,0,False
2022,3,2022_03_LA_ARI,ARI,LA,12.0,20.0,-8.0,0.424338496174439,0,False
2022,3,2022_03_ATL_SEA,SEA,ATL,23.0,27.0,-4.0,0.7398371292473592,0,False
2022,3,2022_03_GB_TB,TB,GB,12.0,14.0,-2.0,0.6791624718596718,0,False
2022,3,2022_03_SF_DEN,DEN,SF,11.0,10.0,1.0,0.4103683772082481,1,False
2022,3,2022_03_DAL_NYG,NYG,DAL,16.0,23.0,-7.0,0.20716795014146977,0,False
2022,4,2022_04_MIA_CIN,CIN,MIA,27.0,15.0,12.0,0.4853100443140439,1,False
2022,4,2022_04_MIN_NO,NO,MIN,25.0,28.0,-3.0,0.4874450444147775,0,True
2022,4,2022_04_CLE_ATL,ATL,CLE,23.0,20.0,3.0,0.42978452729453465,1,False
2022,4,2022_04_BUF_BAL,BAL,BUF,20.0,23.0,-3.0,0.31712812273445595,0,False
2022,4,2022_04_WAS_DAL,DAL,WAS,25.0,10.0,15.0,0.8505083883712836,1,False
2022,4,2022_04_SEA_DET,DET,SEA,45.0,48.0,-3.0,0.43689138234640273,0,False
2022,4,2022_04_LAC_HOU,HOU,LAC,24.0,34.0,-10.0,0.44561366367454636,0,False
2022,4,2022_04_TEN_IND,IND,TEN,17.0,24.0,-7.0,0.5308953453981098,0,False
2022,4,2022_04_CHI_NYG,NYG,CHI,20.0,12.0,8.0,0.3906789850977921,1,False
2022,4,2022_04_JAX_PHI,PHI,JAX,29.0,21.0,8.0,0.7892197628233006,1,False
2022,4,2022_04_NYJ_PIT,PIT,NYJ,20.0,24.0,-4.0,0.7723254106471316,0,False
2022,4,2022_04_ARI_CAR,CAR,ARI,16.0,26.0,-10.0,0.4617810236575436,0,False
2022,4,2022_04_NE_GB,GB,NE,27.0,24.0,3.0,0.7268105546857209,1,False
2022,4,2022_04_DEN_LV,LV,DEN,32.0,23.0,9.0,0.4998205201583139,1,False
2022,4,2022_04_KC_TB,TB,KC,31.0,41.0,-10.0,0.539938881938853,0,False
2022,4,2022_04_LA_SF,SF,LA,24.0,9.0,15.0,0.5759875369401045,1,False
2022,5,2022_05_IND_DEN,DEN,IND,9.0,12.0,-3.0,0.5129381414318502,0,False
2022,5,2022_05_NYG_GB,GB,NYG,22.0,27.0,-5.0,0.8054841930127586,0,True
2022,5,2022_05_PIT_BUF,BUF,PIT,38.0,3.0,35.0,0.8675522657537039,1,False
2022,5,2022_05_LAC_CLE,CLE,LAC,28.0,30.0,-2.0,0.6085731432167893,0,False
2022,5,2022_05_HOU_JAX,JAX,HOU,6.0,13.0,-7.0,0.6502703030636594,0,False
2022,5,2022_05_CHI_MIN,MIN,CHI,29.0,22.0,7.0,0.6841838705541553,1,False
2022,5,2022_05_DET_NE,NE,DET,29.0,0.0,29.0,0.6650581949959563,1,False
2022,5,2022_05_SEA_NO,NO,SEA,39.0,32.0,7.0,0.5565044470549085,1,False
2022,5,2022_05_MIA_NYJ,NYJ,MIA,40.0,17.0,23.0,0.2870651911006925,1,False
2022,5,2022_05_ATL_TB,TB,ATL,21.0,15.0,6.0,0.8145162088055956,1,False
2022,5,2022_05_TEN_WAS,WAS,TEN,17.0,21.0,-4.0,0.303427358537415,0,False
2022,5,2022_05_SF_CAR,CAR,SF,15.0,37.0,-22.0,0.2274380186198001,0,False
2022,5,2022_05_PHI_ARI,ARI,PHI,17.0,20.0,-3.0,0.3632837266930765,0,False
2022,5,2022_05_DAL_LA,LA,DAL,10.0,22.0,-12.0,0.3956372821606253,0,False
2022,5,2022_05_CIN_BAL,BAL,CIN,19.0,17.0,2.0,0.4891629677443898,1,False
2022,5,2022_05_LV_KC,KC,LV,30.0,29.0,1.0,0.8032301690858201,1,False
2022,6,2022_06_WAS_CHI,CHI,WAS,7.0,12.0,-5.0,0.67596858145415,0,False
2022,6,2022_06_SF_ATL,ATL,SF,28.0,14.0,14.0,0.30312700753076044,1,False
2022,6,2022_06_NE_CLE,CLE,NE,15.0,38.0,-23.0,0.5046389661543987,0,False
2022,6,2022_06_NYJ_GB,GB,NYJ,10.0,27.0,-17.0,0.7861720256166311,0,False
2022,6,2022_06_JAX_IND,IND,JAX,34.0,27.0,7.0,0.6484379943667455,1,False
2022,6,2022_06_MIN_MIA,MIA,MIN,16.0,24.0,-8.0,0.5038153995597768,0,False
2022,6,2022_06_CIN_NO,NO,CIN,26.0,30.0,-4.0,0.4746644056336881,0,False
2022,6,2022_06_BAL_NYG,NYG,BAL,24.0,20.0,4.0,0.3972219648506068,1,False
2022,6,2022_06_TB_PIT,PIT,TB,20.0,18.0,2.0,0.23076583343220888,1,False
2022,6,2022_06_CAR_LA,LA,CAR,24.0,10.0,14.0,0.7743370864676373,1,False
2022,6,2022_06_ARI_SEA,SEA,ARI,19.0,9.0,10.0,0.577435204366931,1,False
2022,6,2022_06_BUF_KC,KC,BUF,20.0,24.0,-4.0,0.4621923707023354,0,False
2022,6,2022_06_DAL_PHI,PHI,DAL,26.0,17.0,9.0,0.5047701243773465,1,False
2022,6,2022_06_DEN_LAC,LAC,DEN,19.0,16.0,3.0,0.6684886216808602,1,False
2022,7,2022_07_NO_ARI,ARI,NO,42.0,34.0,8.0,0.5043554757529601,1,False
2022,7,2022_07_CLE_BAL,BAL,CLE,23.0,20.0,3.0,0.679770475313755,1,False
2022,7,2022_07_TB_CAR,CAR,TB,21.0,3.0,18.0,0.18664145950862301,1,False
2022,7,2022_07_ATL_CIN,CIN,ATL,35.0,17.0,18.0,0.6929053844490224,1,False
2022,7,2022_07_DET_DAL,DAL,DET,24.0,6.0,18.0,0.8481097231287426,1,False
2022,7,2022_07_NYG_JAX,JAX,NYG,17.0,23.0,-6.0,0.5030436420531489,0,False
2022,7,2022_07_IND_TEN,TEN,IND,19.0,10.0,9.0,0.6835471744477303,1,False
2022,7,2022_07_GB_WAS,WAS,GB,23.0,21.0,2.0,0.38806698827885466,1,False
2022,7,2022_07_NYJ_DEN,DEN,NYJ,9.0,16.0,-7.0,0.5037750863130266,0,False
2022,7,2022_07_HOU_LV,LV,HOU,38.0,20.0,18.0,0.7055510602273971,1,False
2022,7,2022_07_SEA_LAC,LAC,SEA,23.0,37.0,-14.0,0.581012320218627,0,False
2022,7,2022_07_KC_SF,SF,KC,23.0,44.0,-21.0,0.4862284150280526,0,False
2022,7,2022_07_PIT_MIA,MIA,PIT,16.0,10.0,6.0,0.5879886222607874,1,False
2022,7,2022_07_CHI_NE,NE,CHI,14.0,33.0,-19.0,0.7964485020814999,0,False
2022,8,2022_08_BAL_TB,TB,BAL,22.0,27.0,-5.0,0.6015742876372904,0,False
2022,8,2022_08_DEN_JAX,JAX,DEN,17.0,21.0,-4.0,0.5208103356038134,0,True
2022,8,2022_08_CAR_ATL,ATL,CAR,37.0,34.0,3.0,0.6606783692252858,1,False
2022,8,2022_08_CHI_DAL,DAL,CHI,49.0,29.0,20.0,0.8063107140403166,1,False
2022,8,2022_08_MIA_DET,DET,MIA,27.0,31.0,-4.0,0.3308610516422146,0,False
2022,8,2022_08_ARI_MIN,MIN,ARI,34.0,26.0,8.0,0.6993528883569617,1,False
2022,8,2022_08_LV_NO,NO,LV,24.0,0.0,24.0,0.49116054918142044,1,False
2022,8,2022_08_NE_NYJ,NYJ,NE,17.0,22.0,-5.0,0.5362031293849904,0,False
2022,8,2022_08_PIT_PHI,PHI,PIT,35.0,13.0,22.0,0.82465408027474,1,False
2022,8,2022_08_TEN_HOU,HOU,TEN,10.0,17.0,-7.0,0.23895454392998022,0,False
2022,8,2022_08_WAS_IND,IND,WAS,16.0,17.0,-1.0,0.6205010455657407,0,False
2022,8,2022_08_SF_LA,LA,SF,14.0,31.0,-17.0,0.5329149678333457,0,False
2022,8,2022_08_NYG_SEA,SEA,NYG,27.0,13.0,14.0,0.6141904329384021,1,False
2022,8,2022_08_GB_BUF,BUF,GB,27.0,17.0,10.0,0.8650763299080609,1,False
2022,8,2022_08_CIN_CLE,CLE,CIN,32.0,13.0,19.0,0.3650297371011909,1,False
2022,9,2022_09_PHI_HOU,HOU,PHI,17.0,29.0,-12.0,0.17548600250199384,0,False
2022,9,2022_09_LAC_ATL,ATL,LAC,17.0,20.0,-3.0,0.584684261681442,0,False
2022,9,2022_09_MIA_CHI,CHI,MIA,32.0,35.0,-3.0,0.4472007787551113,0,False
2022,9,2022_09_CAR_CIN,CIN,CAR,42.0,21.0,21.0,0.7686291234719851,1,False
2022,9,2022_09_GB_DET,DET,GB,15.0,9.0,6.0,0.3598976742415087,1,False
2022,9,2022_09_LV_JAX,JAX,LV,27.0,20.0,7.0,0.4700502168478052,1,False
2022,9,2022_09_IND_NE,NE,IND,26.0,3.0,23.0,0.6609314151136618,1,False
2022,9,2022_09_BUF_NYJ,NYJ,BUF,20.0,17.0,3.0,0.19272548096166467,1,False
2022,9,2022_09_MIN_WAS,WAS,MIN,17.0,20.0,-3.0,0.30454586383078824,0,False
2022,9,2022_09_SEA_ARI,ARI,SEA,21.0,31.0,-10.0,0.4397402937779183,0,False
2022,9,2022_09_LA_TB,TB,LA,16.0,13.0,3.0,0.6488780640284714,1,False
2022,9,2022_09_TEN_KC,KC,TEN,20.0,17.0,3.0,0.7191669682105392,1,False
2022,9,2022_09_BAL_NO,NO,BAL,13.0,27.0,-14.0,0.47883509948241487,0,False
2022,10,2022_10_ATL_CAR,CAR,ATL,25.0,15.0,10.0,0.429360710511342,1,False
2022,10,2022_10_SEA_TB,TB,SEA,21.0,16.0,5.0,0.4278008397170494,1,True
2022,10,2022_10_MIN_BUF,BUF,MIN,30.0,33.0,-3.0,0.7421397676401829,0,False
2022,10,2022_10_DET_CHI,CHI,DET,30.0,31.0,-1.0,0.6258308868122087,0,False
2022,10,2022_10_JAX_KC,KC,JAX,27.0,17.0,10.0,0.8629652763917925,1,False
2022,10,2022_10_CLE_MIA,MIA,CLE,39.0,17.0,22.0,0.5815901637372723,1,False
2022,10,2022_10_HOU_NYG,NYG,HOU,24.0,16.0,8.0,0.7607627393205925,1,False
2022,10,2022_10_NO_PIT,PIT,NO,20.0,10.0,10.0,0.42654061375127844,1,False
2022,10,2022_10_DEN_TEN,TEN,DEN,17.0,10.0,7.0,0.743104935736557,1,False
2022,10,2022_10_IND_LV,LV,IND,20.0,25.0,-5.0,0.585564071715925,0,False
2022,10,2022_10_DAL_GB,GB,DAL,31.0,28.0,3.0,0.32880962426709953,1,False
2022,10,2022_10_ARI_LA,LA,ARI,17.0,27.0,-10.0,0.5767856550970979,0,False
2022,10,2022_10_LAC_SF,SF,LAC,22.0,16.0,6.0,0.7011995259361573,1,False
2022,10,2022_10_WAS_PHI,PHI,WAS,21.0,32.0,-11.0,0.8830630474621143,0,False
2022,11,2022_11_TEN_GB,GB,TEN,17.0,27.0,-10.0,0.4203073698125322,0,False
2022,11,2022_11_CHI_ATL,ATL,CHI,27.0,24.0,3.0,0.6030345360369674,1,False
2022,11,2022_11_CAR_BAL,BAL,CAR,13.0,3.0,10.0,0.8039284974837859,1,False
2022,11,2022_11_CLE_BUF,BUF,CLE,31.0,23.0,8.0,0.8186185965217584,1,True
2022,11,2022_11_WAS_HOU,HOU,WAS,10.0,23.0,-13.0,0.35562503877340695,0,False
2022,11,2022_11_PHI_IND,IND,PHI,16.0,17.0,-1.0,0.3020226738002115,0,False
2022,11,2022_11_NYJ_NE,NE,NYJ,10.0,3.0,7.0,0.6721041155487085,1,False
2022,11,2022_11_LA_NO,NO,LA,27.0,20.0,7.0,0.5741937041456305,1,False
2022,11,2022_11_DET_NYG,NYG,DET,18.0,31.0,-13.0,0.7351879796010743,0,False
2022,11,2022_11_LV_DEN,DEN,LV,16.0,22.0,-6.0,0.5590409452633766,0,False
2022,11,2022_11_DAL_MIN,MIN,DAL,3.0,40.0,-37.0,0.5266032807351504,0,False
2022,11,2022_11_CIN_PIT,PIT,CIN,30.0,37.0,-7.0,0.3030882623187442,0,False
2022,11,2022_11_KC_LAC,LAC,KC,27.0,30.0,-3.0,0.2492656976787252,0,False
2022,11,2022_11_SF_ARI,ARI,SF,10.0,38.0,-28.0,0.3293138765270284,0,True
2022,12,2022_12_BUF_DET,DET,BUF,25.0,28.0,-3.0,0.1946097561311274,0,False
2022,12,2022_12_NYG_DAL,DAL,NYG,28.0,20.0,8.0,0.8520280260234636,1,False
2022,12,2022_12_NE_MIN,MIN,NE,33.0,26.0,7.0,0.5051781266545663,1,False
2022,12,2022_12_DEN_CAR,CAR,DEN,23.0,10.0,13.0,0.543147693883804,1,False
2022,12,2022_12_TB_CLE,CLE,TB,23.0,17.0,6.0,0.4296625204322629,1,False
2022,12,2022_12_BAL_JAX,JAX,BAL,28.0,27.0,1.0,0.27166374611164706,1,False
2022,12,2022_12_HOU_MIA,MIA,HOU,30.0,15.0,15.0,0.8549861771216034,1,False
2022,12,2022_12_CHI_NYJ,NYJ,CHI,31.0,10.0,21.0,0.7138382735690795,1,False
2022,12,2022_12_CIN_TEN,TEN,CIN,16.0,20.0,-4.0,0.6049445796664309,0,False
2022,12,2022_12_ATL_WAS,WAS,ATL,19.0,13.0,6.0,0.6528361602377519,1,False
2022,12,2022_12_LAC_ARI,ARI,LAC,24.0,25.0,-1.0,0.5589785788464217,0,False
2022,12,2022_12_LV_SEA,SEA,LV,34.0,40.0,-6.0,0.7341975697283232,0,False
2022,12,2022_12_LA_KC,KC,LA,26.0,10.0,16.0,0.8702901881173655,1,False
2022,12,2022_12_NO_SF,SF,NO,13.0,0.0,13.0,0.7596207563332834,1,False
2022,12,2022_12_GB_PHI,PHI,GB,40.0,33.0,7.0,0.8061676801347134,1,False
2022,12,2022_12_PIT_IND,IND,PIT,17.0,24.0,-7.0,0.6723319491418664,0,False
2022,13,2022_13_BUF_NE,NE,BUF,10.0,24.0,-14.0,0.42047891777475555,0,False
2022,13,2022_13_PIT_ATL,ATL,PIT,16.0,19.0,-3.0,0.5673288347275194,0,False
2022,13,2022_13_DEN_BAL,BAL,DEN,10.0,9.0,1.0,0.8425498224938265,1,False
2022,13,2022_13_GB_CHI,CHI,GB,19.0,28.0,-9.0,0.4702816729441932,0,False
2022,13,2022_13_JAX_DET,DET,JAX,40.0,14.0,26.0,0.6005348460920487,1,False
2022,13,2022_13_CLE_HOU,HOU,CLE,14.0,27.0,-13.0,0.31433660181845835,0,False
2022,13,2022_13_NYJ_MIN,MIN,NYJ,27.0,22.0,5.0,0.6144300573480936,1,False
2022,13,2022_13_WAS_NYG,NYG,WAS,20.0,20.0,0.0,0.44371537085317,0,False
2022,13,2022_13_TEN_PHI,PHI,TEN,35.0,10.0,25.0,0.6181743391544519,1,False
2022,13,2022_13_SEA_LA,LA,SEA,23.0,27.0,-4.0,0.3414467918928698,0,False
2022,13,2022_13_MIA_SF,SF,MIA,33.0,17.0,16.0,0.6949976720384753,1,False
2022,13,2022_13_KC_CIN,CIN,KC,27.0,24.0,3.0,0.4131840387678652,1,False
2022,13,2022_13_LAC_LV,LV,LAC,27.0,20.0,7.0,0.564255449319135,1,False
2022,13,2022_13_IND_DAL,DAL,IND,54.0,19.0,35.0,0.8689703060710927,1,False
2022,13,2022_13_NO_TB,TB,NO,17.0,16.0,1.0,0.6441662515359081,1,False
2022,14,2022_14_LV_LA,LA,LV,17.0,16.0,1.0,0.4233312039307095,1,False
2022,14,2022_14_NYJ_BUF,BUF,NYJ,20.0,12.0,8.0,0.8039391029265127,1,False
2022,14,2022_14_CLE_CIN,CIN,CLE,23.0,10.0,13.0,0.7562161326100635,1,False
2022,14,2022_14_HOU_DAL,DAL,HOU,27.0,23.0,4.0,0.9601647056778104,1,False
2022,14,2022_14_MIN_DET,DET,MIN,34.0,23.0,11.0,0.3603895511088397,1,False
2022,14,2022_14_PHI_NYG,NYG,PHI,22.0,48.0,-26.0,0.22748409067803288,0,False
2022,14,2022_14_BAL_PIT,PIT,BAL,14.0,16.0,-2.0,0.34192542281027,0,False
2022,14,2022_14_JAX_TEN,TEN,JAX,22.0,36.0,-14.0,0.83393173283745,0,False
2022,14,2022_14_KC_DEN,DEN,KC,28.0,34.0,-6.0,0.15425558816130036,0,False
2022,14,2022_14_CAR_SEA,SEA,CAR,24.0,30.0,-6.0,0.764896464445481,0,False
2022,14,2022_14_TB_SF,SF,TB,35.0,7.0,28.0,0.7655375046281062,1,False
2022,14,2022_14_MIA_LAC,LAC,MIA,23.0,17.0,6.0,0.43713685211957654,1,False
2022,14,2022_14_NE_ARI,ARI,NE,13.0,27.0,-14.0,0.3590556686627502,0,False
2022,15,2022_15_SF_SEA,SEA,SF,13.0,21.0,-8.0,0.3433970003815864,0,False
2022,15,2022_15_IND_MIN,MIN,IND,39.0,36.0,3.0,0.7721841263260943,1,False
2022,15,2022_15_BAL_CLE,CLE,BAL,13.0,3.0,10.0,0.3555465362876212,1,False
2022,15,2022_15_MIA_BUF,BUF,MIA,32.0,29.0,3.0,0.7837881889428615,1,False
2022,15,2022_15_PIT_CAR,CAR,PIT,16.0,24.0,-8.0,0.5645091857522215,0,False
2022,15,2022_15_PHI_CHI,CHI,PHI,20.0,25.0,-5.0,0.12787294287692802,0,False
2022,15,2022_15_KC_HOU,HOU,KC,24.0,30.0,-6.0,0.07971133607715382,0,False
2022,15,2022_15_DAL_JAX,JAX,DAL,40.0,34.0,6.0,0.14344828883269248,1,False
2022,15,2022_15_ATL_NO,NO,ATL,21.0,18.0,3.0,0.620560304439245,1,False
2022,15,2022_15_DET_NYJ,NYJ,DET,17.0,20.0,-3.0,0.5462006947340857,0,False
2022,15,2022_15_ARI_DEN,DEN,ARI,24.0,15.0,9.0,0.5031779986092945,1,False
2022,15,2022_15_NE_LV,LV,NE,30.0,24.0,6.0,0.4403041600320531,1,False
2022,15,2022_15_TEN_LAC,LAC,TEN,17.0,14.0,3.0,0.5147683410471096,1,False
2022,15,2022_15_CIN_TB,TB,CIN,23.0,34.0,-11.0,0.3209117699545402,0,False
2022,15,2022_15_NYG_WAS,WAS,NYG,12.0,20.0,-8.0,0.761269796542787,0,False
2022,15,2022_15_LA_GB,GB,LA,24.0,12.0,12.0,0.6387922274361055,1,False
2022,16,2022_16_JAX_NYJ,NYJ,JAX,3.0,19.0,-16.0,0.6263938389467983,0,False
2022,16,2022_16_ATL_BAL,BAL,ATL,17.0,9.0,8.0,0.7992845048741959,1,False
2022,16,2022_16_DET_CAR,CAR,DET,37.0,23.0,14.0,0.42858567295955124,1,False
2022,16,2022_16_BUF_CHI,CHI,BUF,13.0,35.0,-22.0,0.1302975269200472,0,False
2022,16,2022_16_NO_CLE,CLE,NO,10.0,17.0,-7.0,0.6356915732164633,0,False
2022,16,2022_16_SEA_KC,KC,SEA,24.0,10.0,14.0,0.81538250880291,1,False
2022,16,2022_16_NYG_MIN,MIN,NYG,27.0,24.0,3.0,0.7465801989044348,1,False
2022,16,2022_16_CIN_NE,NE,CIN,18.0,22.0,-4.0,0.3686419096641457,0,False
2022,16,2022_16_HOU_TEN,TEN,HOU,14.0,19.0,-5.0,0.843652352740814,0,False
2022,16,2022_16_WAS_SF,SF,WAS,37.0,20.0,17.0,0.8352839778257267,1,False
2022,16,2022_16_PHI_DAL,DAL,PHI,40.0,34.0,6.0,0.566372455847575,1,False
2022,16,2022_16_LV_PIT,PIT,LV,13.0,10.0,3.0,0.5584263473610429,1,False
2022,16,2022_16_GB_MIA,MIA,GB,20.0,26.0,-6.0,0.6221691013544398,0,False
2022,16,2022_16_DEN_LA,LA,DEN,51.0,14.0,37.0,0.546485889540727,1,False
2022,16,2022_16_TB_ARI,ARI,TB,16.0,19.0,-3.0,0.4651883294587537,0,False
2022,16,2022_16_LAC_IND,IND,LAC,3.0,20.0,-17.0,0.41291415263422443,0,False
2022,17,2022_17_DAL_TEN,TEN,DAL,13.0,27.0,-14.0,0.21318591468128617,0,False
2022,17,2022_17_ARI_ATL,ATL,ARI,20.0,19.0,1.0,0.6085969361454785,1,False
2022,17,2022_17_CHI_DET,DET,CHI,41.0,10.0,31.0,0.8242198725108126,1,False
2022,17,2022_17_JAX_HOU,HOU,JAX,3.0,31.0,-28.0,0.30495078507395756,0,False
2022,17,2022_17_DEN_KC,KC,DEN,27.0,24.0,3.0,0.930674048532996,1,False
2022,17,2022_17_MIA_NE,NE,MIA,23.0,21.0,2.0,0.6066202460241434,1,False
2022,17,2022_17_IND_NYG,NYG,IND,38.0,10.0,28.0,0.6451371825437401,1,False
2022,17,2022_17_NO_PHI,PHI,NO,10.0,20.0,-10.0,0.7976729774879633,0,False
2022,17,2022_17_CAR_TB,TB,CAR,30.0,24.0,6.0,0.5859016611357323,1,False
2022,17,2022_17_CLE_WAS,WAS,CLE,10.0,24.0,-14.0,0.5566675879663868,0,False
2022,17,2022_17_SF_LV,LV,SF,34.0,37.0,-3.0,0.20595952565039133,0,False
2022,17,2022_17_NYJ_SEA,SEA,NYJ,23.0,6.0,17.0,0.6490222376775857,1,False
2022,17,2022_17_MIN_GB,GB,MIN,41.0,17.0,24.0,0.5271979457763815,1,False
2022,17,2022_17_LA_LAC,LAC,LA,31.0,10.0,21.0,0.6890272756247328,1,False
2022,17,2022_17_PIT_BAL,BAL,PIT,13.0,16.0,-3.0,0.6853092310464287,0,False
2022,18,2022_18_KC_LV,LV,KC,13.0,31.0,-18.0,0.2600952595227188,0,False
2022,18,2022_18_TEN_JAX,JAX,TEN,20.0,16.0,4.0,0.6900208763905483,1,False
2022,18,2022_18_TB_ATL,ATL,TB,30.0,17.0,13.0,0.4084643769739442,1,False
2022,18,2022_18_NE_BUF,BUF,NE,35.0,23.0,12.0,0.8033673592308807,1,False
2022,18,2022_18_MIN_CHI,CHI,MIN,13.0,29.0,-16.0,0.25499118714041547,0,False
2022,18,2022_18_BAL_CIN,CIN,BAL,27.0,16.0,11.0,0.7049695339964127,1,False
2022,18,2022_18_HOU_IND,IND,HOU,31.0,32.0,-1.0,0.6368202539770615,0,False
2022,18,2022_18_NYJ_MIA,MIA,NYJ,11.0,6.0,5.0,0.7105975668909814,1,False
2022,18,2022_18_CAR_NO,NO,CAR,7.0,10.0,-3.0,0.6511190057326613,0,False
2022,18,2022_18_CLE_PIT,PIT,CLE,28.0,14.0,14.0,0.6234148598208226,1,False
2022,18,2022_18_LAC_DEN,DEN,LAC,31.0,28.0,3.0,0.24074827828465362,1,False
2022,18,2022_18_NYG_PHI,PHI,NYG,22.0,16.0,6.0,0.7788562135263181,1,False
2022,18,2022_18_LA_SEA,SEA,LA,19.0,16.0,3.0,0.6950822538409223,1,False
2022,18,2022_18_ARI_SF,SF,ARI,38.0,13.0,25.0,0.9364207334043385,1,False
2022,18,2022_18_DAL_WAS,WAS,DAL,26.0,6.0,20.0,0.199680562266363,1,False
2022,18,2022_18_DET_GB,GB,DET,16.0,20.0,-4.0,0.6193855320654096,0,False
2023,1,2023_01_DET_KC,KC,DET,20.0,21.0,-1.0,0.7079250922939639,0,False
2023,1,2023_01_CAR_ATL,ATL,CAR,24.0,10.0,14.0,0.5051901820525276,1,False
2023,1,2023_01_HOU_BAL,BAL,HOU,25.0,9.0,16.0,0.7941445854313087,1,False
2023,1,2023_01_CIN_CLE,CLE,CIN,24.0,3.0,21.0,0.34602224002576226,1,False
2023,1,2023_01_JAX_IND,IND,JAX,21.0,31.0,-10.0,0.32893567149436354,0,False
2023,1,2023_01_TB_MIN,MIN,TB,17.0,20.0,-3.0,0.6278718335499474,0,False
2023,1,2023_01_TEN_NO,NO,TEN,16.0,15.0,1.0,0.6794074713714215,1,False
2023,1,2023_01_SF_PIT,PIT,SF,7.0,30.0,-23.0,0.3187728029062376,0,False
2023,1,2023_01_ARI_WAS,WAS,ARI,20.0,16.0,4.0,0.7375999019720266,1,False
2023,1,2023_01_GB_CHI,CHI,GB,20.0,38.0,-18.0,0.2420651943737223,0,False
2023,1,2023_01_LV_DEN,DEN,LV,16.0,17.0,-1.0,0.4310899955692583,0,False
2023,1,2023_01_MIA_LAC,LAC,MIA,34.0,36.0,-2.0,0.6215146205394059,0,False
2023,1,2023_01_PHI_NE,NE,PHI,20.0,25.0,-5.0,0.3959302007410272,0,False
2023,1,2023_01_LA_SEA,SEA,LA,13.0,30.0,-17.0,0.6558000914535402,0,False
2023,1,2023_01_DAL_NYG,NYG,DAL,0.0,40.0,-40.0,0.32510893812772,0,False
2023,1,2023_01_BUF_NYJ,NYJ,BUF,22.0,16.0,6.0,0.22005349227347468,1,False
2023,2,2023_02_MIN_PHI,PHI,MIN,34.0,28.0,6.0,0.7162781161679943,1,False
2023,2,2023_02_GB_ATL,ATL,GB,25.0,24.0,1.0,0.4504163425044175,1,False
2023,2,2023_02_LV_BUF,BUF,LV,38.0,10.0,28.0,0.7768657175167581,1,False
2023,2,2023_02_BAL_CIN,CIN,BAL,24.0,27.0,-3.0,0.6350755947476463,0,False
2023,2,2023_02_SEA_DET,DET,SEA,31.0,37.0,-6.0,0.7114257508438157,0,False
2023,2,2023_02_IND_HOU,HOU,IND,20.0,31.0,-11.0,0.5564573144151701,0,False
2023,2,2023_02_KC_JAX,JAX,KC,9.0,17.0,-8.0,0.4314839414951539,0,False
2023,2,2023_02_CHI_TB,TB,CHI,27.0,17.0,10.0,0.802514473633948,1,False
2023,2,2023_02_LAC_TEN,TEN,LAC,27.0,24.0,3.0,0.38894047089497724,1,False
2023,2,2023_02_NYG_ARI,ARI,NYG,28.0,31.0,-3.0,0.48670827098058944,0,False
2023,2,2023_02_SF_LA,LA,SF,23.0,30.0,-7.0,0.2278215012820992,0,False
2023,2,2023_02_NYJ_DAL,DAL,NYJ,30.0,10.0,20.0,0.8199854657209391,1,False
2023,2,2023_02_WAS_DEN,DEN,WAS,33.0,35.0,-2.0,0.397286147694961,0,False
2023,2,2023_02_MIA_NE,NE,MIA,17.0,24.0,-7.0,0.5269647890408177,0,False
2023,2,2023_02_NO_CAR,CAR,NO,17.0,20.0,-3.0,0.4807540507644267,0,False
2023,2,2023_02_CLE_PIT,PIT,CLE,26.0,22.0,4.0,0.5187615072854354,1,False
2023,3,2023_03_NYG_SF,SF,NYG,30.0,12.0,18.0,0.8923006733110505,1,False
2023,3,2023_03_IND_BAL,BAL,IND,19.0,22.0,-3.0,0.8059238481928074,0,False
2023,3,2023_03_TEN_CLE,CLE,TEN,27.0,3.0,24.0,0.7075668168502607,1,False
2023,3,2023_03_ATL_DET,DET,ATL,20.0,6.0,14.0,0.6289187527068866,1,False
2023,3,2023_03_NO_GB,GB,NO,18.0,17.0,1.0,0.6556715415098098,1,False
2023,3,2023_03_HOU_JAX,JAX,HOU,17.0,37.0,-20.0,0.8429235734928444,0,False
2023,3,2023_03_DEN_MIA,MIA,DEN,70.0,20.0,50.0,0.7242459830611554,1,False
2023,3,2023_03_LAC_MIN,MIN,LAC,24.0,28.0,-4.0,0.5353861165568636,0,False
2023,3,2023_03_NE_NYJ,NYJ,NE,10.0,15.0,-5.0,0.4864154263834683,0,False
2023,3,2023_03_BUF_WAS,WAS,BUF,3.0,37.0,-34.0,0.3212738188328267,0,False
2023,3,2023_03_CAR_SEA,SEA,CAR,37.0,27.0,10.0,0.6181556141261149,1,False
2023,3,2023_03_DAL_ARI,ARI,DAL,28.0,16.0,12.0,0.17856470619783954,1,False
2023,3,2023_03_CHI_KC,KC,CHI,41.0,10.0,31.0,0.9308395792646708,1,False
2023,3,2023_03_PIT_LV,LV,PIT,18.0,23.0,-5.0,0.44482937542576984,0,False
2023,3,2023_03_PHI_TB,TB,PHI,11.0,25.0,-14.0,0.37034771065634114,0,False
2023,3,2023_03_LA_CIN,CIN,LA,19.0,16.0,3.0,0.6777490144744556,1,False
2023,4,2023_04_DET_GB,GB,DET,20.0,34.0,-14.0,0.6293363823885972,0,False
2023,4,2023_04_ATL_JAX,JAX,ATL,23.0,7.0,16.0,0.5506975324153345,1,True
2023,4,2023_04_MIA_BUF,BUF,MIA,48.0,20.0,28.0,0.7529528160690306,1,False
2023,4,2023_04_MIN_CAR,CAR,MIN,13.0,21.0,-8.0,0.490347512939222,0,False
2023,4,2023_04_DEN_CHI,CHI,DEN,28.0,31.0,-3.0,0.45153850295588155,0,False
2023,4,2023_04_BAL_CLE,CLE,BAL,3.0,28.0,-25.0,0.612302971719023,0,False
2023,4,2023_04_PIT_HOU,HOU,PIT,30.0,6.0,24.0,0.33218526407622095,1,False
2023,4,2023_04_LA_IND,IND,LA,23.0,29.0,-6.0,0.44183456696089596,0,False
2023,4,2023_04_TB_NO,NO,TB,9.0,26.0,-17.0,0.6552348514975679,0,False
2023,4,2023_04_WAS_PHI,PHI,WAS,34.0,31.0,3.0,0.8032109234368489,1,False
2023,4,2023_04_CIN_TEN,TEN,CIN,27.0,3.0,24.0,0.34470297312467313,1,False
2023,4,2023_04_LV_LAC,LAC,LV,24.0,17.0,7.0,0.7350293942064634,1,False
2023,4,2023_04_NE_DAL,DAL,NE,38.0,3.0,35.0,0.7314903729299892,1,False
2023,4,2023_04_ARI_SF,SF,ARI,35.0,16.0,19.0,0.9063608833184509,1,False
2023,4,2023_04_KC_NYJ,NYJ,KC,20.0,23.0,-3.0,0.1747206562716118,0,False
2023,4,2023_04_SEA_NYG,NYG,SEA,3.0,24.0,-21.0,0.4259682386929186,0,False
2023,5,2023_05_CHI_WAS,WAS,CHI,20.0,40.0,-20.0,0.8098823167627042,0,False
2023,5,2023_05_JAX_BUF,BUF,JAX,20.0,25.0,-5.0,0.7884986715811335,0,True
2023,5,2023_05_HOU_ATL,ATL,HOU,21.0,19.0,2.0,0.5846857428637702,1,False
2023,5,2023_05_CAR_DET,DET,CAR,42.0,24.0,18.0,0.7984493788980475,1,False
2023,5,2023_05_TEN_IND,IND,TEN,23.0,16.0,7.0,0.45607321954370744,1,False
2023,5,2023_05_NYG_MIA,MIA,NYG,31.0,16.0,15.0,0.7691417814581649,1,False
2023,5,2023_05_NO_NE,NE,NO,0.0,34.0,-34.0,0.4667136294507691,0,False
2023,5,2023_05_BAL_PIT,PIT,BAL,17.0,10.0,7.0,0.4361761708394719,1,False
2023,5,2023_05_CIN_ARI,ARI,CIN,20.0,34.0,-14.0,0.4091450464526205,0,False
2023,5,2023_05_PHI_LA,LA,PHI,14.0,23.0,-9.0,0.37182393641905936,0,False
2023,5,2023_05_NYJ_DEN,DEN,NYJ,21.0,31.0,-10.0,0.5210447950817234,0,False
2023,5,2023_05_KC_MIN,MIN,KC,20.0,27.0,-7.0,0.2954574934363912,0,False
2023,5,2023_05_DAL_SF,SF,DAL,42.0,10.0,32.0,0.7079638761566542,1,False
2023,5,2023_05_GB_LV,LV,GB,17.0,13.0,4.0,0.3540552331488489,1,False
2023,6,2023_06_DEN_KC,KC,DEN,19.0,8.0,11.0,0.9311444861236027,1,False
2023,6,2023_06_BAL_TEN,TEN,BAL,16.0,24.0,-8.0,0.34663881622060794,0,True
2023,6,2023_06_WAS_ATL,ATL,WAS,16.0,24.0,-8.0,0.6463368874559079,0,False
2023,6,2023_06_MIN_CHI,CHI,MIN,13.0,19.0,-6.0,0.31309782544647335,0,False
2023,6,2023_06_SEA_CIN,CIN,SEA,17.0,13.0,4.0,0.5401821588539988,1,False
2023,6,2023_06_SF_CLE,CLE,SF,19.0,17.0,2.0,0.2126501599865726,1,False
2023,6,2023_06_NO_HOU,HOU,NO,20.0,13.0,7.0,0.40039413577248545,1,False
2023,6,2023_06_IND_JAX,JAX,IND,37.0,20.0,17.0,0.7422838625683542,1,False
2023,6,2023_06_CAR_MIA,MIA,CAR,42.0,21.0,21.0,0.8203026560229604,1,False
2023,6,2023_06_NE_LV,LV,NE,21.0,17.0,4.0,0.6300470607870148,1,False
2023,6,2023_06_ARI_LA,LA,ARI,26.0,9.0,17.0,0.7127673190206968,1,False
2023,6,2023_06_PHI_NYJ,NYJ,PHI,20.0,14.0,6.0,0.2537313624481672,1,False
2023,6,2023_06_DET_TB,TB,DET,6.0,20.0,-14.0,0.46234607830724,0,False
2023,6,2023_06_NYG_BUF,BUF,NYG,14.0,9.0,5.0,0.9196878355400574,1,False
2023,6,2023_06_DAL_LAC,LAC,DAL,17.0,20.0,-3.0,0.4941047981879763,0,False
2023,7,2023_07_JAX_NO,NO,JAX,24.0,31.0,-7.0,0.48042289877476857,0,False
2023,7,2023_07_DET_BAL,BAL,DET,38.0,6.0,32.0,0.4627294505133604,1,False
2023,7,2023_07_LV_CHI,CHI,LV,30.0,12.0,18.0,0.3893827948534443,1,False
2023,7,2023_07_CLE_IND,IND,CLE,38.0,39.0,-1.0,0.38790217928233667,0,False
2023,7,2023_07_BUF_NE,NE,BUF,29.0,25.0,4.0,0.1287167169036431,1,False
2023,7,2023_07_WAS_NYG,NYG,WAS,14.0,7.0,7.0,0.4430388949114616,1,False
2023,7,2023_07_ATL_TB,TB,ATL,13.0,16.0,-3.0,0.6704229378449726,0,False
2023,7,2023_07_PIT_LA,LA,PIT,17.0,24.0,-7.0,0.5476200822287853,0,False
2023,7,2023_07_ARI_SEA,SEA,ARI,20.0,10.0,10.0,0.8066337861029276,1,False
2023,7,2023_07_GB_DEN,DEN,GB,19.0,17.0,2.0,0.30232761090656435,1,False
2023,7,2023_07_LAC_KC,KC,LAC,31.0,17.0,14.0,0.7880002547139461,1,False
2023,7,2023_07_MIA_PHI,PHI,MIA,31.0,17.0,14.0,0.5784247656262611,1,False
2023,7,2023_07_SF_MIN,MIN,SF,22.0,17.0,5.0,0.21322845092567502,1,False
2023,8,2023_08_TB_BUF,BUF,TB,24.0,18.0,6.0,0.8134252624764867,1,False
2023,8,2023_08_HOU_CAR,CAR,HOU,15.0,13.0,2.0,0.3899323439928384,1,False
2023,8,2023_08_LA_DAL,DAL,LA,43.0,20.0,23.0,0.7441371950690927,1,False
2023,8,2023_08_MIN_GB,GB,MIN,10.0,24.0,-14.0,0.5115925147735418,0,False
2023,8,2023_08_NO_IND,IND,NO,27.0,38.0,-11.0,0.48462194018355176,0,False
2023,8,2023_08_NE_MIA,MIA,NE,31.0,17.0,14.0,0.8201572656607564,1,False
2023,8,2023_08_NYJ_NYG,NYG,NYJ,10.0,13.0,-3.0,0.4191610105674498,0,False
2023,8,2023_08_JAX_PIT,PIT,JAX,10.0,20.0,-10.0,0.49956587768502064,0,False
2023,8,2023_08_ATL_TEN,TEN,ATL,28.0,23.0,5.0,0.5479462139256198,1,False
2023,8,2023_08_PHI_WAS,WAS,PHI,31.0,38.0,-7.0,0.2490553235627921,0,False
2023,8,2023_08_CLE_SEA,SEA,CLE,24.0,20.0,4.0,0.6159961902608229,1,False
2023,8,2023_08_BAL_ARI,ARI,BAL,24.0,31.0,-7.0,0.1791063586946977,0,False
2023,8,2023_08_KC_DEN,DEN,KC,24.0,9.0,15.0,0.11670446096934879,1,False
2023,8,2023_08_CIN_SF,SF,CIN,17.0,31.0,-14.0,0.8176225114563618,0,False
2023,8,2023_08_CHI_LAC,LAC,CHI,30.0,13.0,17.0,0.738796075618232,1,False
2023,8,2023_08_LV_DET,DET,LV,26.0,14.0,12.0,0.7941209818388575,1,False
2023,9,2023_09_TEN_PIT,PIT,TEN,20.0,16.0,4.0,0.6109514339118528,1,False
2023,9,2023_09_MIA_KC,KC,MIA,21.0,14.0,7.0,0.584783763216378,1,True
2023,9,2023_09_MIN_ATL,ATL,MIN,28.0,31.0,-3.0,0.3703055511424158,0,False
2023,9,2023_09_SEA_BAL,BAL,SEA,37.0,3.0,34.0,0.6848266979093349,1,False
2023,9,2023_09_ARI_CLE,CLE,ARI,27.0,0.0,27.0,0.7938172267753782,1,False
2023,9,2023_09_LA_GB,GB,LA,20.0,3.0,17.0,0.5744260281967302,1,False
2023,9,2023_09_TB_HOU,HOU,TB,39.0,37.0,2.0,0.5604855732512756,1,False
2023,9,2023_09_WAS_NE,NE,WAS,17.0,20.0,-3.0,0.528313219764495,0,False
2023,9,2023_09_CHI_NO,NO,CHI,24.0,17.0,7.0,0.7658133327624118,1,False
2023,9,2023_09_IND_CAR,CAR,IND,13.0,27.0,-14.0,0.4894845702950829,0,False
2023,9,2023_09_NYG_LV,LV,NYG,30.0,6.0,24.0,0.6186443959692037,1,False
2023,9,2023_09_DAL_PHI,PHI,DAL,28.0,23.0,5.0,0.6119444083003353,1,False
2023,9,2023_09_BUF_CIN,CIN,BUF,24.0,18.0,6.0,0.39268046697041165,1,False
2023,9,2023_09_LAC_NYJ,NYJ,LAC,6.0,27.0,-21.0,0.5198850163856724,0,False
2023,10,2023_10_CAR_CHI,CHI,CAR,16.0,13.0,3.0,0.6403164039455962,1,False
2023,10,2023_10_IND_NE,NE,IND,6.0,10.0,-4.0,0.3776975101765949,0,True
2023,10,2023_10_CLE_BAL,BAL,CLE,31.0,33.0,-2.0,0.7416634739070993,0,False
2023,10,2023_10_HOU_CIN,CIN,HOU,27.0,30.0,-3.0,0.7215375837234613,0,False
2023,10,2023_10_SF_JAX,JAX,SF,3.0,34.0,-31.0,0.4481367554859612,0,False
2023,10,2023_10_NO_MIN,MIN,NO,27.0,19.0,8.0,0.6345213052765101,1,False
2023,10,2023_10_GB_PIT,PIT,GB,23.0,19.0,4.0,0.5770889698538676,1,False
2023,10,2023_10_TEN_TB,TB,TEN,20.0,6.0,14.0,0.5926140307886466,1,False
2023,10,2023_10_ATL_ARI,ARI,ATL,25.0,23.0,2.0,0.4241693219022551,1,False
2023,10,2023_10_DET_LAC,LAC,DET,38.0,41.0,-3.0,0.5324093519908484,0,False
2023,10,2023_10_NYG_DAL,DAL,NYG,49.0,17.0,32.0,0.8901035749092835,1,False
2023,10,2023_10_WAS_SEA,SEA,WAS,29.0,26.0,3.0,0.7239832737189659,1,False
2023,10,2023_10_NYJ_LV,LV,NYJ,16.0,12.0,4.0,0.5380915225732746,1,False
2023,10,2023_10_DEN_BUF,BUF,DEN,22.0,24.0,-2.0,0.8727115596431722,0,False
2023,11,2023_11_CIN_BAL,BAL,CIN,34.0,20.0,14.0,0.7008754382686934,1,False
2023,11,2023_11_DAL_CAR,CAR,DAL,10.0,33.0,-23.0,0.1531290538799131,0,False
2023,11,2023_11_PIT_CLE,CLE,PIT,13.0,10.0,3.0,0.6139707680611914,1,False
2023,11,2023_11_CHI_DET,DET,CHI,31.0,26.0,5.0,0.8281412999144946,1,False
2023,11,2023_11_LAC_GB,GB,LAC,23.0,20.0,3.0,0.445615927338888,1,False
2023,11,2023_11_ARI_HOU,HOU,ARI,21.0,16.0,5.0,0.8021483520425945,1,False
2023,11,2023_11_TEN_JAX,JAX,TEN,34.0,14.0,20.0,0.7216872622024942,1,False
2023,11,2023_11_LV_MIA,MIA,LV,20.0,13.0,7.0,0.73825378602479,1,False
2023,11,2023_11_NYG_WAS,WAS,NYG,19.0,31.0,-12.0,0.7049999532871642,0,False
2023,11,2023_11_TB_SF,SF,TB,27.0,14.0,13.0,0.8195276720705811,1,False
2023,11,2023_11_NYJ_BUF,BUF,NYJ,32.0,6.0,26.0,0.8236178650880249,1,False
2023,11,2023_11_SEA_LA,LA,SEA,17.0,16.0,1.0,0.363238902115478,1,False
2023,11,2023_11_MIN_DEN,DEN,MIN,21.0,20.0,1.0,0.3102574077087754,1,False
2023,11,2023_11_PHI_KC,KC,PHI,17.0,21.0,-4.0,0.5817888111853747,0,False
2023,12,2023_12_GB_DET,DET,GB,22.0,29.0,-7.0,0.7485204869748391,0,False
2023,12,2023_12_WAS_DAL,DAL,WAS,45.0,10.0,35.0,0.8698415224376711,1,False
2023,12,2023_12_SF_SEA,SEA,SF,13.0,31.0,-18.0,0.3002513902633762,0,False
2023,12,2023_12_MIA_NYJ,NYJ,MIA,13.0,34.0,-21.0,0.2889656797844914,0,False
2023,12,2023_12_NO_ATL,ATL,NO,24.0,15.0,9.0,0.39958235169999656,1,False
2023,12,2023_12_PIT_CIN,CIN,PIT,10.0,16.0,-6.0,0.6309208714058345,0,False
2023,12,2023_12_JAX_HOU,HOU,JAX,21.0,24.0,-3.0,0.5029905170582305,0,False
2023,12,2023_12_TB_IND,IND,TB,27.0,20.0,7.0,0.5411395972284416,1,False
2023,12,2023_12_NE_NYG,NYG,NE,10.0,7.0,3.0,0.5660764112951703,1,False
2023,12,2023_12_CAR_TEN,TEN,CAR,17.0,10.0,7.0,0.7159076401265301,1,False
2023,12,2023_12_LA_ARI,ARI,LA,14.0,37.0,-23.0,0.3881996494030272,0,False
2023,12,2023_12_CLE_DEN,DEN,CLE,29.0,12.0,17.0,0.3471192140419379,1,False
2023,12,2023_12_KC_LV,LV,KC,17.0,31.0,-14.0,0.2678538435195712,0,False
2023,12,2023_12_BUF_PHI,PHI,BUF,37.0,34.0,3.0,0.637059801662615,1,False
2023,12,2023_12_BAL_LAC,LAC,BAL,10.0,20.0,-10.0,0.3141800383184457,0,False
2023,12,2023_12_CHI_MIN,MIN,CHI,10.0,12.0,-2.0,0.8135236663483653,0,False
2023,13,2023_13_SEA_DAL,DAL,SEA,41.0,35.0,6.0,0.8342107651645149,1,False
2023,13,2023_13_DEN_HOU,HOU,DEN,22.0,17.0,5.0,0.557862479213395,1,False
2023,13,2023_13_LAC_NE,NE,LAC,0.0,6.0,-6.0,0.3053031514747868,0,False
2023,13,2023_13_DET_NO,NO,DET,28.0,33.0,-5.0,0.42313226540404697,0,False
2023,13,2023_13_ATL_NYJ,NYJ,ATL,8.0,13.0,-5.0,0.4898729982999384,0,False
2023,13,2023_13_ARI_PIT,PIT,ARI,10.0,24.0,-14.0,0.8652063538702792,0,False
2023,13,2023_13_IND_TEN,TEN,IND,28.0,31.0,-3.0,0.5104518872530072,0,False
2023,13,2023_13_MIA_WAS,WAS,MIA,15.0,45.0,-30.0,0.23168884302004897,0,False
2023,13,2023_13_CAR_TB,TB,CAR,21.0,18.0,3.0,0.7999504331952882,1,False
2023,13,2023_13_CLE_LA,LA,CLE,36.0,19.0,17.0,0.4873316619104806,1,False
2023,13,2023_13_SF_PHI,PHI,SF,19.0,42.0,-23.0,0.500633474527907,0,False
2023,13,2023_13_KC_GB,GB,KC,27.0,19.0,8.0,0.3419334132241676,1,False
2023,13,2023_13_CIN_JAX,JAX,CIN,31.0,34.0,-3.0,0.6749538912741457,0,False
2023,14,2023_14_NE_PIT,PIT,NE,18.0,21.0,-3.0,0.7803380328631918,0,False
2023,14,2023_14_TB_ATL,ATL,TB,25.0,29.0,-4.0,0.5881814744622574,0,False
2023,14,2023_14_LA_BAL,BAL,LA,37.0,31.0,6.0,0.8344828645150603,1,False
2023,14,2023_14_DET_CHI,CHI,DET,28.0,13.0,15.0,0.33363734239680737,1,False
2023,14,2023_14_IND_CIN,CIN,IND,34.0,14.0,20.0,0.6831821555553688,1,False
2023,14,2023_14_JAX_CLE,CLE,JAX,31.0,27.0,4.0,0.44670958532433475,1,False
2023,14,2023_14_CAR_NO,NO,CAR,28.0,6.0,22.0,0.8224475750825798,1,False
2023,14,2023_14_HOU_NYJ,NYJ,HOU,30.0,6.0,24.0,0.3661034551304935,1,False
2023,14,2023_14_MIN_LV,LV,MIN,0.0,3.0,-3.0,0.3671874913978923,0,False
2023,14,2023_14_SEA_SF,SF,SEA,28.0,16.0,12.0,0.8925010644010208,1,False
2023,14,2023_14_BUF_KC,KC,BUF,17.0,20.0,-3.0,0.598817876202433,0,False
2023,14,2023_14_DEN_LAC,LAC,DEN,7.0,24.0,-17.0,0.6177870774474294,0,False
2023,14,2023_14_PHI_DAL,DAL,PHI,33.0,13.0,20.0,0.6485180056417861,1,False
2023,14,2023_14_TEN_MIA,MIA,TEN,27.0,28.0,-1.0,0.8659567037167699,0,False
2023,14,2023_14_GB_NYG,NYG,GB,24.0,22.0,2.0,0.32084897175858496,1,False
2023,15,2023_15_LAC_LV,LV,LAC,63.0,21.0,42.0,0.47519892325510354,1,False
2023,15,2023_15_MIN_CIN,CIN,MIN,27.0,24.0,3.0,0.5736607786498678,1,False
2023,15,2023_15_PIT_IND,IND,PIT,30.0,13.0,17.0,0.5150192482457912,1,False
2023,15,2023_15_DEN_DET,DET,DEN,42.0,17.0,25.0,0.5420241338101279,1,False
2023,15,2023_15_ATL_CAR,CAR,ATL,9.0,7.0,2.0,0.29870867560090025,1,False
2023,15,2023_15_CHI_CLE,CLE,CHI,20.0,17.0,3.0,0.6646662453825707,1,False
2023,15,2023_15_TB_GB,GB,TB,20.0,34.0,-14.0,0.6541558023003414,0,False
2023,15,2023_15_NYJ_MIA,MIA,NYJ,30.0,0.0,30.0,0.8384428146800116,1,False
2023,15,2023_15_KC_NE,NE,KC,17.0,27.0,-10.0,0.2665110965511025,0,False
2023,15,2023_15_NYG_NO,NO,NYG,24.0,6.0,18.0,0.6812972078951609,1,False
2023,15,2023_15_HOU_TEN,TEN,HOU,16.0,19.0,-3.0,0.5126683096329461,0,False
2023,15,2023_15_SF_ARI,ARI,SF,29.0,45.0,-16.0,0.09497658147000841,0,False
2023,15,2023_15_WAS_LA,LA,WAS,28.0,20.0,8.0,0.7756221112179241,1,False
2023,15,2023_15_DAL_BUF,BUF,DAL,31.0,10.0,21.0,0.37268272030305993,1,False
2023,15,2023_15_BAL_JAX,JAX,BAL,7.0,23.0,-16.0,0.31738395707964456,0,False
2023,15,2023_15_PHI_SEA,SEA,PHI,20.0,17.0,3.0,0.3529038905292022,1,False
2023,16,2023_16_NO_LA,LA,NO,30.0,22.0,8.0,0.5267987236293596,1,False
2023,16,2023_16_CIN_PIT,PIT,CIN,34.0,11.0,23.0,0.33916379226490523,1,False
2023,16,2023_16_BUF_LAC,LAC,BUF,22.0,24.0,-2.0,0.241156136130547,0,False
2023,16,2023_16_IND_ATL,ATL,IND,29.0,10.0,19.0,0.48224733728617086,1,False
2023,16,2023_16_GB_CAR,CAR,GB,30.0,33.0,-3.0,0.26595869478240325,0,False
2023,16,2023_16_CLE_HOU,HOU,CLE,22.0,36.0,-14.0,0.4788247849807848,0,False
2023,16,2023_16_DET_MIN,MIN,DET,24.0,30.0,-6.0,0.6002225642811869,0,False
2023,16,2023_16_WAS_NYJ,NYJ,WAS,30.0,28.0,2.0,0.6562603695515726,1,False
2023,16,2023_16_SEA_TEN,TEN,SEA,17.0,20.0,-3.0,0.4967595738126504,0,False
2023,16,2023_16_JAX_TB,TB,JAX,30.0,12.0,18.0,0.5792054596213716,1,False
2023,16,2023_16_ARI_CHI,CHI,ARI,27.0,16.0,11.0,0.7227117610299573,1,False
2023,16,2023_16_DAL_MIA,MIA,DAL,22.0,20.0,2.0,0.4839701120420958,1,False
2023,16,2023_16_NE_DEN,DEN,NE,23.0,26.0,-3.0,0.7380778049379954,0,False
2023,16,2023_16_LV_KC,KC,LV,14.0,20.0,-6.0,0.7428185842138866,0,False
2023,16,2023_16_NYG_PHI,PHI,NYG,33.0,25.0,8.0,0.8251437755920829,1,False
2023,16,2023_16_BAL_SF,SF,BAL,19.0,33.0,-14.0,0.6060557299630466,0,False
2023,17,2023_17_NYJ_CLE,CLE,NYJ,37.0,20.0,17.0,0.8016151627953847,1,False
2023,17,2023_17_DET_DAL,DAL,DET,20.0,19.0,1.0,0.695621981173907,1,False
2023,17,2023_17_MIA_BAL,BAL,MIA,56.0,19.0,37.0,0.6844307340852535,1,False
2023,17,2023_17_NE_BUF,BUF,NE,27.0,21.0,6.0,0.8808548202604997,1,False
2023,17,2023_17_ATL_CHI,CHI,ATL,37.0,17.0,20.0,0.5261230358019032,1,False
2023,17,2023_17_TEN_HOU,HOU,TEN,26.0,3.0,23.0,0.6286796112405095,1,False
2023,17,2023_17_LV_IND,IND,LV,23.0,20.0,3.0,0.4635544910353538,1,False
2023,17,2023_17_CAR_JAX,JAX,CAR,26.0,0.0,26.0,0.8064621627911904,1,False
2023,17,2023_17_LA_NYG,NYG,LA,25.0,26.0,-1.0,0.3273600156952731,0,False
2023,17,2023_17_ARI_PHI,PHI,ARI,31.0,35.0,-4.0,0.8746396241476301,0,False
2023,17,2023_17_NO_TB,TB,NO,13.0,23.0,-10.0,0.6514499430949323,0,False
2023,17,2023_17_SF_WAS,WAS,SF,10.0,27.0,-17.0,0.08571270006776112,0,False
2023,17,2023_17_PIT_SEA,SEA,PIT,23.0,30.0,-7.0,0.5161684926982518,0,False
2023,17,2023_17_LAC_DEN,DEN,LAC,16.0,9.0,7.0,0.6766201702685438,1,False
2023,17,2023_17_CIN_KC,KC,CIN,25.0,17.0,8.0,0.6350533129589994,1,False
2023,17,2023_17_GB_MIN,MIN,GB,10.0,33.0,-23.0,0.604127454003464,0,False
2023,18,2023_18_PIT_BAL,BAL,PIT,10.0,17.0,-7.0,0.881251381321241,0,False
2023,18,2023_18_HOU_IND,IND,HOU,19.0,23.0,-4.0,0.5857567091996004,0,False
2023,18,2023_18_TB_CAR,CAR,TB,0.0,9.0,-9.0,0.2006666335234188,0,False
2023,18,2023_18_CLE_CIN,CIN,CLE,31.0,14.0,17.0,0.494400443253529,1,False
2023,18,2023_18_MIN_DET,DET,MIN,30.0,20.0,10.0,0.6985008391406216,1,False
2023,18,2023_18_NYJ_NE,NE,NYJ,3.0,17.0,-14.0,0.6218268590656385,0,False
2023,18,2023_18_ATL_NO,NO,ATL,48.0,17.0,31.0,0.6869715429894713,1,False
2023,18,2023_18_JAX_TEN,TEN,JAX,28.0,20.0,8.0,0.3653667270026066,1,False
2023,18,2023_18_SEA_ARI,ARI,SEA,20.0,21.0,-1.0,0.3833584433410635,0,False
2023,18,2023_18_CHI_GB,GB,CHI,17.0,9.0,8.0,0.644032413131993,1,False
2023,18,2023_18_KC_LAC,LAC,KC,12.0,13.0,-1.0,0.2398154795387764,0,False
2023,18,2023_18_DEN_LV,LV,DEN,27.0,14.0,13.0,0.6165487877002079,1,False
2023,18,2023_18_PHI_NYG,NYG,PHI,27.0,10.0,17.0,0.281649983683738,1,False
2023,18,2023_18_LA_SF,SF,LA,20.0,21.0,-1.0,0.8417850208906947,0,False
2023,18,2023_18_DAL_WAS,WAS,DAL,10.0,38.0,-28.0,0.10270213059976435,0,False
2023,18,2023_18_BUF_MIA,MIA,BUF,14.0,21.0,-7.0,0.4728735045945393,0,False
2024,1,2024_01_BAL_KC,KC,BAL,27.0,20.0,7.0,0.4125415169121563,1,False
2024,1,2024_01_GB_PHI,PHI,GB,34.0,29.0,5.0,0.3887308485240755,1,True
2024,1,2024_01_PIT_ATL,ATL,PIT,10.0,18.0,-8.0,0.42051649626408366,0,False
2024,1,2024_01_ARI_BUF,BUF,ARI,34.0,28.0,6.0,0.8499070778508998,1,False
2024,1,2024_01_TEN_CHI,CHI,TEN,24.0,17.0,7.0,0.6848162610983498,1,False
2024,1,2024_01_NE_CIN,CIN,NE,10.0,16.0,-6.0,0.7338346539510485,0,False
2024,1,2024_01_HOU_IND,IND,HOU,27.0,29.0,-2.0,0.5399822045401496,0,False
2024,1,2024_01_JAX_MIA,MIA,JAX,20.0,17.0,3.0,0.6885428523077465,1,False
2024,1,2024_01_CAR_NO,NO,CAR,47.0,10.0,37.0,0.8523742897907843,1,False
2024,1,2024_01_MIN_NYG,NYG,MIN,6.0,28.0,-22.0,0.5382350550162015,0,False
2024,1,2024_01_LV_LAC,LAC,LV,22.0,10.0,12.0,0.36828866778885494,1,False
2024,1,2024_01_DEN_SEA,SEA,DEN,26.0,20.0,6.0,0.5641153159894082,1,False
2024,1,2024_01_DAL_CLE,CLE,DAL,17.0,33.0,-16.0,0.3626929003431933,0,False
2024,1,2024_01_WAS_TB,TB,WAS,37.0,20.0,17.0,0.8347505454726977,1,False
2024,1,2024_01_LA_DET,DET,LA,26.0,20.0,6.0,0.5885215937671348,1,False
2024,1,2024_01_NYJ_SF,SF,NYJ,32.0,19.0,13.0,0.8615231011418004,1,False
2024,2,2024_02_BUF_MIA,MIA,BUF,10.0,31.0,-21.0,0.45973971930349866,0,False
2024,2,2024_02_LV_BAL,BAL,LV,23.0,26.0,-3.0,0.7728938220821037,0,False
2024,2,2024_02_LAC_CAR,CAR,LAC,3.0,26.0,-23.0,0.35721296014664283,0,False
2024,2,2024_02_NO_DAL,DAL,NO,19.0,44.0,-25.0,0.6436640858465226,0,False
2024,2,2024_02_TB_DET,DET,TB,16.0,20.0,-4.0,0.595950596979644,0,False
2024,2,2024_02_IND_GB,GB,IND,16.0,10.0,6.0,0.6859691232945182,1,False
2024,2,2024_02_CLE_JAX,JAX,CLE,13.0,18.0,-5.0,0.5573851889449333,0,False
2024,2,2024_02_SF_MIN,MIN,SF,23.0,17.0,6.0,0.3065433149636676,1,False
2024,2,2024_02_SEA_NE,NE,SEA,20.0,23.0,-3.0,0.4877482683317886,0,False
2024,2,2024_02_NYJ_TEN,TEN,NYJ,17.0,24.0,-7.0,0.5804832132220404,0,False
2024,2,2024_02_NYG_WAS,WAS,NYG,21.0,18.0,3.0,0.34790251500229125,1,False
2024,2,2024_02_LA_ARI,ARI,LA,41.0,10.0,31.0,0.35073486006381205,1,False
2024,2,2024_02_PIT_DEN,DEN,PIT,6.0,13.0,-7.0,0.42600862091558944,0,False
2024,2,2024_02_CIN_KC,KC,CIN,26.0,25.0,1.0,0.6892218968405138,1,False
2024,2,2024_02_CHI_HOU,HOU,CHI,19.0,13.0,6.0,0.5295596101280874,1,False
2024,2,2024_02_ATL_PHI,PHI,ATL,21.0,22.0,-1.0,0.690135863708013,0,False
2024,3,2024_03_NE_NYJ,NYJ,NE,24.0,3.0,21.0,0.6127456675651034,1,False
2024,3,2024_03_NYG_CLE,CLE,NYG,15.0,21.0,-6.0,0.7087681634038882,0,False
2024,3,2024_03_CHI_IND,IND,CHI,21.0,16.0,5.0,0.4574632038964958,1,False
2024,3,2024_03_HOU_MIN,MIN,HOU,34.0,7.0,27.0,0.583247003822562,1,False
2024,3,2024_03_PHI_NO,NO,PHI,12.0,15.0,-3.0,0.80066308353476,0,False
2024,3,2024_03_LAC_PIT,PIT,LAC,20.0,10.0,10.0,0.6979313568625618,1,False
2024,3,2024_03_DEN_TB,TB,DEN,7.0,26.0,-19.0,0.7854106509576375,0,False
2024,3,2024_03_GB_TEN,TEN,GB,14.0,30.0,-16.0,0.3416741816497207,0,False
2024,3,2024_03_CAR_LV,LV,CAR,22.0,36.0,-14.0,0.8690242935344041,0,False
2024,3,2024_03_MIA_SEA,SEA,MIA,24.0,3.0,21.0,0.5523988627504662,1,False
2024,3,2024_03_DET_ARI,ARI,DET,13.0,20.0,-7.0,0.39243726193394646,0,False
2024,3,2024_03_BAL_DAL,DAL,BAL,25.0,28.0,-3.0,0.5045939462602851,0,False
2024,3,2024_03_SF_LA,LA,SF,27.0,24.0,3.0,0.3055284089182353,1,False
2024,3,2024_03_KC_ATL,ATL,KC,17.0,22.0,-5.0,0.3129136676153312,0,False
2024,3,2024_03_JAX_BUF,BUF,JAX,47.0,10.0,37.0,0.8415635944388136,1,False
2024,3,2024_03_WAS_CIN,CIN,WAS,33.0,38.0,-5.0,0.8267468212517259,0,False
2024,4,2024_04_DAL_NYG,NYG,DAL,15.0,20.0,-5.0,0.3702778574876545,0,False
2024,4,2024_04_NO_ATL,ATL,NO,26.0,24.0,2.0,0.21172036966260174,1,False
2024,4,2024_04_CIN_CAR,CAR,CIN,24.0,34.0,-10.0,0.3017951487883549,0,False
2024,4,2024_04_LA_CHI,CHI,LA,24.0,18.0,6.0,0.6064827708506456,1,False
2024,4,2024_04_MIN_GB,GB,MIN,29.0,31.0,-2.0,0.5692477400803145,0,False
2024,4,2024_04_JAX_HOU,HOU,JAX,24.0,20.0,4.0,0.66451245494936,1,False
2024,4,2024_04_PIT_IND,IND,PIT,27.0,24.0,3.0,0.34574576019662073,1,False
2024,4,2024_04_DEN_NYJ,NYJ,DEN,9.0,10.0,-1.0,0.6062567621936013,0,False
2024,4,2024_04_PHI_TB,TB,PHI,33.0,16.0,17.0,0.6054219332427251,1,False
2024,4,2024_04_WAS_ARI,ARI,WAS,14.0,42.0,-28.0,0.7123800717228403,0,False
2024,4,2024_04_NE_SF,SF,NE,30.0,13.0,17.0,0.8324138058746328,1,False
2024,4,2024_04_KC_LAC,LAC,KC,10.0,17.0,-7.0,0.33104503224929,0,False
2024,4,2024_04_CLE_LV,LV,CLE,20.0,16.0,4.0,0.5641480281898469,1,False
2024,4,2024_04_BUF_BAL,BAL,BUF,35.0,10.0,25.0,0.43252692428770795,1,False
2024,4,2024_04_TEN_MIA,MIA,TEN,12.0,31.0,-19.0,0.6996268117707418,0,False
2024,4,2024_04_SEA_DET,DET,SEA,42.0,29.0,13.0,0.6067857570027538,1,False
2024,5,2024_05_TB_ATL,ATL,TB,36.0,30.0,6.0,0.3291164506702098,1,False
2024,5,2024_05_NYJ_MIN,MIN,NYJ,23.0,17.0,6.0,0.6609307486485205,1,True
2024,5,2024_05_CAR_CHI,CHI,CAR,36.0,10.0,26.0,0.818193706647924,1,False
2024,5,2024_05_BAL_CIN,CIN,BAL,38.0,41.0,-3.0,0.3008126109065604,0,False
2024,5,2024_05_BUF_HOU,HOU,BUF,23.0,20.0,3.0,0.32452944758544794,1,False
2024,5,2024_05_IND_JAX,JAX,IND,37.0,34.0,3.0,0.4313473258441484,1,False
2024,5,2024_05_MIA_NE,NE,MIA,10.0,15.0,-5.0,0.4914509636817216,0,False
2024,5,2024_05_CLE_WAS,WAS,CLE,34.0,13.0,21.0,0.5015011141845611,1,False
2024,5,2024_05_LV_DEN,DEN,LV,34.0,18.0,16.0,0.5011452671211626,1,False
2024,5,2024_05_ARI_SF,SF,ARI,23.0,24.0,-1.0,0.8440890097064172,0,False
2024,5,2024_05_GB_LA,LA,GB,19.0,24.0,-5.0,0.39666863106992784,0,False
2024,5,2024_05_NYG_SEA,SEA,NYG,20.0,29.0,-9.0,0.7464894358869049,0,False
2024,5,2024_05_DAL_PIT,PIT,DAL,17.0,20.0,-3.0,0.6139169641480943,0,False
2024,5,2024_05_NO_KC,KC,NO,26.0,13.0,13.0,0.5644383466085237,1,False
2024,6,2024_06_SF_SEA,SEA,SF,24.0,36.0,-12.0,0.43389290587543594,0,False
2024,6,2024_06_JAX_CHI,CHI,JAX,35.0,16.0,19.0,0.678661234178452,1,True
2024,6,2024_06_WAS_BAL,BAL,WAS,30.0,23.0,7.0,0.8126417069926415,1,False
2024,6,2024_06_ARI_GB,GB,ARI,34.0,13.0,21.0,0.7961326771870632,1,False
2024,6,2024_06_HOU_NE,NE,HOU,21.0,41.0,-20.0,0.33179836333626983,0,False
2024,6,2024_06_TB_NO,NO,TB,27.0,51.0,-24.0,0.6392961961342993,0,False
2024,6,2024_06_CLE_PHI,PHI,CLE,20.0,16.0,4.0,0.6669490588679525,1,False
2024,6,2024_06_IND_TEN,TEN,IND,17.0,20.0,-3.0,0.512882645737014,0,False
2024,6,2024_06_LAC_DEN,DEN,LAC,16.0,23.0,-7.0,0.681538512772021,0,False
2024,6,2024_06_PIT_LV,LV,PIT,13.0,32.0,-19.0,0.34952370177552705,0,False
2024,6,2024_06_ATL_CAR,CAR,ATL,20.0,38.0,-18.0,0.3058559438328578,0,False
2024,6,2024_06_DET_DAL,DAL,DET,9.0,47.0,-38.0,0.5116738013845146,0,False
2024,6,2024_06_CIN_NYG,NYG,CIN,7.0,17.0,-10.0,0.5405900292918943,0,False
2024,6,2024_06_BUF_NYJ,NYJ,BUF,20.0,23.0,-3.0,0.3444706575721594,0,False
2024,7,2024_07_DEN_NO,NO,DEN,10.0,33.0,-23.0,0.6425955951136697,0,False
2024,7,2024_07_NE_JAX,JAX,NE,32.0,16.0,16.0,0.6149801938234847,1,True
2024,7,2024_07_SEA_ATL,ATL,SEA,14.0,34.0,-20.0,0.5283461353514006,0,False
2024,7,2024_07_TEN_BUF,BUF,TEN,34.0,10.0,24.0,0.8478157140176953,1,False
2024,7,2024_07_CIN_CLE,CLE,CIN,14.0,21.0,-7.0,0.3955513161876792,0,False
2024,7,2024_07_HOU_GB,GB,HOU,24.0,22.0,2.0,0.6583275413044962,1,False
2024,7,2024_07_MIA_IND,IND,MIA,16.0,10.0,6.0,0.6793851922046079,1,False
2024,7,2024_07_DET_MIN,MIN,DET,29.0,31.0,-2.0,0.46597995251427526,0,False
2024,7,2024_07_PHI_NYG,NYG,PHI,3.0,28.0,-25.0,0.4622391197757653,0,False
2024,7,2024_07_LV_LA,LA,LV,20.0,15.0,5.0,0.6066524036532198,1,False
2024,7,2024_07_CAR_WAS,WAS,CAR,40.0,7.0,33.0,0.8486935099897573,1,False
2024,7,2024_07_KC_SF,SF,KC,18.0,28.0,-10.0,0.5568996689072068,0,False
2024,7,2024_07_NYJ_PIT,PIT,NYJ,37.0,15.0,22.0,0.7491893535871387,1,False
2024,7,2024_07_BAL_TB,TB,BAL,31.0,41.0,-10.0,0.41618280169035843,0,False
2024,7,2024_07_LAC_ARI,ARI,LAC,17.0,15.0,2.0,0.4043100170354212,1,False
2024,8,2024_08_MIN_LA,LA,MIN,30.0,20.0,10.0,0.33934829491463164,1,False
2024,8,2024_08_PHI_CIN,CIN,PHI,17.0,37.0,-20.0,0.5761285945410562,0,False
2024,8,2024_08_BAL_CLE,CLE,BAL,29.0,24.0,5.0,0.18457893232329248,1,False
2024,8,2024_08_TEN_DET,DET,TEN,52.0,14.0,38.0,0.8901469462057362,1,False
2024,8,2024_08_IND_HOU,HOU,IND,23.0,20.0,3.0,0.6182021791693469,1,False
2024,8,2024_08_GB_JAX,JAX,GB,27.0,30.0,-3.0,0.2813621325521283,0,False
2024,8,2024_08_ARI_MIA,MIA,ARI,27.0,28.0,-1.0,0.5443021099236339,0,False
2024,8,2024_08_NYJ_NE,NE,NYJ,25.0,22.0,3.0,0.344396936291198,1,False
2024,8,2024_08_ATL_TB,TB,ATL,26.0,31.0,-5.0,0.7448164736396955,0,False
2024,8,2024_08_NO_LAC,LAC,NO,26.0,8.0,18.0,0.5664391871286721,1,False
2024,8,2024_08_BUF_SEA,SEA,BUF,10.0,31.0,-21.0,0.3608294950644806,0,False
2024,8,2024_08_CAR_DEN,DEN,CAR,28.0,14.0,14.0,0.9079212376454613,1,False
2024,8,2024_08_KC_LV,LV,KC,20.0,27.0,-7.0,0.18676786369669232,0,False
2024,8,2024_08_CHI_WAS,WAS,CHI,18.0,15.0,3.0,0.5100048131986726,1,False
2024,8,2024_08_DAL_SF,SF,DAL,30.0,24.0,6.0,0.663654067035003,1,False
2024,8,2024_08_NYG_PIT,PIT,NYG,26.0,18.0,8.0,0.8443035985367681,1,False
2024,9,2024_09_HOU_NYJ,NYJ,HOU,21.0,13.0,8.0,0.39179895540635334,1,False
2024,9,2024_09_DAL_ATL,ATL,DAL,27.0,21.0,6.0,0.518443319721727,1,False
2024,9,2024_09_DEN_BAL,BAL,DEN,41.0,10.0,31.0,0.6744667855624641,1,False
2024,9,2024_09_MIA_BUF,BUF,MIA,30.0,27.0,3.0,0.8868255561552558,1,False
2024,9,2024_09_NO_CAR,CAR,NO,23.0,22.0,1.0,0.23751144507065236,1,False
2024,9,2024_09_LV_CIN,CIN,LV,41.0,24.0,17.0,0.748469355447557,1,False
2024,9,2024_09_LAC_CLE,CLE,LAC,10.0,27.0,-17.0,0.3882963127479747,0,False
2024,9,2024_09_WAS_NYG,NYG,WAS,22.0,27.0,-5.0,0.2925353616956853,0,False
2024,9,2024_09_NE_TEN,TEN,NE,20.0,17.0,3.0,0.6121330517687505,1,False
2024,9,2024_09_CHI_ARI,ARI,CHI,29.0,9.0,20.0,0.3824148314343213,1,False
2024,9,2024_09_JAX_PHI,PHI,JAX,28.0,23.0,5.0,0.8026172299999917,1,False
2024,9,2024_09_DET_GB,GB,DET,14.0,24.0,-10.0,0.4121894310402862,0,False
2024,9,2024_09_LA_SEA,SEA,LA,20.0,26.0,-6.0,0.6058493678779161,0,False
2024,9,2024_09_IND_MIN,MIN,IND,21.0,13.0,8.0,0.6986828896060302,1,False
2024,9,2024_09_TB_KC,KC,TB,30.0,24.0,6.0,0.7715363019149013,1,False
2024,10,2024_10_CIN_BAL,BAL,CIN,35.0,34.0,1.0,0.7840379931626631,1,False
2024,10,2024_10_NYG_CAR,CAR,NYG,20.0,17.0,3.0,0.29600414150643417,1,True
2024,10,2024_10_NE_CHI,CHI,NE,3.0,19.0,-16.0,0.8120756594043662,0,False
2024,10,2024_10_BUF_IND,IND,BUF,20.0,30.0,-10.0,0.24757708854336788,0,False
2024,10,2024_10_MIN_JAX,JAX,MIN,7.0,12.0,-5.0,0.26179010416484816,0,False
2024,10,2024_10_DEN_KC,KC,DEN,16.0,14.0,2.0,0.7845521621785889,1,False
2024,10,2024_10_ATL_NO,NO,ATL,20.0,17.0,3.0,0.39687023490014056,1,False
2024,10,2024_10_SF_TB,TB,SF,20.0,23.0,-3.0,0.3996563553256495,0,False
2024,10,2024_10_PIT_WAS,WAS,PIT,27.0,28.0,-1.0,0.49659051006026944,0,False
2024,10,2024_10_TEN_LAC,LAC,TEN,27.0,17.0,10.0,0.8347590645653805,1,False
2024,10,2024_10_NYJ_ARI,ARI,NYJ,31.0,6.0,25.0,0.5707392769332703,1,False
2024,10,2024_10_PHI_DAL,DAL,PHI,6.0,34.0,-28.0,0.3470068546448869,0,False
2024,10,2024_10_DET_HOU,HOU,DET,23.0,26.0,-3.0,0.25098367152693135,0,False
2024,10,2024_10_MIA_LA,LA,MIA,15.0,23.0,-8.0,0.6906503665135799,0,False
2024,11,2024_11_WAS_PHI,PHI,WAS,26.0,18.0,8.0,0.6706324246755541,1,False
2024,11,2024_11_GB_CHI,CHI,GB,19.0,20.0,-1.0,0.3508696375034658,0,False
2024,11,2024_11_JAX_DET,DET,JAX,52.0,6.0,46.0,0.9203132512933465,1,False
2024,11,2024_11_LV_MIA,MIA,LV,34.0,19.0,15.0,0.6905038287728434,1,False
2024,11,2024_11_LA_NE,NE,LA,22.0,28.0,-6.0,0.3948197167330147,0,False
2024,11,2024_11_CLE_NO,NO,CLE,35.0,14.0,21.0,0.5559917106258709,1,False
2024,11,2024_11_IND_NYJ,NYJ,IND,27.0,28.0,-1.0,0.49522413089596157,0,False
2024,11,2024_11_BAL_PIT,PIT,BAL,18.0,16.0,2.0,0.47805913641229014,1,False
2024,11,2024_11_MIN_TEN,TEN,MIN,13.0,23.0,-10.0,0.21034671142360656,0,False
2024,11,2024_11_ATL_DEN,DEN,ATL,38.0,6.0,32.0,0.6291770139850597,1,False
2024,11,2024_11_SEA_SF,SF,SEA,17.0,20.0,-3.0,0.765609239289591,0,False
2024,11,2024_11_KC_BUF,BUF,KC,30.0,21.0,9.0,0.5779872539905316,1,False
2024,11,2024_11_CIN_LAC,LAC,CIN,34.0,27.0,7.0,0.648290177773163,1,False
2024,11,2024_11_HOU_DAL,DAL,HOU,10.0,34.0,-24.0,0.438339773489039,0,False
2024,12,2024_12_PIT_CLE,CLE,PIT,24.0,19.0,5.0,0.18028420700205305,1,False
2024,12,2024_12_KC_CAR,CAR,KC,27.0,30.0,-3.0,0.10460582120570466,0,False
2024,12,2024_12_MIN_CHI,CHI,MIN,27.0,30.0,-3.0,0.3219816278397429,0,False
2024,12,2024_12_TEN_HOU,HOU,TEN,27.0,32.0,-5.0,0.8491295119620742,0,False
2024,12,2024_12_DET_IND,IND,DET,6.0,24.0,-18.0,0.14696022984691012,0,False
2024,12,2024_12_NE_MIA,MIA,NE,34.0,15.0,19.0,0.7391612928324679,1,False
2024,12,2024_12_TB_NYG,NYG,TB,7.0,30.0,-23.0,0.3816884050888386,0,False
2024,12,2024_12_DAL_WAS,WAS,DAL,26.0,34.0,-8.0,0.798201212036485,0,False
2024,12,2024_12_DEN_LV,LV,DEN,19.0,29.0,-10.0,0.21955323927889478,0,False
2024,12,2024_12_SF_GB,GB,SF,38.0,10.0,28.0,0.5584668974362609,1,False
2024,12,2024_12_ARI_SEA,SEA,ARI,16.0,6.0,10.0,0.5746114366170924,1,False
2024,12,2024_12_PHI_LA,LA,PHI,20.0,37.0,-17.0,0.32696068262281514,0,False
2024,12,2024_12_BAL_LAC,LAC,BAL,23.0,30.0,-7.0,0.4115071476591464,0,False
2024,13,2024_13_CHI_DET,DET,CHI,23.0,20.0,3.0,0.9272793522273207,1,False
2024,13,2024_13_NYG_DAL,DAL,NYG,27.0,20.0,7.0,0.700257944189615,1,False
2024,13,2024_13_MIA_GB,GB,MIA,30.0,17.0,13.0,0.7174554597025221,1,False
2024,13,2024_13_LV_KC,KC,LV,19.0,17.0,2.0,0.9253802338516429,1,False
2024,13,2024_13_LAC_ATL,ATL,LAC,13.0,17.0,-4.0,0.3757278663593709,0,False
2024,13,2024_13_PIT_CIN,CIN,PIT,38.0,44.0,-6.0,0.4219294657928943,0,False
2024,13,2024_13_HOU_JAX,JAX,HOU,20.0,23.0,-3.0,0.32270930288320715,0,False
2024,13,2024_13_ARI_MIN,MIN,ARI,23.0,22.0,1.0,0.7602800846903498,1,False
2024,13,2024_13_IND_NE,NE,IND,24.0,25.0,-1.0,0.4250770684149056,0,False
2024,13,2024_13_SEA_NYJ,NYJ,SEA,21.0,26.0,-5.0,0.411805921875937,0,False
2024,13,2024_13_TEN_WAS,WAS,TEN,42.0,19.0,23.0,0.7670202779506318,1,False
2024,13,2024_13_TB_CAR,CAR,TB,23.0,26.0,-3.0,0.18513010533004856,0,False
2024,13,2024_13_LA_NO,NO,LA,14.0,21.0,-7.0,0.4937672740414595,0,False
2024,13,2024_13_PHI_BAL,BAL,PHI,19.0,24.0,-5.0,0.5436661292873025,0,False
2024,13,2024_13_SF_BUF,BUF,SF,35.0,10.0,25.0,0.7612499207064711,1,False
2024,13,2024_13_CLE_DEN,DEN,CLE,41.0,32.0,9.0,0.8236731063815457,1,False
2024,14,2024_14_GB_DET,DET,GB,34.0,31.0,3.0,0.7699314989937353,1,False
2024,14,2024_14_NYJ_MIA,MIA,NYJ,32.0,26.0,6.0,0.7660797349255819,1,False
2024,14,2024_14_ATL_MIN,MIN,ATL,42.0,21.0,21.0,0.7962447038350915,1,False
2024,14,2024_14_NO_NYG,NYG,NO,11.0,14.0,-3.0,0.420218319107318,0,False
2024,14,2024_14_CAR_PHI,PHI,CAR,22.0,16.0,6.0,0.9627612229906182,1,False
2024,14,2024_14_CLE_PIT,PIT,CLE,27.0,14.0,13.0,0.8715910815096614,1,False
2024,14,2024_14_LV_TB,TB,LV,28.0,13.0,15.0,0.8522483528918203,1,False
2024,14,2024_14_JAX_TEN,TEN,JAX,6.0,10.0,-4.0,0.49513317476787466,0,False
2024,14,2024_14_SEA_ARI,ARI,SEA,18.0,30.0,-12.0,0.5189957681466382,0,False
2024,14,2024_14_BUF_LA,LA,BUF,44.0,42.0,2.0,0.22361168191802183,1,False
2024,14,2024_14_CHI_SF,SF,CHI,38.0,13.0,25.0,0.6682756151233509,1,False
2024,14,2024_14_LAC_KC,KC,LAC,19.0,17.0,2.0,0.6799665627691092,1,False
2024,14,2024_14_CIN_DAL,DAL,CIN,20.0,27.0,-7.0,0.4766227988964398,0,False
2024,15,2024_15_LA_SF,SF,LA,6.0,12.0,-6.0,0.591794029435397,0,False
2024,15,2024_15_DAL_CAR,CAR,DAL,14.0,30.0,-16.0,0.3742958768610063,0,False
2024,15,2024_15_KC_CLE,CLE,KC,7.0,21.0,-14.0,0.17505656800285102,0,False
2024,15,2024_15_MIA_HOU,HOU,MIA,20.0,12.0,8.0,0.5929132257188298,1,False
2024,15,2024_15_NYJ_JAX,JAX,NYJ,25.0,32.0,-7.0,0.5889245390440151,0,False
2024,15,2024_15_WAS_NO,NO,WAS,19.0,20.0,-1.0,0.41274922558238103,0,False
2024,15,2024_15_BAL_NYG,NYG,BAL,14.0,35.0,-21.0,0.12016975470675732,0,False
2024,15,2024_15_CIN_TEN,TEN,CIN,27.0,37.0,-10.0,0.26437916187956273,0,False
2024,15,2024_15_NE_ARI,ARI,NE,30.0,17.0,13.0,0.7334868536178365,1,False
2024,15,2024_15_IND_DEN,DEN,IND,31.0,13.0,18.0,0.771968368512181,1,False
2024,15,2024_15_BUF_DET,DET,BUF,42.0,48.0,-6.0,0.6354375197473386,0,False
2024,15,2024_15_TB_LAC,LAC,TB,17.0,40.0,-23.0,0.5925447348069109,0,False
2024,15,2024_15_PIT_PHI,PHI,PIT,27.0,13.0,14.0,0.6935459931761272,1,False
2024,15,2024_15_GB_SEA,SEA,GB,13.0,30.0,-17.0,0.4279386217409068,0,False
2024,15,2024_15_CHI_MIN,MIN,CHI,30.0,12.0,18.0,0.8669637653603202,1,False
2024,15,2024_15_ATL_LV,LV,ATL,9.0,15.0,-6.0,0.4117267089440499,0,False
2024,16,2024_16_DEN_LAC,LAC,DEN,34.0,27.0,7.0,0.4291959664797053,1,False
2024,16,2024_16_HOU_KC,KC,HOU,27.0,19.0,8.0,0.7433992763776022,1,False
2024,16,2024_16_PIT_BAL,BAL,PIT,34.0,17.0,17.0,0.6775239451370222,1,False
2024,16,2024_16_NYG_ATL,ATL,NYG,34.0,7.0,27.0,0.7336382951096805,1,False
2024,16,2024_16_ARI_CAR,CAR,ARI,36.0,30.0,6.0,0.23613750492520152,1,False
2024,16,2024_16_DET_CHI,CHI,DET,17.0,34.0,-17.0,0.08561408604375613,0,False
2024,16,2024_16_CLE_CIN,CIN,CLE,24.0,6.0,18.0,0.7964735339948383,1,False
2024,16,2024_16_TEN_IND,IND,TEN,38.0,30.0,8.0,0.7179583955782106,1,False
2024,16,2024_16_LA_NYJ,NYJ,LA,9.0,19.0,-10.0,0.33863250952543406,0,False
2024,16,2024_16_PHI_WAS,WAS,PHI,36.0,33.0,3.0,0.27863763665561847,1,False
2024,16,2024_16_MIN_SEA,SEA,MIN,24.0,27.0,-3.0,0.3743749314818584,0,False
2024,16,2024_16_NE_BUF,BUF,NE,24.0,21.0,3.0,0.949997970514637,1,False
2024,16,2024_16_JAX_LV,LV,JAX,19.0,14.0,5.0,0.4508642468662444,1,False
2024,16,2024_16_SF_MIA,MIA,SF,29.0,17.0,12.0,0.5797550091645002,1,False
2024,16,2024_16_TB_DAL,DAL,TB,26.0,24.0,2.0,0.37481518652009277,1,False
2024,16,2024_16_NO_GB,GB,NO,34.0,0.0,34.0,0.8321391944481737,1,False
2024,17,2024_17_KC_PIT,PIT,KC,10.0,29.0,-19.0,0.3740304939537552,0,False
2024,17,2024_17_BAL_HOU,HOU,BAL,2.0,31.0,-29.0,0.31588166975144505,0,False
2024,17,2024_17_SEA_CHI,CHI,SEA,3.0,6.0,-3.0,0.2940957024464126,0,False
2024,17,2024_17_LAC_NE,NE,LAC,7.0,40.0,-33.0,0.2719340683178489,0,False
2024,17,2024_17_DEN_CIN,CIN,DEN,30.0,24.0,6.0,0.5165046394270657,1,False
2024,17,2024_17_ARI_LA,LA,ARI,13.0,9.0,4.0,0.6920684844397448,1,False
2024,17,2024_17_NYJ_BUF,BUF,NYJ,40.0,14.0,26.0,0.9223537613089109,1,False
2024,17,2024_17_TEN_JAX,JAX,TEN,20.0,13.0,7.0,0.5992474448917646,1,False
2024,17,2024_17_LV_NO,NO,LV,10.0,25.0,-15.0,0.7210184221384645,0,False
2024,17,2024_17_IND_NYG,NYG,IND,45.0,33.0,12.0,0.3298474632615633,1,False
2024,17,2024_17_DAL_PHI,PHI,DAL,41.0,7.0,34.0,0.846431061928505,1,False
2024,17,2024_17_CAR_TB,TB,CAR,48.0,14.0,34.0,0.8717697892038573,1,False
2024,17,2024_17_MIA_CLE,CLE,MIA,3.0,20.0,-17.0,0.2635111408201715,0,False
2024,17,2024_17_GB_MIN,MIN,GB,27.0,25.0,2.0,0.5374156461942804,1,False
2024,17,2024_17_ATL_WAS,WAS,ATL,30.0,24.0,6.0,0.6874824037515265,1,False
2024,17,2024_17_DET_SF,SF,DET,34.0,40.0,-6.0,0.21100257164125458,0,False
2024,18,2024_18_CLE_BAL,BAL,CLE,35.0,10.0,25.0,0.9539307199137375,1,False
2024,18,2024_18_CIN_PIT,PIT,CIN,17.0,19.0,-2.0,0.4735405124786375,0,False
2024,18,2024_18_CAR_ATL,ATL,CAR,38.0,44.0,-6.0,0.7603781696647968,0,False
2024,18,2024_18_WAS_DAL,DAL,WAS,19.0,23.0,-4.0,0.4069315827682107,0,False
2024,18,2024_18_CHI_GB,GB,CHI,22.0,24.0,-2.0,0.9227354766836459,0,False
2024,18,2024_18_JAX_IND,IND,JAX,26.0,23.0,3.0,0.6139837460737724,1,False
2024,18,2024_18_BUF_NE,NE,BUF,23.0,16.0,7.0,0.0760794150012448,1,False
2024,18,2024_18_NYG_PHI,PHI,NYG,20.0,13.0,7.0,0.9516697325935951,1,False
2024,18,2024_18_NO_TB,TB,NO,27.0,19.0,8.0,0.8419797408599261,1,False
2024,18,2024_18_HOU_TEN,TEN,HOU,14.0,23.0,-9.0,0.28655161876511603,0,False
2024,18,2024_18_SF_ARI,ARI,SF,47.0,24.0,23.0,0.5546821779623182,1,False
2024,18,2024_18_KC_DEN,DEN,KC,38.0,0.0,38.0,0.3332845244791172,1,False
2024,18,2024_18_SEA_LA,LA,SEA,25.0,30.0,-5.0,0.6198469699945363,0,False
2024,18,2024_18_LAC_LV,LV,LAC,20.0,34.0,-14.0,0.27320033116352793,0,False
2024,18,2024_18_MIA_NYJ,NYJ,MIA,32.0,20.0,12.0,0.2691819591070311,1,False
2024,18,2024_18_MIN_DET,DET,MIN,31.0,9.0,22.0,0.6756418494580603,1,False
