season,week,game_id,home_team,away_team,home_score,away_score,point_diff,pred_home,home_win,neutral
2010,1,2010_01_MIN_NO,NO,MIN,14.0,9.0,5.0,0.5617648228997996,1,False
2010,1,2010_01_MIA_BUF,BUF,MIA,10.0,15.0,-5.0,0.5661788091485759,0,False
2010,1,2010_01_DET_CHI,CHI,DET,19.0,14.0,5.0,0.8258603606214655,1,False
2010,1,2010_01_IND_HOU,HOU,IND,34.0,24.0,10.0,0.5553720945787678,1,False
2010,1,2010_01_DEN_JAX,JAX,DEN,24.0,17.0,7.0,0.4926250283870629,1,False
2010,1,2010_01_CIN_NE,NE,CIN,38.0,24.0,14.0,0.7475937162758116,1,False
2010,1,2010_01_CAR_NYG,NYG,CAR,31.0,18.0,13.0,0.3168585773946582,1,False
2010,1,2010_01_ATL_PIT,PIT,ATL,15.0,9.0,6.0,0.566191019349703,1,False
2010,1,2010_01_CLE_TB,TB,CLE,17.0,14.0,3.0,0.4981406075935717,1,False
2010,1,2010_01_OAK_TEN,TEN,OAK,38.0,13.0,25.0,0.8293876463310368,1,False
2010,1,2010_01_GB_PHI,PHI,GB,20.0,27.0,-7.0,0.44955913573411166,0,False
2010,1,2010_01_SF_SEA,SEA,SF,31.0,6.0,25.0,0.2564584275149638,1,False
2010,1,2010_01_ARI_STL,STL,ARI,13.0,17.0,-4.0,0.1858435659966104,0,False
2010,1,2010_01_DAL_WAS,WAS,DAL,13.0,7.0,6.0,0.2682967253245216,1,False
2010,1,2010_01_BAL_NYJ,NYJ,BAL,9.0,10.0,-1.0,0.5868746737610188,0,False
2010,1,2010_01_SD_KC,KC,SD,21.0,14.0,7.0,0.1600439178433374,1,False
2010,2,2010_02_ARI_ATL,ATL,ARI,41.0,7.0,34.0,0.5536740613440838,1,False
2010,2,2010_02_TB_CAR,CAR,TB,7.0,20.0,-13.0,0.7694813916455844,0,False
2010,2,2010_02_BAL_CIN,CIN,BAL,15.0,10.0,5.0,0.32233889478686983,1,False
2010,2,2010_02_KC_CLE,CLE,KC,14.0,16.0,-2.0,0.6165523891419893,0,False
2010,2,2010_02_CHI_DAL,DAL,CHI,20.0,27.0,-7.0,0.7647657679084793,0,False
2010,2,2010_02_PHI_DET,DET,PHI,32.0,35.0,-3.0,0.14244351025717494,0,False
2010,2,2010_02_BUF_GB,GB,BUF,34.0,7.0,27.0,0.8408487063211251,1,False
2010,2,2010_02_MIA_MIN,MIN,MIA,10.0,14.0,-4.0,0.7221556460472421,0,False
2010,2,2010_02_PIT_TEN,TEN,PIT,11.0,19.0,-8.0,0.6005612597937362,0,False
2010,2,2010_02_SEA_DEN,DEN,SEA,31.0,14.0,17.0,0.6114572741625525,1,False
2010,2,2010_02_STL_OAK,OAK,STL,16.0,14.0,2.0,0.676270385391135,1,False
2010,2,2010_02_NE_NYJ,NYJ,NE,28.0,14.0,14.0,0.5376846982851292,1,False
2010,2,2010_02_JAX_SD,SD,JAX,38.0,13.0,25.0,0.842664369781104,1,False
2010,2,2010_02_HOU_WAS,WAS,HOU,27.0,30.0,-3.0,0.3373240755235705,0,False
2010,2,2010_02_NYG_IND,IND,NYG,38.0,14.0,24.0,0.6452112967981354,1,False
2010,2,2010_02_NO_SF,SF,NO,22.0,25.0,-3.0,0.3194721257038743,0,False
2010,3,2010_03_CLE_BAL,BAL,CLE,24.0,17.0,7.0,0.779551557000478,1,False
2010,3,2010_03_CIN_CAR,CAR,CIN,7.0,20.0,-13.0,0.6454805583283852,0,False
2010,3,2010_03_DAL_HOU,HOU,DAL,13.0,27.0,-14.0,0.6332994006498207,0,False
2010,3,2010_03_SF_KC,KC,SF,31.0,10.0,21.0,0.5000683035059612,1,False
2010,3,2010_03_DET_MIN,MIN,DET,24.0,10.0,14.0,0.9106651794545451,1,False
2010,3,2010_03_BUF_NE,NE,BUF,38.0,30.0,8.0,0.7823304048075881,1,False
2010,3,2010_03_ATL_NO,NO,ATL,24.0,27.0,-3.0,0.6135305844292284,0,False
2010,3,2010_03_TEN_NYG,NYG,TEN,10.0,29.0,-19.0,0.3925159356828519,0,False
2010,3,2010_03_PIT_TB,TB,PIT,13.0,38.0,-25.0,0.40561352478597806,0,False
2010,3,2010_03_PHI_JAX,JAX,PHI,3.0,28.0,-25.0,0.2804649236731046,0,False
2010,3,2010_03_WAS_STL,STL,WAS,30.0,16.0,14.0,0.282765496638566,1,False
2010,3,2010_03_OAK_ARI,ARI,OAK,24.0,23.0,1.0,0.7550419855986724,1,False
2010,3,2010_03_IND_DEN,DEN,IND,13.0,27.0,-14.0,0.42924852386361423,0,False
2010,3,2010_03_SD_SEA,SEA,SD,27.0,20.0,7.0,0.18069135445741089,1,False
2010,3,2010_03_NYJ_MIA,MIA,NYJ,23.0,31.0,-8.0,0.3175390655082581,0,False
2010,3,2010_03_GB_CHI,CHI,GB,20.0,17.0,3.0,0.23711714579891904,1,False
2010,4,2010_04_SF_ATL,ATL,SF,16.0,14.0,2.0,0.8285100895552543,1,False
2010,4,2010_04_NYJ_BUF,BUF,NYJ,14.0,38.0,-24.0,0.17585524596569763,0,False
2010,4,2010_04_CIN_CLE,CLE,CIN,23.0,20.0,3.0,0.4470172069760666,1,False
2010,4,2010_04_DET_GB,GB,DET,28.0,26.0,2.0,0.9602633906613935,1,False
2010,4,2010_04_CAR_NO,NO,CAR,16.0,14.0,2.0,0.7062928767109122,1,False
2010,4,2010_04_BAL_PIT,PIT,BAL,14.0,17.0,-3.0,0.6216345686721444,0,False
2010,4,2010_04_SEA_STL,STL,SEA,20.0,3.0,17.0,0.4040032584770289,1,False
2010,4,2010_04_DEN_TEN,TEN,DEN,20.0,26.0,-6.0,0.7616091171256424,0,False
2010,4,2010_04_IND_JAX,JAX,IND,31.0,28.0,3.0,0.20665153253059376,1,False
2010,4,2010_04_HOU_OAK,OAK,HOU,24.0,31.0,-7.0,0.22238250624115954,0,False
2010,4,2010_04_WAS_PHI,PHI,WAS,12.0,17.0,-5.0,0.8507470953813955,0,False
2010,4,2010_04_ARI_SD,SD,ARI,41.0,10.0,31.0,0.7636266610192233,1,False
2010,4,2010_04_CHI_NYG,NYG,CHI,17.0,3.0,14.0,0.37918902004353466,1,False
2010,4,2010_04_NE_MIA,MIA,NE,14.0,41.0,-27.0,0.3828733133103976,0,False
2010,5,2010_05_DEN_BAL,BAL,DEN,31.0,17.0,14.0,0.796261726239523,1,False
2010,5,2010_05_JAX_BUF,BUF,JAX,26.0,36.0,-10.0,0.5600863569042679,0,False
2010,5,2010_05_CHI_CAR,CAR,CHI,6.0,23.0,-17.0,0.5659714614152451,0,False
2010,5,2010_05_TB_CIN,CIN,TB,21.0,24.0,-3.0,0.6218722815051444,0,False
2010,5,2010_05_ATL_CLE,CLE,ATL,10.0,20.0,-10.0,0.2888477335617547,0,False
2010,5,2010_05_STL_DET,DET,STL,44.0,6.0,38.0,0.37351101314215024,1,False
2010,5,2010_05_NYG_HOU,HOU,NYG,10.0,34.0,-24.0,0.7679457781887193,0,False
2010,5,2010_05_KC_IND,IND,KC,19.0,9.0,10.0,0.6988983179098728,1,False
2010,5,2010_05_GB_WAS,WAS,GB,16.0,13.0,3.0,0.20203796149083533,1,False
2010,5,2010_05_NO_ARI,ARI,NO,30.0,20.0,10.0,0.2849661835989252,1,False
2010,5,2010_05_TEN_DAL,DAL,TEN,27.0,34.0,-7.0,0.6152739718264424,0,False
2010,5,2010_05_SD_OAK,OAK,SD,35.0,27.0,8.0,0.13656628484709654,1,False
2010,5,2010_05_PHI_SF,SF,PHI,24.0,27.0,-3.0,0.3222673877570015,0,False
2010,5,2010_05_MIN_NYJ,NYJ,MIN,29.0,20.0,9.0,0.7814248166154155,1,False
2010,6,2010_06_SEA_CHI,CHI,SEA,20.0,23.0,-3.0,0.8032569617109117,0,False
2010,6,2010_06_MIA_GB,GB,MIA,20.0,23.0,-3.0,0.8320545469353698,0,False
2010,6,2010_06_KC_HOU,HOU,KC,35.0,31.0,4.0,0.6010308803547875,1,False
2010,6,2010_06_BAL_NE,NE,BAL,23.0,20.0,3.0,0.6358107349144916,1,False
2010,6,2010_06_DET_NYG,NYG,DET,28.0,20.0,8.0,0.7843763971882529,1,False
2010,6,2010_06_ATL_PHI,PHI,ATL,31.0,17.0,14.0,0.42731367593109104,1,False
2010,6,2010_06_CLE_PIT,PIT,CLE,28.0,10.0,18.0,0.8227869917701659,1,False
2010,6,2010_06_SD_STL,STL,SD,20.0,17.0,3.0,0.15880016582228149,1,False
2010,6,2010_06_NO_TB,TB,NO,6.0,31.0,-25.0,0.4410769775812777,0,False
2010,6,2010_06_NYJ_DEN,DEN,NYJ,20.0,24.0,-4.0,0.17871027310756607,0,False
2010,6,2010_06_OAK_SF,SF,OAK,17.0,9.0,8.0,0.5813231165731191,1,False
2010,6,2010_06_DAL_MIN,MIN,DAL,24.0,21.0,3.0,0.5234631167747325,1,False
2010,6,2010_06_IND_WAS,WAS,IND,24.0,27.0,-3.0,0.30992529801291757,0,False
2010,6,2010_06_TEN_JAX,JAX,TEN,3.0,30.0,-27.0,0.3191629848224834,0,False
2010,7,2010_07_CIN_ATL,ATL,CIN,39.0,32.0,7.0,0.7707185361613648,1,False
2010,7,2010_07_BUF_BAL,BAL,BUF,37.0,34.0,3.0,0.8764387363700825,1,False
2010,7,2010_07_SF_CAR,CAR,SF,23.0,20.0,3.0,0.6145575154129725,1,False
2010,7,2010_07_WAS_CHI,CHI,WAS,14.0,17.0,-3.0,0.7021171461889419,0,False
2010,7,2010_07_JAX_KC,KC,JAX,42.0,20.0,22.0,0.7423814974558964,1,False
2010,7,2010_07_PIT_MIA,MIA,PIT,22.0,23.0,-1.0,0.2844076483667739,0,False
2010,7,2010_07_CLE_NO,NO,CLE,17.0,30.0,-13.0,0.8332839261773745,0,False
2010,7,2010_07_STL_TB,TB,STL,18.0,17.0,1.0,0.7293130261604845,1,False
2010,7,2010_07_PHI_TEN,TEN,PHI,37.0,19.0,18.0,0.5917628487562989,1,False
2010,7,2010_07_ARI_SEA,SEA,ARI,22.0,10.0,12.0,0.46900144555934936,1,False
2010,7,2010_07_OAK_DEN,DEN,OAK,14.0,59.0,-45.0,0.6913141635793076,0,False
2010,7,2010_07_NE_SD,SD,NE,20.0,23.0,-3.0,0.4256755417752124,0,False
2010,7,2010_07_MIN_GB,GB,MIN,28.0,24.0,4.0,0.7027028857869588,1,False
2010,7,2010_07_NYG_DAL,DAL,NYG,35.0,41.0,-6.0,0.6607919203275869,0,False
2010,8,2010_08_MIA_CIN,CIN,MIA,14.0,22.0,-8.0,0.5584290852964321,0,False
2010,8,2010_08_JAX_DAL,DAL,JAX,17.0,35.0,-18.0,0.830099903735051,0,False
2010,8,2010_08_WAS_DET,DET,WAS,37.0,25.0,12.0,0.38003807308066456,1,False
2010,8,2010_08_BUF_KC,KC,BUF,13.0,10.0,3.0,0.833423033276539,1,False
2010,8,2010_08_GB_NYJ,NYJ,GB,0.0,9.0,-9.0,0.7303229267421125,0,False
2010,8,2010_08_DEN_SF,SF,DEN,24.0,16.0,8.0,0.5949807630955205,1,True
2010,8,2010_08_CAR_STL,STL,CAR,20.0,10.0,10.0,0.4020172006666458,1,False
2010,8,2010_08_TEN_SD,SD,TEN,33.0,25.0,8.0,0.372403961750946,1,False
2010,8,2010_08_TB_ARI,ARI,TB,35.0,38.0,-3.0,0.5395737724814329,0,False
2010,8,2010_08_MIN_NE,NE,MIN,28.0,18.0,10.0,0.7576048406088538,1,False
2010,8,2010_08_SEA_OAK,OAK,SEA,33.0,3.0,30.0,0.5873211966920295,1,False
2010,8,2010_08_PIT_NO,NO,PIT,20.0,10.0,10.0,0.3928330121230548,1,False
2010,8,2010_08_HOU_IND,IND,HOU,30.0,17.0,13.0,0.6837795368104466,1,False
2010,9,2010_09_TB_ATL,ATL,TB,27.0,21.0,6.0,0.7987606671883728,1,False
2010,9,2010_09_MIA_BAL,BAL,MIA,26.0,10.0,16.0,0.7295568750071683,1,False
2010,9,2010_09_CHI_BUF,BUF,CHI,19.0,22.0,-3.0,0.31197864382288676,0,False
2010,9,2010_09_NO_CAR,CAR,NO,3.0,34.0,-31.0,0.25865865162951157,0,False
2010,9,2010_09_NE_CLE,CLE,NE,34.0,14.0,20.0,0.21666952037192902,1,False
2010,9,2010_09_NYJ_DET,DET,NYJ,20.0,23.0,-3.0,0.17775348529890414,0,False
2010,9,2010_09_SD_HOU,HOU,SD,23.0,29.0,-6.0,0.4229413167703006,0,False
2010,9,2010_09_ARI_MIN,MIN,ARI,27.0,24.0,3.0,0.7792415691346295,1,False
2010,9,2010_09_NYG_SEA,SEA,NYG,7.0,41.0,-34.0,0.347612036779222,0,False
2010,9,2010_09_KC_OAK,OAK,KC,23.0,20.0,3.0,0.5346927133422226,1,False
2010,9,2010_09_IND_PHI,PHI,IND,26.0,24.0,2.0,0.42760026427017556,1,False
2010,9,2010_09_DAL_GB,GB,DAL,45.0,7.0,38.0,0.8004813368526742,1,False
2010,9,2010_09_PIT_CIN,CIN,PIT,21.0,27.0,-6.0,0.26868617677874973,0,False
2010,10,2010_10_BAL_ATL,ATL,BAL,26.0,21.0,5.0,0.5578614809318589,1,False
2010,10,2010_10_DET_BUF,BUF,DET,14.0,12.0,2.0,0.41317790625374645,1,False
2010,10,2010_10_MIN_CHI,CHI,MIN,27.0,13.0,14.0,0.5654652205277968,1,False
2010,10,2010_10_NYJ_CLE,CLE,NYJ,20.0,26.0,-6.0,0.3163279798706124,0,False
2010,10,2010_10_CIN_IND,IND,CIN,23.0,17.0,6.0,0.8375303556405003,1,False
2010,10,2010_10_HOU_JAX,JAX,HOU,31.0,24.0,7.0,0.46454173691588657,1,False
2010,10,2010_10_TEN_MIA,MIA,TEN,29.0,17.0,12.0,0.2951938191272875,1,False
2010,10,2010_10_CAR_TB,TB,CAR,31.0,16.0,15.0,0.728822432853804,1,False
2010,10,2010_10_KC_DEN,DEN,KC,49.0,29.0,20.0,0.27259857676914767,1,False
2010,10,2010_10_SEA_ARI,ARI,SEA,18.0,36.0,-18.0,0.6093738023908252,0,False
2010,10,2010_10_DAL_NYG,NYG,DAL,20.0,33.0,-13.0,0.8632590456966353,0,False
2010,10,2010_10_STL_SF,SF,STL,23.0,20.0,3.0,0.5807114315181847,1,False
2010,10,2010_10_NE_PIT,PIT,NE,26.0,39.0,-13.0,0.5994544770671917,0,False
2010,10,2010_10_PHI_WAS,WAS,PHI,28.0,59.0,-31.0,0.32824327239676326,0,False
2010,11,2010_11_CHI_MIA,MIA,CHI,0.0,16.0,-16.0,0.5060875731902515,0,False
2010,11,2010_11_BAL_CAR,CAR,BAL,13.0,37.0,-24.0,0.15818747012238119,0,False
2010,11,2010_11_BUF_CIN,CIN,BUF,31.0,49.0,-18.0,0.7234323278778686,0,False
2010,11,2010_11_DET_DAL,DAL,DET,35.0,19.0,16.0,0.6423991331751199,1,False
2010,11,2010_11_CLE_JAX,JAX,CLE,24.0,20.0,4.0,0.46350122419147655,1,False
2010,11,2010_11_ARI_KC,KC,ARI,31.0,13.0,18.0,0.7377143993324073,1,False
2010,11,2010_11_GB_MIN,MIN,GB,3.0,31.0,-28.0,0.2565183320859374,0,False
2010,11,2010_11_HOU_NYJ,NYJ,HOU,30.0,27.0,3.0,0.8701994431967665,1,False
2010,11,2010_11_OAK_PIT,PIT,OAK,35.0,3.0,32.0,0.6142859377635569,1,False
2010,11,2010_11_WAS_TEN,TEN,WAS,16.0,19.0,-3.0,0.8293564803803206,0,False
2010,11,2010_11_SEA_NO,NO,SEA,34.0,19.0,15.0,0.8608890763370016,1,False
2010,11,2010_11_TB_SF,SF,TB,0.0,21.0,-21.0,0.5208040583561805,0,False
2010,11,2010_11_ATL_STL,STL,ATL,17.0,34.0,-17.0,0.19984215012014536,0,False
2010,11,2010_11_IND_NE,NE,IND,31.0,28.0,3.0,0.5293230251182555,1,False
2010,11,2010_11_NYG_PHI,PHI,NYG,27.0,17.0,10.0,0.6683198320251132,1,False
2010,11,2010_11_DEN_SD,SD,DEN,35.0,14.0,21.0,0.840537514923433,1,False
2010,12,2010_12_NE_DET,DET,NE,24.0,45.0,-21.0,0.16912171424058878,0,False
2010,12,2010_12_NO_DAL,DAL,NO,27.0,30.0,-3.0,0.3085650604217618,0,False
2010,12,2010_12_CIN_NYJ,NYJ,CIN,26.0,10.0,16.0,0.9011296498290149,1,False
2010,12,2010_12_GB_ATL,ATL,GB,20.0,17.0,3.0,0.47223296459440034,1,False
2010,12,2010_12_PIT_BUF,BUF,PIT,16.0,19.0,-3.0,0.22293589157338822,0,False
2010,12,2010_12_CAR_CLE,CLE,CAR,24.0,23.0,1.0,0.8164314801066661,1,False
2010,12,2010_12_TEN_HOU,HOU,TEN,20.0,0.0,20.0,0.3454469339236628,1,False
2010,12,2010_12_JAX_NYG,NYG,JAX,24.0,20.0,4.0,0.7214419743887855,1,False
2010,12,2010_12_MIN_WAS,WAS,MIN,13.0,17.0,-4.0,0.5143601134496526,0,False
2010,12,2010_12_MIA_OAK,OAK,MIA,17.0,33.0,-16.0,0.6393081836704326,0,False
2010,12,2010_12_KC_SEA,SEA,KC,24.0,42.0,-18.0,0.39584207533413673,0,False
2010,12,2010_12_TB_BAL,BAL,TB,17.0,10.0,7.0,0.7698137264587955,1,False
2010,12,2010_12_PHI_CHI,CHI,PHI,31.0,26.0,5.0,0.44201140426236646,1,False
2010,12,2010_12_STL_DEN,DEN,STL,33.0,36.0,-3.0,0.5418062647458008,0,False
2010,12,2010_12_SD_IND,IND,SD,14.0,36.0,-22.0,0.5890059845745866,0,False
2010,12,2010_12_SF_ARI,ARI,SF,6.0,27.0,-21.0,0.459619661884239,0,False
2010,13,2010_13_HOU_PHI,PHI,HOU,34.0,24.0,10.0,0.7552006631265242,1,False
2010,13,2010_13_NO_CIN,CIN,NO,30.0,34.0,-4.0,0.14572392701361375,0,False
2010,13,2010_13_CHI_DET,DET,CHI,20.0,24.0,-4.0,0.21890242920506225,0,False
2010,13,2010_13_SF_GB,GB,SF,34.0,16.0,18.0,0.8596666618318066,1,False
2010,13,2010_13_DEN_KC,KC,DEN,10.0,6.0,4.0,0.802585995753603,1,False
2010,13,2010_13_CLE_MIA,MIA,CLE,10.0,13.0,-3.0,0.60665772381771,0,False
2010,13,2010_13_BUF_MIN,MIN,BUF,38.0,14.0,24.0,0.6354703573880748,1,False
2010,13,2010_13_WAS_NYG,NYG,WAS,31.0,7.0,24.0,0.8247848539446528,1,False
2010,13,2010_13_JAX_TEN,TEN,JAX,6.0,17.0,-11.0,0.614960606658463,0,False
2010,13,2010_13_OAK_SD,SD,OAK,13.0,28.0,-15.0,0.839346579857648,0,False
2010,13,2010_13_STL_ARI,ARI,STL,6.0,19.0,-13.0,0.4276299067914231,0,False
2010,13,2010_13_DAL_IND,IND,DAL,35.0,38.0,-3.0,0.7222061820668123,0,False
2010,13,2010_13_CAR_SEA,SEA,CAR,31.0,14.0,17.0,0.6437550231845153,1,False
2010,13,2010_13_ATL_TB,TB,ATL,24.0,28.0,-4.0,0.33058801006023897,0,False
2010,13,2010_13_PIT_BAL,BAL,PIT,10.0,13.0,-3.0,0.6163474786528004,0,False
2010,13,2010_13_NYJ_NE,NE,NYJ,45.0,3.0,42.0,0.5559086146431055,1,False
2010,14,2010_14_IND_TEN,TEN,IND,28.0,30.0,-2.0,0.4294386790000709,0,False
2010,14,2010_14_CLE_BUF,BUF,CLE,13.0,6.0,7.0,0.3763452550196412,1,False
2010,14,2010_14_ATL_CAR,CAR,ATL,10.0,31.0,-21.0,0.0862005456150938,0,False
2010,14,2010_14_GB_DET,DET,GB,7.0,3.0,4.0,0.11359573901827538,1,False
2010,14,2010_14_OAK_JAX,JAX,OAK,38.0,31.0,7.0,0.5218456589902523,1,False
2010,14,2010_14_CIN_PIT,PIT,CIN,23.0,7.0,16.0,0.9033315238754887,1,False
2010,14,2010_14_TB_WAS,WAS,TB,16.0,17.0,-1.0,0.3574515387631197,0,False
2010,14,2010_14_STL_NO,NO,STL,31.0,13.0,18.0,0.8913850810248714,1,False
2010,14,2010_14_SEA_SF,SF,SEA,40.0,21.0,19.0,0.6323739279765734,1,False
2010,14,2010_14_DEN_ARI,ARI,DEN,43.0,13.0,30.0,0.4857305040801385,1,False
2010,14,2010_14_NE_CHI,CHI,NE,7.0,36.0,-29.0,0.3757648630797006,0,False
2010,14,2010_14_MIA_NYJ,NYJ,MIA,6.0,10.0,-4.0,0.6968922069860337,0,False
2010,14,2010_14_KC_SD,SD,KC,31.0,0.0,31.0,0.6662652597393146,1,False
2010,14,2010_14_PHI_DAL,DAL,PHI,27.0,30.0,-3.0,0.3317493813503322,0,False
2010,14,2010_14_NYG_MIN,MIN,NYG,3.0,21.0,-18.0,0.31167083603324897,0,True
2010,14,2010_14_BAL_HOU,HOU,BAL,28.0,34.0,-6.0,0.29751363193273833,0,False
2010,15,2010_15_SF_SD,SD,SF,34.0,7.0,27.0,0.8066284384750441,1,False
2010,15,2010_15_NO_BAL,BAL,NO,30.0,24.0,6.0,0.47751557899453273,1,False
2010,15,2010_15_ARI_CAR,CAR,ARI,19.0,12.0,7.0,0.4314411822538781,1,False
2010,15,2010_15_CLE_CIN,CIN,CLE,19.0,17.0,2.0,0.3418790773366597,1,False
2010,15,2010_15_WAS_DAL,DAL,WAS,33.0,30.0,3.0,0.7572333812586471,1,False
2010,15,2010_15_JAX_IND,IND,JAX,34.0,24.0,10.0,0.6348194137580164,1,False
2010,15,2010_15_BUF_MIA,MIA,BUF,14.0,17.0,-3.0,0.738015286545897,0,False
2010,15,2010_15_PHI_NYG,NYG,PHI,31.0,38.0,-7.0,0.5526127819826824,0,False
2010,15,2010_15_KC_STL,STL,KC,13.0,27.0,-14.0,0.42894712370495625,0,False
2010,15,2010_15_DET_TB,TB,DET,20.0,23.0,-3.0,0.7859719002281427,0,False
2010,15,2010_15_HOU_TEN,TEN,HOU,31.0,17.0,14.0,0.5528279308590742,1,False
2010,15,2010_15_ATL_SEA,SEA,ATL,18.0,34.0,-16.0,0.13348365203321264,0,False
2010,15,2010_15_DEN_OAK,OAK,DEN,39.0,23.0,16.0,0.852327102995458,1,False
2010,15,2010_15_NYJ_PIT,PIT,NYJ,17.0,22.0,-5.0,0.7011982638894179,0,False
2010,15,2010_15_GB_NE,NE,GB,31.0,27.0,4.0,0.7177182913391454,1,False
2010,15,2010_15_CHI_MIN,MIN,CHI,14.0,40.0,-26.0,0.4058768655734296,0,False
2010,16,2010_16_CAR_PIT,PIT,CAR,27.0,3.0,24.0,0.9297318663357772,1,False
2010,16,2010_16_DAL_ARI,ARI,DAL,27.0,26.0,1.0,0.2993649010805969,1,False
2010,16,2010_16_NE_BUF,BUF,NE,3.0,34.0,-31.0,0.1173793191143504,0,False
2010,16,2010_16_NYJ_CHI,CHI,NYJ,38.0,34.0,4.0,0.6067458968118563,1,False
2010,16,2010_16_BAL_CLE,CLE,BAL,10.0,20.0,-10.0,0.27180574348238357,0,False
2010,16,2010_16_WAS_JAX,JAX,WAS,17.0,20.0,-3.0,0.7949258806322385,0,False
2010,16,2010_16_TEN_KC,KC,TEN,34.0,14.0,20.0,0.6151519279062021,1,False
2010,16,2010_16_DET_MIA,MIA,DET,27.0,34.0,-7.0,0.7535962061675925,0,False
2010,16,2010_16_SF_STL,STL,SF,25.0,17.0,8.0,0.4606173767567832,1,False
2010,16,2010_16_SD_CIN,CIN,SD,34.0,20.0,14.0,0.1221995116537525,1,False
2010,16,2010_16_HOU_DEN,DEN,HOU,24.0,23.0,1.0,0.30077866588959473,1,False
2010,16,2010_16_IND_OAK,OAK,IND,26.0,31.0,-5.0,0.49475398901956025,0,False
2010,16,2010_16_NYG_GB,GB,NYG,45.0,17.0,28.0,0.6649007922456116,1,False
2010,16,2010_16_SEA_TB,TB,SEA,38.0,15.0,23.0,0.8071627126292945,1,False
2010,16,2010_16_NO_ATL,ATL,NO,14.0,17.0,-3.0,0.6491063253438256,0,False
2010,16,2010_16_MIN_PHI,PHI,MIN,14.0,24.0,-10.0,0.8708768873162638,0,False
2010,17,2010_17_CAR_ATL,ATL,CAR,31.0,10.0,21.0,0.9574936331188325,1,False
2010,17,2010_17_CIN_BAL,BAL,CIN,13.0,7.0,6.0,0.8867912131121596,1,False
2010,17,2010_17_PIT_CLE,CLE,PIT,9.0,41.0,-32.0,0.24218986727515293,0,False
2010,17,2010_17_MIN_DET,DET,MIN,20.0,13.0,7.0,0.47742996480398947,1,False
2010,17,2010_17_OAK_KC,KC,OAK,10.0,31.0,-21.0,0.6604054652219445,0,False
2010,17,2010_17_MIA_NE,NE,MIA,38.0,7.0,31.0,0.9254976063836178,1,False
2010,17,2010_17_TB_NO,NO,TB,13.0,23.0,-10.0,0.7839105908762314,0,False
2010,17,2010_17_BUF_NYJ,NYJ,BUF,38.0,7.0,31.0,0.7971872183988987,1,False
2010,17,2010_17_SD_DEN,DEN,SD,28.0,33.0,-5.0,0.1233378708912834,0,False
2010,17,2010_17_CHI_GB,GB,CHI,10.0,3.0,7.0,0.7096147984183429,1,False
2010,17,2010_17_JAX_HOU,HOU,JAX,34.0,17.0,17.0,0.43781512287245594,1,False
2010,17,2010_17_TEN_IND,IND,TEN,23.0,20.0,3.0,0.8017013878813362,1,False
2010,17,2010_17_DAL_PHI,PHI,DAL,13.0,14.0,-1.0,0.7607007866516122,0,False
2010,17,2010_17_ARI_SF,SF,ARI,38.0,7.0,31.0,0.6775557367645787,1,False
2010,17,2010_17_NYG_WAS,WAS,NYG,14.0,17.0,-3.0,0.2743154581484364,0,False
2010,17,2010_17_STL_SEA,SEA,STL,16.0,6.0,10.0,0.42029216439044087,1,False
2011,1,2011_01_NO_GB,GB,NO,42.0,34.0,8.0,0.6806807290365273,1,False
2011,1,2011_01_PIT_BAL,BAL,PIT,35.0,7.0,28.0,0.5355162202120979,1,False
2011,1,2011_01_ATL_CHI,CHI,ATL,30.0,12.0,18.0,0.4496316063481513,1,False
2011,1,2011_01_CIN_CLE,CLE,CIN,17.0,27.0,-10.0,0.5530252095146501,0,False
2011,1,2011_01_IND_HOU,HOU,IND,34.0,7.0,27.0,0.45067283323325197,1,False
2011,1,2011_01_TEN_JAX,JAX,TEN,16.0,14.0,2.0,0.6258375047689945,1,False
2011,1,2011_01_BUF_KC,KC,BUF,7.0,41.0,-34.0,0.7057979454882077,0,False
2011,1,2011_01_PHI_STL,STL,PHI,13.0,31.0,-18.0,0.29275104207772495,0,False
2011,1,2011_01_DET_TB,TB,DET,20.0,27.0,-7.0,0.7241097367194602,0,False
2011,1,2011_01_CAR_ARI,ARI,CAR,28.0,21.0,7.0,0.6123743440633223,1,False
2011,1,2011_01_MIN_SD,SD,MIN,24.0,17.0,7.0,0.7913569185576631,1,False
2011,1,2011_01_SEA_SF,SF,SEA,33.0,17.0,16.0,0.6761753188675066,1,False
2011,1,2011_01_NYG_WAS,WAS,NYG,28.0,14.0,14.0,0.37670175390049115,1,False
2011,1,2011_01_DAL_NYJ,NYJ,DAL,27.0,24.0,3.0,0.6369478608232416,1,False
2011,1,2011_01_NE_MIA,MIA,NE,24.0,38.0,-14.0,0.1563835880970309,0,False
2011,1,2011_01_OAK_DEN,DEN,OAK,20.0,23.0,-3.0,0.33411986152539497,0,False
2011,2,2011_02_OAK_BUF,BUF,OAK,38.0,35.0,3.0,0.5067614025662606,1,False
2011,2,2011_02_GB_CAR,CAR,GB,23.0,30.0,-7.0,0.11268414749494099,0,False
2011,2,2011_02_KC_DET,DET,KC,48.0,3.0,45.0,0.6471425191042742,1,False
2011,2,2011_02_CLE_IND,IND,CLE,19.0,27.0,-8.0,0.7088908501769382,0,False
2011,2,2011_02_TB_MIN,MIN,TB,20.0,24.0,-4.0,0.4274404886776547,0,False
2011,2,2011_02_CHI_NO,NO,CHI,30.0,13.0,17.0,0.4810877216997032,1,False
2011,2,2011_02_JAX_NYJ,NYJ,JAX,32.0,3.0,29.0,0.7279178789555599,1,False
2011,2,2011_02_SEA_PIT,PIT,SEA,24.0,0.0,24.0,0.8697582300522239,1,False
2011,2,2011_02_BAL_TEN,TEN,BAL,26.0,13.0,13.0,0.19870375008324528,1,False
2011,2,2011_02_ARI_WAS,WAS,ARI,22.0,21.0,1.0,0.6947843008826037,1,False
2011,2,2011_02_DAL_SF,SF,DAL,24.0,27.0,-3.0,0.5687847129027355,0,False
2011,2,2011_02_CIN_DEN,DEN,CIN,24.0,22.0,2.0,0.3642806214655551,1,False
2011,2,2011_02_HOU_MIA,MIA,HOU,13.0,23.0,-10.0,0.3754292738777769,0,False
2011,2,2011_02_SD_NE,NE,SD,35.0,21.0,14.0,0.791024884519247,1,False
2011,2,2011_02_PHI_ATL,ATL,PHI,35.0,31.0,4.0,0.5801985256661325,1,False
2011,2,2011_02_STL_NYG,NYG,STL,28.0,16.0,12.0,0.7335814055814942,1,False
2011,3,2011_03_NE_BUF,BUF,NE,34.0,31.0,3.0,0.1320759573896095,1,False
2011,3,2011_03_JAX_CAR,CAR,JAX,16.0,10.0,6.0,0.3949953495600183,1,False
2011,3,2011_03_SF_CIN,CIN,SF,8.0,13.0,-5.0,0.4948623264083772,0,False
2011,3,2011_03_MIA_CLE,CLE,MIA,17.0,16.0,1.0,0.5849426931497577,1,False
2011,3,2011_03_DET_MIN,MIN,DET,23.0,26.0,-3.0,0.36585274118293376,0,False
2011,3,2011_03_HOU_NO,NO,HOU,40.0,33.0,7.0,0.5868022174059826,1,False
2011,3,2011_03_NYG_PHI,PHI,NYG,16.0,29.0,-13.0,0.6472852806348526,0,False
2011,3,2011_03_DEN_TEN,TEN,DEN,17.0,14.0,3.0,0.7404115411670056,1,False
2011,3,2011_03_NYJ_OAK,OAK,NYJ,34.0,24.0,10.0,0.4102003377850689,1,False
2011,3,2011_03_KC_SD,SD,KC,20.0,17.0,3.0,0.8566254625419631,1,False
2011,3,2011_03_BAL_STL,STL,BAL,7.0,37.0,-30.0,0.19905227638030876,0,False
2011,3,2011_03_GB_CHI,CHI,GB,17.0,27.0,-10.0,0.39839293995117914,0,False
2011,3,2011_03_ARI_SEA,SEA,ARI,13.0,10.0,3.0,0.4683304321707624,1,False
2011,3,2011_03_ATL_TB,TB,ATL,16.0,13.0,3.0,0.44344216271978376,1,False
2011,3,2011_03_PIT_IND,IND,PIT,20.0,23.0,-3.0,0.3206481627457973,0,False
2011,3,2011_03_WAS_DAL,DAL,WAS,18.0,16.0,2.0,0.6342633870516231,1,False
2011,4,2011_04_CAR_CHI,CHI,CAR,34.0,29.0,5.0,0.8169606213974843,1,False
2011,4,2011_04_BUF_CIN,CIN,BUF,23.0,20.0,3.0,0.49257294604880675,1,False
2011,4,2011_04_TEN_CLE,CLE,TEN,13.0,31.0,-18.0,0.45592845708798135,0,False
2011,4,2011_04_DET_DAL,DAL,DET,30.0,34.0,-4.0,0.4541706992927983,0,False
2011,4,2011_04_PIT_HOU,HOU,PIT,17.0,10.0,7.0,0.44165826470374003,1,False
2011,4,2011_04_NO_JAX,JAX,NO,10.0,23.0,-13.0,0.2503806039606795,0,False
2011,4,2011_04_MIN_KC,KC,MIN,22.0,17.0,5.0,0.41403550313002246,1,False
2011,4,2011_04_SF_PHI,PHI,SF,23.0,24.0,-1.0,0.604964081819148,0,False
2011,4,2011_04_WAS_STL,STL,WAS,10.0,17.0,-7.0,0.3420375057028891,0,False
2011,4,2011_04_NYG_ARI,ARI,NYG,27.0,31.0,-4.0,0.3119713492739773,0,False
2011,4,2011_04_ATL_SEA,SEA,ATL,28.0,30.0,-2.0,0.22807339057950005,0,False
2011,4,2011_04_DEN_GB,GB,DEN,49.0,23.0,26.0,0.9220330663789381,1,False
2011,4,2011_04_NE_OAK,OAK,NE,19.0,31.0,-12.0,0.26246516761172656,0,False
2011,4,2011_04_MIA_SD,SD,MIA,26.0,16.0,10.0,0.8089484241687308,1,False
2011,4,2011_04_NYJ_BAL,BAL,NYJ,34.0,17.0,17.0,0.6889817478813983,1,False
2011,4,2011_04_IND_TB,TB,IND,24.0,17.0,7.0,0.7022918014245726,1,False
2011,5,2011_05_PHI_BUF,BUF,PHI,31.0,24.0,7.0,0.5475094909436541,1,False
2011,5,2011_05_NO_CAR,CAR,NO,27.0,30.0,-3.0,0.16546307745706573,0,False
2011,5,2011_05_OAK_HOU,HOU,OAK,20.0,25.0,-5.0,0.6334866644265843,0,False
2011,5,2011_05_KC_IND,IND,KC,24.0,28.0,-4.0,0.7145207853018771,0,False
2011,5,2011_05_CIN_JAX,JAX,CIN,20.0,30.0,-10.0,0.39623375956986134,0,False
2011,5,2011_05_ARI_MIN,MIN,ARI,34.0,10.0,24.0,0.5614020676152117,1,False
2011,5,2011_05_SEA_NYG,NYG,SEA,25.0,36.0,-11.0,0.8450702490880488,0,False
2011,5,2011_05_TEN_PIT,PIT,TEN,38.0,17.0,21.0,0.6420310606395709,1,False
2011,5,2011_05_TB_SF,SF,TB,48.0,3.0,45.0,0.509775355709402,1,False
2011,5,2011_05_SD_DEN,DEN,SD,24.0,29.0,-5.0,0.17258368528415888,0,False
2011,5,2011_05_NYJ_NE,NE,NYJ,30.0,21.0,9.0,0.8343986270633142,1,False
2011,5,2011_05_GB_ATL,ATL,GB,14.0,25.0,-11.0,0.3833389280242924,0,False
2011,5,2011_05_CHI_DET,DET,CHI,24.0,13.0,11.0,0.6985476102531244,1,False
2011,6,2011_06_CAR_ATL,ATL,CAR,31.0,17.0,14.0,0.8345011581987646,1,False
2011,6,2011_06_IND_CIN,CIN,IND,27.0,17.0,10.0,0.709324653721794,1,False
2011,6,2011_06_SF_DET,DET,SF,19.0,25.0,-6.0,0.6306839114423923,0,False
2011,6,2011_06_STL_GB,GB,STL,24.0,3.0,21.0,0.9621564059074159,1,False
2011,6,2011_06_BUF_NYG,NYG,BUF,27.0,24.0,3.0,0.5207003541573769,1,False
2011,6,2011_06_JAX_PIT,PIT,JAX,17.0,13.0,4.0,0.9049539027674935,1,False
2011,6,2011_06_PHI_WAS,WAS,PHI,13.0,20.0,-7.0,0.5875675828699373,0,False
2011,6,2011_06_HOU_BAL,BAL,HOU,29.0,14.0,15.0,0.7617530969246463,1,False
2011,6,2011_06_CLE_OAK,OAK,CLE,24.0,17.0,7.0,0.8117589383109208,1,False
2011,6,2011_06_DAL_NE,NE,DAL,20.0,16.0,4.0,0.8834690068471418,1,False
2011,6,2011_06_NO_TB,TB,NO,26.0,20.0,6.0,0.34673220798373716,1,False
2011,6,2011_06_MIN_CHI,CHI,MIN,39.0,10.0,29.0,0.6925792715852157,1,False
2011,6,2011_06_MIA_NYJ,NYJ,MIA,24.0,6.0,18.0,0.8103621875281992,1,False
2011,7,2011_07_WAS_CAR,CAR,WAS,33.0,20.0,13.0,0.31734849969409257,1,False
2011,7,2011_07_SEA_CLE,CLE,SEA,6.0,3.0,3.0,0.5454040269639047,1,False
2011,7,2011_07_ATL_DET,DET,ATL,16.0,23.0,-7.0,0.6641908626976827,0,False
2011,7,2011_07_DEN_MIA,MIA,DEN,15.0,18.0,-3.0,0.5752161455000309,0,False
2011,7,2011_07_SD_NYJ,NYJ,SD,27.0,21.0,6.0,0.5495080935126911,1,False
2011,7,2011_07_CHI_TB,TB,CHI,18.0,24.0,-6.0,0.43008074393793355,0,True
2011,7,2011_07_HOU_TEN,TEN,HOU,7.0,41.0,-34.0,0.5117240344925382,0,False
2011,7,2011_07_PIT_ARI,ARI,PIT,20.0,32.0,-12.0,0.13351346764983027,0,False
2011,7,2011_07_KC_OAK,OAK,KC,0.0,28.0,-28.0,0.8174267446011293,0,False
2011,7,2011_07_STL_DAL,DAL,STL,34.0,7.0,27.0,0.8498988141399061,1,False
2011,7,2011_07_GB_MIN,MIN,GB,27.0,33.0,-6.0,0.11932417929358302,0,False
2011,7,2011_07_IND_NO,NO,IND,62.0,7.0,55.0,0.8425747392425843,1,False
2011,7,2011_07_BAL_JAX,JAX,BAL,12.0,7.0,5.0,0.09659955531414009,1,False
2011,8,2011_08_ARI_BAL,BAL,ARI,30.0,27.0,3.0,0.9393691251333407,1,False
2011,8,2011_08_MIN_CAR,CAR,MIN,21.0,24.0,-3.0,0.5460055488802134,0,False
2011,8,2011_08_JAX_HOU,HOU,JAX,24.0,14.0,10.0,0.8639255290353911,1,False
2011,8,2011_08_MIA_NYG,NYG,MIA,20.0,17.0,3.0,0.8157517278059132,1,False
2011,8,2011_08_NO_STL,STL,NO,31.0,21.0,10.0,0.08228569844530775,1,False
2011,8,2011_08_IND_TEN,TEN,IND,27.0,10.0,17.0,0.7393518623160283,1,False
2011,8,2011_08_WAS_BUF,BUF,WAS,23.0,0.0,23.0,0.6755605668685536,1,False
2011,8,2011_08_DET_DEN,DEN,DET,10.0,45.0,-35.0,0.2352179873429286,0,False
2011,8,2011_08_NE_PIT,PIT,NE,25.0,17.0,8.0,0.3628895096665107,1,False
2011,8,2011_08_CIN_SEA,SEA,CIN,12.0,34.0,-22.0,0.3407651741777904,0,False
2011,8,2011_08_CLE_SF,SF,CLE,20.0,10.0,10.0,0.8769419650137794,1,False
2011,8,2011_08_DAL_PHI,PHI,DAL,34.0,7.0,27.0,0.5252160021672198,1,False
2011,8,2011_08_SD_KC,KC,SD,23.0,20.0,3.0,0.4136271546320235,1,False
2011,9,2011_09_NYJ_BUF,BUF,NYJ,11.0,27.0,-16.0,0.5061942639758724,0,False
2011,9,2011_09_SEA_DAL,DAL,SEA,23.0,13.0,10.0,0.7327119871229489,1,False
2011,9,2011_09_CLE_HOU,HOU,CLE,30.0,12.0,18.0,0.8611022779606026,1,False
2011,9,2011_09_ATL_IND,IND,ATL,7.0,31.0,-24.0,0.1489913014612189,0,False
2011,9,2011_09_MIA_KC,KC,MIA,3.0,31.0,-28.0,0.7613438017861016,0,False
2011,9,2011_09_TB_NO,NO,TB,27.0,16.0,11.0,0.7715139561805763,1,False
2011,9,2011_09_SF_WAS,WAS,SF,11.0,19.0,-8.0,0.16823969923042706,0,False
2011,9,2011_09_DEN_OAK,OAK,DEN,24.0,38.0,-14.0,0.8167405202665535,0,False
2011,9,2011_09_CIN_TEN,TEN,CIN,17.0,24.0,-7.0,0.43370283745405236,0,False
2011,9,2011_09_STL_ARI,ARI,STL,19.0,13.0,6.0,0.5774308820196961,1,False
2011,9,2011_09_NYG_NE,NE,NYG,20.0,24.0,-4.0,0.8085008870115323,0,False
2011,9,2011_09_GB_SD,SD,GB,38.0,45.0,-7.0,0.2577253153273341,0,False
2011,9,2011_09_BAL_PIT,PIT,BAL,20.0,23.0,-3.0,0.5259928743489244,0,False
2011,9,2011_09_CHI_PHI,PHI,CHI,24.0,30.0,-6.0,0.5700970346576301,0,False
2011,10,2011_10_OAK_SD,SD,OAK,17.0,24.0,-7.0,0.7085313497422576,0,False
2011,10,2011_10_NO_ATL,ATL,NO,23.0,26.0,-3.0,0.4893551475252516,0,False
2011,10,2011_10_TEN_CAR,CAR,TEN,3.0,30.0,-27.0,0.4421623914000626,0,False
2011,10,2011_10_PIT_CIN,CIN,PIT,17.0,24.0,-7.0,0.462122085978873,0,False
2011,10,2011_10_STL_CLE,CLE,STL,12.0,13.0,-1.0,0.7173828373876431,0,False
2011,10,2011_10_BUF_DAL,DAL,BUF,44.0,7.0,37.0,0.4842502183274568,1,False
2011,10,2011_10_JAX_IND,IND,JAX,3.0,17.0,-14.0,0.4120660579428966,0,False
2011,10,2011_10_DEN_KC,KC,DEN,10.0,17.0,-7.0,0.6133668289420052,0,False
2011,10,2011_10_WAS_MIA,MIA,WAS,20.0,9.0,11.0,0.6395123485076036,1,False
2011,10,2011_10_ARI_PHI,PHI,ARI,17.0,21.0,-4.0,0.837346439226244,0,False
2011,10,2011_10_HOU_TB,TB,HOU,9.0,37.0,-28.0,0.28681718861775407,0,False
2011,10,2011_10_BAL_SEA,SEA,BAL,22.0,17.0,5.0,0.11679915731161442,1,False
2011,10,2011_10_DET_CHI,CHI,DET,37.0,13.0,24.0,0.5187221451720955,1,False
2011,10,2011_10_NYG_SF,SF,NYG,27.0,20.0,7.0,0.7271398975463506,1,False
2011,10,2011_10_NE_NYJ,NYJ,NE,16.0,37.0,-21.0,0.49591106207555175,0,False
2011,10,2011_10_MIN_GB,GB,MIN,45.0,7.0,38.0,0.926926334657547,1,False
2011,11,2011_11_NYJ_DEN,DEN,NYJ,17.0,13.0,4.0,0.2951710504052931,1,False
2011,11,2011_11_CIN_BAL,BAL,CIN,31.0,24.0,7.0,0.6788139473098002,1,False
2011,11,2011_11_JAX_CLE,CLE,JAX,14.0,10.0,4.0,0.5411776060447671,1,False
2011,11,2011_11_CAR_DET,DET,CAR,49.0,35.0,14.0,0.8627195485204647,1,False
2011,11,2011_11_TB_GB,GB,TB,35.0,26.0,9.0,0.9451729964968671,1,False
2011,11,2011_11_BUF_MIA,MIA,BUF,35.0,8.0,27.0,0.5832533850106941,1,False
2011,11,2011_11_OAK_MIN,MIN,OAK,21.0,27.0,-6.0,0.43903445565177185,0,False
2011,11,2011_11_DAL_WAS,WAS,DAL,24.0,27.0,-3.0,0.21721928685311767,0,False
2011,11,2011_11_ARI_SF,SF,ARI,23.0,7.0,16.0,0.9100196521602049,1,False
2011,11,2011_11_SEA_STL,STL,SEA,7.0,24.0,-17.0,0.43963519573330445,0,False
2011,11,2011_11_TEN_ATL,ATL,TEN,23.0,17.0,6.0,0.7063128048865549,1,False
2011,11,2011_11_SD_CHI,CHI,SD,31.0,20.0,11.0,0.7772921516458268,1,False
2011,11,2011_11_PHI_NYG,NYG,PHI,10.0,17.0,-7.0,0.6343401450960059,0,False
2011,11,2011_11_KC_NE,NE,KC,34.0,3.0,31.0,0.9072501218277513,1,False
2011,12,2011_12_GB_DET,DET,GB,15.0,27.0,-12.0,0.22070761057361554,0,False
2011,12,2011_12_MIA_DAL,DAL,MIA,20.0,19.0,1.0,0.6603553512202669,1,False
2011,12,2011_12_SF_BAL,BAL,SF,16.0,6.0,10.0,0.5108736584454188,1,False
2011,12,2011_12_MIN_ATL,ATL,MIN,24.0,14.0,10.0,0.8740926391732078,1,False
2011,12,2011_12_CLE_CIN,CIN,CLE,23.0,20.0,3.0,0.7896410917965211,1,False
2011,12,2011_12_CAR_IND,IND,CAR,19.0,27.0,-8.0,0.43636048271128386,0,False
2011,12,2011_12_HOU_JAX,JAX,HOU,13.0,20.0,-7.0,0.18960309485492563,0,False
2011,12,2011_12_BUF_NYJ,NYJ,BUF,28.0,24.0,4.0,0.7656627778346111,1,False
2011,12,2011_12_ARI_STL,STL,ARI,20.0,23.0,-3.0,0.4537929865804922,0,False
2011,12,2011_12_TB_TEN,TEN,TB,23.0,17.0,6.0,0.7178522610034945,1,False
2011,12,2011_12_CHI_OAK,OAK,CHI,25.0,20.0,5.0,0.27319927661494875,1,False
2011,12,2011_12_WAS_SEA,SEA,WAS,17.0,23.0,-6.0,0.7332927192405446,0,False
2011,12,2011_12_NE_PHI,PHI,NE,20.0,38.0,-18.0,0.28399491401957033,0,False
2011,12,2011_12_DEN_SD,SD,DEN,13.0,16.0,-3.0,0.6583712524966367,0,False
2011,12,2011_12_PIT_KC,KC,PIT,9.0,13.0,-4.0,0.18954891033675061,0,False
2011,12,2011_12_NYG_NO,NO,NYG,49.0,24.0,25.0,0.7648798502080616,1,False
2011,13,2011_13_PHI_SEA,SEA,PHI,31.0,14.0,17.0,0.3922225456388163,1,False
2011,13,2011_13_TEN_BUF,BUF,TEN,17.0,23.0,-6.0,0.372812212220078,0,False
2011,13,2011_13_KC_CHI,CHI,KC,3.0,10.0,-7.0,0.883249330861592,0,False
2011,13,2011_13_ATL_HOU,HOU,ATL,17.0,10.0,7.0,0.6421981530937858,1,False
2011,13,2011_13_OAK_MIA,MIA,OAK,34.0,14.0,20.0,0.6029115758185248,1,False
2011,13,2011_13_DEN_MIN,MIN,DEN,32.0,35.0,-3.0,0.42245746876236157,0,False
2011,13,2011_13_IND_NE,NE,IND,31.0,24.0,7.0,0.9785476472987166,1,False
2011,13,2011_13_CIN_PIT,PIT,CIN,35.0,7.0,28.0,0.7270975401144484,1,False
2011,13,2011_13_CAR_TB,TB,CAR,19.0,38.0,-19.0,0.6069357635742053,0,False
2011,13,2011_13_NYJ_WAS,WAS,NYJ,19.0,34.0,-15.0,0.27731696468851924,0,False
2011,13,2011_13_BAL_CLE,CLE,BAL,10.0,24.0,-14.0,0.16310784107050874,0,False
2011,13,2011_13_DAL_ARI,ARI,DAL,19.0,13.0,6.0,0.2322541474044946,1,False
2011,13,2011_13_GB_NYG,NYG,GB,35.0,38.0,-3.0,0.11761212803647784,0,False
2011,13,2011_13_STL_SF,SF,STL,26.0,0.0,26.0,0.9413138406035365,1,False
2011,13,2011_13_DET_NO,NO,DET,31.0,17.0,14.0,0.7796453148325616,1,False
2011,13,2011_13_SD_JAX,JAX,SD,14.0,38.0,-24.0,0.4573050002243235,0,False
2011,14,2011_14_CLE_PIT,PIT,CLE,14.0,3.0,11.0,0.9267570263640309,1,False
2011,14,2011_14_IND_BAL,BAL,IND,24.0,10.0,14.0,0.9642295344853676,1,False
2011,14,2011_14_ATL_CAR,CAR,ATL,23.0,31.0,-8.0,0.2510560460611184,0,False
2011,14,2011_14_HOU_CIN,CIN,HOU,19.0,20.0,-1.0,0.28430785353771537,0,False
2011,14,2011_14_MIN_DET,DET,MIN,34.0,28.0,6.0,0.7997877537097907,1,False
2011,14,2011_14_TB_JAX,JAX,TB,41.0,14.0,27.0,0.6418867449569913,1,False
2011,14,2011_14_PHI_MIA,MIA,PHI,10.0,26.0,-16.0,0.7281377567062346,0,False
2011,14,2011_14_KC_NYJ,NYJ,KC,37.0,10.0,27.0,0.7948486289736265,1,False
2011,14,2011_14_NO_TEN,TEN,NO,17.0,22.0,-5.0,0.26057189825797406,0,False
2011,14,2011_14_NE_WAS,WAS,NE,27.0,34.0,-7.0,0.07542854889944105,0,False
2011,14,2011_14_SF_ARI,ARI,SF,21.0,19.0,2.0,0.16120866290658514,1,False
2011,14,2011_14_CHI_DEN,DEN,CHI,13.0,10.0,3.0,0.3491252154928357,1,False
2011,14,2011_14_OAK_GB,GB,OAK,46.0,16.0,30.0,0.924790515277661,1,False
2011,14,2011_14_BUF_SD,SD,BUF,37.0,10.0,27.0,0.7593475149541334,1,False
2011,14,2011_14_NYG_DAL,DAL,NYG,34.0,37.0,-3.0,0.7246198982793925,0,False
2011,14,2011_14_STL_SEA,SEA,STL,30.0,13.0,17.0,0.8339913222007493,1,False
2011,15,2011_15_JAX_ATL,ATL,JAX,41.0,14.0,27.0,0.8423033942939723,1,False
2011,15,2011_15_DAL_TB,TB,DAL,15.0,31.0,-16.0,0.19680146202409982,0,False
2011,15,2011_15_MIA_BUF,BUF,MIA,23.0,30.0,-7.0,0.23143301550503212,0,False
2011,15,2011_15_SEA_CHI,CHI,SEA,14.0,38.0,-24.0,0.7366193227754989,0,False
2011,15,2011_15_CAR_HOU,HOU,CAR,13.0,28.0,-15.0,0.9137442852859017,0,False
2011,15,2011_15_TEN_IND,IND,TEN,27.0,13.0,14.0,0.15737401776215426,1,False
2011,15,2011_15_GB_KC,KC,GB,19.0,14.0,5.0,0.06792442906928087,1,False
2011,15,2011_15_NO_MIN,MIN,NO,20.0,42.0,-22.0,0.08540471581736643,0,False
2011,15,2011_15_WAS_NYG,NYG,WAS,10.0,23.0,-13.0,0.7837792635950862,0,False
2011,15,2011_15_CIN_STL,STL,CIN,13.0,20.0,-7.0,0.20765710961606818,0,False
2011,15,2011_15_DET_OAK,OAK,DET,27.0,28.0,-1.0,0.4204367583232581,0,False
2011,15,2011_15_CLE_ARI,ARI,CLE,20.0,17.0,3.0,0.6810066496852246,1,False
2011,15,2011_15_NE_DEN,DEN,NE,23.0,41.0,-18.0,0.19458382362022195,0,False
2011,15,2011_15_NYJ_PHI,PHI,NYJ,45.0,19.0,26.0,0.38911057807172267,1,False
2011,15,2011_15_BAL_SD,SD,BAL,34.0,14.0,20.0,0.3443900187346489,1,False
2011,15,2011_15_PIT_SF,SF,PIT,20.0,3.0,17.0,0.4516516582110354,1,False
2011,16,2011_16_HOU_IND,IND,HOU,19.0,16.0,3.0,0.09968621781633329,1,False
2011,16,2011_16_CLE_BAL,BAL,CLE,20.0,14.0,6.0,0.8897441191012845,1,False
2011,16,2011_16_DEN_BUF,BUF,DEN,40.0,14.0,26.0,0.3096066200759448,1,False
2011,16,2011_16_TB_CAR,CAR,TB,48.0,16.0,32.0,0.8337464258534072,1,False
2011,16,2011_16_ARI_CIN,CIN,ARI,23.0,16.0,7.0,0.6479932505735283,1,False
2011,16,2011_16_OAK_KC,KC,OAK,13.0,16.0,-3.0,0.5450953309208452,0,False
2011,16,2011_16_MIA_NE,NE,MIA,27.0,24.0,3.0,0.844956759648853,1,False
2011,16,2011_16_NYG_NYJ,NYJ,NYG,14.0,29.0,-15.0,0.7516145780409766,0,False
2011,16,2011_16_STL_PIT,PIT,STL,27.0,0.0,27.0,0.950080497713482,1,False
2011,16,2011_16_JAX_TEN,TEN,JAX,23.0,17.0,6.0,0.7074113364052381,1,False
2011,16,2011_16_MIN_WAS,WAS,MIN,26.0,33.0,-7.0,0.6861875831718844,0,False
2011,16,2011_16_SD_DET,DET,SD,38.0,10.0,28.0,0.4471923839575337,1,False
2011,16,2011_16_PHI_DAL,DAL,PHI,7.0,20.0,-13.0,0.52198638621766,0,False
2011,16,2011_16_SF_SEA,SEA,SF,17.0,19.0,-2.0,0.35883135955611606,0,False
2011,16,2011_16_CHI_GB,GB,CHI,35.0,21.0,14.0,0.8782004762288953,1,False
2011,16,2011_16_ATL_NO,NO,ATL,45.0,16.0,29.0,0.7048178935792346,1,False
2011,17,2011_17_DET_GB,GB,DET,45.0,41.0,4.0,0.8245613657975285,1,False
2011,17,2011_17_TEN_HOU,HOU,TEN,22.0,23.0,-1.0,0.7452852129420234,0,False
2011,17,2011_17_IND_JAX,JAX,IND,19.0,13.0,6.0,0.6193316270145689,1,False
2011,17,2011_17_NYJ_MIA,MIA,NYJ,19.0,17.0,2.0,0.6561998935065285,1,False
2011,17,2011_17_CHI_MIN,MIN,CHI,13.0,17.0,-4.0,0.3313220609413311,0,False
2011,17,2011_17_BUF_NE,NE,BUF,49.0,21.0,28.0,0.9589328164307255,1,False
2011,17,2011_17_CAR_NO,NO,CAR,45.0,17.0,28.0,0.8812218940425776,1,False
2011,17,2011_17_WAS_PHI,PHI,WAS,34.0,10.0,24.0,0.8496171887278443,1,False
2011,17,2011_17_SF_STL,STL,SF,27.0,34.0,-7.0,0.061470447330081786,0,False
2011,17,2011_17_SEA_ARI,ARI,SEA,23.0,20.0,3.0,0.37474660616431593,1,False
2011,17,2011_17_TB_ATL,ATL,TB,45.0,24.0,21.0,0.9447935294737002,1,False
2011,17,2011_17_BAL_CIN,CIN,BAL,16.0,24.0,-8.0,0.37404351290005333,0,False
2011,17,2011_17_PIT_CLE,CLE,PIT,9.0,13.0,-4.0,0.1299777714413759,0,False
2011,17,2011_17_KC_DEN,DEN,KC,3.0,7.0,-4.0,0.6410499549357619,0,False
2011,17,2011_17_SD_OAK,OAK,SD,26.0,38.0,-12.0,0.41843650951296907,0,False
2011,17,2011_17_DAL_NYG,NYG,DAL,31.0,14.0,17.0,0.4698877131004697,1,False
2012,1,2012_01_DAL_NYG,NYG,DAL,17.0,24.0,-7.0,0.5782270721764137,0,False
2012,1,2012_01_IND_CHI,CHI,IND,41.0,21.0,20.0,0.7383751660094436,1,False
2012,1,2012_01_PHI_CLE,CLE,PHI,16.0,17.0,-1.0,0.27530702163159515,0,False
2012,1,2012_01_STL_DET,DET,STL,27.0,23.0,4.0,0.8595976394727635,1,False
2012,1,2012_01_MIA_HOU,HOU,MIA,30.0,10.0,20.0,0.6045604825973899,1,False
2012,1,2012_01_ATL_KC,KC,ATL,24.0,40.0,-16.0,0.3462457567857805,0,False
2012,1,2012_01_JAX_MIN,MIN,JAX,26.0,23.0,3.0,0.47612018054115485,1,False
2012,1,2012_01_WAS_NO,NO,WAS,32.0,40.0,-8.0,0.9183797954100062,0,False
2012,1,2012_01_BUF_NYJ,NYJ,BUF,48.0,28.0,20.0,0.7343505053091032,1,False
2012,1,2012_01_NE_TEN,TEN,NE,13.0,34.0,-21.0,0.23319934269748707,0,False
2012,1,2012_01_SEA_ARI,ARI,SEA,20.0,16.0,4.0,0.44297247796886624,1,False
2012,1,2012_01_SF_GB,GB,SF,22.0,30.0,-8.0,0.6877823944448659,0,False
2012,1,2012_01_CAR_TB,TB,CAR,16.0,10.0,6.0,0.2572290080298062,1,False
2012,1,2012_01_PIT_DEN,DEN,PIT,31.0,19.0,12.0,0.2709781328119817,1,False
2012,1,2012_01_CIN_BAL,BAL,CIN,44.0,13.0,31.0,0.7435314697554811,1,False
2012,1,2012_01_SD_OAK,OAK,SD,14.0,22.0,-8.0,0.3937805041452861,0,False
2012,2,2012_02_CHI_GB,GB,CHI,23.0,10.0,13.0,0.764457573925399,1,False
2012,2,2012_02_KC_BUF,BUF,KC,35.0,17.0,18.0,0.49069047368886226,1,False
2012,2,2012_02_NO_CAR,CAR,NO,35.0,27.0,8.0,0.26154119756029715,1,False
2012,2,2012_02_CLE_CIN,CIN,CLE,34.0,27.0,7.0,0.6309050581411836,1,False
2012,2,2012_02_MIN_IND,IND,MIN,23.0,20.0,3.0,0.4843073571972653,1,False
2012,2,2012_02_HOU_JAX,JAX,HOU,7.0,27.0,-20.0,0.2789644562670384,0,False
2012,2,2012_02_OAK_MIA,MIA,OAK,35.0,13.0,22.0,0.6848726907031338,1,False
2012,2,2012_02_ARI_NE,NE,ARI,18.0,20.0,-2.0,0.8826025739410233,0,False
2012,2,2012_02_TB_NYG,NYG,TB,41.0,34.0,7.0,0.7953769196079598,1,False
2012,2,2012_02_BAL_PHI,PHI,BAL,24.0,23.0,1.0,0.4806196640845437,1,False
2012,2,2012_02_DAL_SEA,SEA,DAL,27.0,7.0,20.0,0.6196434498307548,1,False
2012,2,2012_02_WAS_STL,STL,WAS,31.0,28.0,3.0,0.33072874720505846,1,False
2012,2,2012_02_NYJ_PIT,PIT,NYJ,27.0,10.0,17.0,0.6417308399854063,1,False
2012,2,2012_02_TEN_SD,SD,TEN,38.0,10.0,28.0,0.7563851116951116,1,False
2012,2,2012_02_DET_SF,SF,DET,27.0,19.0,8.0,0.7092301758778254,1,False
2012,2,2012_02_DEN_ATL,ATL,DEN,27.0,21.0,6.0,0.7682494251462187,1,False
2012,3,2012_03_NYG_CAR,CAR,NYG,7.0,36.0,-29.0,0.5900291309206546,0,False
2012,3,2012_03_STL_CHI,CHI,STL,23.0,6.0,17.0,0.7870766281012872,1,False
2012,3,2012_03_BUF_CLE,CLE,BUF,14.0,24.0,-10.0,0.4891063139327652,0,False
2012,3,2012_03_TB_DAL,DAL,TB,16.0,10.0,6.0,0.7678207145781388,1,False
2012,3,2012_03_JAX_IND,IND,JAX,17.0,22.0,-5.0,0.5905995737031261,0,False
2012,3,2012_03_NYJ_MIA,MIA,NYJ,20.0,23.0,-3.0,0.5981611595643058,0,False
2012,3,2012_03_SF_MIN,MIN,SF,24.0,13.0,11.0,0.19297296506702216,1,False
2012,3,2012_03_KC_NO,NO,KC,24.0,27.0,-3.0,0.8747064564569766,0,False
2012,3,2012_03_DET_TEN,TEN,DET,44.0,41.0,3.0,0.37611486339095807,1,False
2012,3,2012_03_CIN_WAS,WAS,CIN,31.0,38.0,-7.0,0.517831269478342,0,False
2012,3,2012_03_PHI_ARI,ARI,PHI,27.0,6.0,21.0,0.42891242122228745,1,False
2012,3,2012_03_ATL_SD,SD,ATL,3.0,27.0,-24.0,0.5970763819125979,0,False
2012,3,2012_03_HOU_DEN,DEN,HOU,25.0,31.0,-6.0,0.32839563124295273,0,False
2012,3,2012_03_PIT_OAK,OAK,PIT,34.0,31.0,3.0,0.20805697073002144,1,False
2012,3,2012_03_NE_BAL,BAL,NE,31.0,30.0,1.0,0.4626063760251385,1,False
2012,3,2012_03_GB_SEA,SEA,GB,14.0,12.0,2.0,0.3982384148428537,1,False
2012,4,2012_04_CLE_BAL,BAL,CLE,23.0,16.0,7.0,0.9007451626625842,1,False
2012,4,2012_04_CAR_ATL,ATL,CAR,30.0,28.0,2.0,0.8409158863640668,1,False
2012,4,2012_04_NE_BUF,BUF,NE,28.0,52.0,-24.0,0.22322773379055805,0,False
2012,4,2012_04_MIN_DET,DET,MIN,13.0,20.0,-7.0,0.668495640722768,0,False
2012,4,2012_04_TEN_HOU,HOU,TEN,38.0,14.0,24.0,0.8237671949263342,1,False
2012,4,2012_04_SD_KC,KC,SD,20.0,37.0,-17.0,0.2881771878557996,0,False
2012,4,2012_04_SF_NYJ,NYJ,SF,0.0,34.0,-34.0,0.39548482702854715,0,False
2012,4,2012_04_SEA_STL,STL,SEA,19.0,13.0,6.0,0.17003819000966633,1,False
2012,4,2012_04_MIA_ARI,ARI,MIA,24.0,21.0,3.0,0.6704133270351763,1,False
2012,4,2012_04_OAK_DEN,DEN,OAK,37.0,6.0,31.0,0.6480244212350637,1,False
2012,4,2012_04_CIN_JAX,JAX,CIN,10.0,27.0,-17.0,0.4457859575161458,0,False
2012,4,2012_04_NO_GB,GB,NO,28.0,27.0,1.0,0.6512491210153476,1,False
2012,4,2012_04_WAS_TB,TB,WAS,22.0,24.0,-2.0,0.4035001453370988,0,False
2012,4,2012_04_NYG_PHI,PHI,NYG,19.0,17.0,2.0,0.5409455724087419,1,False
2012,4,2012_04_CHI_DAL,DAL,CHI,18.0,34.0,-16.0,0.4932576995960812,0,False
2012,5,2012_05_ARI_STL,STL,ARI,17.0,3.0,14.0,0.22831418868917513,1,False
2012,5,2012_05_MIA_CIN,CIN,MIA,13.0,17.0,-4.0,0.6551522226240104,0,False
2012,5,2012_05_GB_IND,IND,GB,30.0,27.0,3.0,0.17916958690081036,1,False
2012,5,2012_05_BAL_KC,KC,BAL,6.0,9.0,-3.0,0.18144886458791212,0,False
2012,5,2012_05_CLE_NYG,NYG,CLE,41.0,27.0,14.0,0.8506689168871571,1,False
2012,5,2012_05_PHI_PIT,PIT,PHI,16.0,14.0,2.0,0.5840377064040355,1,False
2012,5,2012_05_ATL_WAS,WAS,ATL,17.0,24.0,-7.0,0.20148490580306783,0,False
2012,5,2012_05_SEA_CAR,CAR,SEA,12.0,16.0,-4.0,0.4019853075587017,0,False
2012,5,2012_05_CHI_JAX,JAX,CHI,3.0,41.0,-38.0,0.3079174654366355,0,False
2012,5,2012_05_TEN_MIN,MIN,TEN,30.0,7.0,23.0,0.7249413774646493,1,False
2012,5,2012_05_DEN_NE,NE,DEN,31.0,21.0,10.0,0.8524330570220396,1,False
2012,5,2012_05_BUF_SF,SF,BUF,45.0,3.0,42.0,0.8629771106873212,1,False
2012,5,2012_05_SD_NO,NO,SD,31.0,24.0,7.0,0.5329995128871495,1,False
2012,5,2012_05_HOU_NYJ,NYJ,HOU,17.0,23.0,-6.0,0.26627356641751126,0,False
2012,6,2012_06_PIT_TEN,TEN,PIT,26.0,23.0,3.0,0.21674414865789224,1,False
2012,6,2012_06_OAK_ATL,ATL,OAK,23.0,20.0,3.0,0.9264439527766996,1,False
2012,6,2012_06_DAL_BAL,BAL,DAL,31.0,29.0,2.0,0.8397959139524936,1,False
2012,6,2012_06_CIN_CLE,CLE,CIN,34.0,24.0,10.0,0.2899801341112269,1,False
2012,6,2012_06_STL_MIA,MIA,STL,17.0,14.0,3.0,0.7151870070475365,1,False
2012,6,2012_06_IND_NYJ,NYJ,IND,35.0,9.0,26.0,0.587356483923808,1,False
2012,6,2012_06_DET_PHI,PHI,DET,23.0,26.0,-3.0,0.6603649479054626,0,False
2012,6,2012_06_KC_TB,TB,KC,38.0,10.0,28.0,0.43674285241283234,1,False
2012,6,2012_06_BUF_ARI,ARI,BUF,16.0,19.0,-3.0,0.7641993521578316,0,False
2012,6,2012_06_NE_SEA,SEA,NE,24.0,23.0,1.0,0.27876404672747385,1,False
2012,6,2012_06_NYG_SF,SF,NYG,3.0,26.0,-23.0,0.7488543063879073,0,False
2012,6,2012_06_MIN_WAS,WAS,MIN,38.0,26.0,12.0,0.37423298524061,1,False
2012,6,2012_06_GB_HOU,HOU,GB,24.0,42.0,-18.0,0.6597283768518739,0,False
2012,6,2012_06_DEN_SD,SD,DEN,24.0,35.0,-11.0,0.7029635189674416,0,False
2012,7,2012_07_SEA_SF,SF,SEA,13.0,6.0,7.0,0.7250799955526024,1,False
2012,7,2012_07_TEN_BUF,BUF,TEN,34.0,35.0,-1.0,0.6294118943200789,0,False
2012,7,2012_07_DAL_CAR,CAR,DAL,14.0,19.0,-5.0,0.5689658024887856,0,False
2012,7,2012_07_BAL_HOU,HOU,BAL,43.0,13.0,30.0,0.5135399101184779,1,False
2012,7,2012_07_CLE_IND,IND,CLE,17.0,13.0,4.0,0.5545866080431361,1,False
2012,7,2012_07_ARI_MIN,MIN,ARI,21.0,14.0,7.0,0.5834760431205277,1,False
2012,7,2012_07_WAS_NYG,NYG,WAS,27.0,23.0,4.0,0.8465203586603088,1,False
2012,7,2012_07_GB_STL,STL,GB,20.0,30.0,-10.0,0.20782640502587435,0,False
2012,7,2012_07_NO_TB,TB,NO,28.0,35.0,-7.0,0.24212086602951785,0,False
2012,7,2012_07_NYJ_NE,NE,NYJ,29.0,26.0,3.0,0.8533303188878072,1,False
2012,7,2012_07_JAX_OAK,OAK,JAX,26.0,23.0,3.0,0.6370460236301937,1,False
2012,7,2012_07_PIT_CIN,CIN,PIT,17.0,24.0,-7.0,0.42832140408781083,0,False
2012,7,2012_07_DET_CHI,CHI,DET,13.0,7.0,6.0,0.7045185431249458,1,False
2012,8,2012_08_TB_MIN,MIN,TB,17.0,36.0,-19.0,0.7813808572357452,0,False
2012,8,2012_08_CAR_CHI,CHI,CAR,23.0,22.0,1.0,0.8683730371115439,1,False
2012,8,2012_08_SD_CLE,CLE,SD,7.0,6.0,1.0,0.34040755150326757,1,False
2012,8,2012_08_SEA_DET,DET,SEA,28.0,24.0,4.0,0.541348460122326,1,False
2012,8,2012_08_JAX_GB,GB,JAX,24.0,15.0,9.0,0.9255678324009012,1,False
2012,8,2012_08_MIA_NYJ,NYJ,MIA,9.0,30.0,-21.0,0.5207724881145471,0,False
2012,8,2012_08_ATL_PHI,PHI,ATL,17.0,30.0,-13.0,0.3427837677520947,0,False
2012,8,2012_08_WAS_PIT,PIT,WAS,27.0,12.0,15.0,0.7770662304174177,1,False
2012,8,2012_08_NE_STL,STL,NE,7.0,45.0,-38.0,0.11998021775373799,0,True
2012,8,2012_08_IND_TEN,TEN,IND,13.0,19.0,-6.0,0.5766657812316653,0,False
2012,8,2012_08_OAK_KC,KC,OAK,16.0,26.0,-10.0,0.48448042491347054,0,False
2012,8,2012_08_NYG_DAL,DAL,NYG,24.0,29.0,-5.0,0.2273190096839858,0,False
2012,8,2012_08_NO_DEN,DEN,NO,34.0,14.0,20.0,0.437044024470191,1,False
2012,8,2012_08_SF_ARI,ARI,SF,3.0,24.0,-21.0,0.2983313849356073,0,False
2012,9,2012_09_KC_SD,SD,KC,31.0,13.0,18.0,0.8546208500368718,1,False
2012,9,2012_09_DEN_CIN,CIN,DEN,23.0,31.0,-8.0,0.33322024799935657,0,False
2012,9,2012_09_BAL_CLE,CLE,BAL,15.0,25.0,-10.0,0.24365865519805724,0,False
2012,9,2012_09_ARI_GB,GB,ARI,31.0,17.0,14.0,0.8514985870251387,1,False
2012,9,2012_09_BUF_HOU,HOU,BUF,21.0,9.0,12.0,0.913286876700811,1,False
2012,9,2012_09_MIA_IND,IND,MIA,23.0,20.0,3.0,0.3056491567207497,1,False
2012,9,2012_09_DET_JAX,JAX,DET,14.0,31.0,-17.0,0.2828324647369923,0,False
2012,9,2012_09_CHI_TEN,TEN,CHI,20.0,51.0,-31.0,0.1503678772602392,0,False
2012,9,2012_09_CAR_WAS,WAS,CAR,13.0,21.0,-8.0,0.6650303694079007,0,False
2012,9,2012_09_TB_OAK,OAK,TB,32.0,42.0,-10.0,0.459598537285048,0,False
2012,9,2012_09_MIN_SEA,SEA,MIN,30.0,20.0,10.0,0.6096316812158722,1,False
2012,9,2012_09_PIT_NYG,NYG,PIT,20.0,24.0,-4.0,0.67764969587968,0,False
2012,9,2012_09_DAL_ATL,ATL,DAL,19.0,13.0,6.0,0.8988383518324257,1,False
2012,9,2012_09_PHI_NO,NO,PHI,28.0,13.0,15.0,0.6269201269571579,1,False
2012,10,2012_10_IND_JAX,JAX,IND,10.0,27.0,-17.0,0.3444665014750597,0,False
2012,10,2012_10_OAK_BAL,BAL,OAK,55.0,20.0,35.0,0.8594966372355112,1,False
2012,10,2012_10_DEN_CAR,CAR,DEN,14.0,36.0,-22.0,0.2689805505820769,0,False
2012,10,2012_10_NYG_CIN,CIN,NYG,31.0,13.0,18.0,0.23679942645430466,1,False
2012,10,2012_10_TEN_MIA,MIA,TEN,3.0,37.0,-34.0,0.8461799676819634,0,False
2012,10,2012_10_DET_MIN,MIN,DET,34.0,24.0,10.0,0.4426806307806479,1,False
2012,10,2012_10_BUF_NE,NE,BUF,37.0,31.0,6.0,0.9304720544799117,1,False
2012,10,2012_10_ATL_NO,NO,ATL,31.0,27.0,4.0,0.30303620200857856,1,False
2012,10,2012_10_SD_TB,TB,SD,34.0,24.0,10.0,0.5172653010553434,1,False
2012,10,2012_10_NYJ_SEA,SEA,NYJ,28.0,7.0,21.0,0.7092536161958453,1,False
2012,10,2012_10_DAL_PHI,PHI,DAL,23.0,38.0,-15.0,0.5831909517918006,0,False
2012,10,2012_10_STL_SF,SF,STL,24.0,24.0,0.0,0.9139842590414948,0,False
2012,10,2012_10_HOU_CHI,CHI,HOU,6.0,13.0,-7.0,0.5373607810310626,0,False
2012,10,2012_10_KC_PIT,PIT,KC,16.0,13.0,3.0,0.9306320943534873,1,False
2012,11,2012_11_MIA_BUF,BUF,MIA,19.0,14.0,5.0,0.43798286304894374,1,False
2012,11,2012_11_ARI_ATL,ATL,ARI,23.0,19.0,4.0,0.8773319528325695,1,False
2012,11,2012_11_TB_CAR,CAR,TB,21.0,27.0,-6.0,0.3371688743637249,0,False
2012,11,2012_11_CLE_DAL,DAL,CLE,23.0,20.0,3.0,0.7294004873602062,1,False
2012,11,2012_11_GB_DET,DET,GB,20.0,24.0,-4.0,0.25102121782090936,0,False
2012,11,2012_11_JAX_HOU,HOU,JAX,43.0,37.0,6.0,0.9682181017327424,1,False
2012,11,2012_11_CIN_KC,KC,CIN,6.0,28.0,-22.0,0.2099009269390615,0,False
2012,11,2012_11_NYJ_STL,STL,NYJ,13.0,27.0,-14.0,0.5788186589030845,0,False
2012,11,2012_11_PHI_WAS,WAS,PHI,31.0,6.0,25.0,0.5678981851103899,1,False
2012,11,2012_11_NO_OAK,OAK,NO,17.0,38.0,-21.0,0.21831237532480377,0,False
2012,11,2012_11_SD_DEN,DEN,SD,30.0,23.0,7.0,0.7713759669816466,1,False
2012,11,2012_11_IND_NE,NE,IND,59.0,24.0,35.0,0.8817592505946465,1,False
2012,11,2012_11_BAL_PIT,PIT,BAL,10.0,13.0,-3.0,0.5713727199566485,0,False
2012,11,2012_11_CHI_SF,SF,CHI,32.0,7.0,25.0,0.5891179492794234,1,False
2012,12,2012_12_HOU_DET,DET,HOU,31.0,34.0,-3.0,0.22812082146078289,0,False
2012,12,2012_12_WAS_DAL,DAL,WAS,31.0,38.0,-7.0,0.6300038956345512,0,False
2012,12,2012_12_NE_NYJ,NYJ,NE,19.0,49.0,-30.0,0.12610006041633667,0,False
2012,12,2012_12_MIN_CHI,CHI,MIN,28.0,10.0,18.0,0.7555065394479398,1,False
2012,12,2012_12_OAK_CIN,CIN,OAK,34.0,10.0,24.0,0.8457597510069322,1,False
2012,12,2012_12_PIT_CLE,CLE,PIT,20.0,14.0,6.0,0.2133986879105349,1,False
2012,12,2012_12_BUF_IND,IND,BUF,20.0,13.0,7.0,0.6112747830656707,1,False
2012,12,2012_12_TEN_JAX,JAX,TEN,24.0,19.0,5.0,0.2963485133897147,1,False
2012,12,2012_12_DEN_KC,KC,DEN,9.0,17.0,-8.0,0.08316839697217174,0,False
2012,12,2012_12_SEA_MIA,MIA,SEA,24.0,21.0,3.0,0.36995237752746185,1,False
2012,12,2012_12_ATL_TB,TB,ATL,23.0,24.0,-1.0,0.3652495321453948,0,False
2012,12,2012_12_BAL_SD,SD,BAL,13.0,16.0,-3.0,0.2899748864170466,0,False
2012,12,2012_12_STL_ARI,ARI,STL,17.0,31.0,-14.0,0.6681752918209611,0,False
2012,12,2012_12_SF_NO,NO,SF,21.0,31.0,-10.0,0.39992107151444195,0,False
2012,12,2012_12_GB_NYG,NYG,GB,38.0,10.0,28.0,0.39000890778856934,1,False
2012,12,2012_12_CAR_PHI,PHI,CAR,22.0,30.0,-8.0,0.5323132788468595,0,False
2012,13,2012_13_NO_ATL,ATL,NO,23.0,13.0,10.0,0.6992004921579312,1,False
2012,13,2012_13_JAX_BUF,BUF,JAX,34.0,18.0,16.0,0.7019456105136189,1,False
2012,13,2012_13_SEA_CHI,CHI,SEA,17.0,23.0,-6.0,0.7190670565288816,0,False
2012,13,2012_13_IND_DET,DET,IND,33.0,35.0,-2.0,0.6153366202208914,0,False
2012,13,2012_13_MIN_GB,GB,MIN,23.0,14.0,9.0,0.8132330537017161,1,False
2012,13,2012_13_CAR_KC,KC,CAR,27.0,21.0,6.0,0.29390796910485667,1,False
2012,13,2012_13_NE_MIA,MIA,NE,16.0,23.0,-7.0,0.11464389512186372,0,False
2012,13,2012_13_ARI_NYJ,NYJ,ARI,7.0,6.0,1.0,0.6302137630958,1,False
2012,13,2012_13_SF_STL,STL,SF,16.0,13.0,3.0,0.12213626399501368,1,False
2012,13,2012_13_HOU_TEN,TEN,HOU,10.0,24.0,-14.0,0.1434474780849325,0,False
2012,13,2012_13_TB_DEN,DEN,TB,31.0,23.0,8.0,0.7482834924886038,1,False
2012,13,2012_13_PIT_BAL,BAL,PIT,20.0,23.0,-3.0,0.695292647011964,0,False
2012,13,2012_13_CLE_OAK,OAK,CLE,17.0,20.0,-3.0,0.3808783526874657,0,False
2012,13,2012_13_CIN_SD,SD,CIN,13.0,20.0,-7.0,0.4050526925501934,0,False
2012,13,2012_13_PHI_DAL,DAL,PHI,38.0,33.0,5.0,0.761992802785961,1,False
2012,13,2012_13_NYG_WAS,WAS,NYG,17.0,16.0,1.0,0.3308445439632366,1,False
2012,14,2012_14_DEN_OAK,OAK,DEN,13.0,26.0,-13.0,0.09739081674084163,0,False
2012,14,2012_14_STL_BUF,BUF,STL,12.0,15.0,-3.0,0.5579645966407762,0,False
2012,14,2012_14_ATL_CAR,CAR,ATL,30.0,20.0,10.0,0.14910406406193852,1,False
2012,14,2012_14_DAL_CIN,CIN,DAL,19.0,20.0,-1.0,0.7057143798729724,0,False
2012,14,2012_14_KC_CLE,CLE,KC,30.0,7.0,23.0,0.7702912257470351,1,False
2012,14,2012_14_TEN_IND,IND,TEN,27.0,23.0,4.0,0.6633663940487401,1,False
2012,14,2012_14_NYJ_JAX,JAX,NYJ,10.0,17.0,-7.0,0.30712129397136834,0,False
2012,14,2012_14_CHI_MIN,MIN,CHI,21.0,14.0,7.0,0.28963699911524593,1,False
2012,14,2012_14_SD_PIT,PIT,SD,24.0,34.0,-10.0,0.7792335797448758,0,False
2012,14,2012_14_PHI_TB,TB,PHI,21.0,23.0,-2.0,0.8571981310761362,0,False
2012,14,2012_14_BAL_WAS,WAS,BAL,31.0,28.0,3.0,0.36371196789749016,1,False
2012,14,2012_14_MIA_SF,SF,MIA,27.0,13.0,14.0,0.8778751305434118,1,False
2012,14,2012_14_NO_NYG,NYG,NO,52.0,27.0,25.0,0.6754070882297902,1,False
2012,14,2012_14_ARI_SEA,SEA,ARI,58.0,0.0,58.0,0.8532319821428607,1,False
2012,14,2012_14_DET_GB,GB,DET,27.0,20.0,7.0,0.8025725742339967,1,False
2012,14,2012_14_HOU_NE,NE,HOU,42.0,14.0,28.0,0.6960825051717668,1,False
2012,15,2012_15_CIN_PHI,PHI,CIN,13.0,34.0,-21.0,0.21542825043889335,0,False
2012,15,2012_15_NYG_ATL,ATL,NYG,34.0,0.0,34.0,0.5212018513043487,1,False
2012,15,2012_15_DEN_BAL,BAL,DEN,17.0,34.0,-17.0,0.420170147679133,0,False
2012,15,2012_15_GB_CHI,CHI,GB,13.0,21.0,-8.0,0.3803285111916613,0,False
2012,15,2012_15_WAS_CLE,CLE,WAS,21.0,38.0,-17.0,0.4804833979008465,0,False
2012,15,2012_15_IND_HOU,HOU,IND,29.0,17.0,12.0,0.7986607035554262,1,False
2012,15,2012_15_JAX_MIA,MIA,JAX,24.0,3.0,21.0,0.7793834396442393,1,False
2012,15,2012_15_TB_NO,NO,TB,41.0,0.0,41.0,0.5846301352705079,1,False
2012,15,2012_15_MIN_STL,STL,MIN,22.0,36.0,-14.0,0.5583103323184728,0,False
2012,15,2012_15_DET_ARI,ARI,DET,38.0,10.0,28.0,0.3080069309611559,1,False
2012,15,2012_15_SEA_BUF,BUF,SEA,17.0,50.0,-33.0,0.26213571265869895,0,False
2012,15,2012_15_CAR_SD,SD,CAR,7.0,31.0,-24.0,0.6394178203469012,0,False
2012,15,2012_15_PIT_DAL,DAL,PIT,27.0,24.0,3.0,0.49601580812628343,1,False
2012,15,2012_15_KC_OAK,OAK,KC,15.0,0.0,15.0,0.6340699364820391,1,False
2012,15,2012_15_SF_NE,NE,SF,34.0,41.0,-7.0,0.7899413143588501,0,False
2012,15,2012_15_NYJ_TEN,TEN,NYJ,14.0,10.0,4.0,0.5022919317987756,1,False
2012,16,2012_16_ATL_DET,DET,ATL,18.0,31.0,-13.0,0.14873976729857058,0,False
2012,16,2012_16_OAK_CAR,CAR,OAK,17.0,6.0,11.0,0.8186124601276354,1,False
2012,16,2012_16_NO_DAL,DAL,NO,31.0,34.0,-3.0,0.4750211468769754,0,False
2012,16,2012_16_TEN_GB,GB,TEN,55.0,7.0,48.0,0.8665499210696798,1,False
2012,16,2012_16_MIN_HOU,HOU,MIN,6.0,23.0,-17.0,0.8413829411772,0,False
2012,16,2012_16_NE_JAX,JAX,NE,16.0,23.0,-7.0,0.031067326592119904,0,False
2012,16,2012_16_IND_KC,KC,IND,13.0,20.0,-7.0,0.21243087091369867,0,False
2012,16,2012_16_BUF_MIA,MIA,BUF,24.0,10.0,14.0,0.6730738557931074,1,False
2012,16,2012_16_SD_NYJ,NYJ,SD,17.0,27.0,-10.0,0.5351324244774779,0,False
2012,16,2012_16_WAS_PHI,PHI,WAS,20.0,27.0,-7.0,0.2133944008305016,0,False
2012,16,2012_16_CIN_PIT,PIT,CIN,10.0,13.0,-3.0,0.43550356902003295,0,False
2012,16,2012_16_STL_TB,TB,STL,13.0,28.0,-15.0,0.6342750927376484,0,False
2012,16,2012_16_CLE_DEN,DEN,CLE,34.0,12.0,22.0,0.9044425013292621,1,False
2012,16,2012_16_CHI_ARI,ARI,CHI,13.0,28.0,-15.0,0.3268739329886022,0,False
2012,16,2012_16_NYG_BAL,BAL,NYG,33.0,14.0,19.0,0.5407284370828614,1,False
2012,16,2012_16_SF_SEA,SEA,SF,42.0,13.0,29.0,0.4833504145723484,1,False
2012,17,2012_17_TB_ATL,ATL,TB,17.0,22.0,-5.0,0.9156487378823643,0,False
2012,17,2012_17_NYJ_BUF,BUF,NYJ,28.0,9.0,19.0,0.5287049973342707,1,False
2012,17,2012_17_BAL_CIN,CIN,BAL,23.0,17.0,6.0,0.5633901698776232,1,False
2012,17,2012_17_CHI_DET,DET,CHI,24.0,26.0,-2.0,0.29808971308723814,0,False
2012,17,2012_17_HOU_IND,IND,HOU,28.0,16.0,12.0,0.3564731636518979,1,False
2012,17,2012_17_CAR_NO,NO,CAR,38.0,44.0,-6.0,0.6877983146249415,0,False
2012,17,2012_17_PHI_NYG,NYG,PHI,42.0,7.0,35.0,0.8613809403700701,1,False
2012,17,2012_17_CLE_PIT,PIT,CLE,24.0,10.0,14.0,0.7211422749663517,1,False
2012,17,2012_17_JAX_TEN,TEN,JAX,38.0,20.0,18.0,0.7534445568420937,1,False
2012,17,2012_17_KC_DEN,DEN,KC,38.0,3.0,35.0,0.9745367908770949,1,False
2012,17,2012_17_GB_MIN,MIN,GB,37.0,34.0,3.0,0.3031301123829383,1,False
2012,17,2012_17_MIA_NE,NE,MIA,28.0,0.0,28.0,0.9276202860780692,1,False
2012,17,2012_17_OAK_SD,SD,OAK,24.0,21.0,3.0,0.807919809664489,1,False
2012,17,2012_17_STL_SEA,SEA,STL,20.0,13.0,7.0,0.9083906868719367,1,False
2012,17,2012_17_ARI_SF,SF,ARI,27.0,13.0,14.0,0.9142033651662375,1,False
2012,17,2012_17_DAL_WAS,WAS,DAL,28.0,18.0,10.0,0.6644906306151876,1,False
2013,1,2013_01_BAL_DEN,DEN,BAL,49.0,27.0,22.0,0.7497055052161585,1,False
2013,1,2013_01_NE_BUF,BUF,NE,21.0,23.0,-2.0,0.16788585723980542,0,False
2013,1,2013_01_SEA_CAR,CAR,SEA,7.0,12.0,-5.0,0.30067409208003365,0,False
2013,1,2013_01_CIN_CHI,CHI,CIN,24.0,21.0,3.0,0.3988130545656223,1,False
2013,1,2013_01_MIA_CLE,CLE,MIA,10.0,23.0,-13.0,0.5123607056466386,0,False
2013,1,2013_01_MIN_DET,DET,MIN,34.0,24.0,10.0,0.32828378392009566,1,False
2013,1,2013_01_OAK_IND,IND,OAK,21.0,17.0,4.0,0.8029389676811214,1,False
2013,1,2013_01_KC_JAX,JAX,KC,2.0,28.0,-26.0,0.59950605268771,0,False
2013,1,2013_01_ATL_NO,NO,ATL,23.0,17.0,6.0,0.45564001273962335,1,False
2013,1,2013_01_TB_NYJ,NYJ,TB,18.0,17.0,1.0,0.5026159309655039,1,False
2013,1,2013_01_TEN_PIT,PIT,TEN,9.0,16.0,-7.0,0.6986717152197722,0,False
2013,1,2013_01_GB_SF,SF,GB,34.0,28.0,6.0,0.541376734326447,1,False
2013,1,2013_01_ARI_STL,STL,ARI,27.0,24.0,3.0,0.7195625151371031,1,False
2013,1,2013_01_NYG_DAL,DAL,NYG,36.0,31.0,5.0,0.48014997625818234,1,False
2013,1,2013_01_PHI_WAS,WAS,PHI,27.0,33.0,-6.0,0.8731503947706887,0,False
2013,1,2013_01_HOU_SD,SD,HOU,28.0,31.0,-3.0,0.4660109584141535,0,False
2013,2,2013_02_NYJ_NE,NE,NYJ,13.0,10.0,3.0,0.9146426150342252,1,False
2013,2,2013_02_STL_ATL,ATL,STL,31.0,24.0,7.0,0.724956435860631,1,False
2013,2,2013_02_CLE_BAL,BAL,CLE,14.0,6.0,8.0,0.7346356595587669,1,False
2013,2,2013_02_CAR_BUF,BUF,CAR,24.0,23.0,1.0,0.4201436299669777,1,False
2013,2,2013_02_MIN_CHI,CHI,MIN,31.0,30.0,1.0,0.5999096319025091,1,False
2013,2,2013_02_WAS_GB,GB,WAS,38.0,20.0,18.0,0.6347191385289317,1,False
2013,2,2013_02_TEN_HOU,HOU,TEN,30.0,24.0,6.0,0.6642815592769871,1,False
2013,2,2013_02_MIA_IND,IND,MIA,20.0,24.0,-4.0,0.586922228584477,0,False
2013,2,2013_02_DAL_KC,KC,DAL,17.0,16.0,1.0,0.3258635965331282,1,False
2013,2,2013_02_SD_PHI,PHI,SD,30.0,33.0,-3.0,0.4177051518736608,0,False
2013,2,2013_02_DET_ARI,ARI,DET,25.0,21.0,4.0,0.46611288366760467,1,False
2013,2,2013_02_NO_TB,TB,NO,14.0,16.0,-2.0,0.3388275643746996,0,False
2013,2,2013_02_DEN_NYG,NYG,DEN,23.0,41.0,-18.0,0.27293722603202786,0,False
2013,2,2013_02_JAX_OAK,OAK,JAX,19.0,9.0,10.0,0.7050807283228953,1,False
2013,2,2013_02_SF_SEA,SEA,SF,29.0,3.0,26.0,0.703170861962967,1,False
2013,2,2013_02_PIT_CIN,CIN,PIT,20.0,10.0,10.0,0.7341995375712214,1,False
2013,3,2013_03_KC_PHI,PHI,KC,16.0,26.0,-10.0,0.5696367946211703,0,False
2013,3,2013_03_HOU_BAL,BAL,HOU,30.0,9.0,21.0,0.5163590821619837,1,False
2013,3,2013_03_NYG_CAR,CAR,NYG,38.0,0.0,38.0,0.6026984251926829,1,False
2013,3,2013_03_GB_CIN,CIN,GB,34.0,30.0,4.0,0.5324071933720077,1,False
2013,3,2013_03_STL_DAL,DAL,STL,31.0,7.0,24.0,0.5903710380725405,1,False
2013,3,2013_03_CLE_MIN,MIN,CLE,27.0,31.0,-4.0,0.7555345511555992,0,False
2013,3,2013_03_TB_NE,NE,TB,23.0,3.0,20.0,0.9120614151259326,1,False
2013,3,2013_03_ARI_NO,NO,ARI,31.0,7.0,24.0,0.7974707776521422,1,False
2013,3,2013_03_SD_TEN,TEN,SD,20.0,17.0,3.0,0.5011029191606827,1,False
2013,3,2013_03_DET_WAS,WAS,DET,20.0,27.0,-7.0,0.6952539823521191,0,False
2013,3,2013_03_ATL_MIA,MIA,ATL,27.0,23.0,4.0,0.4381682318118694,1,False
2013,3,2013_03_BUF_NYJ,NYJ,BUF,27.0,20.0,7.0,0.49471612049808134,1,False
2013,3,2013_03_JAX_SEA,SEA,JAX,45.0,17.0,28.0,0.9743805270215735,1,False
2013,3,2013_03_IND_SF,SF,IND,7.0,27.0,-20.0,0.6295924836049339,0,False
2013,3,2013_03_CHI_PIT,PIT,CHI,23.0,40.0,-17.0,0.41237428262450193,0,False
2013,3,2013_03_OAK_DEN,DEN,OAK,37.0,21.0,16.0,0.931493889643643,1,False
2013,4,2013_04_SF_STL,STL,SF,11.0,35.0,-24.0,0.44390689862608285,0,False
2013,4,2013_04_BAL_BUF,BUF,BAL,23.0,20.0,3.0,0.3440558420130741,1,False
2013,4,2013_04_CIN_CLE,CLE,CIN,17.0,6.0,11.0,0.2468538419410584,1,False
2013,4,2013_04_CHI_DET,DET,CHI,40.0,32.0,8.0,0.3598535468464077,1,False
2013,4,2013_04_SEA_HOU,HOU,SEA,20.0,23.0,-3.0,0.171165101666191,0,False
2013,4,2013_04_IND_JAX,JAX,IND,3.0,37.0,-34.0,0.11682370020996567,0,False
2013,4,2013_04_NYG_KC,KC,NYG,31.0,7.0,24.0,0.5599859755261754,1,False
2013,4,2013_04_PIT_MIN,MIN,PIT,34.0,27.0,7.0,0.5987453678347843,1,True
2013,4,2013_04_ARI_TB,TB,ARI,10.0,13.0,-3.0,0.5953785746911272,0,False
2013,4,2013_04_NYJ_TEN,TEN,NYJ,38.0,13.0,25.0,0.5891217188656611,1,False
2013,4,2013_04_PHI_DEN,DEN,PHI,52.0,20.0,32.0,0.9518399966479063,1,False
2013,4,2013_04_WAS_OAK,OAK,WAS,14.0,24.0,-10.0,0.4441875960733185,0,False
2013,4,2013_04_DAL_SD,SD,DAL,30.0,21.0,9.0,0.4471784911667151,1,False
2013,4,2013_04_NE_ATL,ATL,NE,23.0,30.0,-7.0,0.3561217097076362,0,False
2013,4,2013_04_MIA_NO,NO,MIA,38.0,17.0,21.0,0.6628118477560717,1,False
2013,5,2013_05_BUF_CLE,CLE,BUF,37.0,24.0,13.0,0.5722462400387522,1,False
2013,5,2013_05_NO_CHI,CHI,NO,18.0,26.0,-8.0,0.4080008490666316,0,False
2013,5,2013_05_NE_CIN,CIN,NE,13.0,6.0,7.0,0.2958949313152,1,False
2013,5,2013_05_DET_GB,GB,DET,22.0,9.0,13.0,0.7764183934663976,1,False
2013,5,2013_05_SEA_IND,IND,SEA,34.0,28.0,6.0,0.28891558143722956,1,False
2013,5,2013_05_BAL_MIA,MIA,BAL,23.0,26.0,-3.0,0.5008270574027566,0,False
2013,5,2013_05_PHI_NYG,NYG,PHI,21.0,36.0,-15.0,0.641782007885647,0,False
2013,5,2013_05_JAX_STL,STL,JAX,34.0,20.0,14.0,0.8170487461941798,1,False
2013,5,2013_05_KC_TEN,TEN,KC,17.0,26.0,-9.0,0.6564029890543578,0,False
2013,5,2013_05_CAR_ARI,ARI,CAR,22.0,6.0,16.0,0.25149480629565985,1,False
2013,5,2013_05_DEN_DAL,DAL,DEN,48.0,51.0,-3.0,0.17707367668281218,0,False
2013,5,2013_05_HOU_SF,SF,HOU,34.0,3.0,31.0,0.6649783865599281,1,False
2013,5,2013_05_SD_OAK,OAK,SD,27.0,17.0,10.0,0.3561806435059304,1,False
2013,5,2013_05_NYJ_ATL,ATL,NYJ,28.0,30.0,-2.0,0.7966170712199657,0,False
2013,6,2013_06_NYG_CHI,CHI,NYG,27.0,21.0,6.0,0.8537727628052778,1,False
2013,6,2013_06_GB_BAL,BAL,GB,17.0,19.0,-2.0,0.4306926586326353,0,False
2013,6,2013_06_CIN_BUF,BUF,CIN,24.0,27.0,-3.0,0.2806324143500619,0,False
2013,6,2013_06_DET_CLE,CLE,DET,17.0,31.0,-14.0,0.5619778547959894,0,False
2013,6,2013_06_STL_HOU,HOU,STL,13.0,38.0,-25.0,0.636819869705447,0,False
2013,6,2013_06_OAK_KC,KC,OAK,24.0,7.0,17.0,0.7083863396451486,1,False
2013,6,2013_06_CAR_MIN,MIN,CAR,10.0,35.0,-25.0,0.5276906741108011,0,False
2013,6,2013_06_PIT_NYJ,NYJ,PIT,6.0,19.0,-13.0,0.5696059869446379,0,False
2013,6,2013_06_PHI_TB,TB,PHI,20.0,31.0,-11.0,0.5909055551922675,0,False
2013,6,2013_06_JAX_DEN,DEN,JAX,35.0,19.0,16.0,0.9870352762109701,1,False
2013,6,2013_06_TEN_SEA,SEA,TEN,20.0,13.0,7.0,0.8580936737169325,1,False
2013,6,2013_06_NO_NE,NE,NO,30.0,27.0,3.0,0.5532366463992431,1,False
2013,6,2013_06_ARI_SF,SF,ARI,32.0,20.0,12.0,0.7409649973801052,1,False
2013,6,2013_06_WAS_DAL,DAL,WAS,31.0,16.0,15.0,0.5817954494403389,1,False
2013,6,2013_06_IND_SD,SD,IND,19.0,9.0,10.0,0.3006511816027299,1,False
2013,7,2013_07_SEA_ARI,ARI,SEA,22.0,34.0,-12.0,0.17154009036660614,0,False
2013,7,2013_07_TB_ATL,ATL,TB,31.0,23.0,8.0,0.8450294606454692,1,False
2013,7,2013_07_STL_CAR,CAR,STL,30.0,15.0,15.0,0.750938528897078,1,False
2013,7,2013_07_CIN_DET,DET,CIN,24.0,27.0,-3.0,0.4582665284558427,0,False
2013,7,2013_07_SD_JAX,JAX,SD,6.0,24.0,-18.0,0.11860335583424494,0,False
2013,7,2013_07_BUF_MIA,MIA,BUF,21.0,23.0,-2.0,0.7031009207775105,0,False
2013,7,2013_07_NE_NYJ,NYJ,NE,30.0,27.0,3.0,0.13372026901298428,1,False
2013,7,2013_07_DAL_PHI,PHI,DAL,3.0,17.0,-14.0,0.35928906929500126,0,False
2013,7,2013_07_CHI_WAS,WAS,CHI,45.0,41.0,4.0,0.40819145948252145,1,False
2013,7,2013_07_SF_TEN,TEN,SF,17.0,31.0,-14.0,0.34858697474085004,0,False
2013,7,2013_07_CLE_GB,GB,CLE,31.0,13.0,18.0,0.8598453821163807,1,False
2013,7,2013_07_HOU_KC,KC,HOU,17.0,16.0,1.0,0.8172096764889432,1,False
2013,7,2013_07_BAL_PIT,PIT,BAL,19.0,16.0,3.0,0.3808031215532854,1,False
2013,7,2013_07_DEN_IND,IND,DEN,39.0,33.0,6.0,0.2685045116048198,1,False
2013,7,2013_07_MIN_NYG,NYG,MIN,23.0,7.0,16.0,0.33262246721641714,1,False
2013,8,2013_08_CAR_TB,TB,CAR,13.0,31.0,-18.0,0.19546021712601797,0,False
2013,8,2013_08_DAL_DET,DET,DAL,31.0,30.0,1.0,0.4838401955372742,1,False
2013,8,2013_08_SF_JAX,JAX,SF,10.0,42.0,-32.0,0.034053420511941566,0,True
2013,8,2013_08_CLE_KC,KC,CLE,23.0,17.0,6.0,0.7809968694464798,1,False
2013,8,2013_08_MIA_NE,NE,MIA,27.0,17.0,10.0,0.8287810960632048,1,False
2013,8,2013_08_BUF_NO,NO,BUF,35.0,17.0,18.0,0.8411218402230353,1,False
2013,8,2013_08_NYG_PHI,PHI,NYG,7.0,15.0,-8.0,0.576053802808849,0,False
2013,8,2013_08_NYJ_CIN,CIN,NYJ,49.0,9.0,40.0,0.8226869124418046,1,False
2013,8,2013_08_PIT_OAK,OAK,PIT,21.0,18.0,3.0,0.4123184776568421,1,False
2013,8,2013_08_ATL_ARI,ARI,ATL,27.0,13.0,14.0,0.3682882118592941,1,False
2013,8,2013_08_WAS_DEN,DEN,WAS,45.0,21.0,24.0,0.8966515661810484,1,False
2013,8,2013_08_GB_MIN,MIN,GB,31.0,44.0,-13.0,0.17776016113067547,0,False
2013,8,2013_08_SEA_STL,STL,SEA,9.0,14.0,-5.0,0.17189661825574698,0,False
2013,9,2013_09_CIN_MIA,MIA,CIN,22.0,20.0,2.0,0.2660752328889119,1,False
2013,9,2013_09_KC_BUF,BUF,KC,13.0,23.0,-10.0,0.25473574601132754,0,False
2013,9,2013_09_ATL_CAR,CAR,ATL,34.0,10.0,24.0,0.7693502757837851,1,False
2013,9,2013_09_MIN_DAL,DAL,MIN,27.0,23.0,4.0,0.8271721196248423,1,False
2013,9,2013_09_NO_NYJ,NYJ,NO,26.0,20.0,6.0,0.14738893977491066,1,False
2013,9,2013_09_TEN_STL,STL,TEN,21.0,28.0,-7.0,0.4783258276661233,0,False
2013,9,2013_09_SD_WAS,WAS,SD,30.0,24.0,6.0,0.39849380167243326,1,False
2013,9,2013_09_PHI_OAK,OAK,PHI,20.0,49.0,-29.0,0.6012402442949728,0,False
2013,9,2013_09_TB_SEA,SEA,TB,27.0,24.0,3.0,0.9422264979402901,1,False
2013,9,2013_09_BAL_CLE,CLE,BAL,24.0,18.0,6.0,0.3689226582683429,1,False
2013,9,2013_09_PIT_NE,NE,PIT,55.0,31.0,24.0,0.8454797491502969,1,False
2013,9,2013_09_IND_HOU,HOU,IND,24.0,27.0,-3.0,0.2057728474689088,0,False
2013,9,2013_09_CHI_GB,GB,CHI,20.0,27.0,-7.0,0.7734689097037817,0,False
2013,10,2013_10_WAS_MIN,MIN,WAS,34.0,27.0,7.0,0.43213810149554915,1,False
2013,10,2013_10_SEA_ATL,ATL,SEA,10.0,33.0,-23.0,0.18613361036811304,0,False
2013,10,2013_10_CIN_BAL,BAL,CIN,20.0,17.0,3.0,0.3778441080156113,1,False
2013,10,2013_10_DET_CHI,CHI,DET,19.0,21.0,-2.0,0.6179321771660229,0,False
2013,10,2013_10_PHI_GB,GB,PHI,13.0,27.0,-14.0,0.8329359335479044,0,False
2013,10,2013_10_STL_IND,IND,STL,8.0,38.0,-30.0,0.8567508920610682,0,False
2013,10,2013_10_OAK_NYG,NYG,OAK,24.0,20.0,4.0,0.631177053255752,1,False
2013,10,2013_10_BUF_PIT,PIT,BUF,23.0,10.0,13.0,0.6200028973621929,1,False
2013,10,2013_10_JAX_TEN,TEN,JAX,27.0,29.0,-2.0,0.9334312355255757,0,False
2013,10,2013_10_CAR_SF,SF,CAR,9.0,10.0,-1.0,0.581306584879412,0,False
2013,10,2013_10_HOU_ARI,ARI,HOU,27.0,24.0,3.0,0.7190109964775525,1,False
2013,10,2013_10_DEN_SD,SD,DEN,20.0,28.0,-8.0,0.20091388897144782,0,False
2013,10,2013_10_DAL_NO,NO,DAL,49.0,17.0,32.0,0.680504046933084,1,False
2013,10,2013_10_MIA_TB,TB,MIA,22.0,19.0,3.0,0.325307805498337,1,False
2013,11,2013_11_IND_TEN,TEN,IND,27.0,30.0,-3.0,0.44694879477255645,0,False
2013,11,2013_11_NYJ_BUF,BUF,NYJ,37.0,14.0,23.0,0.4861161011440574,1,False
2013,11,2013_11_BAL_CHI,CHI,BAL,23.0,20.0,3.0,0.5625390836503495,1,False
2013,11,2013_11_CLE_CIN,CIN,CLE,41.0,20.0,21.0,0.7890259735269688,1,False
2013,11,2013_11_OAK_HOU,HOU,OAK,23.0,28.0,-5.0,0.6264780781624983,0,False
2013,11,2013_11_ARI_JAX,JAX,ARI,14.0,27.0,-13.0,0.13981438874537724,0,False
2013,11,2013_11_WAS_PHI,PHI,WAS,24.0,16.0,8.0,0.6815856710900864,1,False
2013,11,2013_11_DET_PIT,PIT,DET,37.0,27.0,10.0,0.43815811473512917,1,False
2013,11,2013_11_ATL_TB,TB,ATL,41.0,28.0,13.0,0.4482907942031969,1,False
2013,11,2013_11_SD_MIA,MIA,SD,20.0,16.0,4.0,0.507164961096504,1,False
2013,11,2013_11_SF_NO,NO,SF,23.0,20.0,3.0,0.6236253368022292,1,False
2013,11,2013_11_GB_NYG,NYG,GB,27.0,13.0,14.0,0.27195209796476894,1,False
2013,11,2013_11_MIN_SEA,SEA,MIN,41.0,20.0,21.0,0.9237971644085943,1,False
2013,11,2013_11_KC_DEN,DEN,KC,27.0,17.0,10.0,0.7778935721586284,1,False
2013,11,2013_11_NE_CAR,CAR,NE,24.0,20.0,4.0,0.5430023079088518,1,False
2013,12,2013_12_NO_ATL,ATL,NO,13.0,17.0,-4.0,0.1288053511189335,0,False
2013,12,2013_12_NYJ_BAL,BAL,NYJ,19.0,3.0,16.0,0.8142168116972026,1,False
2013,12,2013_12_PIT_CLE,CLE,PIT,11.0,27.0,-16.0,0.45567541485042296,0,False
2013,12,2013_12_TB_DET,DET,TB,21.0,24.0,-3.0,0.7310502129552111,0,False
2013,12,2013_12_MIN_GB,GB,MIN,26.0,26.0,0.0,0.7904318250316601,0,False
2013,12,2013_12_JAX_HOU,HOU,JAX,6.0,13.0,-7.0,0.8113102096034108,0,False
2013,12,2013_12_SD_KC,KC,SD,38.0,41.0,-3.0,0.7425779681574171,0,False
2013,12,2013_12_CAR_MIA,MIA,CAR,16.0,20.0,-4.0,0.21843293915057477,0,False
2013,12,2013_12_CHI_STL,STL,CHI,42.0,21.0,21.0,0.46459706704649745,1,False
2013,12,2013_12_IND_ARI,ARI,IND,40.0,11.0,29.0,0.49190855277814094,1,False
2013,12,2013_12_TEN_OAK,OAK,TEN,19.0,23.0,-4.0,0.3885746576147311,0,False
2013,12,2013_12_DAL_NYG,NYG,DAL,21.0,24.0,-3.0,0.4694871700183211,0,False
2013,12,2013_12_DEN_NE,NE,DEN,34.0,31.0,3.0,0.4307569023016163,1,False
2013,12,2013_12_SF_WAS,WAS,SF,6.0,27.0,-21.0,0.19278937309049968,0,False
2013,13,2013_13_GB_DET,DET,GB,40.0,10.0,30.0,0.49803210292961353,1,False
2013,13,2013_13_OAK_DAL,DAL,OAK,31.0,24.0,7.0,0.8050444676886939,1,False
2013,13,2013_13_PIT_BAL,BAL,PIT,22.0,20.0,2.0,0.5746833999871019,1,False
2013,13,2013_13_TB_CAR,CAR,TB,27.0,6.0,21.0,0.8824346842806614,1,False
2013,13,2013_13_JAX_CLE,CLE,JAX,28.0,32.0,-4.0,0.8024244242793623,0,False
2013,13,2013_13_NE_HOU,HOU,NE,31.0,34.0,-3.0,0.1097622199724657,0,False
2013,13,2013_13_TEN_IND,IND,TEN,22.0,14.0,8.0,0.5857605462453842,1,False
2013,13,2013_13_CHI_MIN,MIN,CHI,23.0,20.0,3.0,0.4039300085357827,1,False
2013,13,2013_13_MIA_NYJ,NYJ,MIA,3.0,23.0,-20.0,0.3400566573181625,0,False
2013,13,2013_13_ARI_PHI,PHI,ARI,24.0,21.0,3.0,0.46371328100114645,1,False
2013,13,2013_13_ATL_BUF,BUF,ATL,31.0,34.0,-3.0,0.5692628486899041,0,True
2013,13,2013_13_STL_SF,SF,STL,23.0,13.0,10.0,0.7910218803104586,1,False
2013,13,2013_13_DEN_KC,KC,DEN,28.0,35.0,-7.0,0.30008385784612734,0,False
2013,13,2013_13_CIN_SD,SD,CIN,10.0,17.0,-7.0,0.33908369130559274,0,False
2013,13,2013_13_NYG_WAS,WAS,NYG,17.0,24.0,-7.0,0.4251895977356985,0,False
2013,13,2013_13_NO_SEA,SEA,NO,34.0,7.0,27.0,0.6265614642770647,1,False
2013,14,2013_14_HOU_JAX,JAX,HOU,27.0,20.0,7.0,0.48358106080702346,1,False
2013,14,2013_14_MIN_BAL,BAL,MIN,29.0,26.0,3.0,0.7898675897062781,1,False
2013,14,2013_14_IND_CIN,CIN,IND,42.0,28.0,14.0,0.8227178170927455,1,False
2013,14,2013_14_ATL_GB,GB,ATL,22.0,21.0,1.0,0.6594223388481121,1,False
2013,14,2013_14_CLE_NE,NE,CLE,27.0,26.0,1.0,0.9222224402837912,1,False
2013,14,2013_14_OAK_NYJ,NYJ,OAK,37.0,27.0,10.0,0.49884057737477433,1,False
2013,14,2013_14_DET_PHI,PHI,DET,34.0,20.0,14.0,0.6162983004989848,1,False
2013,14,2013_14_MIA_PIT,PIT,MIA,28.0,34.0,-6.0,0.6125775886983468,0,False
2013,14,2013_14_BUF_TB,TB,BUF,27.0,6.0,21.0,0.5751421949699479,1,False
2013,14,2013_14_KC_WAS,WAS,KC,10.0,45.0,-35.0,0.2919767823149331,0,False
2013,14,2013_14_TEN_DEN,DEN,TEN,51.0,28.0,23.0,0.9082299683050793,1,False
2013,14,2013_14_STL_ARI,ARI,STL,30.0,10.0,20.0,0.5941316235737374,1,False
2013,14,2013_14_NYG_SD,SD,NYG,37.0,14.0,23.0,0.5028309411735611,1,False
2013,14,2013_14_SEA_SF,SF,SEA,19.0,17.0,2.0,0.46869769016356216,1,False
2013,14,2013_14_CAR_NO,NO,CAR,31.0,13.0,18.0,0.41458400369967935,1,False
2013,14,2013_14_DAL_CHI,CHI,DAL,45.0,28.0,17.0,0.4681826041398813,1,False
2013,15,2013_15_SD_DEN,DEN,SD,20.0,27.0,-7.0,0.8524906476021447,0,False
2013,15,2013_15_WAS_ATL,ATL,WAS,27.0,26.0,1.0,0.679613234864861,1,False
2013,15,2013_15_CHI_CLE,CLE,CHI,31.0,38.0,-7.0,0.2766359566802084,0,False
2013,15,2013_15_HOU_IND,IND,HOU,25.0,3.0,22.0,0.7604848976666511,1,False
2013,15,2013_15_BUF_JAX,JAX,BUF,20.0,27.0,-7.0,0.4767278287065152,0,False
2013,15,2013_15_NE_MIA,MIA,NE,24.0,20.0,4.0,0.31951323962333195,1,False
2013,15,2013_15_PHI_MIN,MIN,PHI,48.0,30.0,18.0,0.27916153704847785,1,False
2013,15,2013_15_SEA_NYG,NYG,SEA,0.0,23.0,-23.0,0.1497712603672155,0,False
2013,15,2013_15_SF_TB,TB,SF,14.0,33.0,-19.0,0.19323259870425122,0,False
2013,15,2013_15_NYJ_CAR,CAR,NYJ,30.0,20.0,10.0,0.9272790574382944,1,False
2013,15,2013_15_KC_OAK,OAK,KC,31.0,56.0,-25.0,0.17354649961182902,0,False
2013,15,2013_15_GB_DAL,DAL,GB,36.0,37.0,-1.0,0.6359179917424673,0,False
2013,15,2013_15_NO_STL,STL,NO,27.0,16.0,11.0,0.2985421591367939,1,False
2013,15,2013_15_ARI_TEN,TEN,ARI,34.0,37.0,-3.0,0.2663035399172211,0,False
2013,15,2013_15_CIN_PIT,PIT,CIN,30.0,20.0,10.0,0.282233650890987,1,False
2013,15,2013_15_BAL_DET,DET,BAL,16.0,18.0,-2.0,0.48916079855159184,0,False
2013,16,2013_16_MIA_BUF,BUF,MIA,19.0,0.0,19.0,0.29621669864563055,1,False
2013,16,2013_16_NO_CAR,CAR,NO,17.0,13.0,4.0,0.6257071004857437,1,False
2013,16,2013_16_MIN_CIN,CIN,MIN,42.0,14.0,28.0,0.8017684156021574,1,False
2013,16,2013_16_DEN_HOU,HOU,DEN,13.0,37.0,-24.0,0.08473031843328435,0,False
2013,16,2013_16_TEN_JAX,JAX,TEN,16.0,20.0,-4.0,0.3949121271035218,0,False
2013,16,2013_16_IND_KC,KC,IND,7.0,23.0,-16.0,0.7355994050607079,0,False
2013,16,2013_16_CLE_NYJ,NYJ,CLE,24.0,13.0,11.0,0.5428402007597853,1,False
2013,16,2013_16_TB_STL,STL,TB,23.0,13.0,10.0,0.7145801658177227,1,False
2013,16,2013_16_DAL_WAS,WAS,DAL,23.0,24.0,-1.0,0.3075147836616418,0,False
2013,16,2013_16_NYG_DET,DET,NYG,20.0,23.0,-3.0,0.6396034487325656,0,False
2013,16,2013_16_ARI_SEA,SEA,ARI,10.0,17.0,-7.0,0.8092191543785795,0,False
2013,16,2013_16_NE_BAL,BAL,NE,7.0,41.0,-34.0,0.4233973782440102,0,False
2013,16,2013_16_PIT_GB,GB,PIT,31.0,38.0,-7.0,0.4231200337526228,0,False
2013,16,2013_16_OAK_SD,SD,OAK,26.0,13.0,13.0,0.8941458608897638,1,False
2013,16,2013_16_CHI_PHI,PHI,CHI,54.0,11.0,43.0,0.5523337644813293,1,False
2013,16,2013_16_ATL_SF,SF,ATL,34.0,24.0,10.0,0.9268920144826797,1,False
2013,17,2013_17_CAR_ATL,ATL,CAR,20.0,21.0,-1.0,0.16873898348536365,0,False
2013,17,2013_17_BAL_CIN,CIN,BAL,34.0,17.0,17.0,0.7971639114704786,1,False
2013,17,2013_17_JAX_IND,IND,JAX,30.0,10.0,20.0,0.8602732377662407,1,False
2013,17,2013_17_NYJ_MIA,MIA,NYJ,7.0,20.0,-13.0,0.7901748847589594,0,False
2013,17,2013_17_DET_MIN,MIN,DET,14.0,13.0,1.0,0.5105192505053833,1,False
2013,17,2013_17_WAS_NYG,NYG,WAS,20.0,6.0,14.0,0.7600863861944498,1,False
2013,17,2013_17_CLE_PIT,PIT,CLE,20.0,7.0,13.0,0.8695899780310972,1,False
2013,17,2013_17_HOU_TEN,TEN,HOU,16.0,10.0,6.0,0.7812776944131877,1,False
2013,17,2013_17_SF_ARI,ARI,SF,20.0,23.0,-3.0,0.4549444099400362,0,False
2013,17,2013_17_GB_CHI,CHI,GB,28.0,33.0,-5.0,0.6361269206184853,0,False
2013,17,2013_17_BUF_NE,NE,BUF,34.0,20.0,14.0,0.8924913863027026,1,False
2013,17,2013_17_TB_NO,NO,TB,42.0,17.0,25.0,0.812502199647359,1,False
2013,17,2013_17_DEN_OAK,OAK,DEN,14.0,34.0,-20.0,0.055652872358706716,0,False
2013,17,2013_17_KC_SD,SD,KC,27.0,24.0,3.0,0.5933220960089959,1,False
2013,17,2013_17_STL_SEA,SEA,STL,27.0,9.0,18.0,0.8233670602631133,1,False
2013,17,2013_17_PHI_DAL,DAL,PHI,22.0,24.0,-2.0,0.33023232501959743,0,False
2014,1,2014_01_GB_SEA,SEA,GB,36.0,16.0,20.0,0.8748271746439656,1,False
2014,1,2014_01_NO_ATL,ATL,NO,37.0,34.0,3.0,0.2984774749899727,1,False
2014,1,2014_01_CIN_BAL,BAL,CIN,16.0,23.0,-7.0,0.33488390305386323,0,False
2014,1,2014_01_BUF_CHI,CHI,BUF,20.0,23.0,-3.0,0.5511523746484945,0,False
2014,1,2014_01_WAS_HOU,HOU,WAS,17.0,6.0,11.0,0.5558815186329523,1,False
2014,1,2014_01_TEN_KC,KC,TEN,10.0,26.0,-16.0,0.6899800947712758,0,False
2014,1,2014_01_NE_MIA,MIA,NE,33.0,20.0,13.0,0.28065542819107453,1,False
2014,1,2014_01_OAK_NYJ,NYJ,OAK,19.0,14.0,5.0,0.7342533114974372,1,False
2014,1,2014_01_JAX_PHI,PHI,JAX,34.0,17.0,17.0,0.8676772820907169,1,False
2014,1,2014_01_CLE_PIT,PIT,CLE,30.0,27.0,3.0,0.8488258955465199,1,False
2014,1,2014_01_MIN_STL,STL,MIN,6.0,34.0,-28.0,0.6718445226644499,0,False
2014,1,2014_01_SF_DAL,DAL,SF,17.0,28.0,-11.0,0.27951715818603323,0,False
2014,1,2014_01_CAR_TB,TB,CAR,14.0,20.0,-6.0,0.29264462383843026,0,False
2014,1,2014_01_IND_DEN,DEN,IND,31.0,24.0,7.0,0.7666316724047838,1,False
2014,1,2014_01_NYG_DET,DET,NYG,35.0,14.0,21.0,0.5679955691199651,1,False
2014,1,2014_01_SD_ARI,ARI,SD,18.0,17.0,1.0,0.645171769041063,1,False
2014,2,2014_02_PIT_BAL,BAL,PIT,26.0,6.0,20.0,0.38682391823603596,1,False
2014,2,2014_02_MIA_BUF,BUF,MIA,29.0,10.0,19.0,0.5002303984029386,1,False
2014,2,2014_02_DET_CAR,CAR,DET,24.0,7.0,17.0,0.7029467405089946,1,False
2014,2,2014_02_ATL_CIN,CIN,ATL,24.0,10.0,14.0,0.8281009123696864,1,False
2014,2,2014_02_NO_CLE,CLE,NO,26.0,24.0,2.0,0.2539574316447936,1,False
2014,2,2014_02_NE_MIN,MIN,NE,7.0,30.0,-23.0,0.4506237119910094,0,False
2014,2,2014_02_ARI_NYG,NYG,ARI,14.0,25.0,-11.0,0.2884885921097509,0,False
2014,2,2014_02_DAL_TEN,TEN,DAL,10.0,26.0,-16.0,0.6627842043508735,0,False
2014,2,2014_02_JAX_WAS,WAS,JAX,41.0,10.0,31.0,0.5311304271246847,1,False
2014,2,2014_02_SEA_SD,SD,SEA,30.0,21.0,9.0,0.3010532082163793,1,False
2014,2,2014_02_STL_TB,TB,STL,17.0,19.0,-2.0,0.4681477424273949,0,False
2014,2,2014_02_KC_DEN,DEN,KC,24.0,17.0,7.0,0.8323003163873348,1,False
2014,2,2014_02_NYJ_GB,GB,NYJ,31.0,24.0,7.0,0.5253340474345037,1,False
2014,2,2014_02_HOU_OAK,OAK,HOU,14.0,30.0,-16.0,0.49115920301709093,0,False
2014,2,2014_02_CHI_SF,SF,CHI,20.0,28.0,-8.0,0.8690572044824353,0,False
2014,2,2014_02_PHI_IND,IND,PHI,27.0,30.0,-3.0,0.4357357877674798,0,False
2014,3,2014_03_TB_ATL,ATL,TB,56.0,14.0,42.0,0.6596659737294169,1,False
2014,3,2014_03_SD_BUF,BUF,SD,10.0,22.0,-12.0,0.47549782282736375,0,False
2014,3,2014_03_TEN_CIN,CIN,TEN,33.0,7.0,26.0,0.8536696303808141,1,False
2014,3,2014_03_BAL_CLE,CLE,BAL,21.0,23.0,-2.0,0.34790188321049065,0,False
2014,3,2014_03_GB_DET,DET,GB,19.0,7.0,12.0,0.6351806135387176,1,False
2014,3,2014_03_IND_JAX,JAX,IND,17.0,44.0,-27.0,0.23023384314729198,0,False
2014,3,2014_03_OAK_NE,NE,OAK,16.0,9.0,7.0,0.9342997545181664,1,False
2014,3,2014_03_MIN_NO,NO,MIN,20.0,9.0,11.0,0.6383499548912857,1,False
2014,3,2014_03_HOU_NYG,NYG,HOU,30.0,17.0,13.0,0.5520760375823577,1,False
2014,3,2014_03_WAS_PHI,PHI,WAS,37.0,34.0,3.0,0.8625597568373702,1,False
2014,3,2014_03_DAL_STL,STL,DAL,31.0,34.0,-3.0,0.49306287558710044,0,False
2014,3,2014_03_SF_ARI,ARI,SF,23.0,14.0,9.0,0.546202905503603,1,False
2014,3,2014_03_KC_MIA,MIA,KC,15.0,34.0,-19.0,0.5716665640524881,0,False
2014,3,2014_03_DEN_SEA,SEA,DEN,26.0,20.0,6.0,0.5551592683732542,1,False
2014,3,2014_03_PIT_CAR,CAR,PIT,19.0,37.0,-18.0,0.7539879956824359,0,False
2014,3,2014_03_CHI_NYJ,NYJ,CHI,19.0,27.0,-8.0,0.5390611390283541,0,False
2014,4,2014_04_NYG_WAS,WAS,NYG,14.0,45.0,-31.0,0.49555877021437106,0,False
2014,4,2014_04_CAR_BAL,BAL,CAR,38.0,10.0,28.0,0.45438026592658354,1,False
2014,4,2014_04_GB_CHI,CHI,GB,17.0,38.0,-21.0,0.6902860083014127,0,False
2014,4,2014_04_BUF_HOU,HOU,BUF,23.0,17.0,6.0,0.3892377706974641,1,False
2014,4,2014_04_TEN_IND,IND,TEN,41.0,17.0,24.0,0.7914170433972866,1,False
2014,4,2014_04_DET_NYJ,NYJ,DET,17.0,24.0,-7.0,0.40897314950596675,0,False
2014,4,2014_04_MIA_OAK,OAK,MIA,14.0,38.0,-24.0,0.26573429907693713,0,True
2014,4,2014_04_TB_PIT,PIT,TB,24.0,27.0,-3.0,0.8716104409473029,0,False
2014,4,2014_04_JAX_SD,SD,JAX,33.0,14.0,19.0,0.939951642394057,1,False
2014,4,2014_04_ATL_MIN,MIN,ATL,41.0,28.0,13.0,0.48211306762096207,1,False
2014,4,2014_04_PHI_SF,SF,PHI,26.0,21.0,5.0,0.5314228377765275,1,False
2014,4,2014_04_NO_DAL,DAL,NO,38.0,17.0,21.0,0.5027037616557489,1,False
2014,4,2014_04_NE_KC,KC,NE,41.0,14.0,27.0,0.3613612636425331,1,False
2014,5,2014_05_MIN_GB,GB,MIN,42.0,10.0,32.0,0.5786076046693617,1,False
2014,5,2014_05_CHI_CAR,CAR,CHI,31.0,24.0,7.0,0.6548493819209467,1,False
2014,5,2014_05_HOU_DAL,DAL,HOU,20.0,17.0,3.0,0.78609237882963,1,False
2014,5,2014_05_BUF_DET,DET,BUF,14.0,17.0,-3.0,0.6713833374411127,0,False
2014,5,2014_05_BAL_IND,IND,BAL,20.0,13.0,7.0,0.6283772279846712,1,False
2014,5,2014_05_PIT_JAX,JAX,PIT,9.0,17.0,-8.0,0.14241861084380616,0,False
2014,5,2014_05_TB_NO,NO,TB,37.0,31.0,6.0,0.8087924540494462,1,False
2014,5,2014_05_ATL_NYG,NYG,ATL,30.0,20.0,10.0,0.5821673828159142,1,False
2014,5,2014_05_STL_PHI,PHI,STL,34.0,28.0,6.0,0.7999708121134759,1,False
2014,5,2014_05_CLE_TEN,TEN,CLE,28.0,29.0,-1.0,0.5639303105234885,0,False
2014,5,2014_05_ARI_DEN,DEN,ARI,41.0,20.0,21.0,0.6241859559439161,1,False
2014,5,2014_05_NYJ_SD,SD,NYJ,31.0,0.0,31.0,0.8480559451269085,1,False
2014,5,2014_05_KC_SF,SF,KC,22.0,17.0,5.0,0.5893795538642885,1,False
2014,5,2014_05_CIN_NE,NE,CIN,43.0,17.0,26.0,0.3658896417258518,1,False
2014,5,2014_05_SEA_WAS,WAS,SEA,17.0,27.0,-10.0,0.12220258085418324,0,False
2014,6,2014_06_IND_HOU,HOU,IND,28.0,33.0,-5.0,0.21173818641424058,0,False
2014,6,2014_06_NE_BUF,BUF,NE,22.0,37.0,-15.0,0.344431605743768,0,False
2014,6,2014_06_CAR_CIN,CIN,CAR,37.0,37.0,0.0,0.7099955169893364,0,False
2014,6,2014_06_PIT_CLE,CLE,PIT,31.0,10.0,21.0,0.3121890085304095,1,False
2014,6,2014_06_GB_MIA,MIA,GB,24.0,27.0,-3.0,0.3901472739435396,0,False
2014,6,2014_06_DET_MIN,MIN,DET,3.0,17.0,-14.0,0.4284373497092937,0,False
2014,6,2014_06_DEN_NYJ,NYJ,DEN,17.0,31.0,-14.0,0.13889525916512357,0,False
2014,6,2014_06_BAL_TB,TB,BAL,17.0,48.0,-31.0,0.2305505832005468,0,False
2014,6,2014_06_JAX_TEN,TEN,JAX,16.0,14.0,2.0,0.8149862330965846,1,False
2014,6,2014_06_SD_OAK,OAK,SD,28.0,31.0,-3.0,0.0707245283900793,0,False
2014,6,2014_06_WAS_ARI,ARI,WAS,30.0,20.0,10.0,0.8630001712621506,1,False
2014,6,2014_06_CHI_ATL,ATL,CHI,13.0,27.0,-14.0,0.6196870518199294,0,False
2014,6,2014_06_DAL_SEA,SEA,DAL,23.0,30.0,-7.0,0.7081045632864822,0,False
2014,6,2014_06_NYG_PHI,PHI,NYG,27.0,0.0,27.0,0.6853960521060686,1,False
2014,6,2014_06_SF_STL,STL,SF,17.0,31.0,-14.0,0.26037934555793724,0,False
2014,7,2014_07_NYJ_NE,NE,NYJ,27.0,25.0,2.0,0.906758758778692,1,False
2014,7,2014_07_ATL_BAL,BAL,ATL,29.0,7.0,22.0,0.8064561981171152,1,False
2014,7,2014_07_MIN_BUF,BUF,MIN,17.0,16.0,1.0,0.6860124689691363,1,False
2014,7,2014_07_MIA_CHI,CHI,MIA,14.0,27.0,-13.0,0.5927182761159551,0,False
2014,7,2014_07_NO_DET,DET,NO,24.0,23.0,1.0,0.6194403128046877,1,False
2014,7,2014_07_CAR_GB,GB,CAR,38.0,17.0,21.0,0.625491420725063,1,False
2014,7,2014_07_CIN_IND,IND,CIN,27.0,0.0,27.0,0.6183272074697824,1,False
2014,7,2014_07_CLE_JAX,JAX,CLE,24.0,6.0,18.0,0.19825692568457307,1,False
2014,7,2014_07_SEA_STL,STL,SEA,28.0,26.0,2.0,0.215002927707845,1,False
2014,7,2014_07_TEN_WAS,WAS,TEN,19.0,17.0,2.0,0.46788315232750805,1,False
2014,7,2014_07_KC_SD,SD,KC,20.0,23.0,-3.0,0.7512209283573811,0,False
2014,7,2014_07_NYG_DAL,DAL,NYG,31.0,21.0,10.0,0.7449380395178555,1,False
2014,7,2014_07_ARI_OAK,OAK,ARI,13.0,24.0,-11.0,0.11680220705739104,0,False
2014,7,2014_07_SF_DEN,DEN,SF,42.0,17.0,25.0,0.6865065178748025,1,False
2014,7,2014_07_HOU_PIT,PIT,HOU,30.0,23.0,7.0,0.6950423606519017,1,False
2014,8,2014_08_SD_DEN,DEN,SD,35.0,21.0,14.0,0.7381613069225439,1,False
2014,8,2014_08_DET_ATL,ATL,DET,21.0,22.0,-1.0,0.23399437058071737,0,True
2014,8,2014_08_SEA_CAR,CAR,SEA,9.0,13.0,-4.0,0.3701212729907483,0,False
2014,8,2014_08_BAL_CIN,CIN,BAL,27.0,24.0,3.0,0.44060637766822003,1,False
2014,8,2014_08_MIA_JAX,JAX,MIA,13.0,27.0,-14.0,0.2550104640280081,0,False
2014,8,2014_08_STL_KC,KC,STL,34.0,7.0,27.0,0.7640299641892158,1,False
2014,8,2014_08_CHI_NE,NE,CHI,51.0,23.0,28.0,0.8408820741260744,1,False
2014,8,2014_08_BUF_NYJ,NYJ,BUF,23.0,43.0,-20.0,0.40507697863430603,0,False
2014,8,2014_08_MIN_TB,TB,MIN,13.0,19.0,-6.0,0.3821173101218642,0,False
2014,8,2014_08_HOU_TEN,TEN,HOU,16.0,30.0,-14.0,0.5261975184326534,0,False
2014,8,2014_08_PHI_ARI,ARI,PHI,24.0,20.0,4.0,0.4595425356508058,1,False
2014,8,2014_08_OAK_CLE,CLE,OAK,23.0,13.0,10.0,0.7907071681337194,1,False
2014,8,2014_08_IND_PIT,PIT,IND,51.0,34.0,17.0,0.27957876418817584,1,False
2014,8,2014_08_GB_NO,NO,GB,44.0,23.0,21.0,0.40932467159370917,1,False
2014,8,2014_08_WAS_DAL,DAL,WAS,17.0,20.0,-3.0,0.8998530773905579,0,False
2014,9,2014_09_NO_CAR,CAR,NO,10.0,28.0,-18.0,0.3892875019918628,0,False
2014,9,2014_09_JAX_CIN,CIN,JAX,33.0,23.0,10.0,0.9093852491090314,1,False
2014,9,2014_09_TB_CLE,CLE,TB,22.0,17.0,5.0,0.7828033790942339,1,False
2014,9,2014_09_ARI_DAL,DAL,ARI,17.0,28.0,-11.0,0.5723489373630243,0,False
2014,9,2014_09_PHI_HOU,HOU,PHI,21.0,31.0,-10.0,0.30423761495089086,0,False
2014,9,2014_09_NYJ_KC,KC,NYJ,24.0,10.0,14.0,0.9059647776248761,1,False
2014,9,2014_09_SD_MIA,MIA,SD,37.0,0.0,37.0,0.3959309101897866,1,False
2014,9,2014_09_WAS_MIN,MIN,WAS,29.0,26.0,3.0,0.6360034551981301,1,False
2014,9,2014_09_STL_SF,SF,STL,10.0,13.0,-3.0,0.8425654839236765,0,False
2014,9,2014_09_DEN_NE,NE,DEN,43.0,21.0,22.0,0.4210456566767182,1,False
2014,9,2014_09_OAK_SEA,SEA,OAK,30.0,24.0,6.0,0.9497464083846253,1,False
2014,9,2014_09_BAL_PIT,PIT,BAL,43.0,23.0,20.0,0.41746828625372967,1,False
2014,9,2014_09_IND_NYG,NYG,IND,24.0,40.0,-16.0,0.33549636938639554,0,False
2014,10,2014_10_CLE_CIN,CIN,CLE,3.0,24.0,-21.0,0.7333019422658651,0,False
2014,10,2014_10_TEN_BAL,BAL,TEN,21.0,7.0,14.0,0.8797796881375568,1,False
2014,10,2014_10_KC_BUF,BUF,KC,13.0,17.0,-4.0,0.3711091180568485,0,False
2014,10,2014_10_MIA_DET,DET,MIA,20.0,16.0,4.0,0.5250071506959835,1,False
2014,10,2014_10_DAL_JAX,JAX,DAL,17.0,31.0,-14.0,0.0987271658044344,0,True
2014,10,2014_10_SF_NO,NO,SF,24.0,27.0,-3.0,0.6550014379184592,0,False
2014,10,2014_10_PIT_NYJ,NYJ,PIT,20.0,13.0,7.0,0.14732421595427964,1,False
2014,10,2014_10_ATL_TB,TB,ATL,17.0,27.0,-10.0,0.40513858265326397,0,False
2014,10,2014_10_DEN_OAK,OAK,DEN,17.0,41.0,-24.0,0.059615297344415966,0,False
2014,10,2014_10_STL_ARI,ARI,STL,31.0,14.0,17.0,0.8693626571887676,1,False
2014,10,2014_10_NYG_SEA,SEA,NYG,38.0,17.0,21.0,0.8290054240760316,1,False
2014,10,2014_10_CHI_GB,GB,CHI,55.0,14.0,41.0,0.7907712237041002,1,False
2014,10,2014_10_CAR_PHI,PHI,CAR,45.0,21.0,24.0,0.8310405841137374,1,False
2014,11,2014_11_BUF_MIA,MIA,BUF,22.0,9.0,13.0,0.6956012875738313,1,False
2014,11,2014_11_ATL_CAR,CAR,ATL,17.0,19.0,-2.0,0.5323705562331711,0,False
2014,11,2014_11_MIN_CHI,CHI,MIN,21.0,13.0,8.0,0.470651492866991,1,False
2014,11,2014_11_HOU_CLE,CLE,HOU,7.0,23.0,-16.0,0.717375754078158,0,False
2014,11,2014_11_SEA_KC,KC,SEA,24.0,20.0,4.0,0.5895425338284138,1,False
2014,11,2014_11_CIN_NO,NO,CIN,10.0,27.0,-17.0,0.7141681919697545,0,False
2014,11,2014_11_SF_NYG,NYG,SF,10.0,16.0,-6.0,0.3392173804181583,0,False
2014,11,2014_11_DEN_STL,STL,DEN,22.0,7.0,15.0,0.13910594135133855,1,False
2014,11,2014_11_TB_WAS,WAS,TB,7.0,27.0,-20.0,0.7397227796913736,0,False
2014,11,2014_11_OAK_SD,SD,OAK,13.0,6.0,7.0,0.9137988281872028,1,False
2014,11,2014_11_DET_ARI,ARI,DET,14.0,6.0,8.0,0.7130086859793425,1,False
2014,11,2014_11_PHI_GB,GB,PHI,53.0,20.0,33.0,0.5399232662540362,1,False
2014,11,2014_11_NE_IND,IND,NE,20.0,42.0,-22.0,0.4203169261067196,0,False
2014,11,2014_11_PIT_TEN,TEN,PIT,24.0,27.0,-3.0,0.18892242352162042,0,False
2014,12,2014_12_KC_OAK,OAK,KC,24.0,20.0,4.0,0.062121917363908145,1,False
2014,12,2014_12_CLE_ATL,ATL,CLE,24.0,26.0,-2.0,0.5080367340121086,0,False
2014,12,2014_12_TB_CHI,CHI,TB,21.0,13.0,8.0,0.6632423463678838,1,False
2014,12,2014_12_CIN_HOU,HOU,CIN,13.0,22.0,-9.0,0.4427695047384065,0,False
2014,12,2014_12_JAX_IND,IND,JAX,23.0,3.0,20.0,0.9325764457190298,1,False
2014,12,2014_12_GB_MIN,MIN,GB,21.0,24.0,-3.0,0.15347536692417463,0,False
2014,12,2014_12_DET_NE,NE,DET,34.0,9.0,25.0,0.8337622193679667,1,False
2014,12,2014_12_TEN_PHI,PHI,TEN,43.0,24.0,19.0,0.8935224261478094,1,False
2014,12,2014_12_STL_SD,SD,STL,27.0,24.0,3.0,0.6982761182757238,1,False
2014,12,2014_12_ARI_SEA,SEA,ARI,19.0,3.0,16.0,0.4885932358675917,1,False
2014,12,2014_12_MIA_DEN,DEN,MIA,39.0,36.0,3.0,0.6240079291609694,1,False
2014,12,2014_12_WAS_SF,SF,WAS,17.0,13.0,4.0,0.8919451596886139,1,False
2014,12,2014_12_DAL_NYG,NYG,DAL,28.0,31.0,-3.0,0.2800719841184294,0,False
2014,12,2014_12_NYJ_BUF,BUF,NYJ,38.0,3.0,35.0,0.6827114460699399,1,True
2014,12,2014_12_BAL_NO,NO,BAL,27.0,34.0,-7.0,0.4786550415001441,0,False
2014,13,2014_13_CHI_DET,DET,CHI,34.0,17.0,17.0,0.7565779607661227,1,False
2014,13,2014_13_PHI_DAL,DAL,PHI,10.0,33.0,-23.0,0.5603490214346122,0,False
2014,13,2014_13_SEA_SF,SF,SEA,3.0,19.0,-16.0,0.4458140788531813,0,False
2014,13,2014_13_SD_BAL,BAL,SD,33.0,34.0,-1.0,0.6938627266364376,0,False
2014,13,2014_13_CLE_BUF,BUF,CLE,26.0,10.0,16.0,0.6212116910059905,1,False
2014,13,2014_13_TEN_HOU,HOU,TEN,45.0,21.0,24.0,0.7738773182378353,1,False
2014,13,2014_13_WAS_IND,IND,WAS,49.0,27.0,22.0,0.9167908101171859,1,False
2014,13,2014_13_NYG_JAX,JAX,NYG,25.0,24.0,1.0,0.35552733251251156,1,False
2014,13,2014_13_CAR_MIN,MIN,CAR,31.0,13.0,18.0,0.6005546145499303,1,False
2014,13,2014_13_NO_PIT,PIT,NO,32.0,35.0,-3.0,0.6498532063915888,0,False
2014,13,2014_13_OAK_STL,STL,OAK,52.0,0.0,52.0,0.8194768938286471,1,False
2014,13,2014_13_CIN_TB,TB,CIN,13.0,14.0,-1.0,0.25214314107771685,0,False
2014,13,2014_13_ARI_ATL,ATL,ARI,29.0,18.0,11.0,0.21630829988279113,1,False
2014,13,2014_13_NE_GB,GB,NE,26.0,21.0,5.0,0.44617270747888305,1,False
2014,13,2014_13_DEN_KC,KC,DEN,16.0,29.0,-13.0,0.512084265251579,0,False
2014,13,2014_13_MIA_NYJ,NYJ,MIA,13.0,16.0,-3.0,0.12907118494645195,0,False
2014,14,2014_14_DAL_CHI,CHI,DAL,28.0,41.0,-13.0,0.3141306036348511,0,False
2014,14,2014_14_PIT_CIN,CIN,PIT,21.0,42.0,-21.0,0.5829704336836463,0,False
2014,14,2014_14_IND_CLE,CLE,IND,24.0,25.0,-1.0,0.2865794071406722,0,False
2014,14,2014_14_TB_DET,DET,TB,34.0,17.0,17.0,0.8558706159569661,1,False
2014,14,2014_14_HOU_JAX,JAX,HOU,13.0,27.0,-14.0,0.26517147101410815,0,False
2014,14,2014_14_BAL_MIA,MIA,BAL,13.0,28.0,-15.0,0.5923797377375151,0,False
2014,14,2014_14_NYJ_MIN,MIN,NYJ,30.0,24.0,6.0,0.7912033245999629,1,False
2014,14,2014_14_CAR_NO,NO,CAR,10.0,41.0,-31.0,0.8176891205914858,0,False
2014,14,2014_14_NYG_TEN,TEN,NYG,7.0,36.0,-29.0,0.4404271518462435,0,False
2014,14,2014_14_STL_WAS,WAS,STL,0.0,24.0,-24.0,0.24262178371926998,0,False
2014,14,2014_14_KC_ARI,ARI,KC,17.0,14.0,3.0,0.6010317669912812,1,False
2014,14,2014_14_BUF_DEN,DEN,BUF,24.0,17.0,7.0,0.7561781145401882,1,False
2014,14,2014_14_SF_OAK,OAK,SF,24.0,13.0,11.0,0.1250236616897618,1,False
2014,14,2014_14_SEA_PHI,PHI,SEA,14.0,24.0,-10.0,0.5147258165738736,0,False
2014,14,2014_14_NE_SD,SD,NE,14.0,23.0,-9.0,0.2028024611109822,0,False
2014,14,2014_14_ATL_GB,GB,ATL,43.0,37.0,6.0,0.8948397463946839,1,False
2014,15,2014_15_ARI_STL,STL,ARI,6.0,12.0,-6.0,0.4892836142645688,0,False
2014,15,2014_15_PIT_ATL,ATL,PIT,20.0,27.0,-7.0,0.32657242288486943,0,False
2014,15,2014_15_JAX_BAL,BAL,JAX,20.0,12.0,8.0,0.9386348428386888,1,False
2014,15,2014_15_GB_BUF,BUF,GB,21.0,13.0,8.0,0.28625355985161827,1,False
2014,15,2014_15_TB_CAR,CAR,TB,19.0,17.0,2.0,0.7599382131079648,1,False
2014,15,2014_15_CIN_CLE,CLE,CIN,0.0,30.0,-30.0,0.4365641416993535,0,False
2014,15,2014_15_HOU_IND,IND,HOU,17.0,10.0,7.0,0.7466409816467379,1,False
2014,15,2014_15_OAK_KC,KC,OAK,31.0,13.0,18.0,0.903851493548243,1,False
2014,15,2014_15_MIA_NE,NE,MIA,41.0,13.0,28.0,0.8470425133326412,1,False
2014,15,2014_15_WAS_NYG,NYG,WAS,24.0,13.0,11.0,0.7599792561283972,1,False
2014,15,2014_15_DEN_SD,SD,DEN,10.0,22.0,-12.0,0.27873984534409674,0,False
2014,15,2014_15_NYJ_TEN,TEN,NYJ,11.0,16.0,-5.0,0.4803652969362872,0,False
2014,15,2014_15_MIN_DET,DET,MIN,16.0,14.0,2.0,0.7168821591079196,1,False
2014,15,2014_15_SF_SEA,SEA,SF,17.0,7.0,10.0,0.8570039710905885,1,False
2014,15,2014_15_DAL_PHI,PHI,DAL,27.0,38.0,-11.0,0.6803267141595645,0,False
2014,15,2014_15_NO_CHI,CHI,NO,15.0,31.0,-16.0,0.3973116529102596,0,False
2014,16,2014_16_TEN_JAX,JAX,TEN,21.0,13.0,8.0,0.636822122901549,1,False
2014,16,2014_16_PHI_WAS,WAS,PHI,27.0,24.0,3.0,0.13580934695926403,1,False
2014,16,2014_16_SD_SF,SF,SD,35.0,38.0,-3.0,0.5663421237812992,0,False
2014,16,2014_16_CLE_CAR,CAR,CLE,17.0,13.0,4.0,0.6496684234393802,1,False
2014,16,2014_16_DET_CHI,CHI,DET,14.0,20.0,-6.0,0.19359567183011805,0,False
2014,16,2014_16_BAL_HOU,HOU,BAL,25.0,13.0,12.0,0.360919532048465,1,False
2014,16,2014_16_MIN_MIA,MIA,MIN,37.0,35.0,2.0,0.6442987676931733,1,False
2014,16,2014_16_ATL_NO,NO,ATL,14.0,30.0,-16.0,0.6654180743974496,0,False
2014,16,2014_16_NE_NYJ,NYJ,NE,16.0,17.0,-1.0,0.04787641737872664,0,False
2014,16,2014_16_KC_PIT,PIT,KC,20.0,12.0,8.0,0.6302736028567006,1,False
2014,16,2014_16_GB_TB,TB,GB,3.0,20.0,-17.0,0.11083445826826745,0,False
2014,16,2014_16_NYG_STL,STL,NYG,27.0,37.0,-10.0,0.7126761593043744,0,False
2014,16,2014_16_IND_DAL,DAL,IND,42.0,7.0,35.0,0.492013727769402,1,False
2014,16,2014_16_BUF_OAK,OAK,BUF,26.0,24.0,2.0,0.13698821165488897,1,False
2014,16,2014_16_SEA_ARI,ARI,SEA,6.0,35.0,-29.0,0.35971972384663153,0,False
2014,16,2014_16_DEN_CIN,CIN,DEN,37.0,28.0,9.0,0.3807827331389812,1,False
2014,17,2014_17_CLE_BAL,BAL,CLE,20.0,10.0,10.0,0.8249392751706575,1,False
2014,17,2014_17_JAX_HOU,HOU,JAX,23.0,17.0,6.0,0.8899710473642188,1,False
2014,17,2014_17_SD_KC,KC,SD,19.0,7.0,12.0,0.6615731175686383,1,False
2014,17,2014_17_NYJ_MIA,MIA,NYJ,24.0,37.0,-13.0,0.8428007422899695,0,False
2014,17,2014_17_CHI_MIN,MIN,CHI,13.0,9.0,4.0,0.7922860809746544,1,False
2014,17,2014_17_BUF_NE,NE,BUF,9.0,17.0,-8.0,0.8748573519249879,0,False
2014,17,2014_17_PHI_NYG,NYG,PHI,26.0,34.0,-8.0,0.45001723424058915,0,False
2014,17,2014_17_NO_TB,TB,NO,20.0,23.0,-3.0,0.35618060049411776,0,False
2014,17,2014_17_IND_TEN,TEN,IND,10.0,27.0,-17.0,0.11030222865044012,0,False
2014,17,2014_17_DAL_WAS,WAS,DAL,17.0,44.0,-27.0,0.10098447978129581,0,False
2014,17,2014_17_CAR_ATL,ATL,CAR,3.0,34.0,-31.0,0.6143799472522918,0,False
2014,17,2014_17_OAK_DEN,DEN,OAK,47.0,14.0,33.0,0.935427751257523,1,False
2014,17,2014_17_DET_GB,GB,DET,30.0,20.0,10.0,0.7166579813282161,1,False
2014,17,2014_17_STL_SEA,SEA,STL,20.0,6.0,14.0,0.8859517160777187,1,False
2014,17,2014_17_ARI_SF,SF,ARI,20.0,17.0,3.0,0.42481653502184985,1,False
2014,17,2014_17_CIN_PIT,PIT,CIN,27.0,17.0,10.0,0.6306023437333056,1,False
2015,1,2015_01_PIT_NE,NE,PIT,28.0,21.0,7.0,0.6709143416209203,1,False
2015,1,2015_01_IND_BUF,BUF,IND,27.0,14.0,13.0,0.5840433192056443,1,False
2015,1,2015_01_GB_CHI,CHI,GB,23.0,31.0,-8.0,0.15970522539098395,0,False
2015,1,2015_01_KC_HOU,HOU,KC,20.0,27.0,-7.0,0.5633048304815698,0,False
2015,1,2015_01_CAR_JAX,JAX,CAR,9.0,20.0,-11.0,0.2910999477699207,0,False
2015,1,2015_01_CLE_NYJ,NYJ,CLE,31.0,10.0,21.0,0.6078219201347058,1,False
2015,1,2015_01_SEA_STL,STL,SEA,34.0,31.0,3.0,0.2607717366044411,1,False
2015,1,2015_01_MIA_WAS,WAS,MIA,10.0,17.0,-7.0,0.3480737968119788,0,False
2015,1,2015_01_NO_ARI,ARI,NO,31.0,19.0,12.0,0.6804419536384824,1,False
2015,1,2015_01_DET_SD,SD,DET,33.0,28.0,5.0,0.4531481831984874,1,False
2015,1,2015_01_BAL_DEN,DEN,BAL,19.0,13.0,6.0,0.6927196843449734,1,False
2015,1,2015_01_CIN_OAK,OAK,CIN,13.0,33.0,-20.0,0.2272368280828085,0,False
2015,1,2015_01_TEN_TB,TB,TEN,14.0,42.0,-28.0,0.7116730563534376,0,False
2015,1,2015_01_NYG_DAL,DAL,NYG,27.0,26.0,1.0,0.7734790472148727,1,False
2015,1,2015_01_PHI_ATL,ATL,PHI,26.0,24.0,2.0,0.43129242173523363,1,False
2015,1,2015_01_MIN_SF,SF,MIN,20.0,3.0,17.0,0.5672278393218866,1,False
2015,2,2015_02_DEN_KC,KC,DEN,24.0,31.0,-7.0,0.4507269946978357,0,False
2015,2,2015_02_NE_BUF,BUF,NE,32.0,40.0,-8.0,0.4368781196274954,0,False
2015,2,2015_02_HOU_CAR,CAR,HOU,24.0,17.0,7.0,0.6173963651224909,1,False
2015,2,2015_02_ARI_CHI,CHI,ARI,23.0,48.0,-25.0,0.3300910322531804,0,False
2015,2,2015_02_SD_CIN,CIN,SD,24.0,19.0,5.0,0.6977192731697254,1,False
2015,2,2015_02_TEN_CLE,CLE,TEN,28.0,14.0,14.0,0.5493045562243188,1,False
2015,2,2015_02_DET_MIN,MIN,DET,26.0,16.0,10.0,0.4725675248410083,1,False
2015,2,2015_02_TB_NO,NO,TB,19.0,26.0,-7.0,0.7280007837655734,0,False
2015,2,2015_02_ATL_NYG,NYG,ATL,20.0,24.0,-4.0,0.6173651786588128,0,False
2015,2,2015_02_SF_PIT,PIT,SF,43.0,18.0,25.0,0.6557920764951907,1,False
2015,2,2015_02_STL_WAS,WAS,STL,24.0,10.0,14.0,0.21042966844332572,1,False
2015,2,2015_02_MIA_JAX,JAX,MIA,23.0,20.0,3.0,0.33332279877551674,1,False
2015,2,2015_02_BAL_OAK,OAK,BAL,37.0,33.0,4.0,0.2053914093384084,1,False
2015,2,2015_02_DAL_PHI,PHI,DAL,10.0,20.0,-10.0,0.3644251597843641,0,False
2015,2,2015_02_SEA_GB,GB,SEA,27.0,17.0,10.0,0.5264469588061291,1,False
2015,2,2015_02_NYJ_IND,IND,NYJ,7.0,20.0,-13.0,0.6297383948863946,0,False
2015,3,2015_03_WAS_NYG,NYG,WAS,32.0,21.0,11.0,0.7485165771263693,1,False
2015,3,2015_03_CIN_BAL,BAL,CIN,24.0,28.0,-4.0,0.43573718066018347,0,False
2015,3,2015_03_NO_CAR,CAR,NO,27.0,22.0,5.0,0.8292464122616089,1,False
2015,3,2015_03_OAK_CLE,CLE,OAK,20.0,27.0,-7.0,0.6460325631665369,0,False
2015,3,2015_03_ATL_DAL,DAL,ATL,28.0,39.0,-11.0,0.8100013609996014,0,False
2015,3,2015_03_TB_HOU,HOU,TB,19.0,9.0,10.0,0.798736787487853,1,False
2015,3,2015_03_SD_MIN,MIN,SD,31.0,14.0,17.0,0.5779863645382489,1,False
2015,3,2015_03_JAX_NE,NE,JAX,51.0,17.0,34.0,0.9232249706877368,1,False
2015,3,2015_03_PHI_NYJ,NYJ,PHI,17.0,24.0,-7.0,0.5579246814590108,0,False
2015,3,2015_03_PIT_STL,STL,PIT,6.0,12.0,-6.0,0.3338414781852311,0,False
2015,3,2015_03_IND_TEN,TEN,IND,33.0,35.0,-2.0,0.29394093979248065,0,False
2015,3,2015_03_SF_ARI,ARI,SF,47.0,7.0,40.0,0.7094817899618472,1,False
2015,3,2015_03_BUF_MIA,MIA,BUF,14.0,41.0,-27.0,0.33855042354211706,0,False
2015,3,2015_03_CHI_SEA,SEA,CHI,26.0,0.0,26.0,0.9128050405139472,1,False
2015,3,2015_03_DEN_DET,DET,DEN,12.0,24.0,-12.0,0.28262047201088775,0,False
2015,3,2015_03_KC_GB,GB,KC,38.0,28.0,10.0,0.7433336086668738,1,False
2015,4,2015_04_BAL_PIT,PIT,BAL,20.0,23.0,-3.0,0.7796270404469815,0,False
2015,4,2015_04_NYJ_MIA,MIA,NYJ,14.0,27.0,-13.0,0.32941867649294393,0,True
2015,4,2015_04_HOU_ATL,ATL,HOU,48.0,21.0,27.0,0.575900042067868,1,False
2015,4,2015_04_NYG_BUF,BUF,NYG,10.0,24.0,-14.0,0.7198707395827827,0,False
2015,4,2015_04_OAK_CHI,CHI,OAK,22.0,20.0,2.0,0.4793868242424083,1,False
2015,4,2015_04_KC_CIN,CIN,KC,36.0,21.0,15.0,0.7031653636398381,1,False
2015,4,2015_04_JAX_IND,IND,JAX,16.0,13.0,3.0,0.7762013575894804,1,False
2015,4,2015_04_CAR_TB,TB,CAR,23.0,37.0,-14.0,0.15828168043002494,0,False
2015,4,2015_04_PHI_WAS,WAS,PHI,23.0,20.0,3.0,0.28079049792453337,1,False
2015,4,2015_04_CLE_SD,SD,CLE,30.0,27.0,3.0,0.7067214625212248,1,False
2015,4,2015_04_STL_ARI,ARI,STL,22.0,24.0,-2.0,0.7947838871889031,0,False
2015,4,2015_04_MIN_DEN,DEN,MIN,23.0,20.0,3.0,0.7842764325131432,1,False
2015,4,2015_04_GB_SF,SF,GB,3.0,17.0,-14.0,0.17611264297443965,0,False
2015,4,2015_04_DAL_NO,NO,DAL,26.0,20.0,6.0,0.22978759767052656,1,False
2015,4,2015_04_DET_SEA,SEA,DET,13.0,10.0,3.0,0.828868476485356,1,False
2015,5,2015_05_IND_HOU,HOU,IND,20.0,27.0,-7.0,0.5389084093357918,0,False
2015,5,2015_05_WAS_ATL,ATL,WAS,25.0,19.0,6.0,0.8286563844667152,1,False
2015,5,2015_05_CLE_BAL,BAL,CLE,30.0,33.0,-3.0,0.8010635597547656,0,False
2015,5,2015_05_SEA_CIN,CIN,SEA,27.0,24.0,3.0,0.5199375545733926,1,False
2015,5,2015_05_STL_GB,GB,STL,24.0,10.0,14.0,0.8713716816015824,1,False
2015,5,2015_05_CHI_KC,KC,CHI,17.0,18.0,-1.0,0.8103131881279537,0,False
2015,5,2015_05_NO_PHI,PHI,NO,39.0,17.0,22.0,0.677646074905765,1,False
2015,5,2015_05_JAX_TB,TB,JAX,38.0,31.0,7.0,0.5173369459012086,1,False
2015,5,2015_05_BUF_TEN,TEN,BUF,13.0,14.0,-1.0,0.21323325890432862,0,False
2015,5,2015_05_ARI_DET,DET,ARI,17.0,42.0,-25.0,0.3001114973256247,0,False
2015,5,2015_05_NE_DAL,DAL,NE,6.0,30.0,-24.0,0.39580065517437946,0,False
2015,5,2015_05_DEN_OAK,OAK,DEN,10.0,16.0,-6.0,0.14366620980568137,0,False
2015,5,2015_05_SF_NYG,NYG,SF,30.0,27.0,3.0,0.8047502467560952,1,False
2015,5,2015_05_PIT_SD,SD,PIT,20.0,24.0,-4.0,0.2877497755798505,0,False
2015,6,2015_06_ATL_NO,NO,ATL,31.0,21.0,10.0,0.2769146862385786,1,False
2015,6,2015_06_CIN_BUF,BUF,CIN,21.0,34.0,-13.0,0.39930204440370926,0,False
2015,6,2015_06_DEN_CLE,CLE,DEN,23.0,26.0,-3.0,0.1350691068430145,0,False
2015,6,2015_06_CHI_DET,DET,CHI,37.0,34.0,3.0,0.6697624786161849,1,False
2015,6,2015_06_HOU_JAX,JAX,HOU,20.0,31.0,-11.0,0.3874516623069539,0,False
2015,6,2015_06_KC_MIN,MIN,KC,16.0,10.0,6.0,0.6164963621771544,1,False
2015,6,2015_06_WAS_NYJ,NYJ,WAS,34.0,20.0,14.0,0.8018652638317073,1,False
2015,6,2015_06_ARI_PIT,PIT,ARI,25.0,13.0,12.0,0.5091580620383734,1,False
2015,6,2015_06_MIA_TEN,TEN,MIA,10.0,38.0,-28.0,0.5168627413195485,0,False
2015,6,2015_06_CAR_SEA,SEA,CAR,23.0,27.0,-4.0,0.576300559144181,0,False
2015,6,2015_06_SD_GB,GB,SD,27.0,20.0,7.0,0.8892535515963467,1,False
2015,6,2015_06_BAL_SF,SF,BAL,25.0,20.0,5.0,0.4085184018735932,1,False
2015,6,2015_06_NE_IND,IND,NE,27.0,34.0,-7.0,0.18995227183600852,0,False
2015,6,2015_06_NYG_PHI,PHI,NYG,27.0,7.0,20.0,0.5461859713519853,1,False
2015,7,2015_07_SEA_SF,SF,SEA,3.0,20.0,-17.0,0.25494138341059597,0,False
2015,7,2015_07_BUF_JAX,JAX,BUF,34.0,31.0,3.0,0.16820611440155941,1,True
2015,7,2015_07_MIN_DET,DET,MIN,19.0,28.0,-9.0,0.379023602226454,0,False
2015,7,2015_07_NO_IND,IND,NO,21.0,27.0,-6.0,0.6444093094632362,0,False
2015,7,2015_07_PIT_KC,KC,PIT,23.0,13.0,10.0,0.2546528669132377,1,False
2015,7,2015_07_HOU_MIA,MIA,HOU,44.0,26.0,18.0,0.5265602770314225,1,False
2015,7,2015_07_NYJ_NE,NE,NYJ,30.0,23.0,7.0,0.817996737669476,1,False
2015,7,2015_07_CLE_STL,STL,CLE,24.0,6.0,18.0,0.6090124180958228,1,False
2015,7,2015_07_ATL_TEN,TEN,ATL,7.0,10.0,-3.0,0.2041126946860636,0,False
2015,7,2015_07_TB_WAS,WAS,TB,31.0,30.0,1.0,0.619131772298425,1,False
2015,7,2015_07_OAK_SD,SD,OAK,29.0,37.0,-8.0,0.6982479630287755,0,False
2015,7,2015_07_DAL_NYG,NYG,DAL,27.0,20.0,7.0,0.4797631912995349,1,False
2015,7,2015_07_PHI_CAR,CAR,PHI,27.0,16.0,11.0,0.649524988291955,1,False
2015,7,2015_07_BAL_ARI,ARI,BAL,26.0,18.0,8.0,0.8022542419469436,1,False
2015,8,2015_08_MIA_NE,NE,MIA,36.0,7.0,29.0,0.8853798919252742,1,False
2015,8,2015_08_DET_KC,KC,DET,45.0,10.0,35.0,0.6809721473086476,1,True
2015,8,2015_08_TB_ATL,ATL,TB,20.0,23.0,-3.0,0.8538091777939933,0,False
2015,8,2015_08_SD_BAL,BAL,SD,29.0,26.0,3.0,0.6359611590266421,1,False
2015,8,2015_08_MIN_CHI,CHI,MIN,20.0,23.0,-3.0,0.2401419990878034,0,False
2015,8,2015_08_ARI_CLE,CLE,ARI,20.0,34.0,-14.0,0.1412914287794992,0,False
2015,8,2015_08_TEN_HOU,HOU,TEN,20.0,6.0,14.0,0.720334550847271,1,False
2015,8,2015_08_NYG_NO,NO,NYG,52.0,49.0,3.0,0.48525927067191393,1,False
2015,8,2015_08_CIN_PIT,PIT,CIN,10.0,16.0,-6.0,0.4617063536014428,0,False
2015,8,2015_08_SF_STL,STL,SF,27.0,6.0,21.0,0.6711693605979434,1,False
2015,8,2015_08_NYJ_OAK,OAK,NYJ,34.0,20.0,14.0,0.3222563590840041,1,False
2015,8,2015_08_SEA_DAL,DAL,SEA,12.0,13.0,-1.0,0.39021433660447513,0,False
2015,8,2015_08_GB_DEN,DEN,GB,29.0,10.0,19.0,0.5020951560848608,1,False
2015,8,2015_08_IND_CAR,CAR,IND,29.0,26.0,3.0,0.827157804422953,1,False
2015,9,2015_09_CLE_CIN,CIN,CLE,31.0,10.0,21.0,0.9301295727090172,1,False
2015,9,2015_09_MIA_BUF,BUF,MIA,33.0,17.0,16.0,0.6633389854152337,1,False
2015,9,2015_09_GB_CAR,CAR,GB,37.0,29.0,8.0,0.572143668861326,1,False
2015,9,2015_09_STL_MIN,MIN,STL,21.0,18.0,3.0,0.6647165345492234,1,False
2015,9,2015_09_WAS_NE,NE,WAS,27.0,10.0,17.0,0.9575713857661955,1,False
2015,9,2015_09_TEN_NO,NO,TEN,28.0,34.0,-6.0,0.8346315902796366,0,False
2015,9,2015_09_JAX_NYJ,NYJ,JAX,28.0,23.0,5.0,0.8422004067735036,1,False
2015,9,2015_09_OAK_PIT,PIT,OAK,38.0,35.0,3.0,0.768857869831493,1,False
2015,9,2015_09_ATL_SF,SF,ATL,17.0,16.0,1.0,0.25642436593903,1,False
2015,9,2015_09_NYG_TB,TB,NYG,18.0,32.0,-14.0,0.3318519122710145,0,False
2015,9,2015_09_DEN_IND,IND,DEN,27.0,24.0,3.0,0.15865595445177258,1,False
2015,9,2015_09_PHI_DAL,DAL,PHI,27.0,33.0,-6.0,0.4440311706469569,0,False
2015,9,2015_09_CHI_SD,SD,CHI,19.0,22.0,-3.0,0.6771980525130298,0,False
2015,10,2015_10_BUF_NYJ,NYJ,BUF,17.0,22.0,-5.0,0.5340568596003583,0,False
2015,10,2015_10_JAX_BAL,BAL,JAX,20.0,22.0,-2.0,0.7906874547936461,0,False
2015,10,2015_10_DET_GB,GB,DET,16.0,18.0,-2.0,0.9095282294234451,0,False
2015,10,2015_10_MIA_PHI,PHI,MIA,19.0,20.0,-1.0,0.7878385133554364,0,False
2015,10,2015_10_CLE_PIT,PIT,CLE,30.0,9.0,21.0,0.8876650196429233,1,False
2015,10,2015_10_CHI_STL,STL,CHI,13.0,37.0,-24.0,0.7825064018307186,0,False
2015,10,2015_10_DAL_TB,TB,DAL,10.0,6.0,4.0,0.3851555617236816,1,False
2015,10,2015_10_CAR_TEN,TEN,CAR,10.0,27.0,-17.0,0.11162156556494074,0,False
2015,10,2015_10_NO_WAS,WAS,NO,47.0,14.0,33.0,0.4248801599146682,1,False
2015,10,2015_10_MIN_OAK,OAK,MIN,14.0,30.0,-16.0,0.38380438467140393,0,False
2015,10,2015_10_KC_DEN,DEN,KC,13.0,29.0,-16.0,0.7806204345463779,0,False
2015,10,2015_10_NE_NYG,NYG,NE,26.0,27.0,-1.0,0.17201204646904644,0,False
2015,10,2015_10_ARI_SEA,SEA,ARI,32.0,39.0,-7.0,0.4632021498134617,0,False
2015,10,2015_10_HOU_CIN,CIN,HOU,6.0,10.0,-4.0,0.9063494111735371,0,False
2015,11,2015_11_TEN_JAX,JAX,TEN,19.0,13.0,6.0,0.6369871045474809,1,False
2015,11,2015_11_IND_ATL,ATL,IND,21.0,24.0,-3.0,0.6471585878858118,0,False
2015,11,2015_11_STL_BAL,BAL,STL,16.0,13.0,3.0,0.5827547101638321,1,False
2015,11,2015_11_WAS_CAR,CAR,WAS,44.0,16.0,28.0,0.8705607090114661,1,False
2015,11,2015_11_DEN_CHI,CHI,DEN,15.0,17.0,-2.0,0.2459185738608146,0,False
2015,11,2015_11_OAK_DET,DET,OAK,18.0,13.0,5.0,0.42812281736354457,1,False
2015,11,2015_11_NYJ_HOU,HOU,NYJ,24.0,17.0,7.0,0.5231360831966758,1,False
2015,11,2015_11_DAL_MIA,MIA,DAL,14.0,24.0,-10.0,0.5792315485257288,0,False
2015,11,2015_11_TB_PHI,PHI,TB,17.0,45.0,-28.0,0.8243581248535745,0,False
2015,11,2015_11_KC_SD,SD,KC,3.0,33.0,-30.0,0.24509833736425868,0,False
2015,11,2015_11_GB_MIN,MIN,GB,13.0,30.0,-17.0,0.5810769058972495,0,False
2015,11,2015_11_SF_SEA,SEA,SF,29.0,13.0,16.0,0.8826593786858756,1,False
2015,11,2015_11_CIN_ARI,ARI,CIN,34.0,31.0,3.0,0.6148140001089454,1,False
2015,11,2015_11_BUF_NE,NE,BUF,20.0,13.0,7.0,0.8839548236275688,1,False
2015,12,2015_12_PHI_DET,DET,PHI,45.0,14.0,31.0,0.3960198292271591,1,False
2015,12,2015_12_CAR_DAL,DAL,CAR,14.0,33.0,-19.0,0.17802294666484644,0,False
2015,12,2015_12_CHI_GB,GB,CHI,13.0,17.0,-4.0,0.8375710225458446,0,False
2015,12,2015_12_MIN_ATL,ATL,MIN,10.0,20.0,-10.0,0.47911455070798253,0,False
2015,12,2015_12_STL_CIN,CIN,STL,31.0,7.0,24.0,0.8542679553985313,1,False
2015,12,2015_12_NO_HOU,HOU,NO,24.0,6.0,18.0,0.7235438352415556,1,False
2015,12,2015_12_TB_IND,IND,TB,25.0,12.0,13.0,0.6635209753728244,1,False
2015,12,2015_12_SD_JAX,JAX,SD,25.0,31.0,-6.0,0.5610568894592902,0,False
2015,12,2015_12_BUF_KC,KC,BUF,30.0,22.0,8.0,0.7252110779785356,1,False
2015,12,2015_12_MIA_NYJ,NYJ,MIA,38.0,20.0,18.0,0.6485322758064382,1,False
2015,12,2015_12_OAK_TEN,TEN,OAK,21.0,24.0,-3.0,0.33068586067318706,0,False
2015,12,2015_12_NYG_WAS,WAS,NYG,20.0,14.0,6.0,0.3553551866461767,1,False
2015,12,2015_12_ARI_SF,SF,ARI,13.0,19.0,-6.0,0.10527745996405065,0,False
2015,12,2015_12_PIT_SEA,SEA,PIT,39.0,30.0,9.0,0.6184468220593322,1,False
2015,12,2015_12_NE_DEN,DEN,NE,30.0,24.0,6.0,0.28811366097727925,1,False
2015,12,2015_12_BAL_CLE,CLE,BAL,27.0,33.0,-6.0,0.30312141506835566,0,False
2015,13,2015_13_GB_DET,DET,GB,23.0,27.0,-4.0,0.3342752633723289,0,False
2015,13,2015_13_HOU_BUF,BUF,HOU,30.0,21.0,9.0,0.5487695408619301,1,False
2015,13,2015_13_SF_CHI,CHI,SF,20.0,26.0,-6.0,0.7652005054803609,0,False
2015,13,2015_13_CIN_CLE,CLE,CIN,3.0,37.0,-34.0,0.08090723978256287,0,False
2015,13,2015_13_BAL_MIA,MIA,BAL,15.0,13.0,2.0,0.4080838068306687,1,False
2015,13,2015_13_SEA_MIN,MIN,SEA,7.0,38.0,-31.0,0.47548406675289745,0,False
2015,13,2015_13_NYJ_NYG,NYG,NYJ,20.0,23.0,-3.0,0.5715384398137706,0,False
2015,13,2015_13_ARI_STL,STL,ARI,3.0,27.0,-24.0,0.17687273003808174,0,False
2015,13,2015_13_ATL_TB,TB,ATL,23.0,19.0,4.0,0.48503118974566634,1,False
2015,13,2015_13_JAX_TEN,TEN,JAX,42.0,39.0,3.0,0.4338560330294115,1,False
2015,13,2015_13_KC_OAK,OAK,KC,20.0,34.0,-14.0,0.2072313339777169,0,False
2015,13,2015_13_DEN_SD,SD,DEN,3.0,17.0,-14.0,0.172653674684085,0,False
2015,13,2015_13_PHI_NE,NE,PHI,28.0,35.0,-7.0,0.9285974765669698,0,False
2015,13,2015_13_CAR_NO,NO,CAR,38.0,41.0,-3.0,0.08840954040551535,0,False
2015,13,2015_13_IND_PIT,PIT,IND,45.0,10.0,35.0,0.6293291992954088,1,False
2015,13,2015_13_DAL_WAS,WAS,DAL,16.0,19.0,-3.0,0.5871231572504921,0,False
2015,14,2015_14_MIN_ARI,ARI,MIN,23.0,20.0,3.0,0.8117021508314598,1,False
2015,14,2015_14_SEA_BAL,BAL,SEA,6.0,35.0,-29.0,0.2219584002489568,0,False
2015,14,2015_14_ATL_CAR,CAR,ATL,38.0,0.0,38.0,0.9043560639842774,1,False
2015,14,2015_14_WAS_CHI,CHI,WAS,21.0,24.0,-3.0,0.6352014630244732,0,False
2015,14,2015_14_PIT_CIN,CIN,PIT,20.0,33.0,-13.0,0.6805255777886473,0,False
2015,14,2015_14_SF_CLE,CLE,SF,24.0,10.0,14.0,0.3455742903685906,1,False
2015,14,2015_14_IND_JAX,JAX,IND,51.0,16.0,35.0,0.34214791765211366,1,False
2015,14,2015_14_SD_KC,KC,SD,10.0,3.0,7.0,0.9278959076449569,1,False
2015,14,2015_14_TEN_NYJ,NYJ,TEN,30.0,8.0,22.0,0.8491671443236974,1,False
2015,14,2015_14_BUF_PHI,PHI,BUF,23.0,20.0,3.0,0.4525827160120433,1,False
2015,14,2015_14_DET_STL,STL,DET,21.0,14.0,7.0,0.43534475235858877,1,False
2015,14,2015_14_NO_TB,TB,NO,17.0,24.0,-7.0,0.7446875317141328,0,False
2015,14,2015_14_OAK_DEN,DEN,OAK,12.0,15.0,-3.0,0.8875781301321397,0,False
2015,14,2015_14_DAL_GB,GB,DAL,28.0,7.0,21.0,0.801883903700634,1,False
2015,14,2015_14_NE_HOU,HOU,NE,6.0,27.0,-21.0,0.2647362445811438,0,False
2015,14,2015_14_NYG_MIA,MIA,NYG,24.0,31.0,-7.0,0.46176145679392655,0,False
2015,15,2015_15_TB_STL,STL,TB,31.0,23.0,8.0,0.5484201107574808,1,False
2015,15,2015_15_NYJ_DAL,DAL,NYJ,16.0,19.0,-3.0,0.41834109729470703,0,False
2015,15,2015_15_KC_BAL,BAL,KC,14.0,34.0,-20.0,0.16546280778531272,0,False
2015,15,2015_15_HOU_IND,IND,HOU,10.0,16.0,-6.0,0.4068352238319205,0,False
2015,15,2015_15_ATL_JAX,JAX,ATL,17.0,23.0,-6.0,0.6252720823778082,0,False
2015,15,2015_15_CHI_MIN,MIN,CHI,38.0,17.0,21.0,0.685215810650687,1,False
2015,15,2015_15_TEN_NE,NE,TEN,33.0,16.0,17.0,0.9643579615171362,1,False
2015,15,2015_15_CAR_NYG,NYG,CAR,35.0,38.0,-3.0,0.16474701709367515,0,False
2015,15,2015_15_BUF_WAS,WAS,BUF,35.0,25.0,10.0,0.4401864702062154,1,False
2015,15,2015_15_GB_OAK,OAK,GB,20.0,30.0,-10.0,0.26350629924457286,0,False
2015,15,2015_15_CLE_SEA,SEA,CLE,30.0,13.0,17.0,0.959727761986499,1,False
2015,15,2015_15_DEN_PIT,PIT,DEN,34.0,27.0,7.0,0.6158067468943081,1,False
2015,15,2015_15_MIA_SD,SD,MIA,30.0,14.0,16.0,0.5515233525546547,1,False
2015,15,2015_15_CIN_SF,SF,CIN,14.0,24.0,-10.0,0.13837603813667887,0,False
2015,15,2015_15_ARI_PHI,PHI,ARI,17.0,40.0,-23.0,0.22109883818926007,0,False
2015,15,2015_15_DET_NO,NO,DET,27.0,35.0,-8.0,0.47188991878587955,0,False
2015,16,2015_16_SD_OAK,OAK,SD,23.0,20.0,3.0,0.5974237356101109,1,False
2015,16,2015_16_WAS_PHI,PHI,WAS,24.0,38.0,-14.0,0.46171907334462275,0,False
2015,16,2015_16_CAR_ATL,ATL,CAR,20.0,13.0,7.0,0.11302708264542993,1,False
2015,16,2015_16_PIT_BAL,BAL,PIT,20.0,17.0,3.0,0.16667363300649066,1,False
2015,16,2015_16_DAL_BUF,BUF,DAL,16.0,6.0,10.0,0.6816950918763047,1,False
2015,16,2015_16_SF_DET,DET,SF,32.0,17.0,15.0,0.7672665787542429,1,False
2015,16,2015_16_CLE_KC,KC,CLE,17.0,13.0,4.0,0.9674261600610023,1,False
2015,16,2015_16_IND_MIA,MIA,IND,12.0,18.0,-6.0,0.47929151040942525,0,False
2015,16,2015_16_NE_NYJ,NYJ,NE,26.0,20.0,6.0,0.2625357470986295,1,False
2015,16,2015_16_CHI_TB,TB,CHI,21.0,26.0,-5.0,0.5606435347012197,0,False
2015,16,2015_16_HOU_TEN,TEN,HOU,6.0,34.0,-28.0,0.2220509922628232,0,False
2015,16,2015_16_JAX_NO,NO,JAX,38.0,27.0,11.0,0.4698664923583441,1,False
2015,16,2015_16_GB_ARI,ARI,GB,38.0,8.0,30.0,0.7122480491551388,1,False
2015,16,2015_16_STL_SEA,SEA,STL,17.0,23.0,-6.0,0.9230540004323402,0,False
2015,16,2015_16_NYG_MIN,MIN,NYG,49.0,17.0,32.0,0.6530449221451284,1,False
2015,16,2015_16_CIN_DEN,DEN,CIN,20.0,17.0,3.0,0.48405779042945685,1,False
2015,17,2015_17_NO_ATL,ATL,NO,17.0,20.0,-3.0,0.6871818089584871,0,False
2015,17,2015_17_NYJ_BUF,BUF,NYJ,22.0,17.0,5.0,0.47106258616773306,1,False
2015,17,2015_17_DET_CHI,CHI,DET,20.0,24.0,-4.0,0.45174920507359306,0,False
2015,17,2015_17_BAL_CIN,CIN,BAL,24.0,16.0,8.0,0.8557380932202894,1,False
2015,17,2015_17_PIT_CLE,CLE,PIT,12.0,28.0,-16.0,0.09161854399757924,0,False
2015,17,2015_17_WAS_DAL,DAL,WAS,23.0,34.0,-11.0,0.36773697746218736,0,False
2015,17,2015_17_JAX_HOU,HOU,JAX,30.0,6.0,24.0,0.7912757449927053,1,False
2015,17,2015_17_TEN_IND,IND,TEN,30.0,24.0,6.0,0.7921569438217343,1,False
2015,17,2015_17_NE_MIA,MIA,NE,20.0,10.0,10.0,0.09992785192752338,1,False
2015,17,2015_17_PHI_NYG,NYG,PHI,30.0,35.0,-5.0,0.6476163946967153,0,False
2015,17,2015_17_SEA_ARI,ARI,SEA,6.0,36.0,-30.0,0.6960764928790931,0,False
2015,17,2015_17_TB_CAR,CAR,TB,38.0,10.0,28.0,0.9334717226822378,1,False
2015,17,2015_17_SD_DEN,DEN,SD,27.0,20.0,7.0,0.8612981268710675,1,False
2015,17,2015_17_OAK_KC,KC,OAK,23.0,17.0,6.0,0.9235111015621887,1,False
2015,17,2015_17_STL_SF,SF,STL,19.0,16.0,3.0,0.35880637104031154,1,False
2015,17,2015_17_MIN_GB,GB,MIN,13.0,20.0,-7.0,0.5793942998485049,0,False
2016,1,2016_01_CAR_DEN,DEN,CAR,21.0,20.0,1.0,0.3851631344870852,1,False
2016,1,2016_01_TB_ATL,ATL,TB,24.0,31.0,-7.0,0.6377864129933539,0,False
2016,1,2016_01_BUF_BAL,BAL,BUF,13.0,7.0,6.0,0.4298461622938533,1,False
2016,1,2016_01_CHI_HOU,HOU,CHI,23.0,14.0,9.0,0.7345588531656568,1,False
2016,1,2016_01_GB_JAX,JAX,GB,23.0,27.0,-4.0,0.33463009682621,0,False
2016,1,2016_01_SD_KC,KC,SD,33.0,27.0,6.0,0.8804982479625749,1,False
2016,1,2016_01_OAK_NO,NO,OAK,34.0,35.0,-1.0,0.5594416800629658,0,False
2016,1,2016_01_CIN_NYJ,NYJ,CIN,22.0,23.0,-1.0,0.4641330187137844,0,False
2016,1,2016_01_CLE_PHI,PHI,CLE,29.0,10.0,19.0,0.6984420366690144,1,False
2016,1,2016_01_MIN_TEN,TEN,MIN,16.0,25.0,-9.0,0.1658055500991935,0,False
2016,1,2016_01_MIA_SEA,SEA,MIA,12.0,10.0,2.0,0.9020942300089715,1,False
2016,1,2016_01_NYG_DAL,DAL,NYG,19.0,20.0,-1.0,0.5144265806622647,0,False
2016,1,2016_01_DET_IND,IND,DET,35.0,39.0,-4.0,0.3847944786094464,0,False
2016,1,2016_01_NE_ARI,ARI,NE,21.0,23.0,-2.0,0.677818489492868,0,False
2016,1,2016_01_PIT_WAS,WAS,PIT,16.0,38.0,-22.0,0.41480871676352615,0,False
2016,1,2016_01_LA_SF,SF,LA,28.0,0.0,28.0,0.39610378550122044,1,False
2016,2,2016_02_NYJ_BUF,BUF,NYJ,31.0,37.0,-6.0,0.4853784655037836,0,False
2016,2,2016_02_TB_ARI,ARI,TB,40.0,7.0,33.0,0.8279710378467511,1,False
2016,2,2016_02_SF_CAR,CAR,SF,46.0,27.0,19.0,0.8473596474251174,1,False
2016,2,2016_02_BAL_CLE,CLE,BAL,20.0,25.0,-5.0,0.3355715928522495,0,False
2016,2,2016_02_TEN_DET,DET,TEN,15.0,16.0,-1.0,0.8818033281495944,0,False
2016,2,2016_02_KC_HOU,HOU,KC,19.0,12.0,7.0,0.4149332582263411,1,False
2016,2,2016_02_MIA_NE,NE,MIA,31.0,24.0,7.0,0.8180976861413208,1,False
2016,2,2016_02_NO_NYG,NYG,NO,16.0,13.0,3.0,0.5999818579899625,1,False
2016,2,2016_02_CIN_PIT,PIT,CIN,24.0,16.0,8.0,0.670271272785928,1,False
2016,2,2016_02_DAL_WAS,WAS,DAL,23.0,27.0,-4.0,0.6919972209770484,0,False
2016,2,2016_02_SEA_LA,LA,SEA,9.0,3.0,6.0,0.19012410414220327,1,False
2016,2,2016_02_IND_DEN,DEN,IND,34.0,20.0,14.0,0.8259497282577453,1,False
2016,2,2016_02_ATL_OAK,OAK,ATL,28.0,35.0,-7.0,0.6156538801177995,0,False
2016,2,2016_02_JAX_SD,SD,JAX,38.0,14.0,24.0,0.5833300445623432,1,False
2016,2,2016_02_GB_MIN,MIN,GB,17.0,14.0,3.0,0.6057245710184984,1,False
2016,2,2016_02_PHI_CHI,CHI,PHI,14.0,29.0,-15.0,0.4916601020605352,0,False
2016,3,2016_03_HOU_NE,NE,HOU,27.0,0.0,27.0,0.5675500879109151,1,False
2016,3,2016_03_ARI_BUF,BUF,ARI,33.0,18.0,15.0,0.26429620348463095,1,False
2016,3,2016_03_MIN_CAR,CAR,MIN,10.0,22.0,-12.0,0.6818310060545445,0,False
2016,3,2016_03_DEN_CIN,CIN,DEN,17.0,29.0,-12.0,0.5248529123082025,0,False
2016,3,2016_03_DET_GB,GB,DET,34.0,27.0,7.0,0.5708216415626913,1,False
2016,3,2016_03_BAL_JAX,JAX,BAL,17.0,19.0,-2.0,0.36390176088627485,0,False
2016,3,2016_03_CLE_MIA,MIA,CLE,30.0,24.0,6.0,0.699070564019767,1,False
2016,3,2016_03_WAS_NYG,NYG,WAS,27.0,29.0,-2.0,0.5197190009759954,0,False
2016,3,2016_03_OAK_TEN,TEN,OAK,10.0,17.0,-7.0,0.37561155983614714,0,False
2016,3,2016_03_SF_SEA,SEA,SF,37.0,18.0,19.0,0.861615333150274,1,False
2016,3,2016_03_LA_TB,TB,LA,32.0,37.0,-5.0,0.3819057594344743,0,False
2016,3,2016_03_SD_IND,IND,SD,26.0,22.0,4.0,0.42282358809617143,1,False
2016,3,2016_03_NYJ_KC,KC,NYJ,24.0,3.0,21.0,0.654970485421216,1,False
2016,3,2016_03_PIT_PHI,PHI,PIT,34.0,3.0,31.0,0.28458320114803787,1,False
2016,3,2016_03_CHI_DAL,DAL,CHI,31.0,17.0,14.0,0.6328481218768683,1,False
2016,3,2016_03_ATL_NO,NO,ATL,32.0,45.0,-13.0,0.5427379670883121,0,False
2016,4,2016_04_MIA_CIN,CIN,MIA,22.0,7.0,15.0,0.7475079000064085,1,False
2016,4,2016_04_IND_JAX,JAX,IND,30.0,27.0,3.0,0.412645266819445,1,True
2016,4,2016_04_CAR_ATL,ATL,CAR,48.0,33.0,15.0,0.3367220275222877,1,False
2016,4,2016_04_OAK_BAL,BAL,OAK,27.0,28.0,-1.0,0.6134116466112247,0,False
2016,4,2016_04_DET_CHI,CHI,DET,17.0,14.0,3.0,0.32512045741981793,1,False
2016,4,2016_04_TEN_HOU,HOU,TEN,27.0,20.0,7.0,0.8659170193924699,1,False
2016,4,2016_04_BUF_NE,NE,BUF,0.0,16.0,-16.0,0.7512739027292696,0,False
2016,4,2016_04_SEA_NYJ,NYJ,SEA,17.0,27.0,-10.0,0.286565552954041,0,False
2016,4,2016_04_CLE_WAS,WAS,CLE,31.0,20.0,11.0,0.82444191771984,1,False
2016,4,2016_04_DEN_TB,TB,DEN,7.0,27.0,-20.0,0.16222668236608967,0,False
2016,4,2016_04_LA_ARI,ARI,LA,13.0,17.0,-4.0,0.7905178054337232,0,False
2016,4,2016_04_NO_SD,SD,NO,34.0,35.0,-1.0,0.6282753116621156,0,False
2016,4,2016_04_DAL_SF,SF,DAL,17.0,24.0,-7.0,0.48962544040526673,0,False
2016,4,2016_04_KC_PIT,PIT,KC,43.0,14.0,29.0,0.5097533364719715,1,False
2016,4,2016_04_NYG_MIN,MIN,NYG,24.0,10.0,14.0,0.8316733854387989,1,False
2016,5,2016_05_ARI_SF,SF,ARI,21.0,33.0,-12.0,0.2732335108359015,0,False
2016,5,2016_05_WAS_BAL,BAL,WAS,10.0,16.0,-6.0,0.4884426549868624,0,False
2016,5,2016_05_NE_CLE,CLE,NE,13.0,33.0,-20.0,0.14842797121853157,0,False
2016,5,2016_05_PHI_DET,DET,PHI,24.0,23.0,1.0,0.36117161894660404,1,False
2016,5,2016_05_CHI_IND,IND,CHI,29.0,23.0,6.0,0.6307624048607633,1,False
2016,5,2016_05_TEN_MIA,MIA,TEN,17.0,30.0,-13.0,0.7478795369011345,0,False
2016,5,2016_05_HOU_MIN,MIN,HOU,31.0,13.0,18.0,0.7687366715800228,1,False
2016,5,2016_05_NYJ_PIT,PIT,NYJ,31.0,13.0,18.0,0.8050272015738636,1,False
2016,5,2016_05_ATL_DEN,DEN,ATL,16.0,23.0,-7.0,0.7594565561754744,0,False
2016,5,2016_05_CIN_DAL,DAL,CIN,28.0,14.0,14.0,0.44995414322534927,1,False
2016,5,2016_05_BUF_LA,LA,BUF,19.0,30.0,-11.0,0.4291089015113197,0,False
2016,5,2016_05_SD_OAK,OAK,SD,34.0,31.0,3.0,0.5917975401963074,1,False
2016,5,2016_05_NYG_GB,GB,NYG,23.0,16.0,7.0,0.7745009306971805,1,False
2016,5,2016_05_TB_CAR,CAR,TB,14.0,17.0,-3.0,0.8846562686620619,0,False
2016,6,2016_06_DEN_SD,SD,DEN,21.0,13.0,8.0,0.26835476740311626,1,False
2016,6,2016_06_SF_BUF,BUF,SF,45.0,16.0,29.0,0.8635152985205431,1,False
2016,6,2016_06_JAX_CHI,CHI,JAX,16.0,17.0,-1.0,0.5470927417676035,0,False
2016,6,2016_06_LA_DET,DET,LA,31.0,28.0,3.0,0.6280366792846445,1,False
2016,6,2016_06_PIT_MIA,MIA,PIT,30.0,15.0,15.0,0.13699748357550245,1,False
2016,6,2016_06_CIN_NE,NE,CIN,35.0,17.0,18.0,0.722134128670463,1,False
2016,6,2016_06_CAR_NO,NO,CAR,41.0,38.0,3.0,0.389311594309878,1,False
2016,6,2016_06_BAL_NYG,NYG,BAL,27.0,23.0,4.0,0.4617749272175266,1,False
2016,6,2016_06_CLE_TEN,TEN,CLE,28.0,26.0,2.0,0.6817083225754645,1,False
2016,6,2016_06_PHI_WAS,WAS,PHI,27.0,20.0,7.0,0.4749040350054841,1,False
2016,6,2016_06_KC_OAK,OAK,KC,10.0,26.0,-16.0,0.39800814053259836,0,False
2016,6,2016_06_DAL_GB,GB,DAL,16.0,30.0,-14.0,0.6326341818608339,0,False
2016,6,2016_06_ATL_SEA,SEA,ATL,26.0,24.0,2.0,0.7164212851187527,1,False
2016,6,2016_06_IND_HOU,HOU,IND,26.0,23.0,3.0,0.7097017159677905,1,False
2016,6,2016_06_NYJ_ARI,ARI,NYJ,28.0,3.0,25.0,0.7949462723913752,1,False
2016,7,2016_07_CHI_GB,GB,CHI,26.0,10.0,16.0,0.8010262773593074,1,False
2016,7,2016_07_NYG_LA,LA,NYG,10.0,17.0,-7.0,0.5505159151047547,0,True
2016,7,2016_07_CLE_CIN,CIN,CLE,31.0,17.0,14.0,0.8411992738614437,1,False
2016,7,2016_07_WAS_DET,DET,WAS,20.0,17.0,3.0,0.48830763493864693,1,False
2016,7,2016_07_OAK_JAX,JAX,OAK,16.0,33.0,-17.0,0.3862501105917376,0,False
2016,7,2016_07_NO_KC,KC,NO,27.0,21.0,6.0,0.8053653837908863,1,False
2016,7,2016_07_BUF_MIA,MIA,BUF,28.0,25.0,3.0,0.23622965662482798,1,False
2016,7,2016_07_BAL_NYJ,NYJ,BAL,24.0,16.0,8.0,0.4561660259373603,1,False
2016,7,2016_07_MIN_PHI,PHI,MIN,21.0,10.0,11.0,0.30309471311529435,1,False
2016,7,2016_07_IND_TEN,TEN,IND,26.0,34.0,-8.0,0.4365769321436812,0,False
2016,7,2016_07_SD_ATL,ATL,SD,30.0,33.0,-3.0,0.738902657850875,0,False
2016,7,2016_07_TB_SF,SF,TB,17.0,34.0,-17.0,0.5515917130536425,0,False
2016,7,2016_07_NE_PIT,PIT,NE,16.0,27.0,-11.0,0.5187946718465127,0,False
2016,7,2016_07_SEA_ARI,ARI,SEA,6.0,6.0,0.0,0.4759666724752929,0,False
2016,7,2016_07_HOU_DEN,DEN,HOU,27.0,9.0,18.0,0.6666348891041092,1,False
2016,8,2016_08_JAX_TEN,TEN,JAX,36.0,22.0,14.0,0.6506967672638518,1,False
2016,8,2016_08_WAS_CIN,CIN,WAS,27.0,27.0,0.0,0.455833299807483,0,True
2016,8,2016_08_NE_BUF,BUF,NE,25.0,41.0,-16.0,0.48410610375730934,0,False
2016,8,2016_08_ARI_CAR,CAR,ARI,30.0,20.0,10.0,0.4416003628918598,1,False
2016,8,2016_08_NYJ_CLE,CLE,NYJ,28.0,31.0,-3.0,0.3041499525001696,0,False
2016,8,2016_08_DET_HOU,HOU,DET,20.0,13.0,7.0,0.5313734807726376,1,False
2016,8,2016_08_KC_IND,IND,KC,14.0,30.0,-16.0,0.33017155389275116,0,False
2016,8,2016_08_SEA_NO,NO,SEA,25.0,20.0,5.0,0.20997156470159883,1,False
2016,8,2016_08_OAK_TB,TB,OAK,24.0,30.0,-6.0,0.42649555034644765,0,False
2016,8,2016_08_SD_DEN,DEN,SD,27.0,19.0,8.0,0.7826553899317834,1,False
2016,8,2016_08_GB_ATL,ATL,GB,33.0,32.0,1.0,0.609507271691736,1,False
2016,8,2016_08_PHI_DAL,DAL,PHI,29.0,23.0,6.0,0.5057861986599227,1,False
2016,8,2016_08_MIN_CHI,CHI,MIN,20.0,10.0,10.0,0.11228237432897187,1,False
2016,9,2016_09_ATL_TB,TB,ATL,28.0,43.0,-15.0,0.2723011192346808,0,False
2016,9,2016_09_PIT_BAL,BAL,PIT,21.0,14.0,7.0,0.3243752452298285,1,False
2016,9,2016_09_DAL_CLE,CLE,DAL,10.0,35.0,-25.0,0.10626269234529478,0,False
2016,9,2016_09_JAX_KC,KC,JAX,19.0,14.0,5.0,0.9330816012180492,1,False
2016,9,2016_09_NYJ_MIA,MIA,NYJ,27.0,23.0,4.0,0.6265416461052157,1,False
2016,9,2016_09_DET_MIN,MIN,DET,16.0,22.0,-6.0,0.7465531615692109,0,False
2016,9,2016_09_PHI_NYG,NYG,PHI,28.0,23.0,5.0,0.3412544482751175,1,False
2016,9,2016_09_CAR_LA,LA,CAR,10.0,13.0,-3.0,0.3598936507722643,0,False
2016,9,2016_09_NO_SF,SF,NO,23.0,41.0,-18.0,0.339926669967672,0,False
2016,9,2016_09_IND_GB,GB,IND,26.0,31.0,-5.0,0.7587807793993355,0,False
2016,9,2016_09_TEN_SD,SD,TEN,43.0,35.0,8.0,0.6941758381571549,1,False
2016,9,2016_09_DEN_OAK,OAK,DEN,30.0,20.0,10.0,0.3348509438355425,1,False
2016,9,2016_09_BUF_SEA,SEA,BUF,31.0,25.0,6.0,0.6675090893545184,1,False
2016,10,2016_10_CLE_BAL,BAL,CLE,28.0,7.0,21.0,0.8629707812949291,1,False
2016,10,2016_10_KC_CAR,CAR,KC,17.0,20.0,-3.0,0.4218405075303795,0,False
2016,10,2016_10_HOU_JAX,JAX,HOU,21.0,24.0,-3.0,0.26255074740911066,0,False
2016,10,2016_10_DEN_NO,NO,DEN,23.0,25.0,-2.0,0.3608397778691606,0,False
2016,10,2016_10_LA_NYJ,NYJ,LA,6.0,9.0,-3.0,0.5542578838192093,0,False
2016,10,2016_10_ATL_PHI,PHI,ATL,24.0,15.0,9.0,0.5345540622615993,1,False
2016,10,2016_10_CHI_TB,TB,CHI,36.0,10.0,26.0,0.5722668356057676,1,False
2016,10,2016_10_GB_TEN,TEN,GB,47.0,25.0,22.0,0.33467557190642094,1,False
2016,10,2016_10_MIN_WAS,WAS,MIN,26.0,20.0,6.0,0.5030032745565087,1,False
2016,10,2016_10_MIA_SD,SD,MIA,24.0,31.0,-7.0,0.6285550727991721,0,False
2016,10,2016_10_SF_ARI,ARI,SF,23.0,20.0,3.0,0.9113121704613811,1,False
2016,10,2016_10_DAL_PIT,PIT,DAL,30.0,35.0,-5.0,0.3866234867824399,0,False
2016,10,2016_10_SEA_NE,NE,SEA,24.0,31.0,-7.0,0.6939960418359106,0,False
2016,10,2016_10_CIN_NYG,NYG,CIN,21.0,20.0,1.0,0.5897253740080631,1,False
2016,11,2016_11_NO_CAR,CAR,NO,23.0,20.0,3.0,0.65885584303346,1,False
2016,11,2016_11_BUF_CIN,CIN,BUF,12.0,16.0,-4.0,0.4146266045973478,0,False
2016,11,2016_11_PIT_CLE,CLE,PIT,9.0,24.0,-15.0,0.15446033629157818,0,False
2016,11,2016_11_BAL_DAL,DAL,BAL,27.0,17.0,10.0,0.8092110608465373,1,False
2016,11,2016_11_JAX_DET,DET,JAX,26.0,19.0,7.0,0.8514437878207445,1,False
2016,11,2016_11_TEN_IND,IND,TEN,24.0,17.0,7.0,0.5699668280034387,1,False
2016,11,2016_11_TB_KC,KC,TB,17.0,19.0,-2.0,0.8511143088240285,0,False
2016,11,2016_11_ARI_MIN,MIN,ARI,30.0,24.0,6.0,0.4806423884587516,1,False
2016,11,2016_11_CHI_NYG,NYG,CHI,22.0,16.0,6.0,0.8169077886209051,1,False
2016,11,2016_11_MIA_LA,LA,MIA,10.0,14.0,-4.0,0.5077270189592642,0,False
2016,11,2016_11_PHI_SEA,SEA,PHI,26.0,15.0,11.0,0.6770638414199187,1,False
2016,11,2016_11_NE_SF,SF,NE,17.0,30.0,-13.0,0.06015420206080134,0,False
2016,11,2016_11_GB_WAS,WAS,GB,42.0,24.0,18.0,0.7286905810896009,1,False
2016,11,2016_11_HOU_OAK,OAK,HOU,27.0,20.0,7.0,0.5965033626867623,1,True
2016,12,2016_12_MIN_DET,DET,MIN,16.0,13.0,3.0,0.506762898773294,1,False
2016,12,2016_12_WAS_DAL,DAL,WAS,31.0,26.0,5.0,0.7009664993582412,1,False
2016,12,2016_12_PIT_IND,IND,PIT,7.0,28.0,-21.0,0.5177407255299528,0,False
2016,12,2016_12_ARI_ATL,ATL,ARI,38.0,19.0,19.0,0.6208854114780358,1,False
2016,12,2016_12_CIN_BAL,BAL,CIN,19.0,14.0,5.0,0.5760341954949469,1,False
2016,12,2016_12_JAX_BUF,BUF,JAX,28.0,21.0,7.0,0.909269561126267,1,False
2016,12,2016_12_TEN_CHI,CHI,TEN,21.0,27.0,-6.0,0.38024331818143775,0,False
2016,12,2016_12_NYG_CLE,CLE,NYG,13.0,27.0,-14.0,0.13025385354331054,0,False
2016,12,2016_12_SD_HOU,HOU,SD,13.0,21.0,-8.0,0.5663069021154021,0,False
2016,12,2016_12_SF_MIA,MIA,SF,31.0,24.0,7.0,0.8954499404368611,1,False
2016,12,2016_12_LA_NO,NO,LA,49.0,21.0,28.0,0.6225987492482414,1,False
2016,12,2016_12_SEA_TB,TB,SEA,14.0,5.0,9.0,0.22600777448018083,1,False
2016,12,2016_12_NE_NYJ,NYJ,NE,17.0,22.0,-5.0,0.13783326187698206,0,False
2016,12,2016_12_CAR_OAK,OAK,CAR,35.0,32.0,3.0,0.6478438587679086,1,False
2016,12,2016_12_KC_DEN,DEN,KC,27.0,30.0,-3.0,0.5400559014324493,0,False
2016,12,2016_12_GB_PHI,PHI,GB,13.0,27.0,-14.0,0.7658624847437524,0,False
2016,13,2016_13_DAL_MIN,MIN,DAL,15.0,17.0,-2.0,0.3065189663786421,0,False
2016,13,2016_13_KC_ATL,ATL,KC,28.0,29.0,-1.0,0.536460132961511,0,False
2016,13,2016_13_MIA_BAL,BAL,MIA,38.0,6.0,32.0,0.5116726734113508,1,False
2016,13,2016_13_SF_CHI,CHI,SF,26.0,6.0,20.0,0.6868304450334511,1,False
2016,13,2016_13_PHI_CIN,CIN,PHI,32.0,14.0,18.0,0.5245959466005021,1,False
2016,13,2016_13_HOU_GB,GB,HOU,21.0,13.0,8.0,0.595818513734364,1,False
2016,13,2016_13_DEN_JAX,JAX,DEN,10.0,20.0,-10.0,0.1449136688329606,0,False
2016,13,2016_13_LA_NE,NE,LA,26.0,10.0,16.0,0.9191708981741165,1,False
2016,13,2016_13_DET_NO,NO,DET,13.0,28.0,-15.0,0.5677086577462837,0,False
2016,13,2016_13_BUF_OAK,OAK,BUF,38.0,24.0,14.0,0.5591740244453804,1,False
2016,13,2016_13_WAS_ARI,ARI,WAS,31.0,23.0,8.0,0.43587074823659505,1,False
2016,13,2016_13_NYG_PIT,PIT,NYG,24.0,14.0,10.0,0.6544657651465601,1,False
2016,13,2016_13_TB_SD,SD,TB,21.0,28.0,-7.0,0.533742556022097,0,False
2016,13,2016_13_CAR_SEA,SEA,CAR,40.0,7.0,33.0,0.7409982802094144,1,False
2016,13,2016_13_IND_NYJ,NYJ,IND,10.0,41.0,-31.0,0.4956039858401131,0,False
2016,14,2016_14_OAK_KC,KC,OAK,21.0,13.0,8.0,0.629606790066234,1,False
2016,14,2016_14_PIT_BUF,BUF,PIT,20.0,27.0,-7.0,0.48433761572737705,0,False
2016,14,2016_14_SD_CAR,CAR,SD,28.0,16.0,12.0,0.5859133695783708,1,False
2016,14,2016_14_CIN_CLE,CLE,CIN,10.0,23.0,-13.0,0.1373521679203019,0,False
2016,14,2016_14_CHI_DET,DET,CHI,20.0,17.0,3.0,0.8558194226600755,1,False
2016,14,2016_14_HOU_IND,IND,HOU,17.0,22.0,-5.0,0.7016575582141116,0,False
2016,14,2016_14_MIN_JAX,JAX,MIN,16.0,25.0,-9.0,0.20144098072496783,0,False
2016,14,2016_14_ARI_MIA,MIA,ARI,26.0,23.0,3.0,0.4520358449314177,1,False
2016,14,2016_14_WAS_PHI,PHI,WAS,22.0,27.0,-5.0,0.3888533209315004,0,False
2016,14,2016_14_DEN_TEN,TEN,DEN,13.0,10.0,3.0,0.3707572504461018,1,False
2016,14,2016_14_NYJ_SF,SF,NYJ,17.0,23.0,-6.0,0.34508810638030024,0,False
2016,14,2016_14_SEA_GB,GB,SEA,38.0,10.0,28.0,0.26085778935779713,1,False
2016,14,2016_14_ATL_LA,LA,ATL,14.0,42.0,-28.0,0.21273296784228832,0,False
2016,14,2016_14_NO_TB,TB,NO,16.0,11.0,5.0,0.6611093797196633,1,False
2016,14,2016_14_DAL_NYG,NYG,DAL,10.0,7.0,3.0,0.29073526929151167,1,False
2016,14,2016_14_BAL_NE,NE,BAL,30.0,23.0,7.0,0.803584785286114,1,False
2016,15,2016_15_LA_SEA,SEA,LA,24.0,3.0,21.0,0.9009361222714234,1,False
2016,15,2016_15_MIA_NYJ,NYJ,MIA,13.0,34.0,-21.0,0.3658103262324734,0,False
2016,15,2016_15_PHI_BAL,BAL,PHI,27.0,26.0,1.0,0.7513536763552884,1,False
2016,15,2016_15_CLE_BUF,BUF,CLE,33.0,13.0,20.0,0.9256818818295948,1,False
2016,15,2016_15_GB_CHI,CHI,GB,27.0,30.0,-3.0,0.22753740468201608,0,False
2016,15,2016_15_PIT_CIN,CIN,PIT,20.0,24.0,-4.0,0.44880640522931436,0,False
2016,15,2016_15_JAX_HOU,HOU,JAX,21.0,20.0,1.0,0.8453000092061147,1,False
2016,15,2016_15_TEN_KC,KC,TEN,17.0,19.0,-2.0,0.8313188116396972,0,False
2016,15,2016_15_IND_MIN,MIN,IND,6.0,34.0,-28.0,0.6240204080168996,0,False
2016,15,2016_15_DET_NYG,NYG,DET,17.0,6.0,11.0,0.5078282903547979,1,False
2016,15,2016_15_NO_ARI,ARI,NO,41.0,48.0,-7.0,0.6224052024329203,0,False
2016,15,2016_15_SF_ATL,ATL,SF,41.0,13.0,28.0,0.9572158701361304,1,False
2016,15,2016_15_NE_DEN,DEN,NE,3.0,16.0,-13.0,0.3178312811623238,0,False
2016,15,2016_15_OAK_SD,SD,OAK,16.0,19.0,-3.0,0.32775723463579964,0,False
2016,15,2016_15_TB_DAL,DAL,TB,26.0,20.0,6.0,0.7138108776015185,1,False
2016,15,2016_15_CAR_WAS,WAS,CAR,15.0,26.0,-11.0,0.6411760976091072,0,False
2016,16,2016_16_NYG_PHI,PHI,NYG,24.0,19.0,5.0,0.30542953213885976,1,False
2016,16,2016_16_MIA_BUF,BUF,MIA,31.0,34.0,-3.0,0.5499060827045833,0,False
2016,16,2016_16_ATL_CAR,CAR,ATL,16.0,33.0,-17.0,0.4026153553496614,0,False
2016,16,2016_16_WAS_CHI,CHI,WAS,21.0,41.0,-20.0,0.29791033111665743,0,False
2016,16,2016_16_SD_CLE,CLE,SD,20.0,17.0,3.0,0.17803208992206435,1,False
2016,16,2016_16_MIN_GB,GB,MIN,38.0,25.0,13.0,0.7486197112857289,1,False
2016,16,2016_16_TEN_JAX,JAX,TEN,38.0,17.0,21.0,0.223696950957631,1,False
2016,16,2016_16_NYJ_NE,NE,NYJ,41.0,3.0,38.0,0.94585817653545,1,False
2016,16,2016_16_IND_OAK,OAK,IND,33.0,25.0,8.0,0.678140856628435,1,False
2016,16,2016_16_SF_LA,LA,SF,21.0,22.0,-1.0,0.721558905474439,0,False
2016,16,2016_16_TB_NO,NO,TB,31.0,24.0,7.0,0.527303678987789,1,False
2016,16,2016_16_ARI_SEA,SEA,ARI,31.0,34.0,-3.0,0.8027027211397351,0,False
2016,16,2016_16_CIN_HOU,HOU,CIN,12.0,10.0,2.0,0.4605252593705145,1,False
2016,16,2016_16_BAL_PIT,PIT,BAL,31.0,27.0,4.0,0.6739402575133672,1,False
2016,16,2016_16_DEN_KC,KC,DEN,33.0,10.0,23.0,0.7140350331582409,1,False
2016,16,2016_16_DET_DAL,DAL,DET,42.0,21.0,21.0,0.7498668759570126,1,False
2016,17,2016_17_BAL_CIN,CIN,BAL,27.0,10.0,17.0,0.4900663206764795,1,False
2016,17,2016_17_JAX_IND,IND,JAX,24.0,20.0,4.0,0.8153656588429455,1,False
2016,17,2016_17_NE_MIA,MIA,NE,14.0,35.0,-21.0,0.22028954582486257,0,False
2016,17,2016_17_CHI_MIN,MIN,CHI,38.0,10.0,28.0,0.7274047367403069,1,False
2016,17,2016_17_BUF_NYJ,NYJ,BUF,30.0,10.0,20.0,0.2695532368667275,1,False
2016,17,2016_17_DAL_PHI,PHI,DAL,27.0,13.0,14.0,0.1937505260614017,1,False
2016,17,2016_17_CLE_PIT,PIT,CLE,27.0,24.0,3.0,0.9650858755375421,1,False
2016,17,2016_17_CAR_TB,TB,CAR,17.0,16.0,1.0,0.5915424041956237,1,False
2016,17,2016_17_HOU_TEN,TEN,HOU,24.0,17.0,7.0,0.4701981736176771,1,False
2016,17,2016_17_NO_ATL,ATL,NO,38.0,32.0,6.0,0.7928121667496252,1,False
2016,17,2016_17_OAK_DEN,DEN,OAK,24.0,6.0,18.0,0.35608715114917844,1,False
2016,17,2016_17_ARI_LA,LA,ARI,6.0,44.0,-38.0,0.2653393397543206,0,False
2016,17,2016_17_KC_SD,SD,KC,27.0,37.0,-10.0,0.18047510504252556,0,False
2016,17,2016_17_SEA_SF,SF,SEA,23.0,25.0,-2.0,0.08683232986549615,0,False
2016,17,2016_17_NYG_WAS,WAS,NYG,10.0,19.0,-9.0,0.5815231411922696,0,False
2016,17,2016_17_GB_DET,DET,GB,24.0,31.0,-7.0,0.41492560774606496,0,False
2017,1,2017_01_KC_NE,NE,KC,27.0,42.0,-15.0,0.695977740429342,0,False
2017,1,2017_01_NYJ_BUF,BUF,NYJ,21.0,12.0,9.0,0.6761655507905109,1,False
2017,1,2017_01_ATL_CHI,CHI,ATL,17.0,23.0,-6.0,0.1423484766539652,0,False
2017,1,2017_01_BAL_CIN,CIN,BAL,0.0,20.0,-20.0,0.6220574920361855,0,False
2017,1,2017_01_PIT_CLE,CLE,PIT,18.0,21.0,-3.0,0.12675469026788394,0,False
2017,1,2017_01_ARI_DET,DET,ARI,35.0,23.0,12.0,0.5088645039852202,1,False
2017,1,2017_01_JAX_HOU,HOU,JAX,7.0,29.0,-22.0,0.6819031651445184,0,False
2017,1,2017_01_OAK_TEN,TEN,OAK,16.0,26.0,-10.0,0.4407287343188243,0,False
2017,1,2017_01_PHI_WAS,WAS,PHI,17.0,30.0,-13.0,0.6119504982244521,0,False
2017,1,2017_01_IND_LA,LA,IND,46.0,9.0,37.0,0.21592717882747056,1,False
2017,1,2017_01_SEA_GB,GB,SEA,17.0,9.0,8.0,0.5817692427709255,1,False
2017,1,2017_01_CAR_SF,SF,CAR,3.0,23.0,-20.0,0.2953608739811304,0,False
2017,1,2017_01_NYG_DAL,DAL,NYG,19.0,3.0,16.0,0.6262465798373672,1,False
2017,1,2017_01_NO_MIN,MIN,NO,29.0,19.0,10.0,0.5406725931785031,1,False
2017,1,2017_01_LAC_DEN,DEN,LAC,24.0,21.0,3.0,0.6000731424317451,1,False
2017,2,2017_02_HOU_CIN,CIN,HOU,9.0,13.0,-4.0,0.7021903396557794,0,False
2017,2,2017_02_CLE_BAL,BAL,CLE,24.0,10.0,14.0,0.8728831771557553,1,False
2017,2,2017_02_BUF_CAR,CAR,BUF,9.0,3.0,6.0,0.6147442200192418,1,False
2017,2,2017_02_ARI_IND,IND,ARI,13.0,16.0,-3.0,0.4917428680505741,0,False
2017,2,2017_02_TEN_JAX,JAX,TEN,16.0,37.0,-21.0,0.5810268400412529,0,False
2017,2,2017_02_PHI_KC,KC,PHI,27.0,20.0,7.0,0.7719118092858228,1,False
2017,2,2017_02_NE_NO,NO,NE,20.0,36.0,-16.0,0.273836117207505,0,False
2017,2,2017_02_MIN_PIT,PIT,MIN,26.0,9.0,17.0,0.7219535516831067,1,False
2017,2,2017_02_CHI_TB,TB,CHI,29.0,7.0,22.0,0.8159735958258625,1,False
2017,2,2017_02_MIA_LAC,LAC,MIA,17.0,19.0,-2.0,0.5539259522684096,0,False
2017,2,2017_02_NYJ_OAK,OAK,NYJ,45.0,20.0,25.0,0.8223639158176742,1,False
2017,2,2017_02_DAL_DEN,DEN,DAL,42.0,17.0,25.0,0.43695197444833256,1,False
2017,2,2017_02_WAS_LA,LA,WAS,20.0,27.0,-7.0,0.42239008097985004,0,False
2017,2,2017_02_SF_SEA,SEA,SF,12.0,9.0,3.0,0.8836847972288336,1,False
2017,2,2017_02_GB_ATL,ATL,GB,34.0,23.0,11.0,0.6146383797125909,1,False
2017,2,2017_02_DET_NYG,NYG,DET,10.0,24.0,-14.0,0.5532171655640119,0,False
2017,3,2017_03_LA_SF,SF,LA,39.0,41.0,-2.0,0.43452028120102015,0,False
2017,3,2017_03_DEN_BUF,BUF,DEN,26.0,16.0,10.0,0.3711411773981942,1,False
2017,3,2017_03_NO_CAR,CAR,NO,13.0,34.0,-21.0,0.7055693825990295,0,False
2017,3,2017_03_PIT_CHI,CHI,PIT,23.0,17.0,6.0,0.1351197516834187,1,False
2017,3,2017_03_ATL_DET,DET,ATL,26.0,30.0,-4.0,0.35124442129695094,0,False
2017,3,2017_03_CLE_IND,IND,CLE,31.0,28.0,3.0,0.771227953291983,1,False
2017,3,2017_03_TB_MIN,MIN,TB,34.0,17.0,17.0,0.45907963137092256,1,False
2017,3,2017_03_HOU_NE,NE,HOU,36.0,33.0,3.0,0.8783768598101076,1,False
2017,3,2017_03_MIA_NYJ,NYJ,MIA,20.0,6.0,14.0,0.30777320314580087,1,False
2017,3,2017_03_NYG_PHI,PHI,NYG,27.0,24.0,3.0,0.6332624575890337,1,False
2017,3,2017_03_SEA_TEN,TEN,SEA,33.0,27.0,6.0,0.46250147083072796,1,False
2017,3,2017_03_CIN_GB,GB,CIN,27.0,24.0,3.0,0.7659851867127095,1,False
2017,3,2017_03_KC_LAC,LAC,KC,10.0,24.0,-14.0,0.2577596498473905,0,False
2017,3,2017_03_OAK_WAS,WAS,OAK,27.0,10.0,17.0,0.3946564113408288,1,False
2017,3,2017_03_BAL_JAX,JAX,BAL,44.0,7.0,37.0,0.26003301240477655,1,True
2017,3,2017_03_DAL_ARI,ARI,DAL,17.0,28.0,-11.0,0.5051291649227185,0,False
2017,4,2017_04_CHI_GB,GB,CHI,35.0,14.0,21.0,0.8723592457038173,1,False
2017,4,2017_04_BUF_ATL,ATL,BUF,17.0,23.0,-6.0,0.8197141017506034,0,False
2017,4,2017_04_PIT_BAL,BAL,PIT,9.0,26.0,-17.0,0.37920309320913004,0,False
2017,4,2017_04_CIN_CLE,CLE,CIN,7.0,31.0,-24.0,0.2928088049494735,0,False
2017,4,2017_04_LA_DAL,DAL,LA,30.0,35.0,-5.0,0.8093398449636702,0,False
2017,4,2017_04_TEN_HOU,HOU,TEN,57.0,14.0,43.0,0.43379888275484846,1,False
2017,4,2017_04_DET_MIN,MIN,DET,7.0,14.0,-7.0,0.5557390522554719,0,False
2017,4,2017_04_CAR_NE,NE,CAR,30.0,33.0,-3.0,0.8367944143707661,0,False
2017,4,2017_04_JAX_NYJ,NYJ,JAX,23.0,20.0,3.0,0.3822284166657445,1,False
2017,4,2017_04_SF_ARI,ARI,SF,18.0,15.0,3.0,0.843776108453662,1,False
2017,4,2017_04_PHI_LAC,LAC,PHI,24.0,26.0,-2.0,0.3943173206686336,0,False
2017,4,2017_04_NYG_TB,TB,NYG,25.0,23.0,2.0,0.6509622399833676,1,False
2017,4,2017_04_OAK_DEN,DEN,OAK,16.0,10.0,6.0,0.5932372460788696,1,False
2017,4,2017_04_IND_SEA,SEA,IND,46.0,18.0,28.0,0.6838121244696141,1,False
2017,4,2017_04_NO_MIA,MIA,NO,0.0,20.0,-20.0,0.44543504198427636,0,True
2017,4,2017_04_WAS_KC,KC,WAS,29.0,20.0,9.0,0.7925850283118722,1,False
2017,5,2017_05_NE_TB,TB,NE,14.0,19.0,-5.0,0.3322081430846444,0,False
2017,5,2017_05_BUF_CIN,CIN,BUF,20.0,16.0,4.0,0.48419225397667476,1,False
2017,5,2017_05_NYJ_CLE,CLE,NYJ,14.0,17.0,-3.0,0.30754877231895816,0,False
2017,5,2017_05_CAR_DET,DET,CAR,24.0,27.0,-3.0,0.6070437689209259,0,False
2017,5,2017_05_SF_IND,IND,SF,26.0,23.0,3.0,0.7096758889562792,1,False
2017,5,2017_05_TEN_MIA,MIA,TEN,16.0,10.0,6.0,0.5499076259572686,1,False
2017,5,2017_05_LAC_NYG,NYG,LAC,22.0,27.0,-5.0,0.6062365572981036,0,False
2017,5,2017_05_ARI_PHI,PHI,ARI,34.0,7.0,27.0,0.6629045386239659,1,False
2017,5,2017_05_JAX_PIT,PIT,JAX,9.0,30.0,-21.0,0.7467297299512431,0,False
2017,5,2017_05_SEA_LA,LA,SEA,10.0,16.0,-6.0,0.38885305962269423,0,False
2017,5,2017_05_BAL_OAK,OAK,BAL,17.0,30.0,-13.0,0.7141531571625903,0,False
2017,5,2017_05_GB_DAL,DAL,GB,31.0,35.0,-4.0,0.4331052967842838,0,False
2017,5,2017_05_KC_HOU,HOU,KC,34.0,42.0,-8.0,0.2619805591830322,0,False
2017,5,2017_05_MIN_CHI,CHI,MIN,17.0,20.0,-3.0,0.27550068605586325,0,False
2017,6,2017_06_PHI_CAR,CAR,PHI,23.0,28.0,-5.0,0.44484435718840115,0,False
2017,6,2017_06_MIA_ATL,ATL,MIA,17.0,20.0,-3.0,0.842354007047828,0,False
2017,6,2017_06_CHI_BAL,BAL,CHI,24.0,27.0,-3.0,0.78946993310625,0,False
2017,6,2017_06_CLE_HOU,HOU,CLE,33.0,17.0,16.0,0.8655516224964142,1,False
2017,6,2017_06_GB_MIN,MIN,GB,23.0,10.0,13.0,0.38079789266971,1,False
2017,6,2017_06_DET_NO,NO,DET,52.0,38.0,14.0,0.5894276078397245,1,False
2017,6,2017_06_NE_NYJ,NYJ,NE,17.0,24.0,-7.0,0.2238607917130439,0,False
2017,6,2017_06_SF_WAS,WAS,SF,26.0,24.0,2.0,0.8691265316024592,1,False
2017,6,2017_06_TB_ARI,ARI,TB,38.0,33.0,5.0,0.5153563741183128,1,False
2017,6,2017_06_LA_JAX,JAX,LA,17.0,27.0,-10.0,0.7508249035276507,0,False
2017,6,2017_06_PIT_KC,KC,PIT,13.0,19.0,-6.0,0.8134091597794716,0,False
2017,6,2017_06_LAC_OAK,OAK,LAC,16.0,17.0,-1.0,0.6106215417973215,0,False
2017,6,2017_06_NYG_DEN,DEN,NYG,10.0,23.0,-13.0,0.7759421249568322,0,False
2017,6,2017_06_IND_TEN,TEN,IND,36.0,22.0,14.0,0.5681730078945525,1,False
2017,7,2017_07_KC_OAK,OAK,KC,31.0,30.0,1.0,0.22231970906852522,1,False
2017,7,2017_07_TB_BUF,BUF,TB,30.0,27.0,3.0,0.6745590001245222,1,False
2017,7,2017_07_CAR_CHI,CHI,CAR,17.0,3.0,14.0,0.28860309603934087,1,False
2017,7,2017_07_TEN_CLE,CLE,TEN,9.0,12.0,-3.0,0.29305722116362626,0,False
2017,7,2017_07_NO_GB,GB,NO,17.0,26.0,-9.0,0.5685031822219075,0,False
2017,7,2017_07_JAX_IND,IND,JAX,0.0,27.0,-27.0,0.27040973119008654,0,False
2017,7,2017_07_ARI_LA,LA,ARI,33.0,0.0,33.0,0.5202492860098578,1,True
2017,7,2017_07_NYJ_MIA,MIA,NYJ,31.0,28.0,3.0,0.6295853793203551,1,False
2017,7,2017_07_BAL_MIN,MIN,BAL,24.0,16.0,8.0,0.7553189096559612,1,False
2017,7,2017_07_DAL_SF,SF,DAL,10.0,40.0,-30.0,0.22101090777442586,0,False
2017,7,2017_07_DEN_LAC,LAC,DEN,21.0,0.0,21.0,0.47221693380088076,1,False
2017,7,2017_07_SEA_NYG,NYG,SEA,7.0,24.0,-17.0,0.3721132165819741,0,False
2017,7,2017_07_CIN_PIT,PIT,CIN,29.0,14.0,15.0,0.6891148166870537,1,False
2017,7,2017_07_ATL_NE,NE,ATL,23.0,7.0,16.0,0.6493357672100669,1,False
2017,7,2017_07_WAS_PHI,PHI,WAS,34.0,24.0,10.0,0.7199821504139582,1,False
2017,8,2017_08_MIA_BAL,BAL,MIA,40.0,0.0,40.0,0.5083954949676018,1,False
2017,8,2017_08_OAK_BUF,BUF,OAK,34.0,14.0,20.0,0.6502176830133249,1,False
2017,8,2017_08_IND_CIN,CIN,IND,24.0,23.0,1.0,0.803754218527267,1,False
2017,8,2017_08_LAC_NE,NE,LAC,21.0,13.0,8.0,0.7847999442193101,1,False
2017,8,2017_08_CHI_NO,NO,CHI,20.0,12.0,8.0,0.8433809614705543,1,False
2017,8,2017_08_ATL_NYJ,NYJ,ATL,20.0,25.0,-5.0,0.38118142198137633,0,False
2017,8,2017_08_SF_PHI,PHI,SF,33.0,10.0,23.0,0.9450944788376087,1,False
2017,8,2017_08_CAR_TB,TB,CAR,3.0,17.0,-14.0,0.5408509564988829,0,False
2017,8,2017_08_HOU_SEA,SEA,HOU,41.0,38.0,3.0,0.697677036150319,1,False
2017,8,2017_08_DAL_WAS,WAS,DAL,19.0,33.0,-14.0,0.4843410671963418,0,False
2017,8,2017_08_PIT_DET,DET,PIT,15.0,20.0,-5.0,0.40117754363362695,0,False
2017,8,2017_08_MIN_CLE,CLE,MIN,16.0,33.0,-17.0,0.08597201940117655,0,True
2017,8,2017_08_DEN_KC,KC,DEN,29.0,19.0,10.0,0.8232501191676684,1,False
2017,9,2017_09_BUF_NYJ,NYJ,BUF,34.0,21.0,13.0,0.3303279459344184,1,False
2017,9,2017_09_ATL_CAR,CAR,ATL,20.0,17.0,3.0,0.47825503183595486,1,False
2017,9,2017_09_IND_HOU,HOU,IND,14.0,20.0,-6.0,0.8480700025597933,0,False
2017,9,2017_09_CIN_JAX,JAX,CIN,23.0,7.0,16.0,0.6974472682418662,1,False
2017,9,2017_09_TB_NO,NO,TB,30.0,10.0,20.0,0.8261109936033113,1,False
2017,9,2017_09_LA_NYG,NYG,LA,17.0,51.0,-34.0,0.3776947401207785,0,False
2017,9,2017_09_DEN_PHI,PHI,DEN,51.0,23.0,28.0,0.8180907763452073,1,False
2017,9,2017_09_BAL_TEN,TEN,BAL,23.0,20.0,3.0,0.46150557161078365,1,False
2017,9,2017_09_WAS_SEA,SEA,WAS,14.0,17.0,-3.0,0.7864125271514546,0,False
2017,9,2017_09_ARI_SF,SF,ARI,10.0,20.0,-10.0,0.29822818396827167,0,False
2017,9,2017_09_KC_DAL,DAL,KC,28.0,17.0,11.0,0.4084012366556406,1,False
2017,9,2017_09_OAK_MIA,MIA,OAK,24.0,27.0,-3.0,0.4679541867881717,0,False
2017,9,2017_09_DET_GB,GB,DET,17.0,30.0,-13.0,0.6383084221486889,0,False
2017,10,2017_10_SEA_ARI,ARI,SEA,16.0,22.0,-6.0,0.27035736779607117,0,False
2017,10,2017_10_NO_BUF,BUF,NO,10.0,47.0,-37.0,0.38580298008864716,0,False
2017,10,2017_10_GB_CHI,CHI,GB,16.0,23.0,-7.0,0.4043984234051379,0,False
2017,10,2017_10_CLE_DET,DET,CLE,38.0,24.0,14.0,0.9161684962019001,1,False
2017,10,2017_10_PIT_IND,IND,PIT,17.0,20.0,-3.0,0.18531589782943836,0,False
2017,10,2017_10_LAC_JAX,JAX,LAC,20.0,17.0,3.0,0.7131068112294694,1,False
2017,10,2017_10_NYJ_TB,TB,NYJ,15.0,10.0,5.0,0.44348651945718226,1,False
2017,10,2017_10_CIN_TEN,TEN,CIN,24.0,20.0,4.0,0.626274829536815,1,False
2017,10,2017_10_MIN_WAS,WAS,MIN,30.0,38.0,-8.0,0.3912405993628363,0,False
2017,10,2017_10_HOU_LA,LA,HOU,33.0,7.0,26.0,0.785185847608072,1,False
2017,10,2017_10_DAL_ATL,ATL,DAL,27.0,7.0,20.0,0.42627039940958067,1,False
2017,10,2017_10_NYG_SF,SF,NYG,31.0,21.0,10.0,0.3499830974887011,1,False
2017,10,2017_10_NE_DEN,DEN,NE,16.0,41.0,-25.0,0.19990487265291088,0,False
2017,10,2017_10_MIA_CAR,CAR,MIA,45.0,21.0,24.0,0.7522553954573209,1,False
2017,11,2017_11_TEN_PIT,PIT,TEN,40.0,17.0,23.0,0.7656488474174462,1,False
2017,11,2017_11_DET_CHI,CHI,DET,24.0,27.0,-3.0,0.3035222434520952,0,False
2017,11,2017_11_JAX_CLE,CLE,JAX,7.0,19.0,-12.0,0.09327211627542398,0,False
2017,11,2017_11_BAL_GB,GB,BAL,0.0,23.0,-23.0,0.6082308466489176,0,False
2017,11,2017_11_ARI_HOU,HOU,ARI,31.0,21.0,10.0,0.6625594774208937,1,False
2017,11,2017_11_TB_MIA,MIA,TB,20.0,30.0,-10.0,0.47911032008804655,0,False
2017,11,2017_11_LA_MIN,MIN,LA,24.0,7.0,17.0,0.5064340085568173,1,False
2017,11,2017_11_WAS_NO,NO,WAS,34.0,31.0,3.0,0.8636233019814893,1,False
2017,11,2017_11_KC_NYG,NYG,KC,12.0,9.0,3.0,0.16329148537066676,1,False
2017,11,2017_11_BUF_LAC,LAC,BUF,54.0,24.0,30.0,0.6052019077452434,1,False
2017,11,2017_11_CIN_DEN,DEN,CIN,17.0,20.0,-3.0,0.5086965943362127,0,False
2017,11,2017_11_NE_OAK,OAK,NE,8.0,33.0,-25.0,0.1456693411941388,0,True
2017,11,2017_11_PHI_DAL,DAL,PHI,9.0,37.0,-28.0,0.36554963941923346,0,False
2017,11,2017_11_ATL_SEA,SEA,ATL,31.0,34.0,-3.0,0.6153176914240946,0,False
2017,12,2017_12_MIN_DET,DET,MIN,23.0,30.0,-7.0,0.38457029157908384,0,False
2017,12,2017_12_LAC_DAL,DAL,LAC,6.0,28.0,-22.0,0.5431762937219594,0,False
2017,12,2017_12_NYG_WAS,WAS,NYG,20.0,10.0,10.0,0.7040396774834665,1,False
2017,12,2017_12_TB_ATL,ATL,TB,34.0,20.0,14.0,0.7914985936147408,1,False
2017,12,2017_12_CLE_CIN,CIN,CLE,30.0,16.0,14.0,0.867442949095981,1,False
2017,12,2017_12_TEN_IND,IND,TEN,16.0,20.0,-4.0,0.42542942991833893,0,False
2017,12,2017_12_BUF_KC,KC,BUF,10.0,16.0,-6.0,0.8192280748990224,0,False
2017,12,2017_12_MIA_NE,NE,MIA,35.0,17.0,18.0,0.9536356934355616,1,False
2017,12,2017_12_CAR_NYJ,NYJ,CAR,27.0,35.0,-8.0,0.4394085187476651,0,False
2017,12,2017_12_CHI_PHI,PHI,CHI,31.0,3.0,28.0,0.9334081162613953,1,False
2017,12,2017_12_SEA_SF,SF,SEA,13.0,24.0,-11.0,0.13684131516477202,0,False
2017,12,2017_12_JAX_ARI,ARI,JAX,27.0,24.0,3.0,0.19600784922683284,1,False
2017,12,2017_12_NO_LA,LA,NO,26.0,20.0,6.0,0.3805517972364764,1,False
2017,12,2017_12_DEN_OAK,OAK,DEN,21.0,14.0,7.0,0.641734710163671,1,False
2017,12,2017_12_GB_PIT,PIT,GB,31.0,28.0,3.0,0.8159102869457222,1,False
2017,12,2017_12_HOU_BAL,BAL,HOU,23.0,16.0,7.0,0.648841427422145,1,False
2017,13,2017_13_WAS_DAL,DAL,WAS,38.0,14.0,24.0,0.5778748652444686,1,False
2017,13,2017_13_MIN_ATL,ATL,MIN,9.0,14.0,-5.0,0.48060857218331016,0,False
2017,13,2017_13_DET_BAL,BAL,DET,44.0,20.0,24.0,0.6403663836345882,1,False
2017,13,2017_13_NE_BUF,BUF,NE,3.0,23.0,-20.0,0.14159512010288783,0,False
2017,13,2017_13_SF_CHI,CHI,SF,14.0,15.0,-1.0,0.7077422724005633,0,False
2017,13,2017_13_TB_GB,GB,TB,26.0,20.0,6.0,0.6394625546122491,1,False
2017,13,2017_13_IND_JAX,JAX,IND,30.0,10.0,20.0,0.8750217399631659,1,False
2017,13,2017_13_DEN_MIA,MIA,DEN,35.0,9.0,26.0,0.5367963449280627,1,False
2017,13,2017_13_KC_NYJ,NYJ,KC,38.0,31.0,7.0,0.3653334106530026,1,False
2017,13,2017_13_HOU_TEN,TEN,HOU,24.0,13.0,11.0,0.5330923597966469,1,False
2017,13,2017_13_CLE_LAC,LAC,CLE,19.0,10.0,9.0,0.9577505549654732,1,False
2017,13,2017_13_LA_ARI,ARI,LA,16.0,32.0,-16.0,0.2073969215922526,0,False
2017,13,2017_13_CAR_NO,NO,CAR,31.0,21.0,10.0,0.7351631733889074,1,False
2017,13,2017_13_NYG_OAK,OAK,NYG,24.0,17.0,7.0,0.6947845180905752,1,False
2017,13,2017_13_PHI_SEA,SEA,PHI,24.0,10.0,14.0,0.32157230044132346,1,False
2017,13,2017_13_PIT_CIN,CIN,PIT,20.0,23.0,-3.0,0.2733540599337363,0,False
2017,14,2017_14_NO_ATL,ATL,NO,20.0,17.0,3.0,0.40954833542490926,1,False
2017,14,2017_14_IND_BUF,BUF,IND,13.0,7.0,6.0,0.7082317177710584,1,False
2017,14,2017_14_MIN_CAR,CAR,MIN,31.0,24.0,7.0,0.3415973899065765,1,False
2017,14,2017_14_CHI_CIN,CIN,CHI,7.0,33.0,-26.0,0.6983842612075347,0,False
2017,14,2017_14_GB_CLE,CLE,GB,21.0,27.0,-6.0,0.18578005520961538,0,False
2017,14,2017_14_SF_HOU,HOU,SF,16.0,26.0,-10.0,0.7575993721213575,0,False
2017,14,2017_14_OAK_KC,KC,OAK,26.0,15.0,11.0,0.6728629726004898,1,False
2017,14,2017_14_DAL_NYG,NYG,DAL,10.0,30.0,-20.0,0.2637020208916109,0,False
2017,14,2017_14_DET_TB,TB,DET,21.0,24.0,-3.0,0.4325819009223613,0,False
2017,14,2017_14_TEN_ARI,ARI,TEN,12.0,7.0,5.0,0.349593763308043,1,False
2017,14,2017_14_NYJ_DEN,DEN,NYJ,23.0,0.0,23.0,0.27663149055769937,1,False
2017,14,2017_14_WAS_LAC,LAC,WAS,30.0,13.0,17.0,0.8290076551626377,1,False
2017,14,2017_14_SEA_JAX,JAX,SEA,30.0,24.0,6.0,0.5147295034841343,1,False
2017,14,2017_14_PHI_LA,LA,PHI,35.0,43.0,-8.0,0.4656261343824595,0,False
2017,14,2017_14_BAL_PIT,PIT,BAL,39.0,38.0,1.0,0.5934193835056876,1,False
2017,14,2017_14_NE_MIA,MIA,NE,27.0,20.0,7.0,0.08111103483258074,1,False
2017,15,2017_15_DEN_IND,IND,DEN,13.0,25.0,-12.0,0.49286171340518287,0,False
2017,15,2017_15_CHI_DET,DET,CHI,20.0,10.0,10.0,0.6737490821782232,1,False
2017,15,2017_15_LAC_KC,KC,LAC,30.0,13.0,17.0,0.39639036445540515,1,False
2017,15,2017_15_MIA_BUF,BUF,MIA,24.0,16.0,8.0,0.5933797784949779,1,False
2017,15,2017_15_GB_CAR,CAR,GB,31.0,24.0,7.0,0.7446866241873576,1,False
2017,15,2017_15_BAL_CLE,CLE,BAL,10.0,27.0,-17.0,0.06625677843472827,0,False
2017,15,2017_15_HOU_JAX,JAX,HOU,45.0,7.0,38.0,0.8744300068519673,1,False
2017,15,2017_15_CIN_MIN,MIN,CIN,34.0,7.0,27.0,0.8990306711716627,1,False
2017,15,2017_15_NYJ_NO,NO,NYJ,31.0,19.0,12.0,0.8910029932196534,1,False
2017,15,2017_15_PHI_NYG,NYG,PHI,29.0,34.0,-5.0,0.07601659120220004,0,False
2017,15,2017_15_ARI_WAS,WAS,ARI,20.0,15.0,5.0,0.5526675672305581,1,False
2017,15,2017_15_LA_SEA,SEA,LA,7.0,42.0,-35.0,0.5212796380262704,0,False
2017,15,2017_15_NE_PIT,PIT,NE,24.0,27.0,-3.0,0.46773147478368005,0,False
2017,15,2017_15_TEN_SF,SF,TEN,25.0,23.0,2.0,0.30724803889625363,1,False
2017,15,2017_15_DAL_OAK,OAK,DAL,17.0,20.0,-3.0,0.3632275718846575,0,False
2017,15,2017_15_ATL_TB,TB,ATL,21.0,24.0,-3.0,0.22066855138705405,0,False
2017,16,2017_16_IND_BAL,BAL,IND,23.0,16.0,7.0,0.9355311375189475,1,False
2017,16,2017_16_MIN_GB,GB,MIN,0.0,16.0,-16.0,0.22272951737161467,0,False
2017,16,2017_16_TB_CAR,CAR,TB,22.0,19.0,3.0,0.8540496404288483,1,False
2017,16,2017_16_CLE_CHI,CHI,CLE,20.0,3.0,17.0,0.8548741248969448,1,False
2017,16,2017_16_DET_CIN,CIN,DET,26.0,17.0,9.0,0.2975950751799066,1,False
2017,16,2017_16_MIA_KC,KC,MIA,29.0,13.0,16.0,0.8393808039680823,1,False
2017,16,2017_16_BUF_NE,NE,BUF,37.0,16.0,21.0,0.9070935293602358,1,False
2017,16,2017_16_ATL_NO,NO,ATL,23.0,13.0,10.0,0.6448679669562243,1,False
2017,16,2017_16_LAC_NYJ,NYJ,LAC,7.0,14.0,-7.0,0.23598896485424617,0,False
2017,16,2017_16_LA_TEN,TEN,LA,23.0,27.0,-4.0,0.19990971346121914,0,False
2017,16,2017_16_DEN_WAS,WAS,DEN,27.0,11.0,16.0,0.6242822967106322,1,False
2017,16,2017_16_JAX_SF,SF,JAX,44.0,33.0,11.0,0.11885701565196205,1,False
2017,16,2017_16_NYG_ARI,ARI,NYG,23.0,0.0,23.0,0.7151220905388347,1,False
2017,16,2017_16_SEA_DAL,DAL,SEA,12.0,21.0,-9.0,0.6094167973352038,0,False
2017,16,2017_16_PIT_HOU,HOU,PIT,6.0,34.0,-28.0,0.1173279069797361,0,False
2017,16,2017_16_OAK_PHI,PHI,OAK,19.0,10.0,9.0,0.9103076154943767,1,False
2017,17,2017_17_GB_DET,DET,GB,35.0,11.0,24.0,0.660653771427588,1,False
2017,17,2017_17_HOU_IND,IND,HOU,22.0,13.0,9.0,0.5896080009451984,1,False
2017,17,2017_17_CHI_MIN,MIN,CHI,23.0,10.0,13.0,0.9018532969289704,1,False
2017,17,2017_17_NYJ_NE,NE,NYJ,26.0,6.0,20.0,0.9477523361049154,1,False
2017,17,2017_17_WAS_NYG,NYG,WAS,18.0,10.0,8.0,0.24723352336143412,1,False
2017,17,2017_17_DAL_PHI,PHI,DAL,0.0,6.0,-6.0,0.8564254093841916,0,False
2017,17,2017_17_CLE_PIT,PIT,CLE,28.0,24.0,4.0,0.9775867054076303,1,False
2017,17,2017_17_CAR_ATL,ATL,CAR,22.0,10.0,12.0,0.5472058376640411,1,False
2017,17,2017_17_CIN_BAL,BAL,CIN,27.0,31.0,-4.0,0.8904959654328801,0,False
2017,17,2017_17_KC_DEN,DEN,KC,24.0,27.0,-3.0,0.19344121768876088,0,False
2017,17,2017_17_SF_LA,LA,SF,13.0,34.0,-21.0,0.8998725712729316,0,False
2017,17,2017_17_OAK_LAC,LAC,OAK,30.0,10.0,20.0,0.8264149831538226,1,False
2017,17,2017_17_BUF_MIA,MIA,BUF,16.0,22.0,-6.0,0.548558125742408,0,False
2017,17,2017_17_ARI_SEA,SEA,ARI,24.0,26.0,-2.0,0.7280358601182998,0,False
2017,17,2017_17_NO_TB,TB,NO,31.0,24.0,7.0,0.13241289281704904,1,False
2017,17,2017_17_JAX_TEN,TEN,JAX,15.0,10.0,5.0,0.3119620315620385,1,False
2018,1,2018_01_ATL_PHI,PHI,ATL,18.0,12.0,6.0,0.6450664475154242,1,False
2018,1,2018_01_BUF_BAL,BAL,BUF,47.0,3.0,44.0,0.7867262644521936,1,False
2018,1,2018_01_PIT_CLE,CLE,PIT,21.0,21.0,0.0,0.11017673294317853,0,False
2018,1,2018_01_CIN_IND,IND,CIN,23.0,34.0,-11.0,0.46760064540471297,0,False
2018,1,2018_01_TEN_MIA,MIA,TEN,27.0,20.0,7.0,0.4606791061270748,1,False
2018,1,2018_01_SF_MIN,MIN,SF,24.0,16.0,8.0,0.7782812528698778,1,False
2018,1,2018_01_HOU_NE,NE,HOU,27.0,20.0,7.0,0.947392374584903,1,False
2018,1,2018_01_TB_NO,NO,TB,40.0,48.0,-8.0,0.7812403007980991,0,False
2018,1,2018_01_JAX_NYG,NYG,JAX,15.0,20.0,-5.0,0.2812323783852447,0,False
2018,1,2018_01_KC_LAC,LAC,KC,28.0,38.0,-10.0,0.6273912247800698,0,False
2018,1,2018_01_WAS_ARI,ARI,WAS,6.0,24.0,-18.0,0.6118994130977917,0,False
2018,1,2018_01_DAL_CAR,CAR,DAL,16.0,8.0,8.0,0.6367921777112214,1,False
2018,1,2018_01_SEA_DEN,DEN,SEA,27.0,24.0,3.0,0.3844606942876463,1,False
2018,1,2018_01_CHI_GB,GB,CHI,24.0,23.0,1.0,0.5466174459942887,1,False
2018,1,2018_01_NYJ_DET,DET,NYJ,17.0,48.0,-31.0,0.7552298906842843,0,False
2018,1,2018_01_LA_OAK,OAK,LA,13.0,33.0,-20.0,0.3332651481598459,0,False
2018,2,2018_02_BAL_CIN,CIN,BAL,34.0,23.0,11.0,0.2831193365115636,1,False
2018,2,2018_02_CAR_ATL,ATL,CAR,31.0,24.0,7.0,0.5408207996659233,1,False
2018,2,2018_02_LAC_BUF,BUF,LAC,20.0,31.0,-11.0,0.264562877511503,0,False
2018,2,2018_02_MIN_GB,GB,MIN,29.0,29.0,0.0,0.2094260232692629,0,False
2018,2,2018_02_CLE_NO,NO,CLE,21.0,18.0,3.0,0.8896119295641307,1,False
2018,2,2018_02_MIA_NYJ,NYJ,MIA,12.0,20.0,-8.0,0.5800307871494865,0,False
2018,2,2018_02_KC_PIT,PIT,KC,37.0,42.0,-5.0,0.5918646835016719,0,False
2018,2,2018_02_PHI_TB,TB,PHI,27.0,21.0,6.0,0.3259136393569652,1,False
2018,2,2018_02_HOU_TEN,TEN,HOU,20.0,17.0,3.0,0.7514850055050442,1,False
2018,2,2018_02_IND_WAS,WAS,IND,9.0,21.0,-12.0,0.780710802820901,0,False
2018,2,2018_02_ARI_LA,LA,ARI,34.0,0.0,34.0,0.7837793539576792,1,False
2018,2,2018_02_DET_SF,SF,DET,30.0,27.0,3.0,0.6621242314438837,1,False
2018,2,2018_02_OAK_DEN,DEN,OAK,20.0,19.0,1.0,0.6758960490403314,1,False
2018,2,2018_02_NE_JAX,JAX,NE,31.0,20.0,11.0,0.3601832815486996,1,False
2018,2,2018_02_NYG_DAL,DAL,NYG,20.0,13.0,7.0,0.7693430105887251,1,False
2018,2,2018_02_SEA_CHI,CHI,SEA,24.0,17.0,7.0,0.4579613445628901,1,False
2018,3,2018_03_NYJ_CLE,CLE,NYJ,21.0,17.0,4.0,0.31842034930517726,1,False
2018,3,2018_03_NO_ATL,ATL,NO,37.0,43.0,-6.0,0.6214219529506267,0,False
2018,3,2018_03_DEN_BAL,BAL,DEN,27.0,14.0,13.0,0.782264076996179,1,False
2018,3,2018_03_CIN_CAR,CAR,CIN,31.0,21.0,10.0,0.6132851190171194,1,False
2018,3,2018_03_NYG_HOU,HOU,NYG,22.0,27.0,-5.0,0.49937544495567937,0,False
2018,3,2018_03_TEN_JAX,JAX,TEN,6.0,9.0,-3.0,0.7560195619369835,0,False
2018,3,2018_03_SF_KC,KC,SF,38.0,27.0,11.0,0.7630704864131093,1,False
2018,3,2018_03_OAK_MIA,MIA,OAK,28.0,20.0,8.0,0.7169262837714934,1,False
2018,3,2018_03_BUF_MIN,MIN,BUF,6.0,27.0,-21.0,0.8908330811910661,0,False
2018,3,2018_03_IND_PHI,PHI,IND,20.0,16.0,4.0,0.8312390810285237,1,False
2018,3,2018_03_GB_WAS,WAS,GB,31.0,17.0,14.0,0.6094435245856047,1,False
2018,3,2018_03_LAC_LA,LA,LAC,35.0,23.0,12.0,0.6670178343098643,1,False
2018,3,2018_03_CHI_ARI,ARI,CHI,14.0,16.0,-2.0,0.45341245343138453,0,False
2018,3,2018_03_DAL_SEA,SEA,DAL,24.0,13.0,11.0,0.4602400626693376,1,False
2018,3,2018_03_NE_DET,DET,NE,26.0,10.0,16.0,0.2348600013461594,1,False
2018,3,2018_03_PIT_TB,TB,PIT,27.0,30.0,-3.0,0.4403290983576867,0,False
2018,4,2018_04_MIN_LA,LA,MIN,38.0,31.0,7.0,0.7114987604141451,1,False
2018,4,2018_04_CIN_ATL,ATL,CIN,36.0,37.0,-1.0,0.6880647899308089,0,False
2018,4,2018_04_TB_CHI,CHI,TB,48.0,10.0,38.0,0.548862950451479,1,False
2018,4,2018_04_DET_DAL,DAL,DET,26.0,24.0,2.0,0.6388362353083635,1,False
2018,4,2018_04_BUF_GB,GB,BUF,22.0,0.0,22.0,0.49293669122318307,1,False
2018,4,2018_04_HOU_IND,IND,HOU,34.0,37.0,-3.0,0.7211126938411516,0,False
2018,4,2018_04_NYJ_JAX,JAX,NYJ,31.0,12.0,19.0,0.8032806144417564,1,False
2018,4,2018_04_MIA_NE,NE,MIA,38.0,7.0,31.0,0.6494873415011096,1,False
2018,4,2018_04_PHI_TEN,TEN,PHI,26.0,23.0,3.0,0.42107395290945177,1,False
2018,4,2018_04_SEA_ARI,ARI,SEA,17.0,20.0,-3.0,0.3745597219843907,0,False
2018,4,2018_04_CLE_OAK,OAK,CLE,45.0,42.0,3.0,0.6539634543637869,1,False
2018,4,2018_04_SF_LAC,LAC,SF,29.0,27.0,2.0,0.6561684116720179,1,False
2018,4,2018_04_NO_NYG,NYG,NO,18.0,33.0,-15.0,0.2545631099721326,0,False
2018,4,2018_04_BAL_PIT,PIT,BAL,14.0,26.0,-12.0,0.526887066000801,0,False
2018,4,2018_04_KC_DEN,DEN,KC,23.0,27.0,-4.0,0.2277369830934006,0,False
2018,5,2018_05_IND_NE,NE,IND,38.0,24.0,14.0,0.8554114791790368,1,False
2018,5,2018_05_TEN_BUF,BUF,TEN,13.0,12.0,1.0,0.4192671895153738,1,False
2018,5,2018_05_NYG_CAR,CAR,NYG,33.0,31.0,2.0,0.8389168240845895,1,False
2018,5,2018_05_MIA_CIN,CIN,MIA,27.0,17.0,10.0,0.6306499917993721,1,False
2018,5,2018_05_BAL_CLE,CLE,BAL,12.0,9.0,3.0,0.12676932124679705,1,False
2018,5,2018_05_GB_DET,DET,GB,31.0,23.0,8.0,0.6285339408806263,1,False
2018,5,2018_05_JAX_KC,KC,JAX,30.0,14.0,16.0,0.6815813575565669,1,False
2018,5,2018_05_DEN_NYJ,NYJ,DEN,34.0,16.0,18.0,0.4628567379949711,1,False
2018,5,2018_05_ATL_PIT,PIT,ATL,41.0,17.0,24.0,0.601805805471382,1,False
2018,5,2018_05_OAK_LAC,LAC,OAK,26.0,10.0,16.0,0.8073813961822893,1,False
2018,5,2018_05_MIN_PHI,PHI,MIN,21.0,23.0,-2.0,0.5964789893489484,0,False
2018,5,2018_05_LA_SEA,SEA,LA,31.0,33.0,-2.0,0.287063264478266,0,False
2018,5,2018_05_ARI_SF,SF,ARI,18.0,28.0,-10.0,0.715112786534914,0,False
2018,5,2018_05_DAL_HOU,HOU,DAL,19.0,16.0,3.0,0.26003831494871926,1,False
2018,5,2018_05_WAS_NO,NO,WAS,43.0,19.0,24.0,0.733879215262488,1,False
2018,6,2018_06_PHI_NYG,NYG,PHI,13.0,34.0,-21.0,0.2699337362542514,0,False
2018,6,2018_06_TB_ATL,ATL,TB,34.0,29.0,5.0,0.6550902387131087,1,False
2018,6,2018_06_PIT_CIN,CIN,PIT,21.0,28.0,-7.0,0.4369561836123879,0,False
2018,6,2018_06_LAC_CLE,CLE,LAC,14.0,38.0,-24.0,0.23163876463588243,0,False
2018,6,2018_06_BUF_HOU,HOU,BUF,20.0,13.0,7.0,0.45647114324382854,1,False
2018,6,2018_06_CHI_MIA,MIA,CHI,31.0,28.0,3.0,0.31967600532839546,1,False
2018,6,2018_06_ARI_MIN,MIN,ARI,27.0,17.0,10.0,0.7974278093785798,1,False
2018,6,2018_06_IND_NYJ,NYJ,IND,42.0,34.0,8.0,0.6775216270625674,1,False
2018,6,2018_06_SEA_OAK,OAK,SEA,3.0,27.0,-24.0,0.2740607511068938,0,True
2018,6,2018_06_CAR_WAS,WAS,CAR,23.0,17.0,6.0,0.39026076531100923,1,False
2018,6,2018_06_LA_DEN,DEN,LA,20.0,23.0,-3.0,0.14081815085157878,0,False
2018,6,2018_06_JAX_DAL,DAL,JAX,40.0,7.0,33.0,0.4315195867026709,1,False
2018,6,2018_06_BAL_TEN,TEN,BAL,0.0,21.0,-21.0,0.37093418908824854,0,False
2018,6,2018_06_KC_NE,NE,KC,43.0,40.0,3.0,0.47149274152303977,1,False
2018,6,2018_06_SF_GB,GB,SF,33.0,30.0,3.0,0.5487403826740876,1,False
2018,7,2018_07_DEN_ARI,ARI,DEN,10.0,45.0,-35.0,0.619860818985739,0,False
2018,7,2018_07_NE_CHI,CHI,NE,31.0,38.0,-7.0,0.3759534560164789,0,False
2018,7,2018_07_BUF_IND,IND,BUF,37.0,5.0,32.0,0.5366710562953768,1,False
2018,7,2018_07_HOU_JAX,JAX,HOU,7.0,20.0,-13.0,0.6740791568168627,0,False
2018,7,2018_07_DET_MIA,MIA,DET,21.0,32.0,-11.0,0.4539194835707637,0,False
2018,7,2018_07_MIN_NYJ,NYJ,MIN,17.0,37.0,-20.0,0.39725633655595133,0,False
2018,7,2018_07_CAR_PHI,PHI,CAR,17.0,21.0,-4.0,0.6385506777993214,0,False
2018,7,2018_07_CLE_TB,TB,CLE,26.0,23.0,3.0,0.7266399387173658,1,False
2018,7,2018_07_NO_BAL,BAL,NO,23.0,24.0,-1.0,0.5786286084304496,0,False
2018,7,2018_07_LA_SF,SF,LA,10.0,39.0,-29.0,0.19953340478157738,0,False
2018,7,2018_07_DAL_WAS,WAS,DAL,20.0,17.0,3.0,0.4923041876573794,1,False
2018,7,2018_07_CIN_KC,KC,CIN,45.0,10.0,35.0,0.771254597337635,1,False
2018,7,2018_07_TEN_LAC,LAC,TEN,20.0,19.0,1.0,0.7270856091670591,1,True
2018,7,2018_07_NYG_ATL,ATL,NYG,23.0,20.0,3.0,0.8027134943447074,1,False
2018,8,2018_08_MIA_HOU,HOU,MIA,42.0,23.0,19.0,0.6314581762883319,1,False
2018,8,2018_08_BAL_CAR,CAR,BAL,36.0,21.0,15.0,0.44321251757585883,1,False
2018,8,2018_08_NYJ_CHI,CHI,NYJ,24.0,10.0,14.0,0.7013332781586237,1,False
2018,8,2018_08_TB_CIN,CIN,TB,37.0,34.0,3.0,0.632916260804146,1,False
2018,8,2018_08_SEA_DET,DET,SEA,14.0,28.0,-14.0,0.5219649578310084,0,False
2018,8,2018_08_DEN_KC,KC,DEN,30.0,23.0,7.0,0.8836995843232008,1,False
2018,8,2018_08_WAS_NYG,NYG,WAS,13.0,20.0,-7.0,0.2989523994925204,0,False
2018,8,2018_08_CLE_PIT,PIT,CLE,33.0,18.0,15.0,0.9139924745766668,1,False
2018,8,2018_08_IND_OAK,OAK,IND,28.0,42.0,-14.0,0.3723144690756168,0,False
2018,8,2018_08_SF_ARI,ARI,SF,18.0,15.0,3.0,0.4572314925969758,1,False
2018,8,2018_08_GB_LA,LA,GB,29.0,27.0,2.0,0.8865550091610669,1,False
2018,8,2018_08_NO_MIN,MIN,NO,20.0,30.0,-10.0,0.5084736273598577,0,False
2018,8,2018_08_PHI_JAX,JAX,PHI,18.0,24.0,-6.0,0.30320377066858767,0,True
2018,8,2018_08_NE_BUF,BUF,NE,6.0,25.0,-19.0,0.12602361612256624,0,False
2018,9,2018_09_OAK_SF,SF,OAK,34.0,3.0,31.0,0.663819135519355,1,False
2018,9,2018_09_PIT_BAL,BAL,PIT,16.0,23.0,-7.0,0.5104015788115136,0,False
2018,9,2018_09_CHI_BUF,BUF,CHI,9.0,41.0,-32.0,0.20214034957362673,0,False
2018,9,2018_09_TB_CAR,CAR,TB,42.0,28.0,14.0,0.8025728498331944,1,False
2018,9,2018_09_KC_CLE,CLE,KC,21.0,37.0,-16.0,0.07847216426401564,0,False
2018,9,2018_09_NYJ_MIA,MIA,NYJ,13.0,6.0,7.0,0.5098496567464871,1,False
2018,9,2018_09_DET_MIN,MIN,DET,24.0,9.0,15.0,0.6639575229107961,1,False
2018,9,2018_09_ATL_WAS,WAS,ATL,14.0,38.0,-24.0,0.5698461164131442,0,False
2018,9,2018_09_HOU_DEN,DEN,HOU,17.0,19.0,-2.0,0.45125728127559434,0,False
2018,9,2018_09_LAC_SEA,SEA,LAC,17.0,25.0,-8.0,0.5456696101234371,0,False
2018,9,2018_09_LA_NO,NO,LA,45.0,35.0,10.0,0.45432164368922706,1,False
2018,9,2018_09_GB_NE,NE,GB,31.0,17.0,14.0,0.84939884870511,1,False
2018,9,2018_09_TEN_DAL,DAL,TEN,14.0,28.0,-14.0,0.7028846547909627,0,False
2018,10,2018_10_CAR_PIT,PIT,CAR,52.0,21.0,31.0,0.6081247490446706,1,False
2018,10,2018_10_DET_CHI,CHI,DET,34.0,22.0,12.0,0.7742627401907359,1,False
2018,10,2018_10_NO_CIN,CIN,NO,14.0,51.0,-37.0,0.2477670216096585,0,False
2018,10,2018_10_ATL_CLE,CLE,ATL,28.0,16.0,12.0,0.1796269040761515,1,False
2018,10,2018_10_JAX_IND,IND,JAX,29.0,26.0,3.0,0.6356459378273349,1,False
2018,10,2018_10_ARI_KC,KC,ARI,26.0,14.0,12.0,0.9510348483980753,1,False
2018,10,2018_10_BUF_NYJ,NYJ,BUF,10.0,41.0,-31.0,0.7098252307909148,0,False
2018,10,2018_10_WAS_TB,TB,WAS,3.0,16.0,-13.0,0.44075025801517626,0,False
2018,10,2018_10_NE_TEN,TEN,NE,34.0,10.0,24.0,0.2768357376098247,1,False
2018,10,2018_10_LAC_OAK,OAK,LAC,6.0,20.0,-14.0,0.10425771400897661,0,False
2018,10,2018_10_MIA_GB,GB,MIA,31.0,12.0,19.0,0.6329718144231504,1,False
2018,10,2018_10_SEA_LA,LA,SEA,36.0,31.0,5.0,0.7412521529978142,1,False
2018,10,2018_10_DAL_PHI,PHI,DAL,20.0,27.0,-7.0,0.6985898433384939,0,False
2018,10,2018_10_NYG_SF,SF,NYG,23.0,27.0,-4.0,0.7043482552561293,0,False
2018,11,2018_11_GB_SEA,SEA,GB,27.0,24.0,3.0,0.6782263555680527,1,False
2018,11,2018_11_DAL_ATL,ATL,DAL,19.0,22.0,-3.0,0.5443527672420825,0,False
2018,11,2018_11_CIN_BAL,BAL,CIN,24.0,21.0,3.0,0.7385228338569768,1,False
2018,11,2018_11_CAR_DET,DET,CAR,20.0,19.0,1.0,0.38954240801534595,1,False
2018,11,2018_11_TEN_IND,IND,TEN,38.0,10.0,28.0,0.432470960592586,1,False
2018,11,2018_11_PIT_JAX,JAX,PIT,16.0,20.0,-4.0,0.152588161066549,0,False
2018,11,2018_11_TB_NYG,NYG,TB,38.0,35.0,3.0,0.550576525634472,1,False
2018,11,2018_11_HOU_WAS,WAS,HOU,21.0,23.0,-2.0,0.5152596059839502,0,False
2018,11,2018_11_OAK_ARI,ARI,OAK,21.0,23.0,-2.0,0.6915169008740071,0,False
2018,11,2018_11_DEN_LAC,LAC,DEN,22.0,23.0,-1.0,0.8474652473847802,0,False
2018,11,2018_11_PHI_NO,NO,PHI,48.0,7.0,41.0,0.8369575855136313,1,False
2018,11,2018_11_MIN_CHI,CHI,MIN,25.0,20.0,5.0,0.6294722358606286,1,False
2018,11,2018_11_KC_LA,LA,KC,54.0,51.0,3.0,0.45990001522796553,1,False
2018,12,2018_12_CHI_DET,DET,CHI,16.0,23.0,-7.0,0.2927485039476775,0,False
2018,12,2018_12_WAS_DAL,DAL,WAS,31.0,23.0,8.0,0.6489678676993126,1,False
2018,12,2018_12_ATL_NO,NO,ATL,31.0,17.0,14.0,0.9095659560500695,1,False
2018,12,2018_12_OAK_BAL,BAL,OAK,34.0,17.0,17.0,0.9065681134909684,1,False
2018,12,2018_12_JAX_BUF,BUF,JAX,24.0,21.0,3.0,0.5277089373817406,1,False
2018,12,2018_12_SEA_CAR,CAR,SEA,27.0,30.0,-3.0,0.5473101977021803,0,False
2018,12,2018_12_CLE_CIN,CIN,CLE,20.0,35.0,-15.0,0.6707427098549602,0,False
2018,12,2018_12_NE_NYJ,NYJ,NE,13.0,27.0,-14.0,0.14843865624795174,0,False
2018,12,2018_12_NYG_PHI,PHI,NYG,25.0,22.0,3.0,0.7557175202985373,1,False
2018,12,2018_12_SF_TB,TB,SF,27.0,9.0,18.0,0.4924222684209104,1,False
2018,12,2018_12_ARI_LAC,LAC,ARI,45.0,10.0,35.0,0.8982027821250469,1,False
2018,12,2018_12_PIT_DEN,DEN,PIT,24.0,17.0,7.0,0.17371008525138606,1,False
2018,12,2018_12_MIA_IND,IND,MIA,27.0,24.0,3.0,0.8229331779648195,1,False
2018,12,2018_12_GB_MIN,MIN,GB,24.0,17.0,7.0,0.7150236717408617,1,False
2018,12,2018_12_TEN_HOU,HOU,TEN,34.0,17.0,17.0,0.6382907380488334,1,False
2018,13,2018_13_NO_DAL,DAL,NO,13.0,10.0,3.0,0.2069952381245403,1,False
2018,13,2018_13_BAL_ATL,ATL,BAL,16.0,26.0,-10.0,0.4121558246274574,0,False
2018,13,2018_13_DEN_CIN,CIN,DEN,10.0,24.0,-14.0,0.3821306088321125,0,False
2018,13,2018_13_LA_DET,DET,LA,16.0,30.0,-14.0,0.20895952605978976,0,False
2018,13,2018_13_ARI_GB,GB,ARI,17.0,20.0,-3.0,0.8040807863891944,0,False
2018,13,2018_13_CLE_HOU,HOU,CLE,29.0,13.0,16.0,0.8284277159274396,1,False
2018,13,2018_13_IND_JAX,JAX,IND,6.0,0.0,6.0,0.2818440284807133,1,False
2018,13,2018_13_BUF_MIA,MIA,BUF,21.0,17.0,4.0,0.53669909251931,1,False
2018,13,2018_13_CHI_NYG,NYG,CHI,30.0,27.0,3.0,0.15287148750949794,1,False
2018,13,2018_13_CAR_TB,TB,CAR,24.0,17.0,7.0,0.33456081514936614,1,False
2018,13,2018_13_KC_OAK,OAK,KC,33.0,40.0,-7.0,0.05477195524748081,0,False
2018,13,2018_13_NYJ_TEN,TEN,NYJ,26.0,22.0,4.0,0.7914940923478594,1,False
2018,13,2018_13_MIN_NE,NE,MIN,24.0,10.0,14.0,0.6502646525751214,1,False
2018,13,2018_13_SF_SEA,SEA,SF,43.0,16.0,27.0,0.8563624432589547,1,False
2018,13,2018_13_LAC_PIT,PIT,LAC,30.0,33.0,-3.0,0.5822678361070841,0,False
2018,13,2018_13_WAS_PHI,PHI,WAS,28.0,13.0,15.0,0.6442473678700519,1,False
2018,14,2018_14_JAX_TEN,TEN,JAX,30.0,9.0,21.0,0.6847361302619829,1,False
2018,14,2018_14_NYJ_BUF,BUF,NYJ,23.0,27.0,-4.0,0.6662436427808198,0,False
2018,14,2018_14_CAR_CLE,CLE,CAR,26.0,20.0,6.0,0.34924099797532787,1,False
2018,14,2018_14_ATL_GB,GB,ATL,34.0,20.0,14.0,0.5347300446169276,1,False
2018,14,2018_14_IND_HOU,HOU,IND,21.0,24.0,-3.0,0.6884310754589512,0,False
2018,14,2018_14_BAL_KC,KC,BAL,27.0,24.0,3.0,0.7614822195594543,1,False
2018,14,2018_14_NE_MIA,MIA,NE,34.0,33.0,1.0,0.16943956173661373,1,False
2018,14,2018_14_NO_TB,TB,NO,14.0,28.0,-14.0,0.12365616641367609,0,False
2018,14,2018_14_NYG_WAS,WAS,NYG,16.0,40.0,-24.0,0.6500640709269841,0,False
2018,14,2018_14_CIN_LAC,LAC,CIN,26.0,21.0,5.0,0.9312607225103444,1,False
2018,14,2018_14_DEN_SF,SF,DEN,20.0,14.0,6.0,0.25845537974753685,1,False
2018,14,2018_14_DET_ARI,ARI,DET,3.0,17.0,-14.0,0.40965480706797863,0,False
2018,14,2018_14_PHI_DAL,DAL,PHI,29.0,23.0,6.0,0.6539027420498212,1,False
2018,14,2018_14_PIT_OAK,OAK,PIT,24.0,21.0,3.0,0.06798596107221877,1,False
2018,14,2018_14_LA_CHI,CHI,LA,15.0,6.0,9.0,0.4256955466624951,1,False
2018,14,2018_14_MIN_SEA,SEA,MIN,21.0,7.0,14.0,0.634687986865902,1,False
2018,15,2018_15_LAC_KC,KC,LAC,28.0,29.0,-1.0,0.632057148605233,0,False
2018,15,2018_15_HOU_NYJ,NYJ,HOU,22.0,29.0,-7.0,0.1679478595774482,0,False
2018,15,2018_15_CLE_DEN,DEN,CLE,16.0,17.0,-1.0,0.7374112564301907,0,False
2018,15,2018_15_ARI_ATL,ATL,ARI,40.0,14.0,26.0,0.7845034457980793,1,False
2018,15,2018_15_TB_BAL,BAL,TB,20.0,12.0,8.0,0.7832675564932824,1,False
2018,15,2018_15_DET_BUF,BUF,DET,14.0,13.0,1.0,0.4073320822557649,1,False
2018,15,2018_15_GB_CHI,CHI,GB,24.0,17.0,7.0,0.8015566927254708,1,False
2018,15,2018_15_OAK_CIN,CIN,OAK,30.0,16.0,14.0,0.647174765990425,1,False
2018,15,2018_15_DAL_IND,IND,DAL,23.0,0.0,23.0,0.48652333108011403,1,False
2018,15,2018_15_WAS_JAX,JAX,WAS,13.0,16.0,-3.0,0.5396875225308125,0,False
2018,15,2018_15_MIA_MIN,MIN,MIA,41.0,17.0,24.0,0.7654798883211924,1,False
2018,15,2018_15_TEN_NYG,NYG,TEN,0.0,17.0,-17.0,0.4776585472690175,0,False
2018,15,2018_15_SEA_SF,SF,SEA,26.0,23.0,3.0,0.1604474127349901,1,False
2018,15,2018_15_NE_PIT,PIT,NE,17.0,10.0,7.0,0.5483130785944319,1,False
2018,15,2018_15_PHI_LA,LA,PHI,23.0,30.0,-7.0,0.7716371469224113,0,False
2018,15,2018_15_NO_CAR,CAR,NO,9.0,12.0,-3.0,0.14416658122501708,0,False
2018,16,2018_16_WAS_TEN,TEN,WAS,25.0,16.0,9.0,0.8032338644620424,1,False
2018,16,2018_16_BAL_LAC,LAC,BAL,10.0,22.0,-12.0,0.7093743209177785,0,False
2018,16,2018_16_ATL_CAR,CAR,ATL,10.0,24.0,-14.0,0.5644553390953913,0,False
2018,16,2018_16_CIN_CLE,CLE,CIN,26.0,18.0,8.0,0.6716367313075454,1,False
2018,16,2018_16_TB_DAL,DAL,TB,27.0,20.0,7.0,0.7431602517884477,1,False
2018,16,2018_16_MIN_DET,DET,MIN,9.0,27.0,-18.0,0.33203839035840005,0,False
2018,16,2018_16_NYG_IND,IND,NYG,28.0,27.0,1.0,0.8326773462104706,1,False
2018,16,2018_16_JAX_MIA,MIA,JAX,7.0,17.0,-10.0,0.5561372010603799,0,False
2018,16,2018_16_BUF_NE,NE,BUF,24.0,12.0,12.0,0.8829024089558107,1,False
2018,16,2018_16_GB_NYJ,NYJ,GB,38.0,44.0,-6.0,0.2943157433781032,0,False
2018,16,2018_16_HOU_PHI,PHI,HOU,32.0,30.0,2.0,0.461537298312176,1,False
2018,16,2018_16_LA_ARI,ARI,LA,9.0,31.0,-22.0,0.09488369181978012,0,False
2018,16,2018_16_CHI_SF,SF,CHI,9.0,14.0,-5.0,0.16691998268853234,0,False
2018,16,2018_16_PIT_NO,NO,PIT,31.0,28.0,3.0,0.7803327555758759,1,False
2018,16,2018_16_KC_SEA,SEA,KC,38.0,31.0,7.0,0.39444953672124416,1,False
2018,16,2018_16_DEN_OAK,OAK,DEN,27.0,14.0,13.0,0.21204541788441036,1,False
2018,17,2018_17_MIA_BUF,BUF,MIA,42.0,17.0,25.0,0.6070317117005979,1,False
2018,17,2018_17_DET_GB,GB,DET,0.0,31.0,-31.0,0.6905962484723026,0,False
2018,17,2018_17_JAX_HOU,HOU,JAX,20.0,3.0,17.0,0.8061105880663002,1,False
2018,17,2018_17_NYJ_NE,NE,NYJ,38.0,3.0,35.0,0.9275888581303066,1,False
2018,17,2018_17_CAR_NO,NO,CAR,14.0,33.0,-19.0,0.9420114485980703,0,False
2018,17,2018_17_DAL_NYG,NYG,DAL,35.0,36.0,-1.0,0.3753652229642757,0,False
2018,17,2018_17_ATL_TB,TB,ATL,32.0,34.0,-2.0,0.393482543110969,0,False
2018,17,2018_17_CLE_BAL,BAL,CLE,26.0,24.0,2.0,0.8121483470150727,1,False
2018,17,2018_17_LAC_DEN,DEN,LAC,9.0,23.0,-14.0,0.24455798569987988,0,False
2018,17,2018_17_OAK_KC,KC,OAK,35.0,3.0,32.0,0.9279024997659644,1,False
2018,17,2018_17_SF_LA,LA,SF,48.0,32.0,16.0,0.8632160688111328,1,False
2018,17,2018_17_CHI_MIN,MIN,CHI,10.0,24.0,-14.0,0.44356449750002813,0,False
2018,17,2018_17_CIN_PIT,PIT,CIN,16.0,13.0,3.0,0.8871229942725741,1,False
2018,17,2018_17_ARI_SEA,SEA,ARI,27.0,24.0,3.0,0.9428769760355968,1,False
2018,17,2018_17_PHI_WAS,WAS,PHI,0.0,24.0,-24.0,0.28315199240985955,0,False
2018,17,2018_17_IND_TEN,TEN,IND,17.0,33.0,-16.0,0.5218646255605124,0,False
2019,1,2019_01_GB_CHI,CHI,GB,3.0,10.0,-7.0,0.8072854596112591,0,False
2019,1,2019_01_LA_CAR,CAR,LA,27.0,30.0,-3.0,0.3697121283622472,0,False
2019,1,2019_01_TEN_CLE,CLE,TEN,13.0,43.0,-30.0,0.491138690163675,0,False
2019,1,2019_01_KC_JAX,JAX,KC,26.0,40.0,-14.0,0.2490801947182568,0,False
2019,1,2019_01_BAL_MIA,MIA,BAL,10.0,59.0,-49.0,0.2172882833550236,0,False
2019,1,2019_01_ATL_MIN,MIN,ATL,28.0,12.0,16.0,0.6440446271930061,1,False
2019,1,2019_01_BUF_NYJ,NYJ,BUF,16.0,17.0,-1.0,0.36096530800935506,0,False
2019,1,2019_01_WAS_PHI,PHI,WAS,32.0,27.0,5.0,0.7897208069500854,1,False
2019,1,2019_01_IND_LAC,LAC,IND,30.0,24.0,6.0,0.5820887820869671,1,False
2019,1,2019_01_CIN_SEA,SEA,CIN,21.0,20.0,1.0,0.8421115957001349,1,False
2019,1,2019_01_DET_ARI,ARI,DET,27.0,27.0,0.0,0.2970279803799909,0,False
2019,1,2019_01_NYG_DAL,DAL,NYG,35.0,17.0,18.0,0.6950503679755997,1,False
2019,1,2019_01_SF_TB,TB,SF,17.0,31.0,-14.0,0.5998526379400133,0,False
2019,1,2019_01_PIT_NE,NE,PIT,33.0,3.0,30.0,0.6077399320171563,1,False
2019,1,2019_01_HOU_NO,NO,HOU,30.0,28.0,2.0,0.6971798903546297,1,False
2019,1,2019_01_DEN_OAK,OAK,DEN,24.0,16.0,8.0,0.4477451290455474,1,False
2019,2,2019_02_TB_CAR,CAR,TB,14.0,20.0,-6.0,0.6956429453786365,0,False
2019,2,2019_02_ARI_BAL,BAL,ARI,23.0,17.0,6.0,0.9306012098719026,1,False
2019,2,2019_02_SF_CIN,CIN,SF,17.0,41.0,-24.0,0.5385757020619261,0,False
2019,2,2019_02_LAC_DET,DET,LAC,13.0,10.0,3.0,0.373675068169896,1,False
2019,2,2019_02_MIN_GB,GB,MIN,21.0,16.0,5.0,0.40495176107079717,1,False
2019,2,2019_02_JAX_HOU,HOU,JAX,13.0,12.0,1.0,0.7999794356673172,1,False
2019,2,2019_02_NE_MIA,MIA,NE,0.0,43.0,-43.0,0.10765842733485158,0,False
2019,2,2019_02_BUF_NYG,NYG,BUF,14.0,28.0,-14.0,0.46524881908476157,0,False
2019,2,2019_02_SEA_PIT,PIT,SEA,26.0,28.0,-2.0,0.40291984469862074,0,False
2019,2,2019_02_IND_TEN,TEN,IND,17.0,19.0,-2.0,0.5357703750161337,0,False
2019,2,2019_02_DAL_WAS,WAS,DAL,21.0,31.0,-10.0,0.2578499801397929,0,False
2019,2,2019_02_KC_OAK,OAK,KC,10.0,28.0,-18.0,0.21514035805590118,0,False
2019,2,2019_02_CHI_DEN,DEN,CHI,14.0,16.0,-2.0,0.30601863472016044,0,False
2019,2,2019_02_NO_LA,LA,NO,27.0,9.0,18.0,0.5396581943820988,1,False
2019,2,2019_02_PHI_ATL,ATL,PHI,24.0,20.0,4.0,0.4115545457333927,1,False
2019,2,2019_02_CLE_NYJ,NYJ,CLE,3.0,23.0,-20.0,0.3983835025581109,0,False
2019,3,2019_03_TEN_JAX,JAX,TEN,20.0,7.0,13.0,0.2996356907616486,1,False
2019,3,2019_03_CIN_BUF,BUF,CIN,21.0,17.0,4.0,0.7672531265890324,1,False
2019,3,2019_03_MIA_DAL,DAL,MIA,31.0,6.0,25.0,0.922826972836237,1,False
2019,3,2019_03_DEN_GB,GB,DEN,27.0,16.0,11.0,0.7046906879395076,1,False
2019,3,2019_03_ATL_IND,IND,ATL,27.0,24.0,3.0,0.6948898326343547,1,False
2019,3,2019_03_BAL_KC,KC,BAL,33.0,28.0,5.0,0.5537036955944692,1,False
2019,3,2019_03_OAK_MIN,MIN,OAK,34.0,14.0,20.0,0.8094394405296153,1,False
2019,3,2019_03_NYJ_NE,NE,NYJ,30.0,14.0,16.0,0.9552689789051418,1,False
2019,3,2019_03_DET_PHI,PHI,DET,24.0,27.0,-3.0,0.6635183920201096,0,False
2019,3,2019_03_CAR_ARI,ARI,CAR,20.0,38.0,-18.0,0.32104101401691937,0,False
2019,3,2019_03_NYG_TB,TB,NYG,31.0,32.0,-1.0,0.6453554835571961,0,False
2019,3,2019_03_HOU_LAC,LAC,HOU,20.0,27.0,-7.0,0.6266049517428138,0,False
2019,3,2019_03_NO_SEA,SEA,NO,27.0,33.0,-6.0,0.6521520903870313,0,False
2019,3,2019_03_PIT_SF,SF,PIT,24.0,20.0,4.0,0.5597309538682542,1,False
2019,3,2019_03_LA_CLE,CLE,LA,13.0,20.0,-7.0,0.2651437627107655,0,False
2019,3,2019_03_CHI_WAS,WAS,CHI,15.0,31.0,-16.0,0.21647341272870171,0,False
2019,4,2019_04_PHI_GB,GB,PHI,27.0,34.0,-7.0,0.5136003398576985,0,False
2019,4,2019_04_TEN_ATL,ATL,TEN,10.0,24.0,-14.0,0.49539570256127596,0,False
2019,4,2019_04_CLE_BAL,BAL,CLE,25.0,40.0,-15.0,0.8376401254209863,0,False
2019,4,2019_04_NE_BUF,BUF,NE,10.0,16.0,-6.0,0.2328883832980698,0,False
2019,4,2019_04_KC_DET,DET,KC,30.0,34.0,-4.0,0.33773121859229,0,False
2019,4,2019_04_CAR_HOU,HOU,CAR,10.0,16.0,-6.0,0.7009316019355455,0,False
2019,4,2019_04_OAK_IND,IND,OAK,24.0,31.0,-7.0,0.858416794505377,0,False
2019,4,2019_04_LAC_MIA,MIA,LAC,10.0,30.0,-20.0,0.13591040259402629,0,False
2019,4,2019_04_WAS_NYG,NYG,WAS,24.0,3.0,21.0,0.6829026032930964,1,False
2019,4,2019_04_SEA_ARI,ARI,SEA,10.0,27.0,-17.0,0.16115897833664808,0,False
2019,4,2019_04_TB_LA,LA,TB,40.0,55.0,-15.0,0.8818816832226948,0,False
2019,4,2019_04_MIN_CHI,CHI,MIN,16.0,6.0,10.0,0.6158343162325988,1,False
2019,4,2019_04_JAX_DEN,DEN,JAX,24.0,26.0,-2.0,0.46091672464329375,0,False
2019,4,2019_04_DAL_NO,NO,DAL,12.0,10.0,2.0,0.5065742882446822,1,False
2019,4,2019_04_CIN_PIT,PIT,CIN,27.0,3.0,24.0,0.7391845935158075,1,False
2019,5,2019_05_LA_SEA,SEA,LA,30.0,29.0,1.0,0.5548453960342188,1,False
2019,5,2019_05_JAX_CAR,CAR,JAX,34.0,27.0,7.0,0.6921854110596589,1,False
2019,5,2019_05_ARI_CIN,CIN,ARI,23.0,26.0,-3.0,0.6661313552086944,0,False
2019,5,2019_05_ATL_HOU,HOU,ATL,53.0,32.0,21.0,0.6971682148475701,1,False
2019,5,2019_05_TB_NO,NO,TB,31.0,24.0,7.0,0.7512772828751042,1,False
2019,5,2019_05_MIN_NYG,NYG,MIN,10.0,28.0,-18.0,0.38105113735267715,0,False
2019,5,2019_05_CHI_OAK,OAK,CHI,24.0,21.0,3.0,0.1697483266532379,1,True
2019,5,2019_05_NYJ_PHI,PHI,NYJ,31.0,6.0,25.0,0.8879724776624792,1,False
2019,5,2019_05_BAL_PIT,PIT,BAL,23.0,26.0,-3.0,0.46859098555087414,0,False
2019,5,2019_05_BUF_TEN,TEN,BUF,7.0,14.0,-7.0,0.674682727146953,0,False
2019,5,2019_05_NE_WAS,WAS,NE,7.0,33.0,-26.0,0.06812519298887276,0,False
2019,5,2019_05_DEN_LAC,LAC,DEN,13.0,20.0,-7.0,0.849477813369913,0,False
2019,5,2019_05_GB_DAL,DAL,GB,24.0,34.0,-10.0,0.7202375471086242,0,False
2019,5,2019_05_IND_KC,KC,IND,13.0,19.0,-6.0,0.7664811386751933,0,False
2019,5,2019_05_CLE_SF,SF,CLE,31.0,3.0,28.0,0.5904836343089315,1,False
2019,6,2019_06_NYG_NE,NE,NYG,35.0,14.0,21.0,0.9388225088787916,1,False
2019,6,2019_06_CAR_TB,TB,CAR,26.0,37.0,-11.0,0.35304992955748543,0,True
2019,6,2019_06_CIN_BAL,BAL,CIN,23.0,17.0,6.0,0.8900375523180214,1,False
2019,6,2019_06_SEA_CLE,CLE,SEA,28.0,32.0,-4.0,0.33304652274640906,0,False
2019,6,2019_06_NO_JAX,JAX,NO,6.0,13.0,-7.0,0.32758359799207987,0,False
2019,6,2019_06_HOU_KC,KC,HOU,24.0,31.0,-7.0,0.6802406662205949,0,False
2019,6,2019_06_WAS_MIA,MIA,WAS,16.0,17.0,-1.0,0.4394748133230979,0,False
2019,6,2019_06_PHI_MIN,MIN,PHI,38.0,20.0,18.0,0.567127821625368,1,False
2019,6,2019_06_ATL_ARI,ARI,ATL,34.0,33.0,1.0,0.3577185916174342,1,False
2019,6,2019_06_SF_LA,LA,SF,7.0,20.0,-13.0,0.5951575776815172,0,False
2019,6,2019_06_TEN_DEN,DEN,TEN,16.0,0.0,16.0,0.3637615663190937,1,False
2019,6,2019_06_DAL_NYJ,NYJ,DAL,24.0,22.0,2.0,0.1630331787053195,1,False
2019,6,2019_06_PIT_LAC,LAC,PIT,17.0,24.0,-7.0,0.6184297876704689,0,False
2019,6,2019_06_DET_GB,GB,DET,23.0,22.0,1.0,0.5573005065371561,1,False
2019,7,2019_07_KC_DEN,DEN,KC,6.0,30.0,-24.0,0.28175821595209044,0,False
2019,7,2019_07_LA_ATL,ATL,LA,10.0,37.0,-27.0,0.30796202654573457,0,False
2019,7,2019_07_MIA_BUF,BUF,MIA,31.0,21.0,10.0,0.9230598303422026,1,False
2019,7,2019_07_JAX_CIN,CIN,JAX,17.0,27.0,-10.0,0.3625043381596527,0,False
2019,7,2019_07_MIN_DET,DET,MIN,30.0,42.0,-12.0,0.3909983728491237,0,False
2019,7,2019_07_OAK_GB,GB,OAK,42.0,24.0,18.0,0.7523877116011233,1,False
2019,7,2019_07_HOU_IND,IND,HOU,30.0,23.0,7.0,0.5219087023217396,1,False
2019,7,2019_07_ARI_NYG,NYG,ARI,21.0,27.0,-6.0,0.648982016007184,0,False
2019,7,2019_07_SF_WAS,WAS,SF,0.0,9.0,-9.0,0.13120277572081854,0,False
2019,7,2019_07_LAC_TEN,TEN,LAC,23.0,20.0,3.0,0.49560726153450335,1,False
2019,7,2019_07_NO_CHI,CHI,NO,25.0,36.0,-11.0,0.5680272501276894,0,False
2019,7,2019_07_BAL_SEA,SEA,BAL,16.0,30.0,-14.0,0.5767909736832546,0,False
2019,7,2019_07_PHI_DAL,DAL,PHI,37.0,10.0,27.0,0.5753429041312308,1,False
2019,7,2019_07_NE_NYJ,NYJ,NE,0.0,33.0,-33.0,0.04554606479223845,0,False
2019,8,2019_08_WAS_MIN,MIN,WAS,19.0,9.0,10.0,0.9341779196694064,1,False
2019,8,2019_08_SEA_ATL,ATL,SEA,20.0,27.0,-7.0,0.2532626513890873,0,False
2019,8,2019_08_PHI_BUF,BUF,PHI,13.0,31.0,-18.0,0.643404507802883,0,False
2019,8,2019_08_LAC_CHI,CHI,LAC,16.0,17.0,-1.0,0.6786760323498534,0,False
2019,8,2019_08_NYG_DET,DET,NYG,31.0,26.0,5.0,0.7675875627611832,1,False
2019,8,2019_08_DEN_IND,IND,DEN,15.0,13.0,2.0,0.8030399172793468,1,False
2019,8,2019_08_NYJ_JAX,JAX,NYJ,29.0,15.0,14.0,0.8212123751376497,1,False
2019,8,2019_08_CIN_LA,LA,CIN,24.0,10.0,14.0,0.8856268725544643,1,True
2019,8,2019_08_ARI_NO,NO,ARI,31.0,9.0,22.0,0.8843735265144442,1,False
2019,8,2019_08_TB_TEN,TEN,TB,27.0,23.0,4.0,0.6279201524677187,1,False
2019,8,2019_08_CAR_SF,SF,CAR,51.0,13.0,38.0,0.6551435698530518,1,False
2019,8,2019_08_OAK_HOU,HOU,OAK,27.0,24.0,3.0,0.8274533823427981,1,False
2019,8,2019_08_CLE_NE,NE,CLE,27.0,13.0,14.0,0.9454861994276409,1,False
2019,8,2019_08_GB_KC,KC,GB,24.0,31.0,-7.0,0.7250868639822808,0,False
2019,8,2019_08_MIA_PIT,PIT,MIA,27.0,14.0,13.0,0.922752554167707,1,False
2019,9,2019_09_SF_ARI,ARI,SF,25.0,28.0,-3.0,0.11148919969516148,0,False
2019,9,2019_09_HOU_JAX,JAX,HOU,3.0,26.0,-23.0,0.3457224945458313,0,True
2019,9,2019_09_WAS_BUF,BUF,WAS,24.0,9.0,15.0,0.8562913997275287,1,False
2019,9,2019_09_TEN_CAR,CAR,TEN,30.0,20.0,10.0,0.6061419794692989,1,False
2019,9,2019_09_MIN_KC,KC,MIN,26.0,23.0,3.0,0.496019432980657,1,False
2019,9,2019_09_NYJ_MIA,MIA,NYJ,26.0,18.0,8.0,0.4857274249732494,1,False
2019,9,2019_09_CHI_PHI,PHI,CHI,22.0,14.0,8.0,0.5159955097947948,1,False
2019,9,2019_09_IND_PIT,PIT,IND,26.0,24.0,2.0,0.49619469129386146,1,False
2019,9,2019_09_DET_OAK,OAK,DET,31.0,24.0,7.0,0.32996439516687925,1,False
2019,9,2019_09_TB_SEA,SEA,TB,40.0,34.0,6.0,0.7771755307949801,1,False
2019,9,2019_09_CLE_DEN,DEN,CLE,24.0,19.0,5.0,0.5962365341838932,1,False
2019,9,2019_09_GB_LAC,LAC,GB,26.0,11.0,15.0,0.3810998009716843,1,False
2019,9,2019_09_NE_BAL,BAL,NE,37.0,20.0,17.0,0.2784645641212595,1,False
2019,9,2019_09_DAL_NYG,NYG,DAL,18.0,37.0,-19.0,0.17618519051536022,0,False
2019,10,2019_10_LAC_OAK,OAK,LAC,26.0,24.0,2.0,0.3719502468873689,1,False
2019,10,2019_10_DET_CHI,CHI,DET,20.0,13.0,7.0,0.6586784972692831,1,False
2019,10,2019_10_BAL_CIN,CIN,BAL,13.0,49.0,-36.0,0.07608703727020487,0,False
2019,10,2019_10_BUF_CLE,CLE,BUF,19.0,16.0,3.0,0.35594744920078747,1,False
2019,10,2019_10_ATL_NO,NO,ATL,9.0,26.0,-17.0,0.9271874615683257,0,False
2019,10,2019_10_NYG_NYJ,NYJ,NYG,34.0,27.0,7.0,0.4138567597232108,1,False
2019,10,2019_10_ARI_TB,TB,ARI,30.0,27.0,3.0,0.691024248665782,1,False
2019,10,2019_10_KC_TEN,TEN,KC,35.0,32.0,3.0,0.29407505548660295,1,False
2019,10,2019_10_MIA_IND,IND,MIA,12.0,16.0,-4.0,0.9296433025734568,0,False
2019,10,2019_10_CAR_GB,GB,CAR,24.0,16.0,8.0,0.6201807723025228,1,False
2019,10,2019_10_LA_PIT,PIT,LA,17.0,12.0,5.0,0.49508917011660564,1,False
2019,10,2019_10_MIN_DAL,DAL,MIN,24.0,28.0,-4.0,0.5701472068748774,0,False
2019,10,2019_10_SEA_SF,SF,SEA,24.0,27.0,-3.0,0.7688684913744981,0,False
2019,11,2019_11_PIT_CLE,CLE,PIT,21.0,7.0,14.0,0.29343714290820677,1,False
2019,11,2019_11_HOU_BAL,BAL,HOU,41.0,7.0,34.0,0.6634028080548683,1,False
2019,11,2019_11_ATL_CAR,CAR,ATL,3.0,29.0,-26.0,0.7229016560050148,0,False
2019,11,2019_11_DAL_DET,DET,DAL,27.0,35.0,-8.0,0.3095750837772206,0,False
2019,11,2019_11_JAX_IND,IND,JAX,33.0,13.0,20.0,0.7069525152427828,1,False
2019,11,2019_11_BUF_MIA,MIA,BUF,20.0,37.0,-17.0,0.2478367475005709,0,False
2019,11,2019_11_DEN_MIN,MIN,DEN,27.0,23.0,4.0,0.8484204717604776,1,False
2019,11,2019_11_NO_TB,TB,NO,17.0,34.0,-17.0,0.3069557108297622,0,False
2019,11,2019_11_NYJ_WAS,WAS,NYJ,17.0,34.0,-17.0,0.5726103442139776,0,False
2019,11,2019_11_ARI_SF,SF,ARI,36.0,26.0,10.0,0.9384998481446354,1,False
2019,11,2019_11_CIN_OAK,OAK,CIN,17.0,10.0,7.0,0.835613673589316,1,False
2019,11,2019_11_NE_PHI,PHI,NE,10.0,17.0,-7.0,0.2694311143352004,0,False
2019,11,2019_11_CHI_LA,LA,CHI,17.0,7.0,10.0,0.6230910012682653,1,False
2019,11,2019_11_KC_LAC,LAC,KC,17.0,24.0,-7.0,0.4016299837517882,0,True
2019,12,2019_12_IND_HOU,HOU,IND,20.0,17.0,3.0,0.5453505919387059,1,False
2019,12,2019_12_TB_ATL,ATL,TB,22.0,35.0,-13.0,0.677457527653553,0,False
2019,12,2019_12_DEN_BUF,BUF,DEN,20.0,3.0,17.0,0.6981704104788743,1,False
2019,12,2019_12_NYG_CHI,CHI,NYG,19.0,14.0,5.0,0.8435800806279867,1,False
2019,12,2019_12_PIT_CIN,CIN,PIT,10.0,16.0,-6.0,0.13764609807532718,0,False
2019,12,2019_12_MIA_CLE,CLE,MIA,41.0,24.0,17.0,0.8027488591548653,1,False
2019,12,2019_12_CAR_NO,NO,CAR,34.0,31.0,3.0,0.8244410220746653,1,False
2019,12,2019_12_OAK_NYJ,NYJ,OAK,34.0,3.0,31.0,0.3373462639047222,1,False
2019,12,2019_12_SEA_PHI,PHI,SEA,9.0,17.0,-8.0,0.4623180795467818,0,False
2019,12,2019_12_DET_WAS,WAS,DET,19.0,16.0,3.0,0.2610082299231268,1,False
2019,12,2019_12_JAX_TEN,TEN,JAX,42.0,20.0,22.0,0.6568367234957259,1,False
2019,12,2019_12_DAL_NE,NE,DAL,13.0,9.0,4.0,0.7304417974079511,1,False
2019,12,2019_12_GB_SF,SF,GB,37.0,8.0,29.0,0.7250262678496223,1,False
2019,12,2019_12_BAL_LA,LA,BAL,6.0,45.0,-39.0,0.3450025100271054,0,False
2019,13,2019_13_CHI_DET,DET,CHI,20.0,24.0,-4.0,0.38466956373779104,0,False
2019,13,2019_13_BUF_DAL,DAL,BUF,15.0,26.0,-11.0,0.6306787052993117,0,False
2019,13,2019_13_NO_ATL,ATL,NO,18.0,26.0,-8.0,0.2457718388267881,0,False
2019,13,2019_13_SF_BAL,BAL,SF,20.0,17.0,3.0,0.6615672560693507,1,False
2019,13,2019_13_WAS_CAR,CAR,WAS,21.0,29.0,-8.0,0.8085290649726075,0,False
2019,13,2019_13_NYJ_CIN,CIN,NYJ,22.0,6.0,16.0,0.2909389417949374,1,False
2019,13,2019_13_TEN_IND,IND,TEN,17.0,31.0,-14.0,0.6300001835608969,0,False
2019,13,2019_13_TB_JAX,JAX,TB,11.0,28.0,-17.0,0.43779577969581696,0,False
2019,13,2019_13_PHI_MIA,MIA,PHI,37.0,31.0,6.0,0.22215841907339737,1,False
2019,13,2019_13_GB_NYG,NYG,GB,13.0,31.0,-18.0,0.22484793119137222,0,False
2019,13,2019_13_CLE_PIT,PIT,CLE,20.0,13.0,7.0,0.6814678022846065,1,False
2019,13,2019_13_LA_ARI,ARI,LA,7.0,34.0,-27.0,0.25896997921391424,0,False
2019,13,2019_13_LAC_DEN,DEN,LAC,23.0,20.0,3.0,0.39258007831254327,1,False
2019,13,2019_13_OAK_KC,KC,OAK,40.0,9.0,31.0,0.8435932836548083,1,False
2019,13,2019_13_NE_HOU,HOU,NE,28.0,22.0,6.0,0.32037929063853915,1,False
2019,13,2019_13_MIN_SEA,SEA,MIN,37.0,30.0,7.0,0.5272417485150344,1,False
2019,14,2019_14_DAL_CHI,CHI,DAL,31.0,24.0,7.0,0.5168711593142363,1,False
2019,14,2019_14_CAR_ATL,ATL,CAR,40.0,20.0,20.0,0.6303748309924365,1,False
2019,14,2019_14_BAL_BUF,BUF,BAL,17.0,24.0,-7.0,0.22370501972561677,0,False
2019,14,2019_14_CIN_CLE,CLE,CIN,27.0,19.0,8.0,0.8000819067546857,1,False
2019,14,2019_14_WAS_GB,GB,WAS,20.0,15.0,5.0,0.8748873035688116,1,False
2019,14,2019_14_DEN_HOU,HOU,DEN,24.0,38.0,-14.0,0.8123692418592815,0,False
2019,14,2019_14_DET_MIN,MIN,DET,20.0,7.0,13.0,0.8720069860752131,1,False
2019,14,2019_14_SF_NO,NO,SF,46.0,48.0,-2.0,0.49757950902488324,0,False
2019,14,2019_14_MIA_NYJ,NYJ,MIA,22.0,21.0,1.0,0.6347235660617653,1,False
2019,14,2019_14_IND_TB,TB,IND,38.0,35.0,3.0,0.48061605818217923,1,False
2019,14,2019_14_LAC_JAX,JAX,LAC,10.0,45.0,-35.0,0.32275502230369646,0,False
2019,14,2019_14_PIT_ARI,ARI,PIT,17.0,23.0,-6.0,0.1901505596332662,0,False
2019,14,2019_14_KC_NE,NE,KC,16.0,23.0,-7.0,0.6530237133933086,0,False
2019,14,2019_14_TEN_OAK,OAK,TEN,21.0,42.0,-21.0,0.2584521980136114,0,False
2019,14,2019_14_SEA_LA,LA,SEA,28.0,12.0,16.0,0.4697388335587459,1,False
2019,14,2019_14_NYG_PHI,PHI,NYG,23.0,17.0,6.0,0.8527829218261919,1,False
2019,15,2019_15_NYJ_BAL,BAL,NYJ,42.0,21.0,21.0,0.9651400042246018,1,False
2019,15,2019_15_SEA_CAR,CAR,SEA,24.0,30.0,-6.0,0.20362756328627923,0,False
2019,15,2019_15_NE_CIN,CIN,NE,13.0,34.0,-21.0,0.10325700868572292,0,False
2019,15,2019_15_TB_DET,DET,TB,17.0,38.0,-21.0,0.37436236478144763,0,False
2019,15,2019_15_CHI_GB,GB,CHI,21.0,13.0,8.0,0.591988500718133,1,False
2019,15,2019_15_DEN_KC,KC,DEN,23.0,3.0,20.0,0.8340226138574176,1,False
2019,15,2019_15_MIA_NYG,NYG,MIA,36.0,20.0,16.0,0.45848640236762706,1,False
2019,15,2019_15_HOU_TEN,TEN,HOU,21.0,24.0,-3.0,0.6570137598806286,0,False
2019,15,2019_15_PHI_WAS,WAS,PHI,27.0,37.0,-10.0,0.32854017510899264,0,False
2019,15,2019_15_CLE_ARI,ARI,CLE,38.0,24.0,14.0,0.2524842186416686,1,False
2019,15,2019_15_MIN_LAC,LAC,MIN,10.0,39.0,-29.0,0.4007067407686049,0,False
2019,15,2019_15_JAX_OAK,OAK,JAX,16.0,20.0,-4.0,0.6271179605436707,0,False
2019,15,2019_15_LA_DAL,DAL,LA,44.0,21.0,23.0,0.429602499959387,1,False
2019,15,2019_15_ATL_SF,SF,ATL,22.0,29.0,-7.0,0.8511752298238938,0,False
2019,15,2019_15_BUF_PIT,PIT,BUF,10.0,17.0,-7.0,0.5877909356493273,0,False
2019,15,2019_15_IND_NO,NO,IND,34.0,7.0,27.0,0.7717312320146843,1,False
2019,16,2019_16_HOU_TB,TB,HOU,20.0,23.0,-3.0,0.5599483129447475,0,False
2019,16,2019_16_BUF_NE,NE,BUF,24.0,17.0,7.0,0.6799933441810958,1,False
2019,16,2019_16_LA_SF,SF,LA,34.0,31.0,3.0,0.7117865445030873,1,False
2019,16,2019_16_JAX_ATL,ATL,JAX,24.0,12.0,12.0,0.8503984949887725,1,False
2019,16,2019_16_BAL_CLE,CLE,BAL,15.0,31.0,-16.0,0.08620081689173499,0,False
2019,16,2019_16_CAR_IND,IND,CAR,38.0,6.0,32.0,0.766933196684911,1,False
2019,16,2019_16_CIN_MIA,MIA,CIN,38.0,35.0,3.0,0.6126428996944001,1,False
2019,16,2019_16_PIT_NYJ,NYJ,PIT,16.0,10.0,6.0,0.3001850812789648,1,False
2019,16,2019_16_NO_TEN,TEN,NO,28.0,38.0,-10.0,0.4138505505943923,0,False
2019,16,2019_16_NYG_WAS,WAS,NYG,35.0,41.0,-6.0,0.5452389848375941,0,False
2019,16,2019_16_DET_DEN,DEN,DET,27.0,17.0,10.0,0.7042122844240984,1,False
2019,16,2019_16_OAK_LAC,LAC,OAK,17.0,24.0,-7.0,0.8207457883946635,0,False
2019,16,2019_16_DAL_PHI,PHI,DAL,17.0,9.0,8.0,0.41041163793822316,1,False
2019,16,2019_16_ARI_SEA,SEA,ARI,13.0,27.0,-14.0,0.8796586180957294,0,False
2019,16,2019_16_KC_CHI,CHI,KC,3.0,26.0,-23.0,0.28792506119394407,0,False
2019,16,2019_16_GB_MIN,MIN,GB,10.0,23.0,-13.0,0.7115492269283078,0,False
2019,17,2019_17_NYJ_BUF,BUF,NYJ,6.0,13.0,-7.0,0.7941682052310642,0,False
2019,17,2019_17_NO_CAR,CAR,NO,10.0,42.0,-32.0,0.08671069493574009,0,False
2019,17,2019_17_CLE_CIN,CIN,CLE,33.0,23.0,10.0,0.28069378607599643,1,False
2019,17,2019_17_GB_DET,DET,GB,20.0,23.0,-3.0,0.15846627691751938,0,False
2019,17,2019_17_LAC_KC,KC,LAC,31.0,21.0,10.0,0.8825399423257921,1,False
2019,17,2019_17_CHI_MIN,MIN,CHI,19.0,21.0,-2.0,0.7656428106246744,0,False
2019,17,2019_17_MIA_NE,NE,MIA,24.0,27.0,-3.0,0.9272354880860728,0,False
2019,17,2019_17_ATL_TB,TB,ATL,22.0,28.0,-6.0,0.512415416403214,0,False
2019,17,2019_17_PIT_BAL,BAL,PIT,28.0,10.0,18.0,0.9313255132151798,1,False
2019,17,2019_17_WAS_DAL,DAL,WAS,47.0,16.0,31.0,0.8854829620788753,1,False
2019,17,2019_17_OAK_DEN,DEN,OAK,16.0,15.0,1.0,0.7536924872976773,1,False
2019,17,2019_17_TEN_HOU,HOU,TEN,14.0,35.0,-21.0,0.5725202246139425,0,False
2019,17,2019_17_IND_JAX,JAX,IND,38.0,20.0,18.0,0.22284694769912838,1,False
2019,17,2019_17_ARI_LA,LA,ARI,31.0,24.0,7.0,0.7762365084001168,1,False
2019,17,2019_17_PHI_NYG,NYG,PHI,17.0,34.0,-17.0,0.24626426531821596,0,False
2019,17,2019_17_SF_SEA,SEA,SF,21.0,26.0,-5.0,0.41460118457314127,0,False
2020,1,2020_01_HOU_KC,KC,HOU,34.0,20.0,14.0,0.8173895197048469,1,False
2020,1,2020_01_SEA_ATL,ATL,SEA,25.0,38.0,-13.0,0.6600851603209094,0,False
2020,1,2020_01_CLE_BAL,BAL,CLE,38.0,6.0,32.0,0.9227445547010686,1,False
2020,1,2020_01_NYJ_BUF,BUF,NYJ,27.0,17.0,10.0,0.6417269060888448,1,False
2020,1,2020_01_LV_CAR,CAR,LV,30.0,34.0,-4.0,0.2841051670793105,0,False
2020,1,2020_01_CHI_DET,DET,CHI,23.0,27.0,-4.0,0.3535797217136484,0,False
2020,1,2020_01_IND_JAX,JAX,IND,27.0,20.0,7.0,0.4061998796395568,1,False
2020,1,2020_01_GB_MIN,MIN,GB,34.0,43.0,-9.0,0.5709470652269116,0,False
2020,1,2020_01_MIA_NE,NE,MIA,21.0,11.0,10.0,0.815220903573274,1,False
2020,1,2020_01_PHI_WAS,WAS,PHI,27.0,17.0,10.0,0.2425778596485642,1,False
2020,1,2020_01_LAC_CIN,CIN,LAC,13.0,16.0,-3.0,0.4066287870976557,0,False
2020,1,2020_01_TB_NO,NO,TB,34.0,23.0,11.0,0.765438858551854,1,False
2020,1,2020_01_ARI_SF,SF,ARI,20.0,24.0,-4.0,0.8126052216045406,0,False
2020,1,2020_01_DAL_LA,LA,DAL,20.0,17.0,3.0,0.5272384297122003,1,False
2020,1,2020_01_PIT_NYG,NYG,PIT,16.0,26.0,-10.0,0.3939229675234335,0,False
2020,1,2020_01_TEN_DEN,DEN,TEN,14.0,16.0,-2.0,0.4074951484807163,0,False
2020,2,2020_02_CIN_CLE,CLE,CIN,35.0,30.0,5.0,0.598496236228306,1,False
2020,2,2020_02_NYG_CHI,CHI,NYG,17.0,13.0,4.0,0.7750734719120903,1,False
2020,2,2020_02_ATL_DAL,DAL,ATL,40.0,39.0,1.0,0.5934264246204051,1,False
2020,2,2020_02_DET_GB,GB,DET,42.0,21.0,21.0,0.8728364471420598,1,False
2020,2,2020_02_MIN_IND,IND,MIN,28.0,11.0,17.0,0.3998069161421134,1,False
2020,2,2020_02_BUF_MIA,MIA,BUF,28.0,31.0,-3.0,0.27479818273611434,0,False
2020,2,2020_02_SF_NYJ,NYJ,SF,13.0,31.0,-18.0,0.3599493236070039,0,False
2020,2,2020_02_LA_PHI,PHI,LA,19.0,37.0,-18.0,0.5009567873914786,0,False
2020,2,2020_02_DEN_PIT,PIT,DEN,26.0,21.0,5.0,0.6207690061770669,1,False
2020,2,2020_02_CAR_TB,TB,CAR,31.0,17.0,14.0,0.8201229365912138,1,False
2020,2,2020_02_JAX_TEN,TEN,JAX,33.0,30.0,3.0,0.8305660761503066,1,False
2020,2,2020_02_WAS_ARI,ARI,WAS,30.0,15.0,15.0,0.6821569011068176,1,False
2020,2,2020_02_BAL_HOU,HOU,BAL,16.0,33.0,-17.0,0.12526036395640455,0,False
2020,2,2020_02_KC_LAC,LAC,KC,20.0,23.0,-3.0,0.21573583290916387,0,False
2020,2,2020_02_NE_SEA,SEA,NE,35.0,30.0,5.0,0.4827748157210436,1,False
2020,2,2020_02_NO_LV,LV,NO,34.0,24.0,10.0,0.2857134994639146,1,False
2020,3,2020_03_MIA_JAX,JAX,MIA,13.0,31.0,-18.0,0.6329618064935335,0,False
2020,3,2020_03_CHI_ATL,ATL,CHI,26.0,30.0,-4.0,0.5249170695172951,0,False
2020,3,2020_03_LA_BUF,BUF,LA,35.0,32.0,3.0,0.5432286806984825,1,False
2020,3,2020_03_WAS_CLE,CLE,WAS,34.0,20.0,14.0,0.6396291272506786,1,False
2020,3,2020_03_TEN_MIN,MIN,TEN,30.0,31.0,-1.0,0.37938634185830794,0,False
2020,3,2020_03_LV_NE,NE,LV,36.0,20.0,16.0,0.6306260573403912,1,False
2020,3,2020_03_SF_NYG,NYG,SF,9.0,36.0,-27.0,0.20355767394217622,0,False
2020,3,2020_03_CIN_PHI,PHI,CIN,23.0,23.0,0.0,0.717590467424941,0,False
2020,3,2020_03_HOU_PIT,PIT,HOU,28.0,21.0,7.0,0.6975019493335862,1,False
2020,3,2020_03_NYJ_IND,IND,NYJ,36.0,7.0,29.0,0.6718003386707037,1,False
2020,3,2020_03_CAR_LAC,LAC,CAR,16.0,21.0,-5.0,0.7999055816184888,0,False
2020,3,2020_03_DET_ARI,ARI,DET,23.0,26.0,-3.0,0.788971919207671,0,False
2020,3,2020_03_TB_DEN,DEN,TB,10.0,28.0,-18.0,0.4413832045222094,0,False
2020,3,2020_03_DAL_SEA,SEA,DAL,38.0,31.0,7.0,0.6115848800260207,1,False
2020,3,2020_03_GB_NO,NO,GB,30.0,37.0,-7.0,0.5804822395689284,0,False
2020,3,2020_03_KC_BAL,BAL,KC,20.0,34.0,-14.0,0.6820769024898763,0,False
2020,4,2020_04_DEN_NYJ,NYJ,DEN,28.0,37.0,-9.0,0.4147587092578489,0,False
2020,4,2020_04_ARI_CAR,CAR,ARI,31.0,21.0,10.0,0.31548342745555985,1,False
2020,4,2020_04_JAX_CIN,CIN,JAX,33.0,25.0,8.0,0.5855689931054886,1,False
2020,4,2020_04_CLE_DAL,DAL,CLE,38.0,49.0,-11.0,0.72200174960901,0,False
2020,4,2020_04_NO_DET,DET,NO,29.0,35.0,-6.0,0.19320262367213292,0,False
2020,4,2020_04_MIN_HOU,HOU,MIN,23.0,31.0,-8.0,0.4729414818090038,0,False
2020,4,2020_04_SEA_MIA,MIA,SEA,23.0,31.0,-8.0,0.3333088178703465,0,False
2020,4,2020_04_LAC_TB,TB,LAC,38.0,31.0,7.0,0.7544485131506419,1,False
2020,4,2020_04_BAL_WAS,WAS,BAL,17.0,31.0,-14.0,0.08963653135649409,0,False
2020,4,2020_04_NYG_LA,LA,NYG,17.0,9.0,8.0,0.8819306784345942,1,False
2020,4,2020_04_IND_CHI,CHI,IND,11.0,19.0,-8.0,0.5888054997427108,0,False
2020,4,2020_04_BUF_LV,LV,BUF,23.0,30.0,-7.0,0.489581360146961,0,False
2020,4,2020_04_PHI_SF,SF,PHI,20.0,25.0,-5.0,0.7932419449170774,0,False
2020,4,2020_04_NE_KC,KC,NE,26.0,10.0,16.0,0.7773774965421785,1,False
2020,4,2020_04_ATL_GB,GB,ATL,30.0,16.0,14.0,0.8198737503367343,1,False
2020,5,2020_05_TB_CHI,CHI,TB,20.0,19.0,1.0,0.46560819770795175,1,False
2020,5,2020_05_CAR_ATL,ATL,CAR,16.0,23.0,-7.0,0.7411838471064369,0,False
2020,5,2020_05_CIN_BAL,BAL,CIN,27.0,3.0,24.0,0.9258694163267772,1,False
2020,5,2020_05_JAX_HOU,HOU,JAX,30.0,14.0,16.0,0.6240962247120349,1,False
2020,5,2020_05_LV_KC,KC,LV,32.0,40.0,-8.0,0.8964404963626315,0,False
2020,5,2020_05_ARI_NYJ,NYJ,ARI,10.0,30.0,-20.0,0.34186306292768986,0,False
2020,5,2020_05_PHI_PIT,PIT,PHI,38.0,29.0,9.0,0.650180000419908,1,False
2020,5,2020_05_LA_WAS,WAS,LA,10.0,30.0,-20.0,0.17451309401216317,0,False
2020,5,2020_05_MIA_SF,SF,MIA,17.0,43.0,-26.0,0.8204147378032809,0,False
2020,5,2020_05_IND_CLE,CLE,IND,32.0,23.0,9.0,0.4032889413409404,1,False
2020,5,2020_05_NYG_DAL,DAL,NYG,37.0,34.0,3.0,0.8050852504148178,1,False
2020,5,2020_05_MIN_SEA,SEA,MIN,27.0,26.0,1.0,0.6924676370787262,1,False
2020,5,2020_05_LAC_NO,NO,LAC,30.0,27.0,3.0,0.8345630186678973,1,False
2020,5,2020_05_BUF_TEN,TEN,BUF,42.0,16.0,26.0,0.6207238202829166,1,False
2020,6,2020_06_CHI_CAR,CAR,CHI,16.0,23.0,-7.0,0.39535317170319484,0,False
2020,6,2020_06_CIN_IND,IND,CIN,31.0,27.0,4.0,0.7973351671634611,1,False
2020,6,2020_06_DET_JAX,JAX,DET,16.0,34.0,-18.0,0.5866724173176214,0,False
2020,6,2020_06_ATL_MIN,MIN,ATL,23.0,40.0,-17.0,0.6700017340713433,0,False
2020,6,2020_06_DEN_NE,NE,DEN,12.0,18.0,-6.0,0.7619598852965552,0,False
2020,6,2020_06_WAS_NYG,NYG,WAS,20.0,19.0,1.0,0.6421573683833098,1,False
2020,6,2020_06_BAL_PHI,PHI,BAL,28.0,30.0,-2.0,0.16028975261939515,0,False
2020,6,2020_06_CLE_PIT,PIT,CLE,38.0,7.0,31.0,0.6861514124974278,1,False
2020,6,2020_06_HOU_TEN,TEN,HOU,42.0,36.0,6.0,0.8414108518845362,1,False
2020,6,2020_06_NYJ_MIA,MIA,NYJ,24.0,0.0,24.0,0.8417516317732398,1,False
2020,6,2020_06_GB_TB,TB,GB,38.0,10.0,28.0,0.3603245974967316,1,False
2020,6,2020_06_LA_SF,SF,LA,24.0,16.0,8.0,0.44776857816818133,1,False
2020,6,2020_06_KC_BUF,BUF,KC,17.0,26.0,-9.0,0.262661057124487,0,False
2020,6,2020_06_ARI_DAL,DAL,ARI,10.0,38.0,-28.0,0.5764080859852804,0,False
2020,7,2020_07_NYG_PHI,PHI,NYG,22.0,21.0,1.0,0.769649667492677,1,False
2020,7,2020_07_DET_ATL,ATL,DET,22.0,23.0,-1.0,0.696279299457916,0,False
2020,7,2020_07_CLE_CIN,CIN,CLE,34.0,37.0,-3.0,0.46575459829723964,0,False
2020,7,2020_07_GB_HOU,HOU,GB,20.0,35.0,-15.0,0.2711901946489517,0,False
2020,7,2020_07_CAR_NO,NO,CAR,27.0,24.0,3.0,0.8715011210899417,1,False
2020,7,2020_07_BUF_NYJ,NYJ,BUF,10.0,18.0,-8.0,0.21786731858821035,0,False
2020,7,2020_07_PIT_TEN,TEN,PIT,24.0,27.0,-3.0,0.6156010203181976,0,False
2020,7,2020_07_DAL_WAS,WAS,DAL,25.0,3.0,22.0,0.32259938695123486,1,False
2020,7,2020_07_TB_LV,LV,TB,20.0,45.0,-25.0,0.4243142664678656,0,False
2020,7,2020_07_KC_DEN,DEN,KC,16.0,43.0,-27.0,0.1982519441257777,0,False
2020,7,2020_07_JAX_LAC,LAC,JAX,39.0,29.0,10.0,0.6888492909205851,1,False
2020,7,2020_07_SF_NE,NE,SF,6.0,33.0,-27.0,0.5749099374702429,0,False
2020,7,2020_07_SEA_ARI,ARI,SEA,37.0,34.0,3.0,0.4864531018646861,1,False
2020,7,2020_07_CHI_LA,LA,CHI,24.0,10.0,14.0,0.6466258887360131,1,False
2020,8,2020_08_ATL_CAR,CAR,ATL,17.0,25.0,-8.0,0.48428137946499417,0,False
2020,8,2020_08_PIT_BAL,BAL,PIT,24.0,28.0,-4.0,0.7364918705839217,0,False
2020,8,2020_08_NE_BUF,BUF,NE,24.0,21.0,3.0,0.6205266215646623,1,False
2020,8,2020_08_TEN_CIN,CIN,TEN,31.0,20.0,11.0,0.1920221049219104,1,False
2020,8,2020_08_LV_CLE,CLE,LV,6.0,16.0,-10.0,0.5611179223075138,0,False
2020,8,2020_08_IND_DET,DET,IND,21.0,41.0,-20.0,0.33089451788361796,0,False
2020,8,2020_08_MIN_GB,GB,MIN,22.0,28.0,-6.0,0.8442350582916757,0,False
2020,8,2020_08_NYJ_KC,KC,NYJ,35.0,9.0,26.0,0.9741881739775069,1,False
2020,8,2020_08_LA_MIA,MIA,LA,28.0,17.0,11.0,0.4369633275366676,1,False
2020,8,2020_08_LAC_DEN,DEN,LAC,31.0,30.0,1.0,0.5956268244221469,1,False
2020,8,2020_08_NO_CHI,CHI,NO,23.0,26.0,-3.0,0.4007533105993757,0,False
2020,8,2020_08_SF_SEA,SEA,SF,37.0,27.0,10.0,0.5284075871108421,1,False
2020,8,2020_08_DAL_PHI,PHI,DAL,23.0,9.0,14.0,0.6921422281825403,1,False
2020,8,2020_08_TB_NYG,NYG,TB,23.0,25.0,-2.0,0.1062291228861488,0,False
2020,9,2020_09_GB_SF,SF,GB,17.0,34.0,-17.0,0.5452150709563653,0,False
2020,9,2020_09_DEN_ATL,ATL,DEN,34.0,27.0,7.0,0.6205916666602163,1,False
2020,9,2020_09_SEA_BUF,BUF,SEA,44.0,34.0,10.0,0.4155717705471236,1,False
2020,9,2020_09_BAL_IND,IND,BAL,10.0,24.0,-14.0,0.3534465101278773,0,False
2020,9,2020_09_HOU_JAX,JAX,HOU,25.0,27.0,-2.0,0.4151001286051079,0,False
2020,9,2020_09_CAR_KC,KC,CAR,33.0,31.0,2.0,0.9336084721274533,1,False
2020,9,2020_09_DET_MIN,MIN,DET,34.0,20.0,14.0,0.685727770050334,1,False
2020,9,2020_09_CHI_TEN,TEN,CHI,24.0,17.0,7.0,0.7025487197456275,1,False
2020,9,2020_09_NYG_WAS,WAS,NYG,20.0,23.0,-3.0,0.6185973908644234,0,False
2020,9,2020_09_LV_LAC,LAC,LV,26.0,31.0,-5.0,0.44317996508440993,0,False
2020,9,2020_09_MIA_ARI,ARI,MIA,31.0,34.0,-3.0,0.553652195016218,0,False
2020,9,2020_09_PIT_DAL,DAL,PIT,19.0,24.0,-5.0,0.11816974100249829,0,False
2020,9,2020_09_NO_TB,TB,NO,3.0,38.0,-35.0,0.6573378158412136,0,False
2020,9,2020_09_NE_NYJ,NYJ,NE,27.0,30.0,-3.0,0.19194924044914016,0,False
2020,10,2020_10_IND_TEN,TEN,IND,17.0,34.0,-17.0,0.6108734167189445,0,False
2020,10,2020_10_TB_CAR,CAR,TB,23.0,46.0,-23.0,0.24995767977376476,0,False
2020,10,2020_10_HOU_CLE,CLE,HOU,10.0,7.0,3.0,0.6213003343889539,1,False
2020,10,2020_10_WAS_DET,DET,WAS,30.0,27.0,3.0,0.5881205113718668,1,False
2020,10,2020_10_JAX_GB,GB,JAX,24.0,20.0,4.0,0.9363265578505048,1,False
2020,10,2020_10_PHI_NYG,NYG,PHI,27.0,17.0,10.0,0.3565780586442632,1,False
2020,10,2020_10_BUF_ARI,ARI,BUF,32.0,30.0,2.0,0.566946026254793,1,False
2020,10,2020_10_DEN_LV,LV,DEN,37.0,12.0,25.0,0.7255256042445517,1,False
2020,10,2020_10_LAC_MIA,MIA,LAC,29.0,21.0,8.0,0.801421796601006,1,False
2020,10,2020_10_SEA_LA,LA,SEA,23.0,16.0,7.0,0.540856460260878,1,False
2020,10,2020_10_SF_NO,NO,SF,27.0,13.0,14.0,0.7583555594223393,1,False
2020,10,2020_10_CIN_PIT,PIT,CIN,36.0,10.0,26.0,0.8911661970001352,1,False
2020,10,2020_10_BAL_NE,NE,BAL,23.0,17.0,6.0,0.19663392272023594,1,False
2020,10,2020_10_MIN_CHI,CHI,MIN,13.0,19.0,-6.0,0.5429485323220309,0,False
2020,11,2020_11_ARI_SEA,SEA,ARI,28.0,21.0,7.0,0.5582144688066695,1,False
2020,11,2020_11_TEN_BAL,BAL,TEN,24.0,30.0,-6.0,0.75576510174576,0,False
2020,11,2020_11_DET_CAR,CAR,DET,20.0,0.0,20.0,0.5751777592887597,1,False
2020,11,2020_11_PHI_CLE,CLE,PHI,22.0,17.0,5.0,0.6446163754146746,1,False
2020,11,2020_11_NE_HOU,HOU,NE,27.0,20.0,7.0,0.4277152599837588,1,False
2020,11,2020_11_PIT_JAX,JAX,PIT,3.0,27.0,-24.0,0.06146123580824442,0,False
2020,11,2020_11_ATL_NO,NO,ATL,24.0,9.0,15.0,0.8143880632371363,1,False
2020,11,2020_11_CIN_WAS,WAS,CIN,20.0,9.0,11.0,0.4899323142905572,1,False
2020,11,2020_11_MIA_DEN,DEN,MIA,20.0,13.0,7.0,0.21613763227124205,1,False
2020,11,2020_11_NYJ_LAC,LAC,NYJ,34.0,28.0,6.0,0.8293426019472877,1,False
2020,11,2020_11_GB_IND,IND,GB,34.0,31.0,3.0,0.5512252693153273,1,False
2020,11,2020_11_DAL_MIN,MIN,DAL,28.0,31.0,-3.0,0.8455432728356002,0,False
2020,11,2020_11_KC_LV,LV,KC,31.0,35.0,-4.0,0.27870208057613693,0,False
2020,11,2020_11_LA_TB,TB,LA,24.0,27.0,-3.0,0.6292389484418295,0,False
2020,12,2020_12_HOU_DET,DET,HOU,25.0,41.0,-16.0,0.39579707954800103,0,False
2020,12,2020_12_WAS_DAL,DAL,WAS,16.0,41.0,-25.0,0.49474234270928735,0,False
2020,12,2020_12_LV_ATL,ATL,LV,43.0,6.0,37.0,0.4683290379618222,1,False
2020,12,2020_12_LAC_BUF,BUF,LAC,27.0,17.0,10.0,0.7541965061036593,1,False
2020,12,2020_12_NYG_CIN,CIN,NYG,17.0,19.0,-2.0,0.5176067794218336,0,False
2020,12,2020_12_TEN_IND,IND,TEN,26.0,45.0,-19.0,0.652267077866667,0,False
2020,12,2020_12_CLE_JAX,JAX,CLE,25.0,27.0,-2.0,0.191410835189981,0,False
2020,12,2020_12_CAR_MIN,MIN,CAR,28.0,27.0,1.0,0.7086529932386714,1,False
2020,12,2020_12_ARI_NE,NE,ARI,20.0,17.0,3.0,0.47415641338196524,1,False
2020,12,2020_12_MIA_NYJ,NYJ,MIA,3.0,20.0,-17.0,0.0978178304965007,0,False
2020,12,2020_12_NO_DEN,DEN,NO,3.0,31.0,-28.0,0.1489618823090617,0,False
2020,12,2020_12_SF_LA,LA,SF,20.0,23.0,-3.0,0.7226172335804587,0,False
2020,12,2020_12_KC_TB,TB,KC,24.0,27.0,-3.0,0.3253895476078559,0,False
2020,12,2020_12_CHI_GB,GB,CHI,41.0,25.0,16.0,0.7753882802520868,1,False
2020,12,2020_12_SEA_PHI,PHI,SEA,17.0,23.0,-6.0,0.3414600077649954,0,False
2020,12,2020_12_BAL_PIT,PIT,BAL,19.0,14.0,5.0,0.7256785728061459,1,False
2020,13,2020_13_NO_ATL,ATL,NO,16.0,21.0,-5.0,0.26946555810760875,0,False
2020,13,2020_13_DET_CHI,CHI,DET,30.0,34.0,-4.0,0.7313467316356013,0,False
2020,13,2020_13_IND_HOU,HOU,IND,20.0,26.0,-6.0,0.47466516401218484,0,False
2020,13,2020_13_CIN_MIA,MIA,CIN,19.0,7.0,12.0,0.8792814393506264,1,False
2020,13,2020_13_JAX_MIN,MIN,JAX,27.0,24.0,3.0,0.893711584509685,1,False
2020,13,2020_13_LV_NYJ,NYJ,LV,28.0,31.0,-3.0,0.17972985593528004,0,False
2020,13,2020_13_CLE_TEN,TEN,CLE,35.0,41.0,-6.0,0.7519635640739127,0,False
2020,13,2020_13_LA_ARI,ARI,LA,28.0,38.0,-10.0,0.4629352276775816,0,False
2020,13,2020_13_NYG_SEA,SEA,NYG,12.0,17.0,-5.0,0.8072915858709874,0,False
2020,13,2020_13_PHI_GB,GB,PHI,30.0,16.0,14.0,0.8367023984831915,1,False
2020,13,2020_13_NE_LAC,LAC,NE,0.0,45.0,-45.0,0.4514686485400445,0,False
2020,13,2020_13_DEN_KC,KC,DEN,22.0,16.0,6.0,0.9368249682844624,1,False
2020,13,2020_13_WAS_PIT,PIT,WAS,17.0,23.0,-6.0,0.905702521677136,0,False
2020,13,2020_13_BUF_SF,SF,BUF,24.0,34.0,-10.0,0.39063114853135295,0,True
2020,13,2020_13_DAL_BAL,BAL,DAL,34.0,17.0,17.0,0.9255293800562516,1,False
2020,14,2020_14_NE_LA,LA,NE,24.0,3.0,21.0,0.6489984570519206,1,False
2020,14,2020_14_DEN_CAR,CAR,DEN,27.0,32.0,-5.0,0.6257865077222606,0,False
2020,14,2020_14_HOU_CHI,CHI,HOU,36.0,7.0,29.0,0.4494435609019034,1,False
2020,14,2020_14_DAL_CIN,CIN,DAL,7.0,30.0,-23.0,0.6341523740816309,0,False
2020,14,2020_14_TEN_JAX,JAX,TEN,10.0,31.0,-21.0,0.13664951358475358,0,False
2020,14,2020_14_KC_MIA,MIA,KC,27.0,33.0,-6.0,0.35189545492515534,0,False
2020,14,2020_14_ARI_NYG,NYG,ARI,7.0,26.0,-19.0,0.4832123333818562,0,False
2020,14,2020_14_MIN_TB,TB,MIN,26.0,14.0,12.0,0.6756966442569504,1,False
2020,14,2020_14_IND_LV,LV,IND,27.0,44.0,-17.0,0.45236274041977603,0,False
2020,14,2020_14_NYJ_SEA,SEA,NYJ,40.0,3.0,37.0,0.92810837515828,1,False
2020,14,2020_14_GB_DET,DET,GB,24.0,31.0,-7.0,0.16176595583358405,0,False
2020,14,2020_14_ATL_LAC,LAC,ATL,20.0,17.0,3.0,0.232709435174391,1,False
2020,14,2020_14_NO_PHI,PHI,NO,24.0,21.0,3.0,0.10106692160899641,1,False
2020,14,2020_14_WAS_SF,SF,WAS,15.0,23.0,-8.0,0.4710032287827905,0,True
2020,14,2020_14_PIT_BUF,BUF,PIT,26.0,15.0,11.0,0.38509109762116667,1,False
2020,14,2020_14_BAL_CLE,CLE,BAL,42.0,47.0,-5.0,0.3755587518616677,0,False
2020,15,2020_15_LAC_LV,LV,LAC,27.0,30.0,-3.0,0.6967808118905541,0,False
2020,15,2020_15_BUF_DEN,DEN,BUF,19.0,48.0,-29.0,0.20599366242453485,0,False
2020,15,2020_15_CAR_GB,GB,CAR,24.0,16.0,8.0,0.8936716665151979,1,False
2020,15,2020_15_TB_ATL,ATL,TB,27.0,31.0,-4.0,0.4557169536728083,0,False
2020,15,2020_15_JAX_BAL,BAL,JAX,40.0,14.0,26.0,0.9474617736408123,1,False
2020,15,2020_15_SF_DAL,DAL,SF,41.0,33.0,8.0,0.342603863498542,1,False
2020,15,2020_15_HOU_IND,IND,HOU,27.0,20.0,7.0,0.8354526709392575,1,False
2020,15,2020_15_NE_MIA,MIA,NE,22.0,12.0,10.0,0.6801150589882061,1,False
2020,15,2020_15_CHI_MIN,MIN,CHI,27.0,33.0,-6.0,0.6108300179276709,0,False
2020,15,2020_15_DET_TEN,TEN,DET,46.0,25.0,21.0,0.8891719072279067,1,False
2020,15,2020_15_SEA_WAS,WAS,SEA,15.0,20.0,-5.0,0.48261067867587015,0,False
2020,15,2020_15_PHI_ARI,ARI,PHI,33.0,26.0,7.0,0.7208527458231772,1,False
2020,15,2020_15_NYJ_LA,LA,NYJ,20.0,23.0,-3.0,0.9628452127940137,0,False
2020,15,2020_15_KC_NO,NO,KC,29.0,32.0,-3.0,0.5162722672450253,0,False
2020,15,2020_15_CLE_NYG,NYG,CLE,6.0,20.0,-14.0,0.44066482331243245,0,False
2020,15,2020_15_PIT_CIN,CIN,PIT,27.0,17.0,10.0,0.10857259280961229,1,False
2020,16,2020_16_MIN_NO,NO,MIN,52.0,33.0,19.0,0.8668252151514122,1,False
2020,16,2020_16_TB_DET,DET,TB,7.0,47.0,-40.0,0.13594141124118544,0,False
2020,16,2020_16_SF_ARI,ARI,SF,12.0,20.0,-8.0,0.7190546848422394,0,False
2020,16,2020_16_MIA_LV,LV,MIA,25.0,26.0,-1.0,0.3399620784373949,0,False
2020,16,2020_16_NYG_BAL,BAL,NYG,27.0,13.0,14.0,0.8890124966418073,1,False
2020,16,2020_16_CIN_HOU,HOU,CIN,31.0,37.0,-6.0,0.6669311405819728,0,False
2020,16,2020_16_CHI_JAX,JAX,CHI,17.0,41.0,-24.0,0.18651293682535364,0,False
2020,16,2020_16_ATL_KC,KC,ATL,17.0,14.0,3.0,0.8780210208461185,1,False
2020,16,2020_16_CLE_NYJ,NYJ,CLE,23.0,16.0,7.0,0.14530815324331325,1,False
2020,16,2020_16_IND_PIT,PIT,IND,28.0,24.0,4.0,0.5180569825825264,1,False
2020,16,2020_16_DEN_LAC,LAC,DEN,19.0,16.0,3.0,0.5777139999872623,1,False
2020,16,2020_16_CAR_WAS,WAS,CAR,13.0,20.0,-7.0,0.7721542441933472,0,False
2020,16,2020_16_PHI_DAL,DAL,PHI,37.0,17.0,20.0,0.518576781530626,1,False
2020,16,2020_16_LA_SEA,SEA,LA,20.0,9.0,11.0,0.5673184434496444,1,False
2020,16,2020_16_TEN_GB,GB,TEN,40.0,14.0,26.0,0.6507107912388241,1,False
2020,16,2020_16_BUF_NE,NE,BUF,9.0,38.0,-29.0,0.2886640436024299,0,False
2020,17,2020_17_MIA_BUF,BUF,MIA,56.0,26.0,30.0,0.7622637798706983,1,False
2020,17,2020_17_BAL_CIN,CIN,BAL,3.0,38.0,-35.0,0.14182642058490078,0,False
2020,17,2020_17_PIT_CLE,CLE,PIT,24.0,22.0,2.0,0.4091531489580862,1,False
2020,17,2020_17_MIN_DET,DET,MIN,35.0,37.0,-2.0,0.27407476784346124,0,False
2020,17,2020_17_NYJ_NE,NE,NYJ,28.0,14.0,14.0,0.8229051244476019,1,False
2020,17,2020_17_DAL_NYG,NYG,DAL,23.0,19.0,4.0,0.4438544947819171,1,False
2020,17,2020_17_ATL_TB,TB,ATL,44.0,27.0,17.0,0.7464091862878505,1,False
2020,17,2020_17_NO_CAR,CAR,NO,7.0,33.0,-26.0,0.12685832004288747,0,False
2020,17,2020_17_GB_CHI,CHI,GB,16.0,35.0,-19.0,0.2717855613722498,0,False
2020,17,2020_17_LV_DEN,DEN,LV,31.0,32.0,-1.0,0.44310494293355734,0,False
2020,17,2020_17_TEN_HOU,HOU,TEN,38.0,41.0,-3.0,0.26877680881041205,0,False
2020,17,2020_17_JAX_IND,IND,JAX,28.0,14.0,14.0,0.943117113862115,1,False
2020,17,2020_17_LAC_KC,KC,LAC,21.0,38.0,-17.0,0.9385006552833741,0,False
2020,17,2020_17_ARI_LA,LA,ARI,18.0,7.0,11.0,0.6850653716827481,1,False
2020,17,2020_17_SEA_SF,SF,SEA,23.0,26.0,-3.0,0.21962565685162888,0,True
2020,17,2020_17_WAS_PHI,PHI,WAS,14.0,20.0,-6.0,0.38893783329740783,0,False
2021,1,2021_01_DAL_TB,TB,DAL,31.0,29.0,2.0,0.7879175706298334,1,False
2021,1,2021_01_PHI_ATL,ATL,PHI,6.0,32.0,-26.0,0.7288953782986171,0,False
2021,1,2021_01_PIT_BUF,BUF,PIT,16.0,23.0,-7.0,0.7704843555453915,0,False
2021,1,2021_01_NYJ_CAR,CAR,NYJ,19.0,14.0,5.0,0.6904774171729342,1,False
2021,1,2021_01_MIN_CIN,CIN,MIN,27.0,24.0,3.0,0.4062038021830417,1,False
2021,1,2021_01_SF_DET,DET,SF,33.0,41.0,-8.0,0.38214844441384394,0,False
2021,1,2021_01_JAX_HOU,HOU,JAX,37.0,21.0,16.0,0.7659653340955124,1,False
2021,1,2021_01_SEA_IND,IND,SEA,16.0,28.0,-12.0,0.5268262784968034,0,False
2021,1,2021_01_ARI_TEN,TEN,ARI,13.0,38.0,-25.0,0.6873842342657781,0,False
2021,1,2021_01_LAC_WAS,WAS,LAC,16.0,20.0,-4.0,0.6291429345128065,0,False
2021,1,2021_01_CLE_KC,KC,CLE,33.0,29.0,4.0,0.7033409300149033,1,False
2021,1,2021_01_MIA_NE,NE,MIA,16.0,17.0,-1.0,0.52049232912627,0,False
2021,1,2021_01_GB_NO,NO,GB,38.0,3.0,35.0,0.517339192459072,1,True
2021,1,2021_01_DEN_NYG,NYG,DEN,13.0,27.0,-14.0,0.6249636234505156,0,False
2021,1,2021_01_CHI_LA,LA,CHI,34.0,14.0,20.0,0.6756098330032169,1,False
2021,1,2021_01_BAL_LV,LV,BAL,33.0,27.0,6.0,0.2759491543200768,1,False
2021,2,2021_02_NYG_WAS,WAS,NYG,30.0,29.0,1.0,0.7300447723010017,1,False
2021,2,2021_02_NO_CAR,CAR,NO,26.0,7.0,19.0,0.15788553064845373,1,False
2021,2,2021_02_CIN_CHI,CHI,CIN,20.0,17.0,3.0,0.679865316677352,1,False
2021,2,2021_02_HOU_CLE,CLE,HOU,31.0,21.0,10.0,0.6591259268424194,1,False
2021,2,2021_02_LA_IND,IND,LA,24.0,27.0,-3.0,0.4529450373284964,0,False
2021,2,2021_02_DEN_JAX,JAX,DEN,13.0,23.0,-10.0,0.2666700178095179,0,False
2021,2,2021_02_BUF_MIA,MIA,BUF,0.0,35.0,-35.0,0.351912691328455,0,False
2021,2,2021_02_NE_NYJ,NYJ,NE,6.0,25.0,-19.0,0.3273715896511847,0,False
2021,2,2021_02_SF_PHI,PHI,SF,11.0,17.0,-6.0,0.5258892155590167,0,False
2021,2,2021_02_LV_PIT,PIT,LV,17.0,26.0,-9.0,0.7227752557047253,0,False
2021,2,2021_02_MIN_ARI,ARI,MIN,34.0,33.0,1.0,0.7149493922860131,1,False
2021,2,2021_02_ATL_TB,TB,ATL,48.0,25.0,23.0,0.8581703802094004,1,False
2021,2,2021_02_DAL_LAC,LAC,DAL,17.0,20.0,-3.0,0.6313017189321672,0,False
2021,2,2021_02_TEN_SEA,SEA,TEN,30.0,33.0,-3.0,0.7653417830085245,0,False
2021,2,2021_02_KC_BAL,BAL,KC,36.0,35.0,1.0,0.5768582042805593,1,False
2021,2,2021_02_DET_GB,GB,DET,35.0,17.0,18.0,0.9006376849604876,1,False
2021,3,2021_03_CAR_HOU,HOU,CAR,9.0,24.0,-15.0,0.40022774230382424,0,False
2021,3,2021_03_WAS_BUF,BUF,WAS,43.0,21.0,22.0,0.8569809803075419,1,False
2021,3,2021_03_CHI_CLE,CLE,CHI,26.0,6.0,20.0,0.6377802076966738,1,False
2021,3,2021_03_BAL_DET,DET,BAL,17.0,19.0,-2.0,0.12776603880740886,0,False
2021,3,2021_03_ARI_JAX,JAX,ARI,19.0,31.0,-12.0,0.15462154647687334,0,False
2021,3,2021_03_LAC_KC,KC,LAC,24.0,30.0,-6.0,0.7610194988432445,0,False
2021,3,2021_03_NO_NE,NE,NO,13.0,28.0,-15.0,0.3486422362571645,0,False
2021,3,2021_03_ATL_NYG,NYG,ATL,14.0,17.0,-3.0,0.5361403077628221,0,False
2021,3,2021_03_CIN_PIT,PIT,CIN,10.0,24.0,-14.0,0.7531060290826731,0,False
2021,3,2021_03_IND_TEN,TEN,IND,25.0,16.0,9.0,0.5724335730365055,1,False
2021,3,2021_03_NYJ_DEN,DEN,NYJ,26.0,0.0,26.0,0.791570154618129,1,False
2021,3,2021_03_MIA_LV,LV,MIA,31.0,28.0,3.0,0.6153501147744836,1,False
2021,3,2021_03_TB_LA,LA,TB,34.0,24.0,10.0,0.4878009541322804,1,False
2021,3,2021_03_SEA_MIN,MIN,SEA,30.0,17.0,13.0,0.2879963541275761,1,False
2021,3,2021_03_GB_SF,SF,GB,28.0,30.0,-2.0,0.37806214316933806,0,False
2021,3,2021_03_PHI_DAL,DAL,PHI,41.0,21.0,20.0,0.6284704308901773,1,False
2021,4,2021_04_JAX_CIN,CIN,JAX,24.0,21.0,3.0,0.842014672742668,1,False
2021,4,2021_04_WAS_ATL,ATL,WAS,30.0,34.0,-4.0,0.47311958042678004,0,False
2021,4,2021_04_HOU_BUF,BUF,HOU,40.0,0.0,40.0,0.9399518247291214,1,False
2021,4,2021_04_DET_CHI,CHI,DET,24.0,14.0,10.0,0.7821076808715017,1,False
2021,4,2021_04_CAR_DAL,DAL,CAR,36.0,28.0,8.0,0.5647516484141358,1,False
2021,4,2021_04_IND_MIA,MIA,IND,17.0,27.0,-10.0,0.477639192798447,0,False
2021,4,2021_04_CLE_MIN,MIN,CLE,7.0,14.0,-7.0,0.4304153402150368,0,False
2021,4,2021_04_NYG_NO,NO,NYG,21.0,27.0,-6.0,0.9105633006465204,0,False
2021,4,2021_04_TEN_NYJ,NYJ,TEN,27.0,24.0,3.0,0.19481565579972426,1,False
2021,4,2021_04_KC_PHI,PHI,KC,30.0,42.0,-12.0,0.29043031057492,0,False
2021,4,2021_04_ARI_LA,LA,ARI,20.0,37.0,-17.0,0.6941923881315702,0,False
2021,4,2021_04_SEA_SF,SF,SEA,21.0,28.0,-7.0,0.4580873543734711,0,False
2021,4,2021_04_BAL_DEN,DEN,BAL,7.0,23.0,-16.0,0.37092423953335685,0,False
2021,4,2021_04_PIT_GB,GB,PIT,27.0,17.0,10.0,0.7923077777545698,1,False
2021,4,2021_04_TB_NE,NE,TB,17.0,19.0,-2.0,0.3333349637693922,0,False
2021,4,2021_04_LV_LAC,LAC,LV,28.0,14.0,14.0,0.5207310138899034,1,False
2021,5,2021_05_LA_SEA,SEA,LA,17.0,26.0,-9.0,0.5714544624933636,0,False
2021,5,2021_05_NYJ_ATL,ATL,NYJ,27.0,20.0,7.0,0.6137531804484196,1,True
2021,5,2021_05_PHI_CAR,CAR,PHI,18.0,21.0,-3.0,0.7543396742956273,0,False
2021,5,2021_05_GB_CIN,CIN,GB,22.0,25.0,-3.0,0.28574290063817476,0,False
2021,5,2021_05_NE_HOU,HOU,NE,22.0,25.0,-3.0,0.3844792525233825,0,False
2021,5,2021_05_TEN_JAX,JAX,TEN,19.0,37.0,-18.0,0.1612062973962718,0,False
2021,5,2021_05_DET_MIN,MIN,DET,19.0,17.0,2.0,0.8161044875106964,1,False
2021,5,2021_05_DEN_PIT,PIT,DEN,27.0,19.0,8.0,0.5003033458524233,1,False
2021,5,2021_05_MIA_TB,TB,MIA,45.0,17.0,28.0,0.8681703011563101,1,False
2021,5,2021_05_NO_WAS,WAS,NO,22.0,33.0,-11.0,0.29185902111872836,0,False
2021,5,2021_05_CLE_LAC,LAC,CLE,47.0,42.0,5.0,0.5660237667030179,1,False
2021,5,2021_05_CHI_LV,LV,CHI,9.0,20.0,-11.0,0.6011138560700422,0,False
2021,5,2021_05_SF_ARI,ARI,SF,17.0,10.0,7.0,0.771150288790741,1,False
2021,5,2021_05_NYG_DAL,DAL,NYG,44.0,20.0,24.0,0.8205043681590402,1,False
2021,5,2021_05_BUF_KC,KC,BUF,20.0,38.0,-18.0,0.26753492933571,0,False
2021,5,2021_05_IND_BAL,BAL,IND,31.0,25.0,6.0,0.7642998922807722,1,False
2021,6,2021_06_TB_PHI,PHI,TB,22.0,28.0,-6.0,0.17030537040853516,0,False
2021,6,2021_06_MIA_JAX,JAX,MIA,23.0,20.0,3.0,0.2602056460135163,1,True
2021,6,2021_06_LAC_BAL,BAL,LAC,34.0,6.0,28.0,0.6924582785249276,1,False
2021,6,2021_06_MIN_CAR,CAR,MIN,28.0,34.0,-6.0,0.6054540401078647,0,False
2021,6,2021_06_GB_CHI,CHI,GB,14.0,24.0,-10.0,0.3312286091046281,0,False
2021,6,2021_06_CIN_DET,DET,CIN,11.0,34.0,-23.0,0.273729530203714,0,False
2021,6,2021_06_HOU_IND,IND,HOU,31.0,3.0,28.0,0.7906147820859467,1,False
2021,6,2021_06_LA_NYG,NYG,LA,11.0,38.0,-27.0,0.2122433225905815,0,False
2021,6,2021_06_KC_WAS,WAS,KC,13.0,31.0,-18.0,0.36896733110555807,0,False
2021,6,2021_06_ARI_CLE,CLE,ARI,14.0,37.0,-23.0,0.4735820194317621,0,False
2021,6,2021_06_LV_DEN,DEN,LV,24.0,34.0,-10.0,0.5465550450596592,0,False
2021,6,2021_06_DAL_NE,NE,DAL,29.0,35.0,-6.0,0.36625615170837206,0,False
2021,6,2021_06_SEA_PIT,PIT,SEA,23.0,20.0,3.0,0.4763477501569239,1,False
2021,6,2021_06_BUF_TEN,TEN,BUF,34.0,31.0,3.0,0.16158285250745275,1,False
2021,7,2021_07_DEN_CLE,CLE,DEN,17.0,14.0,3.0,0.6622753235731678,1,False
2021,7,2021_07_CIN_BAL,BAL,CIN,17.0,41.0,-24.0,0.8472181805027772,0,False
2021,7,2021_07_WAS_GB,GB,WAS,24.0,10.0,14.0,0.8822719325762959,1,False
2021,7,2021_07_ATL_MIA,MIA,ATL,28.0,30.0,-2.0,0.4932845221487033,0,False
2021,7,2021_07_NYJ_NE,NE,NYJ,54.0,13.0,41.0,0.7910341192726286,1,False
2021,7,2021_07_CAR_NYG,NYG,CAR,25.0,3.0,22.0,0.3423006912671547,1,False
2021,7,2021_07_KC_TEN,TEN,KC,27.0,3.0,24.0,0.489943657277223,1,False
2021,7,2021_07_DET_LA,LA,DET,28.0,19.0,9.0,0.9455872543926728,1,False
2021,7,2021_07_PHI_LV,LV,PHI,33.0,22.0,11.0,0.738436823318379,1,False
2021,7,2021_07_HOU_ARI,ARI,HOU,31.0,5.0,26.0,0.9360947745926229,1,False
2021,7,2021_07_CHI_TB,TB,CHI,38.0,3.0,35.0,0.8543140466646889,1,False
2021,7,2021_07_IND_SF,SF,IND,18.0,30.0,-12.0,0.462267856884275,0,False
2021,7,2021_07_NO_SEA,SEA,NO,10.0,13.0,-3.0,0.356416031464883,0,False
2021,8,2021_08_GB_ARI,ARI,GB,21.0,24.0,-3.0,0.6371615598788741,0,False
2021,8,2021_08_CAR_ATL,ATL,CAR,13.0,19.0,-6.0,0.5553140551852166,0,False
2021,8,2021_08_MIA_BUF,BUF,MIA,26.0,11.0,15.0,0.9605698523833629,1,False
2021,8,2021_08_SF_CHI,CHI,SF,22.0,33.0,-11.0,0.492232144300483,0,False
2021,8,2021_08_PIT_CLE,CLE,PIT,10.0,15.0,-5.0,0.6102440367529974,0,False
2021,8,2021_08_PHI_DET,DET,PHI,6.0,44.0,-38.0,0.3877164415087585,0,False
2021,8,2021_08_LA_HOU,HOU,LA,22.0,38.0,-16.0,0.09602138744605614,0,False
2021,8,2021_08_TEN_IND,IND,TEN,31.0,34.0,-3.0,0.5131292613658335,0,False
2021,8,2021_08_CIN_NYJ,NYJ,CIN,34.0,31.0,3.0,0.14308946136513329,1,False
2021,8,2021_08_NE_LAC,LAC,NE,24.0,27.0,-3.0,0.5775764587728315,0,False
2021,8,2021_08_JAX_SEA,SEA,JAX,31.0,7.0,24.0,0.8740165224806459,1,False
2021,8,2021_08_WAS_DEN,DEN,WAS,17.0,10.0,7.0,0.6723213865957055,1,False
2021,8,2021_08_TB_NO,NO,TB,36.0,27.0,9.0,0.4990258956590012,1,False
2021,8,2021_08_DAL_MIN,MIN,DAL,16.0,20.0,-4.0,0.3874349792615083,0,False
2021,8,2021_08_NYG_KC,KC,NYG,20.0,17.0,3.0,0.7360763209904335,1,False
2021,9,2021_09_NYJ_IND,IND,NYJ,45.0,30.0,15.0,0.8957830549054546,1,False
2021,9,2021_09_MIN_BAL,BAL,MIN,34.0,31.0,3.0,0.7560489710450657,1,False
2021,9,2021_09_NE_CAR,CAR,NE,6.0,24.0,-18.0,0.4228976557025163,0,False
2021,9,2021_09_CLE_CIN,CIN,CLE,16.0,41.0,-25.0,0.6580197721978103,0,False
2021,9,2021_09_DEN_DAL,DAL,DEN,16.0,30.0,-14.0,0.774123467947205,0,False
2021,9,2021_09_BUF_JAX,JAX,BUF,9.0,6.0,3.0,0.03751017098124498,1,False
2021,9,2021_09_HOU_MIA,MIA,HOU,17.0,9.0,8.0,0.6827566871213206,1,False
2021,9,2021_09_ATL_NO,NO,ATL,25.0,27.0,-2.0,0.9065377178273505,0,False
2021,9,2021_09_LV_NYG,NYG,LV,23.0,16.0,7.0,0.34945141421055614,1,False
2021,9,2021_09_LAC_PHI,PHI,LAC,24.0,27.0,-3.0,0.44020888810608294,0,False
2021,9,2021_09_GB_KC,KC,GB,13.0,7.0,6.0,0.37818706337909186,1,False
2021,9,2021_09_ARI_SF,SF,ARI,17.0,31.0,-14.0,0.2355818958763274,0,False
2021,9,2021_09_TEN_LA,LA,TEN,16.0,28.0,-12.0,0.6612407084573504,0,False
2021,9,2021_09_CHI_PIT,PIT,CHI,29.0,27.0,2.0,0.7703879072505113,1,False
2021,10,2021_10_BAL_MIA,MIA,BAL,22.0,10.0,12.0,0.1958975827124129,1,False
2021,10,2021_10_ATL_DAL,DAL,ATL,43.0,3.0,40.0,0.7856515409913838,1,False
2021,10,2021_10_JAX_IND,IND,JAX,23.0,17.0,6.0,0.9064682439400934,1,False
2021,10,2021_10_CLE_NE,NE,CLE,45.0,7.0,38.0,0.5971155840283183,1,False
2021,10,2021_10_BUF_NYJ,NYJ,BUF,17.0,45.0,-28.0,0.058980474658946076,0,False
2021,10,2021_10_DET_PIT,PIT,DET,16.0,16.0,0.0,0.915759744928378,0,False
2021,10,2021_10_NO_TEN,TEN,NO,23.0,21.0,2.0,0.6115305121133382,1,False
2021,10,2021_10_TB_WAS,WAS,TB,29.0,19.0,10.0,0.14290037314714993,1,False
2021,10,2021_10_CAR_ARI,ARI,CAR,10.0,34.0,-24.0,0.8983743733344502,0,False
2021,10,2021_10_MIN_LAC,LAC,MIN,20.0,27.0,-7.0,0.6295587379961214,0,False
2021,10,2021_10_PHI_DEN,DEN,PHI,13.0,30.0,-17.0,0.7076726416714479,0,False
2021,10,2021_10_SEA_GB,GB,SEA,17.0,0.0,17.0,0.7555077735281455,1,False
2021,10,2021_10_KC_LV,LV,KC,14.0,41.0,-27.0,0.46382937527422463,0,False
2021,10,2021_10_LA_SF,SF,LA,31.0,10.0,21.0,0.3028237409176034,1,False
2021,11,2021_11_NE_ATL,ATL,NE,0.0,25.0,-25.0,0.18743751311878828,0,False
2021,11,2021_11_IND_BUF,BUF,IND,15.0,41.0,-26.0,0.7941688864738176,0,False
2021,11,2021_11_WAS_CAR,CAR,WAS,21.0,27.0,-6.0,0.6878044264569463,0,False
2021,11,2021_11_BAL_CHI,CHI,BAL,13.0,16.0,-3.0,0.29423063009278944,0,False
2021,11,2021_11_DET_CLE,CLE,DET,13.0,10.0,3.0,0.8765162395577532,1,False
2021,11,2021_11_SF_JAX,JAX,SF,10.0,30.0,-20.0,0.226577337580534,0,False
2021,11,2021_11_GB_MIN,MIN,GB,34.0,31.0,3.0,0.31731125187750897,1,False
2021,11,2021_11_MIA_NYJ,NYJ,MIA,17.0,24.0,-7.0,0.2635978485883313,0,False
2021,11,2021_11_NO_PHI,PHI,NO,40.0,29.0,11.0,0.34825801474165574,1,False
2021,11,2021_11_HOU_TEN,TEN,HOU,13.0,22.0,-9.0,0.9628134795322628,0,False
2021,11,2021_11_CIN_LV,LV,CIN,13.0,32.0,-19.0,0.4813510963778085,0,False
2021,11,2021_11_DAL_KC,KC,DAL,19.0,9.0,10.0,0.5469672912790084,1,False
2021,11,2021_11_ARI_SEA,SEA,ARI,13.0,23.0,-10.0,0.35808402394408556,0,False
2021,11,2021_11_PIT_LAC,LAC,PIT,41.0,37.0,4.0,0.5423693903232282,1,False
2021,11,2021_11_NYG_TB,TB,NYG,30.0,10.0,20.0,0.8179284581828953,1,False
2021,12,2021_12_CHI_DET,DET,CHI,14.0,16.0,-2.0,0.3474816674439815,0,False
2021,12,2021_12_LV_DAL,DAL,LV,33.0,36.0,-3.0,0.8314581812374409,0,False
2021,12,2021_12_BUF_NO,NO,BUF,6.0,31.0,-25.0,0.4393191983793569,0,False
2021,12,2021_12_PIT_CIN,CIN,PIT,41.0,10.0,31.0,0.6466611443876706,1,False
2021,12,2021_12_NYJ_HOU,HOU,NYJ,14.0,21.0,-7.0,0.6591541595867372,0,False
2021,12,2021_12_TB_IND,IND,TB,31.0,38.0,-7.0,0.6159935831339577,0,False
2021,12,2021_12_ATL_JAX,JAX,ATL,14.0,21.0,-7.0,0.41434546772889214,0,False
2021,12,2021_12_CAR_MIA,MIA,CAR,33.0,10.0,23.0,0.5770788187136874,1,False
2021,12,2021_12_TEN_NE,NE,TEN,36.0,13.0,23.0,0.6687167660380585,1,False
2021,12,2021_12_PHI_NYG,NYG,PHI,13.0,7.0,6.0,0.3718906668016005,1,False
2021,12,2021_12_LAC_DEN,DEN,LAC,28.0,13.0,15.0,0.465350787951204,1,False
2021,12,2021_12_LA_GB,GB,LA,36.0,28.0,8.0,0.7157593216203496,1,False
2021,12,2021_12_MIN_SF,SF,MIN,34.0,26.0,8.0,0.5640987688142546,1,False
2021,12,2021_12_CLE_BAL,BAL,CLE,16.0,10.0,6.0,0.713530886828819,1,False
2021,12,2021_12_SEA_WAS,WAS,SEA,17.0,15.0,2.0,0.503577969578425,1,False
2021,13,2021_13_DAL_NO,NO,DAL,17.0,27.0,-10.0,0.49331626456778327,0,False
2021,13,2021_13_TB_ATL,ATL,TB,17.0,30.0,-13.0,0.15970856394154007,0,False
2021,13,2021_13_ARI_CHI,CHI,ARI,22.0,33.0,-11.0,0.21898267311863318,0,False
2021,13,2021_13_LAC_CIN,CIN,LAC,22.0,41.0,-19.0,0.7642874655124505,0,False
2021,13,2021_13_MIN_DET,DET,MIN,29.0,27.0,2.0,0.18503977228771015,1,False
2021,13,2021_13_IND_HOU,HOU,IND,0.0,31.0,-31.0,0.10896426355687215,0,False
2021,13,2021_13_NYG_MIA,MIA,NYG,20.0,9.0,11.0,0.684265174279844,1,False
2021,13,2021_13_PHI_NYJ,NYJ,PHI,18.0,33.0,-15.0,0.22398679212535907,0,False
2021,13,2021_13_JAX_LA,LA,JAX,37.0,7.0,30.0,0.8937842866000932,1,False
2021,13,2021_13_WAS_LV,LV,WAS,15.0,17.0,-2.0,0.5103468532958962,0,False
2021,13,2021_13_BAL_PIT,PIT,BAL,20.0,19.0,1.0,0.3462742377935515,1,False
2021,13,2021_13_SF_SEA,SEA,SF,30.0,23.0,7.0,0.41851710977333345,1,False
2021,13,2021_13_DEN_KC,KC,DEN,22.0,9.0,13.0,0.8000354155936936,1,False
2021,13,2021_13_NE_BUF,BUF,NE,10.0,14.0,-4.0,0.5020298297614771,0,False
2021,14,2021_14_PIT_MIN,MIN,PIT,36.0,28.0,8.0,0.6028917424469131,1,False
2021,14,2021_14_ATL_CAR,CAR,ATL,21.0,29.0,-8.0,0.6419348054614537,0,False
2021,14,2021_14_BAL_CLE,CLE,BAL,24.0,22.0,2.0,0.38921128246487996,1,False
2021,14,2021_14_SEA_HOU,HOU,SEA,13.0,33.0,-20.0,0.23186008799890662,0,False
2021,14,2021_14_LV_KC,KC,LV,48.0,9.0,39.0,0.8661990049595283,1,False
2021,14,2021_14_NO_NYJ,NYJ,NO,9.0,30.0,-21.0,0.21501723188365593,0,False
2021,14,2021_14_JAX_TEN,TEN,JAX,20.0,0.0,20.0,0.9321778173497184,1,False
2021,14,2021_14_DAL_WAS,WAS,DAL,20.0,27.0,-7.0,0.37048884681913774,0,False
2021,14,2021_14_DET_DEN,DEN,DET,38.0,10.0,28.0,0.8352881957845831,1,False
2021,14,2021_14_NYG_LAC,LAC,NYG,37.0,21.0,16.0,0.7302666848990164,1,False
2021,14,2021_14_SF_CIN,CIN,SF,23.0,26.0,-3.0,0.5868314041566522,0,False
2021,14,2021_14_BUF_TB,TB,BUF,33.0,27.0,6.0,0.6311947780514081,1,False
2021,14,2021_14_CHI_GB,GB,CHI,45.0,30.0,15.0,0.9011217820684059,1,False
2021,14,2021_14_LA_ARI,ARI,LA,23.0,30.0,-7.0,0.6743886194616842,0,False
2021,15,2021_15_KC_LAC,LAC,KC,28.0,34.0,-6.0,0.2875767772591258,0,False
2021,15,2021_15_NE_IND,IND,NE,27.0,17.0,10.0,0.44565331008203246,1,False
2021,15,2021_15_CAR_BUF,BUF,CAR,31.0,14.0,17.0,0.863825630660671,1,False
2021,15,2021_15_ARI_DET,DET,ARI,30.0,12.0,18.0,0.09512327212536201,1,False
2021,15,2021_15_HOU_JAX,JAX,HOU,16.0,30.0,-14.0,0.5266012318183885,0,False
2021,15,2021_15_NYJ_MIA,MIA,NYJ,31.0,24.0,7.0,0.918684405073118,1,False
2021,15,2021_15_DAL_NYG,NYG,DAL,6.0,21.0,-15.0,0.25819579562824224,0,False
2021,15,2021_15_TEN_PIT,PIT,TEN,19.0,13.0,6.0,0.3368799446154359,1,False
2021,15,2021_15_CIN_DEN,DEN,CIN,10.0,15.0,-5.0,0.5284035745721923,0,False
2021,15,2021_15_ATL_SF,SF,ATL,31.0,13.0,18.0,0.8103986347745984,1,False
2021,15,2021_15_GB_BAL,BAL,GB,30.0,31.0,-1.0,0.35513121506401235,0,False
2021,15,2021_15_NO_TB,TB,NO,0.0,9.0,-9.0,0.8063381327193149,0,False
2021,15,2021_15_LV_CLE,CLE,LV,14.0,16.0,-2.0,0.7137195175389281,0,False
2021,15,2021_15_MIN_CHI,CHI,MIN,9.0,17.0,-8.0,0.30986247634900155,0,False
2021,15,2021_15_SEA_LA,LA,SEA,20.0,10.0,10.0,0.6814027471345905,1,False
2021,15,2021_15_WAS_PHI,PHI,WAS,27.0,17.0,10.0,0.6932871342471263,1,False
2021,16,2021_16_SF_TEN,TEN,SF,20.0,17.0,3.0,0.5043407553314228,1,False
2021,16,2021_16_CLE_GB,GB,CLE,24.0,22.0,2.0,0.8382619369191436,1,False
2021,16,2021_16_IND_ARI,ARI,IND,16.0,22.0,-6.0,0.3127894771145877,0,False
2021,16,2021_16_DET_ATL,ATL,DET,20.0,16.0,4.0,0.6213135092613404,1,False
2021,16,2021_16_TB_CAR,CAR,TB,6.0,32.0,-26.0,0.16318880082850004,0,False
2021,16,2021_16_BAL_CIN,CIN,BAL,41.0,21.0,20.0,0.5919992786330359,1,False
2021,16,2021_16_LAC_HOU,HOU,LAC,41.0,29.0,12.0,0.20031112914400653,1,False
2021,16,2021_16_LA_MIN,MIN,LA,23.0,30.0,-7.0,0.44438988526449863,0,False
2021,16,2021_16_BUF_NE,NE,BUF,21.0,33.0,-12.0,0.6955921156291901,0,False
2021,16,2021_16_JAX_NYJ,NYJ,JAX,26.0,21.0,5.0,0.6803055641558634,1,False
2021,16,2021_16_NYG_PHI,PHI,NYG,34.0,10.0,24.0,0.8188499440472458,1,False
2021,16,2021_16_CHI_SEA,SEA,CHI,24.0,25.0,-1.0,0.80340162939167,0,False
2021,16,2021_16_PIT_KC,KC,PIT,36.0,10.0,26.0,0.8794656352891191,1,False
2021,16,2021_16_DEN_LV,LV,DEN,17.0,13.0,4.0,0.3888321873171886,1,False
2021,16,2021_16_WAS_DAL,DAL,WAS,56.0,14.0,42.0,0.8089246555999735,1,False
2021,16,2021_16_MIA_NO,NO,MIA,3.0,20.0,-17.0,0.5389367181473409,0,False
2021,17,2021_17_LA_BAL,BAL,LA,19.0,20.0,-1.0,0.3712625615822482,0,False
2021,17,2021_17_ATL_BUF,BUF,ATL,29.0,15.0,14.0,0.9054955939849663,1,False
2021,17,2021_17_NYG_CHI,CHI,NYG,29.0,3.0,26.0,0.6404121403139655,1,False
2021,17,2021_17_KC_CIN,CIN,KC,34.0,31.0,3.0,0.25838336480720697,1,False
2021,17,2021_17_LV_IND,IND,LV,20.0,23.0,-3.0,0.9036688428850638,0,False
2021,17,2021_17_JAX_NE,NE,JAX,50.0,10.0,40.0,0.9697129693164784,1,False
2021,17,2021_17_TB_NYJ,NYJ,TB,24.0,28.0,-4.0,0.09166047530034117,0,False
2021,17,2021_17_MIA_TEN,TEN,MIA,34.0,3.0,31.0,0.4728560237830832,1,False
2021,17,2021_17_PHI_WAS,WAS,PHI,16.0,20.0,-4.0,0.23869868657687163,0,False
2021,17,2021_17_DEN_LAC,LAC,DEN,34.0,13.0,21.0,0.5919715383376967,1,False
2021,17,2021_17_HOU_SF,SF,HOU,23.0,7.0,16.0,0.8466486222124917,1,False
2021,17,2021_17_ARI_DAL,DAL,ARI,22.0,25.0,-3.0,0.8113888438432513,0,False
2021,17,2021_17_CAR_NO,NO,CAR,18.0,10.0,8.0,0.7907912695441607,1,False
2021,17,2021_17_DET_SEA,SEA,DET,51.0,29.0,22.0,0.8225674447095693,1,False
2021,17,2021_17_MIN_GB,GB,MIN,37.0,10.0,27.0,0.8027018575574405,1,False
2021,17,2021_17_CLE_PIT,PIT,CLE,26.0,14.0,12.0,0.5020702436720518,1,False
2021,18,2021_18_KC_DEN,DEN,KC,24.0,28.0,-4.0,0.14108611719828051,0,False
2021,18,2021_18_DAL_PHI,PHI,DAL,26.0,51.0,-25.0,0.4710389060367918,0,False
2021,18,2021_18_PIT_BAL,BAL,PIT,13.0,16.0,-3.0,0.613231439977616,0,False
2021,18,2021_18_CIN_CLE,CLE,CIN,21.0,16.0,5.0,0.32754218590206435,1,False
2021,18,2021_18_GB_DET,DET,GB,37.0,30.0,7.0,0.08008855692389952,1,False
2021,18,2021_18_TEN_HOU,HOU,TEN,25.0,28.0,-3.0,0.18423103918177103,0,False
2021,18,2021_18_IND_JAX,JAX,IND,26.0,11.0,15.0,0.038400490177079895,1,False
2021,18,2021_18_CHI_MIN,MIN,CHI,31.0,17.0,14.0,0.6404489830806183,1,False
2021,18,2021_18_WAS_NYG,NYG,WAS,7.0,22.0,-15.0,0.3976547559901302,0,False
2021,18,2021_18_SEA_ARI,ARI,SEA,30.0,38.0,-8.0,0.5691003090964296,0,False
2021,18,2021_18_NO_ATL,ATL,NO,20.0,30.0,-10.0,0.3020277539092085,0,False
2021,18,2021_18_NYJ_BUF,BUF,NYJ,27.0,10.0,17.0,0.954693423607235,1,False
2021,18,2021_18_SF_LA,LA,SF,24.0,27.0,-3.0,0.5745292197590044,0,False
2021,18,2021_18_NE_MIA,MIA,NE,33.0,24.0,9.0,0.3604190132632709,1,False
2021,18,2021_18_CAR_TB,TB,CAR,41.0,17.0,24.0,0.9292736722285873,1,False
2021,18,2021_18_LAC_LV,LV,LAC,35.0,32.0,3.0,0.3915967193802078,1,False
2022,1,2022_01_BUF_LA,LA,BUF,10.0,31.0,-21.0,0.4822416626717612,0,False
2022,1,2022_01_NO_ATL,ATL,NO,26.0,27.0,-1.0,0.37148258862089956,0,False
2022,1,2022_01_CLE_CAR,CAR,CLE,24.0,26.0,-2.0,0.41352459752317766,0,False
2022,1,2022_01_SF_CHI,CHI,SF,19.0,10.0,9.0,0.33245983758274866,1,False
2022,1,2022_01_PIT_CIN,CIN,PIT,20.0,23.0,-3.0,0.7140172853898038,0,False
2022,1,2022_01_PHI_DET,DET,PHI,35.0,38.0,-3.0,0.33562373585829036,0,False
2022,1,2022_01_IND_HOU,HOU,IND,20.0,20.0,0.0,0.2940067023263124,0,False
2022,1,2022_01_NE_MIA,MIA,NE,20.0,7.0,13.0,0.4951031990796163,1,False
2022,1,2022_01_BAL_NYJ,NYJ,BAL,9.0,24.0,-15.0,0.34688446435355724,0,False
2022,1,2022_01_JAX_WAS,WAS,JAX,28.0,22.0,6.0,0.7734758237558174,1,False
2022,1,2022_01_KC_ARI,ARI,KC,21.0,44.0,-23.0,0.24031750941222485,0,False
2022,1,2022_01_LV_LAC,LAC,LV,24.0,19.0,5.0,0.6632257387756236,1,False
2022,1,2022_01_GB_MIN,MIN,GB,23.0,7.0,16.0,0.3674844612479108,1,False
2022,1,2022_01_NYG_TEN,TEN,NYG,20.0,21.0,-1.0,0.8846685884867186,0,False
2022,1,2022_01_TB_DAL,DAL,TB,3.0,19.0,-16.0,0.5450537566095708,0,False
2022,1,2022_01_DEN_SEA,SEA,DEN,17.0,16.0,1.0,0.7186164273851557,1,False
2022,2,2022_02_LAC_KC,KC,LAC,27.0,24.0,3.0,0.8042298421182711,1,False
2022,2,2022_02_MIA_BAL,BAL,MIA,38.0,42.0,-4.0,0.4245438274005314,0,False
2022,2,2022_02_NYJ_CLE,CLE,NYJ,30.0,31.0,-1.0,0.8029364971512813,0,False
2022,2,2022_02_WAS_DET,DET,WAS,36.0,27.0,9.0,0.47878225541258573,1,False
2022,2,2022_02_IND_JAX,JAX,IND,24.0,0.0,24.0,0.1737544611766014,1,False
2022,2,2022_02_TB_NO,NO,TB,10.0,20.0,-10.0,0.34618408322883903,0,False
2022,2,2022_02_CAR_NYG,NYG,CAR,19.0,16.0,3.0,0.5818615131510717,1,False
2022,2,2022_02_NE_PIT,PIT,NE,14.0,17.0,-3.0,0.4669551535579697,0,False
2022,2,2022_02_ATL_LA,LA,ATL,31.0,27.0,4.0,0.7652791865021965,1,False
2022,2,2022_02_SEA_SF,SF,SEA,27.0,7.0,20.0,0.538473211456277,1,False
2022,2,2022_02_CIN_DAL,DAL,CIN,20.0,17.0,3.0,0.669423688352969,1,False
2022,2,2022_02_HOU_DEN,DEN,HOU,16.0,9.0,7.0,0.6753198327719641,1,False
2022,2,2022_02_ARI_LV,LV,ARI,23.0,29.0,-6.0,0.5837844619190273,0,False
2022,2,2022_02_CHI_GB,GB,CHI,27.0,10.0,17.0,0.7099299214879188,1,False
2022,2,2022_02_TEN_BUF,BUF,TEN,41.0,7.0,34.0,0.7563600329781727,1,False
2022,2,2022_02_MIN_PHI,PHI,MIN,24.0,7.0,17.0,0.5733628431073473,1,False
2022,3,2022_03_PIT_CLE,CLE,PIT,29.0,17.0,12.0,0.5371331163957787,1,False
2022,3,2022_03_NO_CAR,CAR,NO,22.0,14.0,8.0,0.25211751649838665,1,False
2022,3,2022_03_HOU_CHI,CHI,HOU,23.0,20.0,3.0,0.678566810460081,1,False
2022,3,2022_03_KC_IND,IND,KC,20.0,17.0,3.0,0.21989840058645976,1,False
2022,3,2022_03_BUF_MIA,MIA,BUF,21.0,19.0,2.0,0.380100022352541,1,False
2022,3,2022_03_DET_MIN,MIN,DET,28.0,24.0,4.0,0.6944830579519451,1,False
2022,3,2022_03_BAL_NE,NE,BAL,26.0,37.0,-11.0,0.6646993527748796,0,False
2022,3,2022_03_CIN_NYJ,NYJ,CIN,12.0,27.0,-15.0,0.2953977149662112,0,False
2022,3,2022_03_LV_TEN,TEN,LV,24.0,22.0,2.0,0.6892933449710372,1,False
2022,3,2022_03_PHI_WAS,WAS,PHI,8.0,24.0,-16.0,0.3043406717601888,0,False
2022,3,2022_03_JAX_LAC,LAC,JAX,10.0,38.0,-28.0,0.8061931611607344,0,False
2022,3,2022_03_LA_ARI,ARI,LA,12.0,20.0,-8.0,0.4132263623735183,0,False
2022,3,2022_03_ATL_SEA,SEA,ATL,23.0,27.0,-4.0,0.7486007919081916,0,False
2022,3,2022_03_GB_TB,TB,GB,12.0,14.0,-2.0,0.7085695284516506,0,False
2022,3,2022_03_SF_DEN,DEN,SF,11.0,10.0,1.0,0.379952008884849,1,False
2022,3,2022_03_DAL_NYG,NYG,DAL,16.0,23.0,-7.0,0.1796046858599095,0,False
2022,4,2022_04_MIA_CIN,CIN,MIA,27.0,15.0,12.0,0.46834758266108556,1,False
2022,4,2022_04_MIN_NO,NO,MIN,25.0,28.0,-3.0,0.46605466620181824,0,True
2022,4,2022_04_CLE_ATL,ATL,CLE,23.0,20.0,3.0,0.4116443259074551,1,False
2022,4,2022_04_BUF_BAL,BAL,BUF,20.0,23.0,-3.0,0.27234869840298515,0,False
2022,4,2022_04_WAS_DAL,DAL,WAS,25.0,10.0,15.0,0.8714654454074232,1,False
2022,4,2022_04_SEA_DET,DET,SEA,45.0,48.0,-3.0,0.44817926060734725,0,False
2022,4,2022_04_LAC_HOU,HOU,LAC,24.0,34.0,-10.0,0.4432805743455432,0,False
2022,4,2022_04_TEN_IND,IND,TEN,17.0,24.0,-7.0,0.5156530082320905,0,False
2022,4,2022_04_CHI_NYG,NYG,CHI,20.0,12.0,8.0,0.3775100524992704,1,False
2022,4,2022_04_JAX_PHI,PHI,JAX,29.0,21.0,8.0,0.7879508357520605,1,False
2022,4,2022_04_NYJ_PIT,PIT,NYJ,20.0,24.0,-4.0,0.7848573933409424,0,False
2022,4,2022_04_ARI_CAR,CAR,ARI,16.0,26.0,-10.0,0.46627748180718737,0,False
2022,4,2022_04_NE_GB,GB,NE,27.0,24.0,3.0,0.73633448645353,1,False
2022,4,2022_04_DEN_LV,LV,DEN,32.0,23.0,9.0,0.4828966462801428,1,False
2022,4,2022_04_KC_TB,TB,KC,31.0,41.0,-10.0,0.5481933102110508,0,False
2022,4,2022_04_LA_SF,SF,LA,24.0,9.0,15.0,0.5904261058511421,1,False
2022,5,2022_05_IND_DEN,DEN,IND,9.0,12.0,-3.0,0.5216809001879078,0,False
2022,5,2022_05_NYG_GB,GB,NYG,22.0,27.0,-5.0,0.8218444210775198,0,True
2022,5,2022_05_PIT_BUF,BUF,PIT,38.0,3.0,35.0,0.8991839916297699,1,False
2022,5,2022_05_LAC_CLE,CLE,LAC,28.0,30.0,-2.0,0.6193215585934678,0,False
2022,5,2022_05_HOU_JAX,JAX,HOU,6.0,13.0,-7.0,0.7069565451506876,0,False
2022,5,2022_05_CHI_MIN,MIN,CHI,29.0,22.0,7.0,0.7074607725425575,1,False
2022,5,2022_05_DET_NE,NE,DET,29.0,0.0,29.0,0.6721410175942548,1,False
2022,5,2022_05_SEA_NO,NO,SEA,39.0,32.0,7.0,0.553832937539925,1,False
2022,5,2022_05_MIA_NYJ,NYJ,MIA,40.0,17.0,23.0,0.2513270802869511,1,False
2022,5,2022_05_ATL_TB,TB,ATL,21.0,15.0,6.0,0.8364054468014859,1,False
2022,5,2022_05_TEN_WAS,WAS,TEN,17.0,21.0,-4.0,0.2813012884754717,0,False
2022,5,2022_05_SF_CAR,CAR,SF,15.0,37.0,-22.0,0.19254034152957641,0,False
2022,5,2022_05_PHI_ARI,ARI,PHI,17.0,20.0,-3.0,0.3155886328097347,0,False
2022,5,2022_05_DAL_LA,LA,DAL,10.0,22.0,-12.0,0.35941669585420805,0,False
2022,5,2022_05_CIN_BAL,BAL,CIN,19.0,17.0,2.0,0.4579663096904583,1,False
2022,5,2022_05_LV_KC,KC,LV,30.0,29.0,1.0,0.831129801774715,1,False
2022,6,2022_06_WAS_CHI,CHI,WAS,7.0,12.0,-5.0,0.678999113418326,0,False
2022,6,2022_06_SF_ATL,ATL,SF,28.0,14.0,14.0,0.26266933061301356,1,False
2022,6,2022_06_NE_CLE,CLE,NE,15.0,38.0,-23.0,0.4823311535262082,0,False
2022,6,2022_06_NYJ_GB,GB,NYJ,10.0,27.0,-17.0,0.7847606801427116,0,False
2022,6,2022_06_JAX_IND,IND,JAX,34.0,27.0,7.0,0.6122706979131233,1,False
2022,6,2022_06_MIN_MIA,MIA,MIN,16.0,24.0,-8.0,0.4752500523549956,0,False
2022,6,2022_06_CIN_NO,NO,CIN,26.0,30.0,-4.0,0.4399795459479496,0,False
2022,6,2022_06_BAL_NYG,NYG,BAL,24.0,20.0,4.0,0.39125429283266316,1,False
2022,6,2022_06_TB_PIT,PIT,TB,20.0,18.0,2.0,0.19226984705960176,1,False
2022,6,2022_06_CAR_LA,LA,CAR,24.0,10.0,14.0,0.7834151430677362,1,False
2022,6,2022_06_ARI_SEA,SEA,ARI,19.0,9.0,10.0,0.5687791271409179,1,False
2022,6,2022_06_BUF_KC,KC,BUF,20.0,24.0,-4.0,0.44007013003266293,0,False
2022,6,2022_06_DAL_PHI,PHI,DAL,26.0,17.0,9.0,0.5118855025600193,1,False
2022,6,2022_06_DEN_LAC,LAC,DEN,19.0,16.0,3.0,0.6726605324433809,1,False
2022,7,2022_07_NO_ARI,ARI,NO,42.0,34.0,8.0,0.4944682882485029,1,False
2022,7,2022_07_CLE_BAL,BAL,CLE,23.0,20.0,3.0,0.6973213974260741,1,False
2022,7,2022_07_TB_CAR,CAR,TB,21.0,3.0,18.0,0.15571564782532454,1,False
2022,7,2022_07_ATL_CIN,CIN,ATL,35.0,17.0,18.0,0.7084794372439919,1,False
2022,7,2022_07_DET_DAL,DAL,DET,24.0,6.0,18.0,0.8741024142459974,1,False
2022,7,2022_07_NYG_JAX,JAX,NYG,17.0,23.0,-6.0,0.5143193025612564,0,False
2022,7,2022_07_IND_TEN,TEN,IND,19.0,10.0,9.0,0.697232017299659,1,False
2022,7,2022_07_GB_WAS,WAS,GB,23.0,21.0,2.0,0.3850464626293734,1,False
2022,7,2022_07_NYJ_DEN,DEN,NYJ,9.0,16.0,-7.0,0.45618269708145304,0,False
2022,7,2022_07_HOU_LV,LV,HOU,38.0,20.0,18.0,0.7120047068858809,1,False
2022,7,2022_07_SEA_LAC,LAC,SEA,23.0,37.0,-14.0,0.583336638094469,0,False
2022,7,2022_07_KC_SF,SF,KC,23.0,44.0,-21.0,0.46640293327406196,0,False
2022,7,2022_07_PIT_MIA,MIA,PIT,16.0,10.0,6.0,0.5901100614989676,1,False
2022,7,2022_07_CHI_NE,NE,CHI,14.0,33.0,-19.0,0.829480935972562,0,False
2022,8,2022_08_BAL_TB,TB,BAL,22.0,27.0,-5.0,0.59231557765435,0,False
2022,8,2022_08_DEN_JAX,JAX,DEN,17.0,21.0,-4.0,0.5522168669324327,0,True
2022,8,2022_08_CAR_ATL,ATL,CAR,37.0,34.0,3.0,0.6622603325697558,1,False
2022,8,2022_08_CHI_DAL,DAL,CHI,49.0,29.0,20.0,0.8240974149848523,1,False
2022,8,2022_08_MIA_DET,DET,MIA,27.0,31.0,-4.0,0.3176239118363214,0,False
2022,8,2022_08_ARI_MIN,MIN,ARI,34.0,26.0,8.0,0.7251530832685933,1,False
2022,8,2022_08_LV_NO,NO,LV,24.0,0.0,24.0,0.47066730725954764,1,False
2022,8,2022_08_NE_NYJ,NYJ,NE,17.0,22.0,-5.0,0.5674397931243268,0,False
2022,8,2022_08_PIT_PHI,PHI,PIT,35.0,13.0,22.0,0.8654669043465488,1,False
2022,8,2022_08_TEN_HOU,HOU,TEN,10.0,17.0,-7.0,0.2104692775138148,0,False
2022,8,2022_08_WAS_IND,IND,WAS,16.0,17.0,-1.0,0.6181276351600993,0,False
2022,8,2022_08_SF_LA,LA,SF,14.0,31.0,-17.0,0.5212219098497646,0,False
2022,8,2022_08_NYG_SEA,SEA,NYG,27.0,13.0,14.0,0.6080122063869869,1,False
2022,8,2022_08_GB_BUF,BUF,GB,27.0,17.0,10.0,0.8997016843015042,1,False
2022,8,2022_08_CIN_CLE,CLE,CIN,32.0,13.0,19.0,0.3090292972373607,1,False
2022,9,2022_09_PHI_HOU,HOU,PHI,17.0,29.0,-12.0,0.13159878916385687,0,False
2022,9,2022_09_LAC_ATL,ATL,LAC,17.0,20.0,-3.0,0.6066681901246,0,False
2022,9,2022_09_MIA_CHI,CHI,MIA,32.0,35.0,-3.0,0.454320811619917,0,False
2022,9,2022_09_CAR_CIN,CIN,CAR,42.0,21.0,21.0,0.7795710703645408,1,False
2022,9,2022_09_GB_DET,DET,GB,15.0,9.0,6.0,0.349426412664416,1,False
2022,9,2022_09_LV_JAX,JAX,LV,27.0,20.0,7.0,0.49781608925760445,1,False
2022,9,2022_09_IND_NE,NE,IND,26.0,3.0,23.0,0.6839104728591271,1,False
2022,9,2022_09_BUF_NYJ,NYJ,BUF,20.0,17.0,3.0,0.1695191471010675,1,False
2022,9,2022_09_MIN_WAS,WAS,MIN,17.0,20.0,-3.0,0.2794660456583532,0,False
2022,9,2022_09_SEA_ARI,ARI,SEA,21.0,31.0,-10.0,0.40960084654492845,0,False
2022,9,2022_09_LA_TB,TB,LA,16.0,13.0,3.0,0.6545180060689533,1,False
2022,9,2022_09_TEN_KC,KC,TEN,20.0,17.0,3.0,0.7447831754474576,1,False
2022,9,2022_09_BAL_NO,NO,BAL,13.0,27.0,-14.0,0.47680876840526415,0,False
2022,10,2022_10_ATL_CAR,CAR,ATL,25.0,15.0,10.0,0.41623210211455286,1,False
2022,10,2022_10_SEA_TB,TB,SEA,21.0,16.0,5.0,0.39955669121990217,1,True
2022,10,2022_10_MIN_BUF,BUF,MIN,30.0,33.0,-3.0,0.7665600833737203,0,False
2022,10,2022_10_DET_CHI,CHI,DET,30.0,31.0,-1.0,0.6389741264176874,0,False
2022,10,2022_10_JAX_KC,KC,JAX,27.0,17.0,10.0,0.8796840774983925,1,False
2022,10,2022_10_CLE_MIA,MIA,CLE,39.0,17.0,22.0,0.5697378613040148,1,False
2022,10,2022_10_HOU_NYG,NYG,HOU,24.0,16.0,8.0,0.7801408531409157,1,False
2022,10,2022_10_NO_PIT,PIT,NO,20.0,10.0,10.0,0.403849249621552,1,False
2022,10,2022_10_DEN_TEN,TEN,DEN,17.0,10.0,7.0,0.7637310880504703,1,False
2022,10,2022_10_IND_LV,LV,IND,20.0,25.0,-5.0,0.5887204482176615,0,False
2022,10,2022_10_DAL_GB,GB,DAL,31.0,28.0,3.0,0.27124143558116126,1,False
2022,10,2022_10_ARI_LA,LA,ARI,17.0,27.0,-10.0,0.5752147188515172,0,False
2022,10,2022_10_LAC_SF,SF,LAC,22.0,16.0,6.0,0.7287721086856942,1,False
2022,10,2022_10_WAS_PHI,PHI,WAS,21.0,32.0,-11.0,0.907389766236568,0,False
2022,11,2022_11_TEN_GB,GB,TEN,17.0,27.0,-10.0,0.3869494576017587,0,False
2022,11,2022_11_CHI_ATL,ATL,CHI,27.0,24.0,3.0,0.6011588558828247,1,False
2022,11,2022_11_CAR_BAL,BAL,CAR,13.0,3.0,10.0,0.8159714054893664,1,False
2022,11,2022_11_CLE_BUF,BUF,CLE,31.0,23.0,8.0,0.853391022092389,1,True
2022,11,2022_11_WAS_HOU,HOU,WAS,10.0,23.0,-13.0,0.31656510657721604,0,False
2022,11,2022_11_PHI_IND,IND,PHI,16.0,17.0,-1.0,0.2518488642567648,0,False
2022,11,2022_11_NYJ_NE,NE,NYJ,10.0,3.0,7.0,0.6603770539993473,1,False
2022,11,2022_11_LA_NO,NO,LA,27.0,20.0,7.0,0.5879131353012076,1,False
2022,11,2022_11_DET_NYG,NYG,DET,18.0,31.0,-13.0,0.7495781325819908,0,False
2022,11,2022_11_LV_DEN,DEN,LV,16.0,22.0,-6.0,0.575311402885987,0,False
2022,11,2022_11_DAL_MIN,MIN,DAL,3.0,40.0,-37.0,0.5252538069550496,0,False
2022,11,2022_11_CIN_PIT,PIT,CIN,30.0,37.0,-7.0,0.27257425835772453,0,False
2022,11,2022_11_KC_LAC,LAC,KC,27.0,30.0,-3.0,0.20183767017655313,0,False
2022,11,2022_11_SF_ARI,ARI,SF,10.0,38.0,-28.0,0.3004197598888319,0,True
2022,12,2022_12_BUF_DET,DET,BUF,25.0,28.0,-3.0,0.16389855588234123,0,False
2022,12,2022_12_NYG_DAL,DAL,NYG,28.0,20.0,8.0,0.8859374935522961,1,False
2022,12,2022_12_NE_MIN,MIN,NE,33.0,26.0,7.0,0.4791694641135252,1,False
2022,12,2022_12_DEN_CAR,CAR,DEN,23.0,10.0,13.0,0.5600540361173589,1,False
2022,12,2022_12_TB_CLE,CLE,TB,23.0,17.0,6.0,0.4186800902964862,1,False
2022,12,2022_12_BAL_JAX,JAX,BAL,28.0,27.0,1.0,0.2637835854960863,1,False
2022,12,2022_12_HOU_MIA,MIA,HOU,30.0,15.0,15.0,0.8763221130269473,1,False
2022,12,2022_12_CHI_NYJ,NYJ,CHI,31.0,10.0,21.0,0.7481627337045733,1,False
2022,12,2022_12_CIN_TEN,TEN,CIN,16.0,20.0,-4.0,0.6017171472976774,0,False
2022,12,2022_12_ATL_WAS,WAS,ATL,19.0,13.0,6.0,0.6751172186134855,1,False
2022,12,2022_12_LAC_ARI,ARI,LAC,24.0,25.0,-1.0,0.5520902264144719,0,False
2022,12,2022_12_LV_SEA,SEA,LV,34.0,40.0,-6.0,0.7640827798210964,0,False
2022,12,2022_12_LA_KC,KC,LA,26.0,10.0,16.0,0.9053078095851987,1,False
2022,12,2022_12_NO_SF,SF,NO,13.0,0.0,13.0,0.7924606874668636,1,False
2022,12,2022_12_GB_PHI,PHI,GB,40.0,33.0,7.0,0.841008953359806,1,False
2022,12,2022_12_PIT_IND,IND,PIT,17.0,24.0,-7.0,0.6645845943377955,0,False
2022,13,2022_13_BUF_NE,NE,BUF,10.0,24.0,-14.0,0.38945497533996654,0,False
2022,13,2022_13_PIT_ATL,ATL,PIT,16.0,19.0,-3.0,0.5675081324208849,0,False
2022,13,2022_13_DEN_BAL,BAL,DEN,10.0,9.0,1.0,0.8663764825379248,1,False
2022,13,2022_13_GB_CHI,CHI,GB,19.0,28.0,-9.0,0.47048010468029755,0,False
2022,13,2022_13_JAX_DET,DET,JAX,40.0,14.0,26.0,0.5835391913049143,1,False
2022,13,2022_13_CLE_HOU,HOU,CLE,14.0,27.0,-13.0,0.2862332507298761,0,False
2022,13,2022_13_NYJ_MIN,MIN,NYJ,27.0,22.0,5.0,0.5875934998360519,1,False
2022,13,2022_13_WAS_NYG,NYG,WAS,20.0,20.0,0.0,0.4113228932628314,0,False
2022,13,2022_13_TEN_PHI,PHI,TEN,35.0,10.0,25.0,0.639760030114247,1,False
2022,13,2022_13_SEA_LA,LA,SEA,23.0,27.0,-4.0,0.30578122183482687,0,False
2022,13,2022_13_MIA_SF,SF,MIA,33.0,17.0,16.0,0.71691042265689,1,False
2022,13,2022_13_KC_CIN,CIN,KC,27.0,24.0,3.0,0.3904220627970738,1,False
2022,13,2022_13_LAC_LV,LV,LAC,27.0,20.0,7.0,0.5613401320906091,1,False
2022,13,2022_13_IND_DAL,DAL,IND,54.0,19.0,35.0,0.9068822088083692,1,False
2022,13,2022_13_NO_TB,TB,NO,17.0,16.0,1.0,0.6491152534163028,1,False
2022,14,2022_14_LV_LA,LA,LV,17.0,16.0,1.0,0.39447013717794205,1,False
2022,14,2022_14_NYJ_BUF,BUF,NYJ,20.0,12.0,8.0,0.8188101823695029,1,False
2022,14,2022_14_CLE_CIN,CIN,CLE,23.0,10.0,13.0,0.7812782856460375,1,False
2022,14,2022_14_HOU_DAL,DAL,HOU,27.0,23.0,4.0,0.9737868578416837,1,False
2022,14,2022_14_MIN_DET,DET,MIN,34.0,23.0,11.0,0.3652075131632136,1,False
2022,14,2022_14_PHI_NYG,NYG,PHI,22.0,48.0,-26.0,0.18242578749532123,0,False
2022,14,2022_14_BAL_PIT,PIT,BAL,14.0,16.0,-2.0,0.31984128188964883,0,False
2022,14,2022_14_JAX_TEN,TEN,JAX,22.0,36.0,-14.0,0.8361331878904771,0,False
2022,14,2022_14_KC_DEN,DEN,KC,28.0,34.0,-6.0,0.11724076993963001,0,False
2022,14,2022_14_CAR_SEA,SEA,CAR,24.0,30.0,-6.0,0.7659394182381659,0,False
2022,14,2022_14_TB_SF,SF,TB,35.0,7.0,28.0,0.8035482699842987,1,False
2022,14,2022_14_MIA_LAC,LAC,MIA,23.0,17.0,6.0,0.4130298736492305,1,False
2022,14,2022_14_NE_ARI,ARI,NE,13.0,27.0,-14.0,0.3217782268712619,0,False
2022,15,2022_15_SF_SEA,SEA,SF,13.0,21.0,-8.0,0.289765174486406,0,False
2022,15,2022_15_IND_MIN,MIN,IND,39.0,36.0,3.0,0.7995717138400902,1,False
2022,15,2022_15_BAL_CLE,CLE,BAL,13.0,3.0,10.0,0.3342988217331861,1,False
2022,15,2022_15_MIA_BUF,BUF,MIA,32.0,29.0,3.0,0.8242998618104291,1,False
2022,15,2022_15_PIT_CAR,CAR,PIT,16.0,24.0,-8.0,0.5856212733312363,0,False
2022,15,2022_15_PHI_CHI,CHI,PHI,20.0,25.0,-5.0,0.09355635503526984,0,False
2022,15,2022_15_KC_HOU,HOU,KC,24.0,30.0,-6.0,0.05780686398272876,0,False
2022,15,2022_15_DAL_JAX,JAX,DAL,40.0,34.0,6.0,0.12029750397369815,1,False
2022,15,2022_15_ATL_NO,NO,ATL,21.0,18.0,3.0,0.618423899394444,1,False
2022,15,2022_15_DET_NYJ,NYJ,DET,17.0,20.0,-3.0,0.5427672550298346,0,False
2022,15,2022_15_ARI_DEN,DEN,ARI,24.0,15.0,9.0,0.5024157371331699,1,False
2022,15,2022_15_NE_LV,LV,NE,30.0,24.0,6.0,0.4063378928435621,1,False
2022,15,2022_15_TEN_LAC,LAC,TEN,17.0,14.0,3.0,0.5230917109639465,1,False
2022,15,2022_15_CIN_TB,TB,CIN,23.0,34.0,-11.0,0.2732875015435535,0,False
2022,15,2022_15_NYG_WAS,WAS,NYG,12.0,20.0,-8.0,0.7900132464234193,0,False
2022,15,2022_15_LA_GB,GB,LA,24.0,12.0,12.0,0.6537016101525192,1,False
2022,16,2022_16_JAX_NYJ,NYJ,JAX,3.0,19.0,-16.0,0.6258223686158838,0,False
2022,16,2022_16_ATL_BAL,BAL,ATL,17.0,9.0,8.0,0.8140298546000408,1,False
2022,16,2022_16_DET_CAR,CAR,DET,37.0,23.0,14.0,0.3940527339043808,1,False
2022,16,2022_16_BUF_CHI,CHI,BUF,13.0,35.0,-22.0,0.0949593247802051,0,False
2022,16,2022_16_NO_CLE,CLE,NO,10.0,17.0,-7.0,0.6562696444531017,0,False
2022,16,2022_16_SEA_KC,KC,SEA,24.0,10.0,14.0,0.8429712601877652,1,False
2022,16,2022_16_NYG_MIN,MIN,NYG,27.0,24.0,3.0,0.7541568890074138,1,False
2022,16,2022_16_CIN_NE,NE,CIN,18.0,22.0,-4.0,0.3398776184518188,0,False
2022,16,2022_16_HOU_TEN,TEN,HOU,14.0,19.0,-5.0,0.8522379114570325,0,False
2022,16,2022_16_WAS_SF,SF,WAS,37.0,20.0,17.0,0.8611588440270215,1,False
2022,16,2022_16_PHI_DAL,DAL,PHI,40.0,34.0,6.0,0.5613773232722994,1,False
2022,16,2022_16_LV_PIT,PIT,LV,13.0,10.0,3.0,0.5612003849792628,1,False
2022,16,2022_16_GB_MIA,MIA,GB,20.0,26.0,-6.0,0.6277323823001774,0,False
2022,16,2022_16_DEN_LA,LA,DEN,51.0,14.0,37.0,0.5284871524098214,1,False
2022,16,2022_16_TB_ARI,ARI,TB,16.0,19.0,-3.0,0.4431885192113087,0,False
2022,16,2022_16_LAC_IND,IND,LAC,3.0,20.0,-17.0,0.38195717165922854,0,False
2022,17,2022_17_DAL_TEN,TEN,DAL,13.0,27.0,-14.0,0.15771532234195657,0,False
2022,17,2022_17_ARI_ATL,ATL,ARI,20.0,19.0,1.0,0.6293227449349874,1,False
2022,17,2022_17_CHI_DET,DET,CHI,41.0,10.0,31.0,0.8514085858028572,1,False
2022,17,2022_17_JAX_HOU,HOU,JAX,3.0,31.0,-28.0,0.24648577248040848,0,False
2022,17,2022_17_DEN_KC,KC,DEN,27.0,24.0,3.0,0.9524755239571815,1,False
2022,17,2022_17_MIA_NE,NE,MIA,23.0,21.0,2.0,0.625743455357202,1,False
2022,17,2022_17_IND_NYG,NYG,IND,38.0,10.0,28.0,0.6799863606899572,1,False
2022,17,2022_17_NO_PHI,PHI,NO,10.0,20.0,-10.0,0.8315947608872323,0,False
2022,17,2022_17_CAR_TB,TB,CAR,30.0,24.0,6.0,0.5482911852182203,1,False
2022,17,2022_17_CLE_WAS,WAS,CLE,10.0,24.0,-14.0,0.5632420155890271,0,False
2022,17,2022_17_SF_LV,LV,SF,34.0,37.0,-3.0,0.16244238716069265,0,False
2022,17,2022_17_NYJ_SEA,SEA,NYJ,23.0,6.0,17.0,0.6305573157908454,1,False
2022,17,2022_17_MIN_GB,GB,MIN,41.0,17.0,24.0,0.5175151737010566,1,False
2022,17,2022_17_LA_LAC,LAC,LA,31.0,10.0,21.0,0.7004930531453963,1,False
2022,17,2022_17_PIT_BAL,BAL,PIT,13.0,16.0,-3.0,0.6899897925511125,0,False
2022,18,2022_18_KC_LV,LV,KC,13.0,31.0,-18.0,0.2194339237900775,0,False
2022,18,2022_18_TEN_JAX,JAX,TEN,20.0,16.0,4.0,0.7554397247231731,1,False
2022,18,2022_18_TB_ATL,ATL,TB,30.0,17.0,13.0,0.40015204129200654,1,False
2022,18,2022_18_NE_BUF,BUF,NE,35.0,23.0,12.0,0.8323721182744124,1,False
2022,18,2022_18_MIN_CHI,CHI,MIN,13.0,29.0,-16.0,0.23879620405278684,0,False
2022,18,2022_18_BAL_CIN,CIN,BAL,27.0,16.0,11.0,0.7387465969404358,1,False
2022,18,2022_18_HOU_IND,IND,HOU,31.0,32.0,-1.0,0.6122149459294816,0,False
2022,18,2022_18_NYJ_MIA,MIA,NYJ,11.0,6.0,5.0,0.7001464045493355,1,False
2022,18,2022_18_CAR_NO,NO,CAR,7.0,10.0,-3.0,0.6502798984496141,0,False
2022,18,2022_18_CLE_PIT,PIT,CLE,28.0,14.0,14.0,0.6193254199014532,1,False
2022,18,2022_18_LAC_DEN,DEN,LAC,31.0,28.0,3.0,0.19639274370042553,1,False
2022,18,2022_18_NYG_PHI,PHI,NYG,22.0,16.0,6.0,0.7969202669923492,1,False
2022,18,2022_18_LA_SEA,SEA,LA,19.0,16.0,3.0,0.7214824265650951,1,False
2022,18,2022_18_ARI_SF,SF,ARI,38.0,13.0,25.0,0.9582521383255794,1,False
2022,18,2022_18_DAL_WAS,WAS,DAL,26.0,6.0,20.0,0.1610123804514035,1,False
2022,18,2022_18_DET_GB,GB,DET,16.0,20.0,-4.0,0.6083774593134194,0,False
2023,1,2023_01_DET_KC,KC,DET,20.0,21.0,-1.0,0.714760486402862,0,False
2023,1,2023_01_CAR_ATL,ATL,CAR,24.0,10.0,14.0,0.49263801986113404,1,False
2023,1,2023_01_HOU_BAL,BAL,HOU,25.0,9.0,16.0,0.8063334797842733,1,False
2023,1,2023_01_CIN_CLE,CLE,CIN,24.0,3.0,21.0,0.3198532155131653,1,False
2023,1,2023_01_JAX_IND,IND,JAX,21.0,31.0,-10.0,0.27088446644037556,0,False
2023,1,2023_01_TB_MIN,MIN,TB,17.0,20.0,-3.0,0.6350802199971367,0,False
2023,1,2023_01_TEN_NO,NO,TEN,16.0,15.0,1.0,0.7005035179685183,1,False
2023,1,2023_01_SF_PIT,PIT,SF,7.0,30.0,-23.0,0.2958129280709702,0,False
2023,1,2023_01_ARI_WAS,WAS,ARI,20.0,16.0,4.0,0.771329949837948,1,False
2023,1,2023_01_GB_CHI,CHI,GB,20.0,38.0,-18.0,0.21674166428150984,0,False
2023,1,2023_01_LV_DEN,DEN,LV,16.0,17.0,-1.0,0.4129247491578939,0,False
2023,1,2023_01_MIA_LAC,LAC,MIA,34.0,36.0,-2.0,0.6288240986907584,0,False
2023,1,2023_01_PHI_NE,NE,PHI,20.0,25.0,-5.0,0.3811817078586228,0,False
2023,1,2023_01_LA_SEA,SEA,LA,13.0,30.0,-17.0,0.6747728110773182,0,False
2023,1,2023_01_DAL_NYG,NYG,DAL,0.0,40.0,-40.0,0.3140488658235354,0,False
2023,1,2023_01_BUF_NYJ,NYJ,BUF,22.0,16.0,6.0,0.19302837575368686,1,False
2023,2,2023_02_MIN_PHI,PHI,MIN,34.0,28.0,6.0,0.7460206633362878,1,False
2023,2,2023_02_GB_ATL,ATL,GB,25.0,24.0,1.0,0.44718866951166264,1,False
2023,2,2023_02_LV_BUF,BUF,LV,38.0,10.0,28.0,0.7974455111697913,1,False
2023,2,2023_02_BAL_CIN,CIN,BAL,24.0,27.0,-3.0,0.632120907713244,0,False
2023,2,2023_02_SEA_DET,DET,SEA,31.0,37.0,-6.0,0.7435813950949932,0,False
2023,2,2023_02_IND_HOU,HOU,IND,20.0,31.0,-11.0,0.5714093726575439,0,False
2023,2,2023_02_KC_JAX,JAX,KC,9.0,17.0,-8.0,0.4374081442091206,0,False
2023,2,2023_02_CHI_TB,TB,CHI,27.0,17.0,10.0,0.816090789391602,1,False
2023,2,2023_02_LAC_TEN,TEN,LAC,27.0,24.0,3.0,0.368876001623704,1,False
2023,2,2023_02_NYG_ARI,ARI,NYG,28.0,31.0,-3.0,0.4741954010735651,0,False
2023,2,2023_02_SF_LA,LA,SF,23.0,30.0,-7.0,0.1971195277354277,0,False
2023,2,2023_02_NYJ_DAL,DAL,NYJ,30.0,10.0,20.0,0.835251774176631,1,False
2023,2,2023_02_WAS_DEN,DEN,WAS,33.0,35.0,-2.0,0.3535017381091395,0,False
2023,2,2023_02_MIA_NE,NE,MIA,17.0,24.0,-7.0,0.5305873460392888,0,False
2023,2,2023_02_NO_CAR,CAR,NO,17.0,20.0,-3.0,0.47081822125824013,0,False
2023,2,2023_02_CLE_PIT,PIT,CLE,26.0,22.0,4.0,0.4934567851271931,1,False
2023,3,2023_03_NYG_SF,SF,NYG,30.0,12.0,18.0,0.9148653121034466,1,False
2023,3,2023_03_IND_BAL,BAL,IND,19.0,22.0,-3.0,0.8310268405873976,0,False
2023,3,2023_03_TEN_CLE,CLE,TEN,27.0,3.0,24.0,0.7373330834987988,1,False
2023,3,2023_03_ATL_DET,DET,ATL,20.0,6.0,14.0,0.6304253893334207,1,False
2023,3,2023_03_NO_GB,GB,NO,18.0,17.0,1.0,0.6566445357609831,1,False
2023,3,2023_03_HOU_JAX,JAX,HOU,17.0,37.0,-20.0,0.8730983310189047,0,False
2023,3,2023_03_DEN_MIA,MIA,DEN,70.0,20.0,50.0,0.7511383654812954,1,False
2023,3,2023_03_LAC_MIN,MIN,LAC,24.0,28.0,-4.0,0.52665088103588,0,False
2023,3,2023_03_NE_NYJ,NYJ,NE,10.0,15.0,-5.0,0.4908215671474117,0,False
2023,3,2023_03_BUF_WAS,WAS,BUF,3.0,37.0,-34.0,0.30587720416500563,0,False
2023,3,2023_03_CAR_SEA,SEA,CAR,37.0,27.0,10.0,0.6192604360504415,1,False
2023,3,2023_03_DAL_ARI,ARI,DAL,28.0,16.0,12.0,0.13800247160921886,1,False
2023,3,2023_03_CHI_KC,KC,CHI,41.0,10.0,31.0,0.9464043398742911,1,False
2023,3,2023_03_PIT_LV,LV,PIT,18.0,23.0,-5.0,0.4224461432557189,0,False
2023,3,2023_03_PHI_TB,TB,PHI,11.0,25.0,-14.0,0.3389048547234232,0,False
2023,3,2023_03_LA_CIN,CIN,LA,19.0,16.0,3.0,0.6749695962855975,1,False
2023,4,2023_04_DET_GB,GB,DET,20.0,34.0,-14.0,0.6149383266444283,0,False
2023,4,2023_04_ATL_JAX,JAX,ATL,23.0,7.0,16.0,0.5406252278487802,1,True
2023,4,2023_04_MIA_BUF,BUF,MIA,48.0,20.0,28.0,0.7736488421231977,1,False
2023,4,2023_04_MIN_CAR,CAR,MIN,13.0,21.0,-8.0,0.4972646198985725,0,False
2023,4,2023_04_DEN_CHI,CHI,DEN,28.0,31.0,-3.0,0.459237130926579,0,False
2023,4,2023_04_BAL_CLE,CLE,BAL,3.0,28.0,-25.0,0.6405095362406742,0,False
2023,4,2023_04_PIT_HOU,HOU,PIT,30.0,6.0,24.0,0.31875503299676533,1,False
2023,4,2023_04_LA_IND,IND,LA,23.0,29.0,-6.0,0.4188696633167676,0,False
2023,4,2023_04_TB_NO,NO,TB,9.0,26.0,-17.0,0.6731096278100785,0,False
2023,4,2023_04_WAS_PHI,PHI,WAS,34.0,31.0,3.0,0.8211922992968682,1,False
2023,4,2023_04_CIN_TEN,TEN,CIN,27.0,3.0,24.0,0.3160565598086286,1,False
2023,4,2023_04_LV_LAC,LAC,LV,24.0,17.0,7.0,0.7476471918906794,1,False
2023,4,2023_04_NE_DAL,DAL,NE,38.0,3.0,35.0,0.7463119100141722,1,False
2023,4,2023_04_ARI_SF,SF,ARI,35.0,16.0,19.0,0.9257621328573566,1,False
2023,4,2023_04_KC_NYJ,NYJ,KC,20.0,23.0,-3.0,0.15342589728034922,0,False
2023,4,2023_04_SEA_NYG,NYG,SEA,3.0,24.0,-21.0,0.40671407996618725,0,False
2023,5,2023_05_CHI_WAS,WAS,CHI,20.0,40.0,-20.0,0.8374362249955417,0,False
2023,5,2023_05_JAX_BUF,BUF,JAX,20.0,25.0,-5.0,0.8241271254933744,0,True
2023,5,2023_05_HOU_ATL,ATL,HOU,21.0,19.0,2.0,0.5505399600422504,1,False
2023,5,2023_05_CAR_DET,DET,CAR,42.0,24.0,18.0,0.8344694446825477,1,False
2023,5,2023_05_TEN_IND,IND,TEN,23.0,16.0,7.0,0.42847827167792035,1,False
2023,5,2023_05_NYG_MIA,MIA,NYG,31.0,16.0,15.0,0.7968371145609523,1,False
2023,5,2023_05_NO_NE,NE,NO,0.0,34.0,-34.0,0.459835171574084,0,False
2023,5,2023_05_BAL_PIT,PIT,BAL,17.0,10.0,7.0,0.39081208376614024,1,False
2023,5,2023_05_CIN_ARI,ARI,CIN,20.0,34.0,-14.0,0.42369714684500076,0,False
2023,5,2023_05_PHI_LA,LA,PHI,14.0,23.0,-9.0,0.3421074399050736,0,False
2023,5,2023_05_NYJ_DEN,DEN,NYJ,21.0,31.0,-10.0,0.4813262225948132,0,False
2023,5,2023_05_KC_MIN,MIN,KC,20.0,27.0,-7.0,0.2565154138699643,0,False
2023,5,2023_05_DAL_SF,SF,DAL,42.0,10.0,32.0,0.7227737811865397,1,False
2023,5,2023_05_GB_LV,LV,GB,17.0,13.0,4.0,0.3301374500434129,1,False
2023,6,2023_06_DEN_KC,KC,DEN,19.0,8.0,11.0,0.9502680736827516,1,False
2023,6,2023_06_BAL_TEN,TEN,BAL,16.0,24.0,-8.0,0.3231711672902844,0,True
2023,6,2023_06_WAS_ATL,ATL,WAS,16.0,24.0,-8.0,0.6653133854344637,0,False
2023,6,2023_06_MIN_CHI,CHI,MIN,13.0,19.0,-6.0,0.3125862498881388,0,False
2023,6,2023_06_SEA_CIN,CIN,SEA,17.0,13.0,4.0,0.5090066103798786,1,False
2023,6,2023_06_SF_CLE,CLE,SF,19.0,17.0,2.0,0.17237234383576264,1,False
2023,6,2023_06_NO_HOU,HOU,NO,20.0,13.0,7.0,0.4060909438480133,1,False
2023,6,2023_06_IND_JAX,JAX,IND,37.0,20.0,17.0,0.7712394312260771,1,False
2023,6,2023_06_CAR_MIA,MIA,CAR,42.0,21.0,21.0,0.8432380008095381,1,False
2023,6,2023_06_NE_LV,LV,NE,21.0,17.0,4.0,0.6523673275324271,1,False
2023,6,2023_06_ARI_LA,LA,ARI,26.0,9.0,17.0,0.7311264659213075,1,False
2023,6,2023_06_PHI_NYJ,NYJ,PHI,20.0,14.0,6.0,0.22591107560924467,1,False
2023,6,2023_06_DET_TB,TB,DET,6.0,20.0,-14.0,0.42106751504755197,0,False
2023,6,2023_06_NYG_BUF,BUF,NYG,14.0,9.0,5.0,0.9424006744471167,1,False
2023,6,2023_06_DAL_LAC,LAC,DAL,17.0,20.0,-3.0,0.4750207207912979,0,False
2023,7,2023_07_JAX_NO,NO,JAX,24.0,31.0,-7.0,0.45801779803934317,0,False
2023,7,2023_07_DET_BAL,BAL,DET,38.0,6.0,32.0,0.4306142851250033,1,False
2023,7,2023_07_LV_CHI,CHI,LV,30.0,12.0,18.0,0.38361321105837215,1,False
2023,7,2023_07_CLE_IND,IND,CLE,38.0,39.0,-1.0,0.34770195635937273,0,False
2023,7,2023_07_BUF_NE,NE,BUF,29.0,25.0,4.0,0.0907311479099635,1,False
2023,7,2023_07_WAS_NYG,NYG,WAS,14.0,7.0,7.0,0.4275146680007791,1,False
2023,7,2023_07_ATL_TB,TB,ATL,13.0,16.0,-3.0,0.680097536250134,0,False
2023,7,2023_07_PIT_LA,LA,PIT,17.0,24.0,-7.0,0.5654833219977673,0,False
2023,7,2023_07_ARI_SEA,SEA,ARI,20.0,10.0,10.0,0.8308113257931583,1,False
2023,7,2023_07_GB_DEN,DEN,GB,19.0,17.0,2.0,0.2652005206464054,1,False
2023,7,2023_07_LAC_KC,KC,LAC,31.0,17.0,14.0,0.8116396449199975,1,False
2023,7,2023_07_MIA_PHI,PHI,MIA,31.0,17.0,14.0,0.5809283588046686,1,False
2023,7,2023_07_SF_MIN,MIN,SF,22.0,17.0,5.0,0.16633799815646913,1,False
2023,8,2023_08_TB_BUF,BUF,TB,24.0,18.0,6.0,0.8425279214409002,1,False
2023,8,2023_08_HOU_CAR,CAR,HOU,15.0,13.0,2.0,0.3369725568168593,1,False
2023,8,2023_08_LA_DAL,DAL,LA,43.0,20.0,23.0,0.7598992914328984,1,False
2023,8,2023_08_MIN_GB,GB,MIN,10.0,24.0,-14.0,0.49994460647539607,0,False
2023,8,2023_08_NO_IND,IND,NO,27.0,38.0,-11.0,0.4549348708668307,0,False
2023,8,2023_08_NE_MIA,MIA,NE,31.0,17.0,14.0,0.8453440983192615,1,False
2023,8,2023_08_NYJ_NYG,NYG,NYJ,10.0,13.0,-3.0,0.38484068546122874,0,False
2023,8,2023_08_JAX_PIT,PIT,JAX,10.0,20.0,-10.0,0.466060621464698,0,False
2023,8,2023_08_ATL_TEN,TEN,ATL,28.0,23.0,5.0,0.5425332802296435,1,False
2023,8,2023_08_PHI_WAS,WAS,PHI,31.0,38.0,-7.0,0.2050239075639631,0,False
2023,8,2023_08_CLE_SEA,SEA,CLE,24.0,20.0,4.0,0.6091898712979298,1,False
2023,8,2023_08_BAL_ARI,ARI,BAL,24.0,31.0,-7.0,0.13339740315262952,0,False
2023,8,2023_08_KC_DEN,DEN,KC,24.0,9.0,15.0,0.08646782734761975,1,False
2023,8,2023_08_CIN_SF,SF,CIN,17.0,31.0,-14.0,0.8527537863552438,0,False
2023,8,2023_08_CHI_LAC,LAC,CHI,30.0,13.0,17.0,0.7345233199726807,1,False
2023,8,2023_08_LV_DET,DET,LV,26.0,14.0,12.0,0.8273186037870468,1,False
2023,9,2023_09_TEN_PIT,PIT,TEN,20.0,16.0,4.0,0.6134365086806717,1,False
2023,9,2023_09_MIA_KC,KC,MIA,21.0,14.0,7.0,0.5760299819273746,1,True
2023,9,2023_09_MIN_ATL,ATL,MIN,28.0,31.0,-3.0,0.3476654181329305,0,False
2023,9,2023_09_SEA_BAL,BAL,SEA,37.0,3.0,34.0,0.7143783490910763,1,False
2023,9,2023_09_ARI_CLE,CLE,ARI,27.0,0.0,27.0,0.8237614550895203,1,False
2023,9,2023_09_LA_GB,GB,LA,20.0,3.0,17.0,0.5629188136966057,1,False
2023,9,2023_09_TB_HOU,HOU,TB,39.0,37.0,2.0,0.5908145825503984,1,False
2023,9,2023_09_WAS_NE,NE,WAS,17.0,20.0,-3.0,0.5188846459234852,0,False
2023,9,2023_09_CHI_NO,NO,CHI,24.0,17.0,7.0,0.7780519602978977,1,False
2023,9,2023_09_IND_CAR,CAR,IND,13.0,27.0,-14.0,0.5004497126923603,0,False
2023,9,2023_09_NYG_LV,LV,NYG,30.0,6.0,24.0,0.6086706435620725,1,False
2023,9,2023_09_DAL_PHI,PHI,DAL,28.0,23.0,5.0,0.6145900595603018,1,False
2023,9,2023_09_BUF_CIN,CIN,BUF,24.0,18.0,6.0,0.36279121242719675,1,False
2023,9,2023_09_LAC_NYJ,NYJ,LAC,6.0,27.0,-21.0,0.5268050265665177,0,False
2023,10,2023_10_CAR_CHI,CHI,CAR,16.0,13.0,3.0,0.6600422180436575,1,False
2023,10,2023_10_IND_NE,NE,IND,6.0,10.0,-4.0,0.3608620176829691,0,True
2023,10,2023_10_CLE_BAL,BAL,CLE,31.0,33.0,-2.0,0.7760225491261765,0,False
2023,10,2023_10_HOU_CIN,CIN,HOU,27.0,30.0,-3.0,0.7186922538807582,0,False
2023,10,2023_10_SF_JAX,JAX,SF,3.0,34.0,-31.0,0.4552055882824496,0,False
2023,10,2023_10_NO_MIN,MIN,NO,27.0,19.0,8.0,0.6356182978385121,1,False
2023,10,2023_10_GB_PIT,PIT,GB,23.0,19.0,4.0,0.5789928256402544,1,False
2023,10,2023_10_TEN_TB,TB,TEN,20.0,6.0,14.0,0.5926432377553259,1,False
2023,10,2023_10_ATL_ARI,ARI,ATL,25.0,23.0,2.0,0.39808072070732153,1,False
2023,10,2023_10_DET_LAC,LAC,DET,38.0,41.0,-3.0,0.5315964905452741,0,False
2023,10,2023_10_NYG_DAL,DAL,NYG,49.0,17.0,32.0,0.9165521155075464,1,False
2023,10,2023_10_WAS_SEA,SEA,WAS,29.0,26.0,3.0,0.7408656348705865,1,False
2023,10,2023_10_NYJ_LV,LV,NYJ,16.0,12.0,4.0,0.524999711560796,1,False
2023,10,2023_10_DEN_BUF,BUF,DEN,22.0,24.0,-2.0,0.8919791768636832,0,False
2023,11,2023_11_CIN_BAL,BAL,CIN,34.0,20.0,14.0,0.7389756266415691,1,False
2023,11,2023_11_DAL_CAR,CAR,DAL,10.0,33.0,-23.0,0.11907579299183779,0,False
2023,11,2023_11_PIT_CLE,CLE,PIT,13.0,10.0,3.0,0.6390508846423572,1,False
2023,11,2023_11_CHI_DET,DET,CHI,31.0,26.0,5.0,0.8487186900345405,1,False
2023,11,2023_11_LAC_GB,GB,LAC,23.0,20.0,3.0,0.41832578447997154,1,False
2023,11,2023_11_ARI_HOU,HOU,ARI,21.0,16.0,5.0,0.8414406766504209,1,False
2023,11,2023_11_TEN_JAX,JAX,TEN,34.0,14.0,20.0,0.7536381200320429,1,False
2023,11,2023_11_LV_MIA,MIA,LV,20.0,13.0,7.0,0.7564854710271316,1,False
2023,11,2023_11_NYG_WAS,WAS,NYG,19.0,31.0,-12.0,0.7259616848689698,0,False
2023,11,2023_11_TB_SF,SF,TB,27.0,14.0,13.0,0.8492306999487317,1,False
2023,11,2023_11_NYJ_BUF,BUF,NYJ,32.0,6.0,26.0,0.8434316664964515,1,False
2023,11,2023_11_SEA_LA,LA,SEA,17.0,16.0,1.0,0.34199075497530407,1,False
2023,11,2023_11_MIN_DEN,DEN,MIN,21.0,20.0,1.0,0.29124417510369266,1,False
2023,11,2023_11_PHI_KC,KC,PHI,17.0,21.0,-4.0,0.5565242445519106,0,False
2023,12,2023_12_GB_DET,DET,GB,22.0,29.0,-7.0,0.7712085710131726,0,False
2023,12,2023_12_WAS_DAL,DAL,WAS,45.0,10.0,35.0,0.9010315838348478,1,False
2023,12,2023_12_SF_SEA,SEA,SF,13.0,31.0,-18.0,0.2524999084997189,0,False
2023,12,2023_12_MIA_NYJ,NYJ,MIA,13.0,34.0,-21.0,0.262076863517187,0,False
2023,12,2023_12_NO_ATL,ATL,NO,24.0,15.0,9.0,0.374653794254286,1,False
2023,12,2023_12_PIT_CIN,CIN,PIT,10.0,16.0,-6.0,0.6399936071466753,0,False
2023,12,2023_12_JAX_HOU,HOU,JAX,21.0,24.0,-3.0,0.5088414963626536,0,False
2023,12,2023_12_TB_IND,IND,TB,27.0,20.0,7.0,0.5272314591228437,1,False
2023,12,2023_12_NE_NYG,NYG,NE,10.0,7.0,3.0,0.572805406022667,1,False
2023,12,2023_12_CAR_TEN,TEN,CAR,17.0,10.0,7.0,0.7229730014795603,1,False
2023,12,2023_12_LA_ARI,ARI,LA,14.0,37.0,-23.0,0.3689136034995175,0,False
2023,12,2023_12_CLE_DEN,DEN,CLE,29.0,12.0,17.0,0.3206267832617694,1,False
2023,12,2023_12_KC_LV,LV,KC,17.0,31.0,-14.0,0.2472526593601212,0,False
2023,12,2023_12_BUF_PHI,PHI,BUF,37.0,34.0,3.0,0.6451466033902722,1,False
2023,12,2023_12_BAL_LAC,LAC,BAL,10.0,20.0,-10.0,0.26864849896136717,0,False
2023,12,2023_12_CHI_MIN,MIN,CHI,10.0,12.0,-2.0,0.8277203047503108,0,False
2023,13,2023_13_SEA_DAL,DAL,SEA,41.0,35.0,6.0,0.8606474578385149,1,False
2023,13,2023_13_DEN_HOU,HOU,DEN,22.0,17.0,5.0,0.5619574707059358,1,False
2023,13,2023_13_LAC_NE,NE,LAC,0.0,6.0,-6.0,0.2584225104996684,0,False
2023,13,2023_13_DET_NO,NO,DET,28.0,33.0,-5.0,0.39870315954836927,0,False
2023,13,2023_13_ATL_NYJ,NYJ,ATL,8.0,13.0,-5.0,0.4745480570045994,0,False
2023,13,2023_13_ARI_PIT,PIT,ARI,10.0,24.0,-14.0,0.8891163156861027,0,False
2023,13,2023_13_IND_TEN,TEN,IND,28.0,31.0,-3.0,0.4931941762554494,0,False
2023,13,2023_13_MIA_WAS,WAS,MIA,15.0,45.0,-30.0,0.18561454665747112,0,False
2023,13,2023_13_CAR_TB,TB,CAR,21.0,18.0,3.0,0.8199659562571522,1,False
2023,13,2023_13_CLE_LA,LA,CLE,36.0,19.0,17.0,0.47307406448801537,1,False
2023,13,2023_13_SF_PHI,PHI,SF,19.0,42.0,-23.0,0.48893318575836264,0,False
2023,13,2023_13_KC_GB,GB,KC,27.0,19.0,8.0,0.3340351251513632,1,False
2023,13,2023_13_CIN_JAX,JAX,CIN,31.0,34.0,-3.0,0.6975678960177509,0,False
2023,14,2023_14_NE_PIT,PIT,NE,18.0,21.0,-3.0,0.7994796494423952,0,False
2023,14,2023_14_TB_ATL,ATL,TB,25.0,29.0,-4.0,0.593635452192966,0,False
2023,14,2023_14_LA_BAL,BAL,LA,37.0,31.0,6.0,0.8637772257746708,1,False
2023,14,2023_14_DET_CHI,CHI,DET,28.0,13.0,15.0,0.3114947887513812,1,False
2023,14,2023_14_IND_CIN,CIN,IND,34.0,14.0,20.0,0.6951362522946511,1,False
2023,14,2023_14_JAX_CLE,CLE,JAX,31.0,27.0,4.0,0.4155124838320174,1,False
2023,14,2023_14_CAR_NO,NO,CAR,28.0,6.0,22.0,0.8427999048861001,1,False
2023,14,2023_14_HOU_NYJ,NYJ,HOU,30.0,6.0,24.0,0.31177900113165136,1,False
2023,14,2023_14_MIN_LV,LV,MIN,0.0,3.0,-3.0,0.34480147707270986,0,False
2023,14,2023_14_SEA_SF,SF,SEA,28.0,16.0,12.0,0.9214333183975121,1,False
2023,14,2023_14_BUF_KC,KC,BUF,17.0,20.0,-3.0,0.5728281589486776,0,False
2023,14,2023_14_DEN_LAC,LAC,DEN,7.0,24.0,-17.0,0.6126741367423639,0,False
2023,14,2023_14_PHI_DAL,DAL,PHI,33.0,13.0,20.0,0.6603365850796649,1,False
2023,14,2023_14_TEN_MIA,MIA,TEN,27.0,28.0,-1.0,0.8914229355133613,0,False
2023,14,2023_14_GB_NYG,NYG,GB,24.0,22.0,2.0,0.2778001302915848,1,False
2023,15,2023_15_LAC_LV,LV,LAC,63.0,21.0,42.0,0.45799686323133304,1,False
2023,15,2023_15_MIN_CIN,CIN,MIN,27.0,24.0,3.0,0.5838716406491183,1,False
2023,15,2023_15_PIT_IND,IND,PIT,30.0,13.0,17.0,0.5225519161415705,1,False
2023,15,2023_15_DEN_DET,DET,DEN,42.0,17.0,25.0,0.5076288619505441,1,False
2023,15,2023_15_ATL_CAR,CAR,ATL,9.0,7.0,2.0,0.2632234861241346,1,False
2023,15,2023_15_CHI_CLE,CLE,CHI,20.0,17.0,3.0,0.646761971430995,1,False
2023,15,2023_15_TB_GB,GB,TB,20.0,34.0,-14.0,0.6706731164582335,0,False
2023,15,2023_15_NYJ_MIA,MIA,NYJ,30.0,0.0,30.0,0.8483970621990942,1,False
2023,15,2023_15_KC_NE,NE,KC,17.0,27.0,-10.0,0.2335707229954576,0,False
2023,15,2023_15_NYG_NO,NO,NYG,24.0,6.0,18.0,0.7011583048921886,1,False
2023,15,2023_15_HOU_TEN,TEN,HOU,16.0,19.0,-3.0,0.4900654429699032,0,False
2023,15,2023_15_SF_ARI,ARI,SF,29.0,45.0,-16.0,0.06534443341162521,0,False
2023,15,2023_15_WAS_LA,LA,WAS,28.0,20.0,8.0,0.8168893976226355,1,False
2023,15,2023_15_DAL_BUF,BUF,DAL,31.0,10.0,21.0,0.35119574197743203,1,False
2023,15,2023_15_BAL_JAX,JAX,BAL,7.0,23.0,-16.0,0.27057866456938123,0,False
2023,15,2023_15_PHI_SEA,SEA,PHI,20.0,17.0,3.0,0.3301839625814135,1,False
2023,16,2023_16_NO_LA,LA,NO,30.0,22.0,8.0,0.5325469849241918,1,False
2023,16,2023_16_CIN_PIT,PIT,CIN,34.0,11.0,23.0,0.28607468215714954,1,False
2023,16,2023_16_BUF_LAC,LAC,BUF,22.0,24.0,-2.0,0.17502578311769837,0,False
2023,16,2023_16_IND_ATL,ATL,IND,29.0,10.0,19.0,0.4688506456438454,1,False
2023,16,2023_16_GB_CAR,CAR,GB,30.0,33.0,-3.0,0.23326936049131292,0,False
2023,16,2023_16_CLE_HOU,HOU,CLE,22.0,36.0,-14.0,0.4799085077695669,0,False
2023,16,2023_16_DET_MIN,MIN,DET,24.0,30.0,-6.0,0.5838907138906372,0,False
2023,16,2023_16_WAS_NYJ,NYJ,WAS,30.0,28.0,2.0,0.6952975923587689,1,False
2023,16,2023_16_SEA_TEN,TEN,SEA,17.0,20.0,-3.0,0.47435669342274295,0,False
2023,16,2023_16_JAX_TB,TB,JAX,30.0,12.0,18.0,0.5774685807888104,1,False
2023,16,2023_16_ARI_CHI,CHI,ARI,27.0,16.0,11.0,0.7522214609829644,1,False
2023,16,2023_16_DAL_MIA,MIA,DAL,22.0,20.0,2.0,0.4825773219896496,1,False
2023,16,2023_16_NE_DEN,DEN,NE,23.0,26.0,-3.0,0.7766347653619555,0,False
2023,16,2023_16_LV_KC,KC,LV,14.0,20.0,-6.0,0.7315375474010593,0,False
2023,16,2023_16_NYG_PHI,PHI,NYG,33.0,25.0,8.0,0.8491056636562279,1,False
2023,16,2023_16_BAL_SF,SF,BAL,19.0,33.0,-14.0,0.606523830105898,0,False
2023,17,2023_17_NYJ_CLE,CLE,NYJ,37.0,20.0,17.0,0.8123786998048474,1,False
2023,17,2023_17_DET_DAL,DAL,DET,20.0,19.0,1.0,0.7010247795154242,1,False
2023,17,2023_17_MIA_BAL,BAL,MIA,56.0,19.0,37.0,0.7262893922014693,1,False
2023,17,2023_17_NE_BUF,BUF,NE,27.0,21.0,6.0,0.9146790977048072,1,False
2023,17,2023_17_ATL_CHI,CHI,ATL,37.0,17.0,20.0,0.5411363133902655,1,False
2023,17,2023_17_TEN_HOU,HOU,TEN,26.0,3.0,23.0,0.6474074823939411,1,False
2023,17,2023_17_LV_IND,IND,LV,23.0,20.0,3.0,0.4139403295227563,1,False
2023,17,2023_17_CAR_JAX,JAX,CAR,26.0,0.0,26.0,0.8317726226329936,1,False
2023,17,2023_17_LA_NYG,NYG,LA,25.0,26.0,-1.0,0.27846876933056924,0,False
2023,17,2023_17_ARI_PHI,PHI,ARI,31.0,35.0,-4.0,0.890938020285925,0,False
2023,17,2023_17_NO_TB,TB,NO,13.0,23.0,-10.0,0.6723187005442327,0,False
2023,17,2023_17_SF_WAS,WAS,SF,10.0,27.0,-17.0,0.055650160151942,0,False
2023,17,2023_17_PIT_SEA,SEA,PIT,23.0,30.0,-7.0,0.5213966026147097,0,False
2023,17,2023_17_LAC_DEN,DEN,LAC,16.0,9.0,7.0,0.7142779618848378,1,False
2023,17,2023_17_CIN_KC,KC,CIN,25.0,17.0,8.0,0.6441949261309294,1,False
2023,17,2023_17_GB_MIN,MIN,GB,10.0,33.0,-23.0,0.6064932899496738,0,False
2023,18,2023_18_PIT_BAL,BAL,PIT,10.0,17.0,-7.0,0.9179184308318744,0,False
2023,18,2023_18_HOU_IND,IND,HOU,19.0,23.0,-4.0,0.5627493783967382,0,False
2023,18,2023_18_TB_CAR,CAR,TB,0.0,9.0,-9.0,0.16122263422558503,0,False
2023,18,2023_18_CLE_CIN,CIN,CLE,31.0,14.0,17.0,0.45708106847867336,1,False
2023,18,2023_18_MIN_DET,DET,MIN,30.0,20.0,10.0,0.7340377020878134,1,False
2023,18,2023_18_NYJ_NE,NE,NYJ,3.0,17.0,-14.0,0.6026468344695474,0,False
2023,18,2023_18_ATL_NO,NO,ATL,48.0,17.0,31.0,0.7090556172849592,1,False
2023,18,2023_18_JAX_TEN,TEN,JAX,28.0,20.0,8.0,0.3257269124746413,1,False
2023,18,2023_18_SEA_ARI,ARI,SEA,20.0,21.0,-1.0,0.37261934221202475,0,False
2023,18,2023_18_CHI_GB,GB,CHI,17.0,9.0,8.0,0.6291659615068947,1,False
2023,18,2023_18_KC_LAC,LAC,KC,12.0,13.0,-1.0,0.20640785150369503,0,False
2023,18,2023_18_DEN_LV,LV,DEN,27.0,14.0,13.0,0.6302963000722434,1,False
2023,18,2023_18_PHI_NYG,NYG,PHI,27.0,10.0,17.0,0.25202403923513106,1,False
2023,18,2023_18_LA_SF,SF,LA,20.0,21.0,-1.0,0.8617324996480639,0,False
2023,18,2023_18_DAL_WAS,WAS,DAL,10.0,38.0,-28.0,0.07448084584250225,0,False
2023,18,2023_18_BUF_MIA,MIA,BUF,14.0,21.0,-7.0,0.44118747448456247,0,False
2024,1,2024_01_BAL_KC,KC,BAL,27.0,20.0,7.0,0.3657841330498747,1,False
2024,1,2024_01_GB_PHI,PHI,GB,34.0,29.0,5.0,0.3596492975360969,1,True
2024,1,2024_01_PIT_ATL,ATL,PIT,10.0,18.0,-8.0,0.39387083794921496,0,False
2024,1,2024_01_ARI_BUF,BUF,ARI,34.0,28.0,6.0,0.8733298943818482,1,False
2024,1,2024_01_TEN_CHI,CHI,TEN,24.0,17.0,7.0,0.7129133297726752,1,False
2024,1,2024_01_NE_CIN,CIN,NE,10.0,16.0,-6.0,0.7544478309943502,0,False
2024,1,2024_01_HOU_IND,IND,HOU,27.0,29.0,-2.0,0.5220235554506814,0,False
2024,1,2024_01_JAX_MIA,MIA,JAX,20.0,17.0,3.0,0.7056763187871893,1,False
2024,1,2024_01_CAR_NO,NO,CAR,47.0,10.0,37.0,0.8761309809390992,1,False
2024,1,2024_01_MIN_NYG,NYG,MIN,6.0,28.0,-22.0,0.5461802466886404,0,False
2024,1,2024_01_LV_LAC,LAC,LV,22.0,10.0,12.0,0.32696245443602645,1,False
2024,1,2024_01_DEN_SEA,SEA,DEN,26.0,20.0,6.0,0.5629281558503211,1,False
2024,1,2024_01_DAL_CLE,CLE,DAL,17.0,33.0,-16.0,0.3423829563024875,0,False
2024,1,2024_01_WAS_TB,TB,WAS,37.0,20.0,17.0,0.8559181038984006,1,False
2024,1,2024_01_LA_DET,DET,LA,26.0,20.0,6.0,0.5873859041510731,1,False
2024,1,2024_01_NYJ_SF,SF,NYJ,32.0,19.0,13.0,0.8777038102587451,1,False
2024,2,2024_02_BUF_MIA,MIA,BUF,10.0,31.0,-21.0,0.4387227664129934,0,False
2024,2,2024_02_LV_BAL,BAL,LV,23.0,26.0,-3.0,0.7990173020004008,0,False
2024,2,2024_02_LAC_CAR,CAR,LAC,3.0,26.0,-23.0,0.32797308972830896,0,False
2024,2,2024_02_NO_DAL,DAL,NO,19.0,44.0,-25.0,0.6455719724533512,0,False
2024,2,2024_02_TB_DET,DET,TB,16.0,20.0,-4.0,0.6031605115065825,0,False
2024,2,2024_02_IND_GB,GB,IND,16.0,10.0,6.0,0.7050005309965308,1,False
2024,2,2024_02_CLE_JAX,JAX,CLE,13.0,18.0,-5.0,0.5565599722422602,0,False
2024,2,2024_02_SF_MIN,MIN,SF,23.0,17.0,6.0,0.2779163867000196,1,False
2024,2,2024_02_SEA_NE,NE,SEA,20.0,23.0,-3.0,0.469418481335041,0,False
2024,2,2024_02_NYJ_TEN,TEN,NYJ,17.0,24.0,-7.0,0.5662927228137022,0,False
2024,2,2024_02_NYG_WAS,WAS,NYG,21.0,18.0,3.0,0.3341764427077347,1,False
2024,2,2024_02_LA_ARI,ARI,LA,41.0,10.0,31.0,0.32746908341787506,1,False
2024,2,2024_02_PIT_DEN,DEN,PIT,6.0,13.0,-7.0,0.4041716452634502,0,False
2024,2,2024_02_CIN_KC,KC,CIN,26.0,25.0,1.0,0.7080186318582645,1,False
2024,2,2024_02_CHI_HOU,HOU,CHI,19.0,13.0,6.0,0.5185695444165008,1,False
2024,2,2024_02_ATL_PHI,PHI,ATL,21.0,22.0,-1.0,0.6996311435620496,0,False
2024,3,2024_03_NE_NYJ,NYJ,NE,24.0,3.0,21.0,0.6295501339764159,1,False
2024,3,2024_03_NYG_CLE,CLE,NYG,15.0,21.0,-6.0,0.7290750506032445,0,False
2024,3,2024_03_CHI_IND,IND,CHI,21.0,16.0,5.0,0.4261323075628625,1,False
2024,3,2024_03_HOU_MIN,MIN,HOU,34.0,7.0,27.0,0.5804405868138943,1,False
2024,3,2024_03_PHI_NO,NO,PHI,12.0,15.0,-3.0,0.8404142722343467,0,False
2024,3,2024_03_LAC_PIT,PIT,LAC,20.0,10.0,10.0,0.7150749405328265,1,False
2024,3,2024_03_DEN_TB,TB,DEN,7.0,26.0,-19.0,0.805388623978577,0,False
2024,3,2024_03_GB_TEN,TEN,GB,14.0,30.0,-16.0,0.30875071472272897,0,False
2024,3,2024_03_CAR_LV,LV,CAR,22.0,36.0,-14.0,0.8946295624555368,0,False
2024,3,2024_03_MIA_SEA,SEA,MIA,24.0,3.0,21.0,0.5525561083567102,1,False
2024,3,2024_03_DET_ARI,ARI,DET,13.0,20.0,-7.0,0.39703202748573607,0,False
2024,3,2024_03_BAL_DAL,DAL,BAL,25.0,28.0,-3.0,0.4774701514832528,0,False
2024,3,2024_03_SF_LA,LA,SF,27.0,24.0,3.0,0.2652585267918921,1,False
2024,3,2024_03_KC_ATL,ATL,KC,17.0,22.0,-5.0,0.28686888693697277,0,False
2024,3,2024_03_JAX_BUF,BUF,JAX,47.0,10.0,37.0,0.8723804599460874,1,False
2024,3,2024_03_WAS_CIN,CIN,WAS,33.0,38.0,-5.0,0.8393923576671722,0,False
2024,4,2024_04_DAL_NYG,NYG,DAL,15.0,20.0,-5.0,0.34877063148582166,0,False
2024,4,2024_04_NO_ATL,ATL,NO,26.0,24.0,2.0,0.1728911138636874,1,False
2024,4,2024_04_CIN_CAR,CAR,CIN,24.0,34.0,-10.0,0.29365010642885014,0,False
2024,4,2024_04_LA_CHI,CHI,LA,24.0,18.0,6.0,0.6260962939150136,1,False
2024,4,2024_04_MIN_GB,GB,MIN,29.0,31.0,-2.0,0.5539829334067038,0,False
2024,4,2024_04_JAX_HOU,HOU,JAX,24.0,20.0,4.0,0.6801780746641234,1,False
2024,4,2024_04_PIT_IND,IND,PIT,27.0,24.0,3.0,0.31529067177586373,1,False
2024,4,2024_04_DEN_NYJ,NYJ,DEN,9.0,10.0,-1.0,0.6060050955724481,0,False
2024,4,2024_04_PHI_TB,TB,PHI,33.0,16.0,17.0,0.6069556923788092,1,False
2024,4,2024_04_WAS_ARI,ARI,WAS,14.0,42.0,-28.0,0.7450084175501687,0,False
2024,4,2024_04_NE_SF,SF,NE,30.0,13.0,17.0,0.8593210121794704,1,False
2024,4,2024_04_KC_LAC,LAC,KC,10.0,17.0,-7.0,0.3087726284218486,0,False
2024,4,2024_04_CLE_LV,LV,CLE,20.0,16.0,4.0,0.5624848175798415,1,False
2024,4,2024_04_BUF_BAL,BAL,BUF,35.0,10.0,25.0,0.4119684076417426,1,False
2024,4,2024_04_TEN_MIA,MIA,TEN,12.0,31.0,-19.0,0.7148433376077991,0,False
2024,4,2024_04_SEA_DET,DET,SEA,42.0,29.0,13.0,0.606051887248437,1,False
2024,5,2024_05_TB_ATL,ATL,TB,36.0,30.0,6.0,0.3117064553420573,1,False
2024,5,2024_05_NYJ_MIN,MIN,NYJ,23.0,17.0,6.0,0.684231780588472,1,True
2024,5,2024_05_CAR_CHI,CHI,CAR,36.0,10.0,26.0,0.8435656730218284,1,False
2024,5,2024_05_BAL_CIN,CIN,BAL,38.0,41.0,-3.0,0.2404294499220889,0,False
2024,5,2024_05_BUF_HOU,HOU,BUF,23.0,20.0,3.0,0.297245134299904,1,False
2024,5,2024_05_IND_JAX,JAX,IND,37.0,34.0,3.0,0.4099935437685079,1,False
2024,5,2024_05_MIA_NE,NE,MIA,10.0,15.0,-5.0,0.49158751339048334,0,False
2024,5,2024_05_CLE_WAS,WAS,CLE,34.0,13.0,21.0,0.5233089488059678,1,False
2024,5,2024_05_LV_DEN,DEN,LV,34.0,18.0,16.0,0.5272697231962215,1,False
2024,5,2024_05_ARI_SF,SF,ARI,23.0,24.0,-1.0,0.8621020392607441,0,False
2024,5,2024_05_GB_LA,LA,GB,19.0,24.0,-5.0,0.36494595488881454,0,False
2024,5,2024_05_NYG_SEA,SEA,NYG,20.0,29.0,-9.0,0.7706522728163199,0,False
2024,5,2024_05_DAL_PIT,PIT,DAL,17.0,20.0,-3.0,0.6242555913972219,0,False
2024,5,2024_05_NO_KC,KC,NO,26.0,13.0,13.0,0.5464382746897929,1,False
2024,6,2024_06_SF_SEA,SEA,SF,24.0,36.0,-12.0,0.41603738260263673,0,False
2024,6,2024_06_JAX_CHI,CHI,JAX,35.0,16.0,19.0,0.7126120591903046,1,True
2024,6,2024_06_WAS_BAL,BAL,WAS,30.0,23.0,7.0,0.837586972937209,1,False
2024,6,2024_06_ARI_GB,GB,ARI,34.0,13.0,21.0,0.8108970269157493,1,False
2024,6,2024_06_HOU_NE,NE,HOU,21.0,41.0,-20.0,0.29243036393362287,0,False
2024,6,2024_06_TB_NO,NO,TB,27.0,51.0,-24.0,0.6631541997422006,0,False
2024,6,2024_06_CLE_PHI,PHI,CLE,20.0,16.0,4.0,0.6769589734191481,1,False
2024,6,2024_06_IND_TEN,TEN,IND,17.0,20.0,-3.0,0.5134630627622856,0,False
2024,6,2024_06_LAC_DEN,DEN,LAC,16.0,23.0,-7.0,0.7133576629140485,0,False
2024,6,2024_06_PIT_LV,LV,PIT,13.0,32.0,-19.0,0.320783049000656,0,False
2024,6,2024_06_ATL_CAR,CAR,ATL,20.0,38.0,-18.0,0.2708587150574567,0,False
2024,6,2024_06_DET_DAL,DAL,DET,9.0,47.0,-38.0,0.4901417600147746,0,False
2024,6,2024_06_CIN_NYG,NYG,CIN,7.0,17.0,-10.0,0.5454561254930136,0,False
2024,6,2024_06_BUF_NYJ,NYJ,BUF,20.0,23.0,-3.0,0.32935054209686854,0,False
2024,7,2024_07_DEN_NO,NO,DEN,10.0,33.0,-23.0,0.6316939615014303,0,False
2024,7,2024_07_NE_JAX,JAX,NE,32.0,16.0,16.0,0.6313714612701655,1,True
2024,7,2024_07_SEA_ATL,ATL,SEA,14.0,34.0,-20.0,0.5422620882955406,0,False
2024,7,2024_07_TEN_BUF,BUF,TEN,34.0,10.0,24.0,0.8661174740904437,1,False
2024,7,2024_07_CIN_CLE,CLE,CIN,14.0,21.0,-7.0,0.366239663222803,0,False
2024,7,2024_07_HOU_GB,GB,HOU,24.0,22.0,2.0,0.6704135942163882,1,False
2024,7,2024_07_MIA_IND,IND,MIA,16.0,10.0,6.0,0.702325492369196,1,False
2024,7,2024_07_DET_MIN,MIN,DET,29.0,31.0,-2.0,0.4478985489250276,0,False
2024,7,2024_07_PHI_NYG,NYG,PHI,3.0,28.0,-25.0,0.464417639510826,0,False
2024,7,2024_07_LV_LA,LA,LV,20.0,15.0,5.0,0.6127406524681849,1,False
2024,7,2024_07_CAR_WAS,WAS,CAR,40.0,7.0,33.0,0.8799007550847028,1,False
2024,7,2024_07_KC_SF,SF,KC,18.0,28.0,-10.0,0.5485389561192628,0,False
2024,7,2024_07_NYJ_PIT,PIT,NYJ,37.0,15.0,22.0,0.7611278094162728,1,False
2024,7,2024_07_BAL_TB,TB,BAL,31.0,41.0,-10.0,0.3785625114719337,0,False
2024,7,2024_07_LAC_ARI,ARI,LAC,17.0,15.0,2.0,0.39034830336821674,1,False
2024,8,2024_08_MIN_LA,LA,MIN,30.0,20.0,10.0,0.29383408232098407,1,False
2024,8,2024_08_PHI_CIN,CIN,PHI,17.0,37.0,-20.0,0.5780898302053987,0,False
2024,8,2024_08_BAL_CLE,CLE,BAL,29.0,24.0,5.0,0.1283427449892089,1,False
2024,8,2024_08_TEN_DET,DET,TEN,52.0,14.0,38.0,0.9170826547605385,1,False
2024,8,2024_08_IND_HOU,HOU,IND,23.0,20.0,3.0,0.6279184761134824,1,False
2024,8,2024_08_GB_JAX,JAX,GB,27.0,30.0,-3.0,0.2443665316059234,0,False
2024,8,2024_08_ARI_MIA,MIA,ARI,27.0,28.0,-1.0,0.5180290493598168,0,False
2024,8,2024_08_NYJ_NE,NE,NYJ,25.0,22.0,3.0,0.3008876915220576,1,False
2024,8,2024_08_ATL_TB,TB,ATL,26.0,31.0,-5.0,0.7696110999672175,0,False
2024,8,2024_08_NO_LAC,LAC,NO,26.0,8.0,18.0,0.5728788593590417,1,False
2024,8,2024_08_BUF_SEA,SEA,BUF,10.0,31.0,-21.0,0.34053517212081996,0,False
2024,8,2024_08_CAR_DEN,DEN,CAR,28.0,14.0,14.0,0.9340837072067003,1,False
2024,8,2024_08_KC_LV,LV,KC,20.0,27.0,-7.0,0.1476301752438222,0,False
2024,8,2024_08_CHI_WAS,WAS,CHI,18.0,15.0,3.0,0.5060453275857759,1,False
2024,8,2024_08_DAL_SF,SF,DAL,30.0,24.0,6.0,0.6892241347393554,1,False
2024,8,2024_08_NYG_PIT,PIT,NYG,26.0,18.0,8.0,0.8748587172450952,1,False
2024,9,2024_09_HOU_NYJ,NYJ,HOU,21.0,13.0,8.0,0.3674272841127578,1,False
2024,9,2024_09_DAL_ATL,ATL,DAL,27.0,21.0,6.0,0.5322962997671762,1,False
2024,9,2024_09_DEN_BAL,BAL,DEN,41.0,10.0,31.0,0.6909639629326656,1,False
2024,9,2024_09_MIA_BUF,BUF,MIA,30.0,27.0,3.0,0.9155134836816045,1,False
2024,9,2024_09_NO_CAR,CAR,NO,23.0,22.0,1.0,0.2162936499813589,1,False
2024,9,2024_09_LV_CIN,CIN,LV,41.0,24.0,17.0,0.7592971513492631,1,False
2024,9,2024_09_LAC_CLE,CLE,LAC,10.0,27.0,-17.0,0.35746018521038975,0,False
2024,9,2024_09_WAS_NYG,NYG,WAS,22.0,27.0,-5.0,0.24345082970699264,0,False
2024,9,2024_09_NE_TEN,TEN,NE,20.0,17.0,3.0,0.6354219803623107,1,False
2024,9,2024_09_CHI_ARI,ARI,CHI,29.0,9.0,20.0,0.35280212818129214,1,False
2024,9,2024_09_JAX_PHI,PHI,JAX,28.0,23.0,5.0,0.8219222609019329,1,False
2024,9,2024_09_DET_GB,GB,DET,14.0,24.0,-10.0,0.3780739534350534,0,False
2024,9,2024_09_LA_SEA,SEA,LA,20.0,26.0,-6.0,0.6061716122483278,0,False
2024,9,2024_09_IND_MIN,MIN,IND,21.0,13.0,8.0,0.7183720564254167,1,False
2024,9,2024_09_TB_KC,KC,TB,30.0,24.0,6.0,0.7887477251215806,1,False
2024,10,2024_10_CIN_BAL,BAL,CIN,35.0,34.0,1.0,0.8315016837683474,1,False
2024,10,2024_10_NYG_CAR,CAR,NYG,20.0,17.0,3.0,0.28171571006325646,1,True
2024,10,2024_10_NE_CHI,CHI,NE,3.0,19.0,-16.0,0.8416476512293558,0,False
2024,10,2024_10_BUF_IND,IND,BUF,20.0,30.0,-10.0,0.21250099977825718,0,False
2024,10,2024_10_MIN_JAX,JAX,MIN,7.0,12.0,-5.0,0.22798711947226788,0,False
2024,10,2024_10_DEN_KC,KC,DEN,16.0,14.0,2.0,0.7981727493705694,1,False
2024,10,2024_10_ATL_NO,NO,ATL,20.0,17.0,3.0,0.3643841461462336,1,False
2024,10,2024_10_SF_TB,TB,SF,20.0,23.0,-3.0,0.39276313930018686,0,False
2024,10,2024_10_PIT_WAS,WAS,PIT,27.0,28.0,-1.0,0.4949977655226149,0,False
2024,10,2024_10_TEN_LAC,LAC,TEN,27.0,17.0,10.0,0.8545644921507308,1,False
2024,10,2024_10_NYJ_ARI,ARI,NYJ,31.0,6.0,25.0,0.5900653391203402,1,False
2024,10,2024_10_PHI_DAL,DAL,PHI,6.0,34.0,-28.0,0.3148304585411983,0,False
2024,10,2024_10_DET_HOU,HOU,DET,23.0,26.0,-3.0,0.20288806403344883,0,False
2024,10,2024_10_MIA_LA,LA,MIA,15.0,23.0,-8.0,0.7277022322794064,0,False
2024,11,2024_11_WAS_PHI,PHI,WAS,26.0,18.0,8.0,0.6684568806124507,1,False
2024,11,2024_11_GB_CHI,CHI,GB,19.0,20.0,-1.0,0.30882727811331695,0,False
2024,11,2024_11_JAX_DET,DET,JAX,52.0,6.0,46.0,0.9435761270232537,1,False
2024,11,2024_11_LV_MIA,MIA,LV,34.0,19.0,15.0,0.7020672578988278,1,False
2024,11,2024_11_LA_NE,NE,LA,22.0,28.0,-6.0,0.37518013111641657,0,False
2024,11,2024_11_CLE_NO,NO,CLE,35.0,14.0,21.0,0.5637051066269951,1,False
2024,11,2024_11_IND_NYJ,NYJ,IND,27.0,28.0,-1.0,0.48638888793143237,0,False
2024,11,2024_11_BAL_PIT,PIT,BAL,18.0,16.0,2.0,0.4444395909344427,1,False
2024,11,2024_11_MIN_TEN,TEN,MIN,13.0,23.0,-10.0,0.1795686039151619,0,False
2024,11,2024_11_ATL_DEN,DEN,ATL,38.0,6.0,32.0,0.6499854095980137,1,False
2024,11,2024_11_SEA_SF,SF,SEA,17.0,20.0,-3.0,0.7842088045126558,0,False
2024,11,2024_11_KC_BUF,BUF,KC,30.0,21.0,9.0,0.5785761231194833,1,False
2024,11,2024_11_CIN_LAC,LAC,CIN,34.0,27.0,7.0,0.6743526522434925,1,False
2024,11,2024_11_HOU_DAL,DAL,HOU,10.0,34.0,-24.0,0.40258690246386514,0,False
2024,12,2024_12_PIT_CLE,CLE,PIT,24.0,19.0,5.0,0.13328453464510268,1,False
2024,12,2024_12_KC_CAR,CAR,KC,27.0,30.0,-3.0,0.07872003247266135,0,False
2024,12,2024_12_MIN_CHI,CHI,MIN,27.0,30.0,-3.0,0.2793030686838117,0,False
2024,12,2024_12_TEN_HOU,HOU,TEN,27.0,32.0,-5.0,0.8687494065254449,0,False
2024,12,2024_12_DET_IND,IND,DET,6.0,24.0,-18.0,0.11061342281489167,0,False
2024,12,2024_12_NE_MIA,MIA,NE,34.0,15.0,19.0,0.7477153242285355,1,False
2024,12,2024_12_TB_NYG,NYG,TB,7.0,30.0,-23.0,0.33786532369010164,0,False
2024,12,2024_12_DAL_WAS,WAS,DAL,26.0,34.0,-8.0,0.8412213351821961,0,False
2024,12,2024_12_DEN_LV,LV,DEN,19.0,29.0,-10.0,0.16528340394907184,0,False
2024,12,2024_12_SF_GB,GB,SF,38.0,10.0,28.0,0.5700295503135497,1,False
2024,12,2024_12_ARI_SEA,SEA,ARI,16.0,6.0,10.0,0.5408808392940821,1,False
2024,12,2024_12_PHI_LA,LA,PHI,20.0,37.0,-17.0,0.2973119354192594,0,False
2024,12,2024_12_BAL_LAC,LAC,BAL,23.0,30.0,-7.0,0.3740513242903619,0,False
2024,13,2024_13_CHI_DET,DET,CHI,23.0,20.0,3.0,0.9501247433413863,1,False
2024,13,2024_13_NYG_DAL,DAL,NYG,27.0,20.0,7.0,0.7087635335529237,1,False
2024,13,2024_13_MIA_GB,GB,MIA,30.0,17.0,13.0,0.7616677816678104,1,False
2024,13,2024_13_LV_KC,KC,LV,19.0,17.0,2.0,0.9452389742404691,1,False
2024,13,2024_13_LAC_ATL,ATL,LAC,13.0,17.0,-4.0,0.3339515349253027,0,False
2024,13,2024_13_PIT_CIN,CIN,PIT,38.0,44.0,-6.0,0.382795920378139,0,False
2024,13,2024_13_HOU_JAX,JAX,HOU,20.0,23.0,-3.0,0.29503447859707654,0,False
2024,13,2024_13_ARI_MIN,MIN,ARI,23.0,22.0,1.0,0.7625109052126867,1,False
2024,13,2024_13_IND_NE,NE,IND,24.0,25.0,-1.0,0.39524664392146963,0,False
2024,13,2024_13_SEA_NYJ,NYJ,SEA,21.0,26.0,-5.0,0.3787316146971396,0,False
2024,13,2024_13_TEN_WAS,WAS,TEN,42.0,19.0,23.0,0.784693193779364,1,False
2024,13,2024_13_TB_CAR,CAR,TB,23.0,26.0,-3.0,0.15136786136733796,0,False
2024,13,2024_13_LA_NO,NO,LA,14.0,21.0,-7.0,0.4928429959110305,0,False
2024,13,2024_13_PHI_BAL,BAL,PHI,19.0,24.0,-5.0,0.571822423992856,0,False
2024,13,2024_13_SF_BUF,BUF,SF,35.0,10.0,25.0,0.8016475285465668,1,False
2024,13,2024_13_CLE_DEN,DEN,CLE,41.0,32.0,9.0,0.8625719036711815,1,False
2024,14,2024_14_GB_DET,DET,GB,34.0,31.0,3.0,0.7859463784511875,1,False
2024,14,2024_14_NYJ_MIA,MIA,NYJ,32.0,26.0,6.0,0.7738963216711894,1,False
2024,14,2024_14_ATL_MIN,MIN,ATL,42.0,21.0,21.0,0.8293047642785406,1,False
2024,14,2024_14_NO_NYG,NYG,NO,11.0,14.0,-3.0,0.38788864023826625,0,False
2024,14,2024_14_CAR_PHI,PHI,CAR,22.0,16.0,6.0,0.9735887371008793,1,False
2024,14,2024_14_CLE_PIT,PIT,CLE,27.0,14.0,13.0,0.898233833674033,1,False
2024,14,2024_14_LV_TB,TB,LV,28.0,13.0,15.0,0.882287871297044,1,False
2024,14,2024_14_JAX_TEN,TEN,JAX,6.0,10.0,-4.0,0.4966702059855945,0,False
2024,14,2024_14_SEA_ARI,ARI,SEA,18.0,30.0,-12.0,0.5263882564844778,0,False
2024,14,2024_14_BUF_LA,LA,BUF,44.0,42.0,2.0,0.1837895216895679,1,False
2024,14,2024_14_CHI_SF,SF,CHI,38.0,13.0,25.0,0.6760969121065086,1,False
2024,14,2024_14_LAC_KC,KC,LAC,19.0,17.0,2.0,0.6889279455815813,1,False
2024,14,2024_14_CIN_DAL,DAL,CIN,20.0,27.0,-7.0,0.45920250622368375,0,False
2024,15,2024_15_LA_SF,SF,LA,6.0,12.0,-6.0,0.5840810184534592,0,False
2024,15,2024_15_DAL_CAR,CAR,DAL,14.0,30.0,-16.0,0.3692160300330854,0,False
2024,15,2024_15_KC_CLE,CLE,KC,7.0,21.0,-14.0,0.13668203469529241,0,False
2024,15,2024_15_MIA_HOU,HOU,MIA,20.0,12.0,8.0,0.6077427203066038,1,False
2024,15,2024_15_NYJ_JAX,JAX,NYJ,25.0,32.0,-7.0,0.5915012812326623,0,False
2024,15,2024_15_WAS_NO,NO,WAS,19.0,20.0,-1.0,0.3780436972963013,0,False
2024,15,2024_15_BAL_NYG,NYG,BAL,14.0,35.0,-21.0,0.08068949606589644,0,False
2024,15,2024_15_CIN_TEN,TEN,CIN,27.0,37.0,-10.0,0.2473192327098483,0,False
2024,15,2024_15_NE_ARI,ARI,NE,30.0,17.0,13.0,0.7738083168211803,1,False
2024,15,2024_15_IND_DEN,DEN,IND,31.0,13.0,18.0,0.8028103912335983,1,False
2024,15,2024_15_BUF_DET,DET,BUF,42.0,48.0,-6.0,0.659785339114325,0,False
2024,15,2024_15_TB_LAC,LAC,TB,17.0,40.0,-23.0,0.5943472630860035,0,False
2024,15,2024_15_PIT_PHI,PHI,PIT,27.0,13.0,14.0,0.7043210226811172,1,False
2024,15,2024_15_GB_SEA,SEA,GB,13.0,30.0,-17.0,0.40265793793140453,0,False
2024,15,2024_15_CHI_MIN,MIN,CHI,30.0,12.0,18.0,0.8962771276557541,1,False
2024,15,2024_15_ATL_LV,LV,ATL,9.0,15.0,-6.0,0.3914752888462997,0,False
2024,16,2024_16_DEN_LAC,LAC,DEN,34.0,27.0,7.0,0.38638537430669906,1,False
2024,16,2024_16_HOU_KC,KC,HOU,27.0,19.0,8.0,0.7614176927271848,1,False
2024,16,2024_16_PIT_BAL,BAL,PIT,34.0,17.0,17.0,0.7084240178162612,1,False
2024,16,2024_16_NYG_ATL,ATL,NYG,34.0,7.0,27.0,0.7524416956109081,1,False
2024,16,2024_16_ARI_CAR,CAR,ARI,36.0,30.0,6.0,0.19107821008845932,1,False
2024,16,2024_16_DET_CHI,CHI,DET,17.0,34.0,-17.0,0.0574663792661036,0,False
2024,16,2024_16_CLE_CIN,CIN,CLE,24.0,6.0,18.0,0.8167651820807963,1,False
2024,16,2024_16_TEN_IND,IND,TEN,38.0,30.0,8.0,0.7361784367102429,1,False
2024,16,2024_16_LA_NYJ,NYJ,LA,9.0,19.0,-10.0,0.3109612962666385,0,False
2024,16,2024_16_PHI_WAS,WAS,PHI,36.0,33.0,3.0,0.2555620836805016,1,False
2024,16,2024_16_MIN_SEA,SEA,MIN,24.0,27.0,-3.0,0.35410957118671127,0,False
2024,16,2024_16_NE_BUF,BUF,NE,24.0,21.0,3.0,0.9663675067430816,1,False
2024,16,2024_16_JAX_LV,LV,JAX,19.0,14.0,5.0,0.4288774674970027,1,False
2024,16,2024_16_SF_MIA,MIA,SF,29.0,17.0,12.0,0.5740269753902386,1,False
2024,16,2024_16_TB_DAL,DAL,TB,26.0,24.0,2.0,0.3118054804268881,1,False
2024,16,2024_16_NO_GB,GB,NO,34.0,0.0,34.0,0.8703539735804282,1,False
2024,17,2024_17_KC_PIT,PIT,KC,10.0,29.0,-19.0,0.35085196769655785,0,False
2024,17,2024_17_BAL_HOU,HOU,BAL,2.0,31.0,-29.0,0.2683809018955524,0,False
2024,17,2024_17_SEA_CHI,CHI,SEA,3.0,6.0,-3.0,0.25404075456858116,0,False
2024,17,2024_17_LAC_NE,NE,LAC,7.0,40.0,-33.0,0.2292506077654277,0,False
2024,17,2024_17_DEN_CIN,CIN,DEN,30.0,24.0,6.0,0.48275932962929335,1,False
2024,17,2024_17_ARI_LA,LA,ARI,13.0,9.0,4.0,0.7011568446700349,1,False
2024,17,2024_17_NYJ_BUF,BUF,NYJ,40.0,14.0,26.0,0.9427960601263019,1,False
2024,17,2024_17_TEN_JAX,JAX,TEN,20.0,13.0,7.0,0.5997040478699274,1,False
2024,17,2024_17_LV_NO,NO,LV,10.0,25.0,-15.0,0.7393346899120099,0,False
2024,17,2024_17_IND_NYG,NYG,IND,45.0,33.0,12.0,0.2834965380193966,1,False
2024,17,2024_17_DAL_PHI,PHI,DAL,41.0,7.0,34.0,0.8792606077121654,1,False
2024,17,2024_17_CAR_TB,TB,CAR,48.0,14.0,34.0,0.8995107214632581,1,False
2024,17,2024_17_MIA_CLE,CLE,MIA,3.0,20.0,-17.0,0.23173406245225658,0,False
2024,17,2024_17_GB_MIN,MIN,GB,27.0,25.0,2.0,0.511333964268123,1,False
2024,17,2024_17_ATL_WAS,WAS,ATL,30.0,24.0,6.0,0.7253501243481143,1,False
2024,17,2024_17_DET_SF,SF,DET,34.0,40.0,-6.0,0.15694033040623653,0,False
2024,18,2024_18_CLE_BAL,BAL,CLE,35.0,10.0,25.0,0.971470474423319,1,False
2024,18,2024_18_CIN_PIT,PIT,CIN,17.0,19.0,-2.0,0.4703942208195031,0,False
2024,18,2024_18_CAR_ATL,ATL,CAR,38.0,44.0,-6.0,0.7784245035571471,0,False
2024,18,2024_18_WAS_DAL,DAL,WAS,19.0,23.0,-4.0,0.34649755132522475,0,False
2024,18,2024_18_CHI_GB,GB,CHI,22.0,24.0,-2.0,0.9465116757413159,0,False
2024,18,2024_18_JAX_IND,IND,JAX,26.0,23.0,3.0,0.6184657935203096,1,False
2024,18,2024_18_BUF_NE,NE,BUF,23.0,16.0,7.0,0.05025848232035063,1,False
2024,18,2024_18_NYG_PHI,PHI,NYG,20.0,13.0,7.0,0.9666186206939678,1,False
2024,18,2024_18_NO_TB,TB,NO,27.0,19.0,8.0,0.8795976789078038,1,False
2024,18,2024_18_HOU_TEN,TEN,HOU,14.0,23.0,-9.0,0.2493049488409871,0,False
2024,18,2024_18_SF_ARI,ARI,SF,47.0,24.0,23.0,0.5767824040050927,1,False
2024,18,2024_18_KC_DEN,DEN,KC,38.0,0.0,38.0,0.3148243453832796,1,False
2024,18,2024_18_SEA_LA,LA,SEA,25.0,30.0,-5.0,0.6234415776239212,0,False
2024,18,2024_18_LAC_LV,LV,LAC,20.0,34.0,-14.0,0.23749873548674857,0,False
2024,18,2024_18_MIA_NYJ,NYJ,MIA,32.0,20.0,12.0,0.24723382493081333,1,False
2024,18,2024_18_MIN_DET,DET,MIN,31.0,9.0,22.0,0.6968536703587269,1,False
