season,week,game_id,home_team,away_team,home_score,away_score,point_diff,pred_home,home_win,neutral
2010,1,2010_01_MIN_NO,NO,MIN,14.0,9.0,5.0,0.6026799975779357,1,False
2010,1,2010_01_MIA_BUF,BUF,MIA,10.0,15.0,-5.0,0.5609686352653311,0,False
2010,1,2010_01_DET_CHI,CHI,DET,19.0,14.0,5.0,0.7355382193255997,1,False
2010,1,2010_01_IND_HOU,HOU,IND,34.0,24.0,10.0,0.5007104962748044,1,False
2010,1,2010_01_DEN_JAX,JAX,DEN,24.0,17.0,7.0,0.5337114563941817,1,False
2010,1,2010_01_CIN_NE,NE,CIN,38.0,24.0,14.0,0.6694182826846907,1,False
2010,1,2010_01_CAR_NYG,NYG,CAR,31.0,18.0,13.0,0.5021607327727506,1,False
2010,1,2010_01_ATL_PIT,PIT,ATL,15.0,9.0,6.0,0.5869227621186723,1,False
2010,1,2010_01_CLE_TB,TB,CLE,17.0,14.0,3.0,0.566352352796538,1,False
2010,1,2010_01_OAK_TEN,TEN,OAK,38.0,13.0,25.0,0.7271276878356413,1,False
2010,1,2010_01_GB_PHI,PHI,GB,20.0,27.0,-7.0,0.5747500960980878,0,False
2010,1,2010_01_SF_SEA,SEA,SF,31.0,6.0,25.0,0.4616865872027906,1,False
2010,1,2010_01_ARI_STL,STL,ARI,13.0,17.0,-4.0,0.33607377036043495,0,False
2010,1,2010_01_DAL_WAS,WAS,DAL,13.0,7.0,6.0,0.39093261192179435,1,False
2010,1,2010_01_BAL_NYJ,NYJ,BAL,9.0,10.0,-1.0,0.5750815784498915,0,False
2010,1,2010_01_SD_KC,KC,SD,21.0,14.0,7.0,0.3272561114320651,1,False
2010,2,2010_02_ARI_ATL,ATL,ARI,41.0,7.0,34.0,0.5506799808973122,1,False
2010,2,2010_02_TB_CAR,CAR,TB,7.0,20.0,-13.0,0.6653672655377252,0,False
2010,2,2010_02_BAL_CIN,CIN,BAL,15.0,10.0,5.0,0.4764906526421347,1,False
2010,2,2010_02_KC_CLE,CLE,KC,14.0,16.0,-2.0,0.5611659859045928,0,False
2010,2,2010_02_CHI_DAL,DAL,CHI,20.0,27.0,-7.0,0.6606890364896589,0,False
2010,2,2010_02_PHI_DET,DET,PHI,32.0,35.0,-3.0,0.28846060822987885,0,False
2010,2,2010_02_BUF_GB,GB,BUF,34.0,7.0,27.0,0.721670942392314,1,False
2010,2,2010_02_MIA_MIN,MIN,MIA,10.0,14.0,-4.0,0.6300793062476993,0,False
2010,2,2010_02_PIT_TEN,TEN,PIT,11.0,19.0,-8.0,0.5562644418336519,0,False
2010,2,2010_02_SEA_DEN,DEN,SEA,31.0,14.0,17.0,0.5758286654758417,1,False
2010,2,2010_02_STL_OAK,OAK,STL,16.0,14.0,2.0,0.6318339083043809,1,False
2010,2,2010_02_NE_NYJ,NYJ,NE,28.0,14.0,14.0,0.50266972928782,1,False
2010,2,2010_02_JAX_SD,SD,JAX,38.0,13.0,25.0,0.6998837519559715,1,False
2010,2,2010_02_HOU_WAS,WAS,HOU,27.0,30.0,-3.0,0.4520718327904846,0,False
2010,2,2010_02_NYG_IND,IND,NYG,38.0,14.0,24.0,0.6189712520595527,1,False
2010,2,2010_02_NO_SF,SF,NO,22.0,25.0,-3.0,0.3933023194753441,0,False
2010,3,2010_03_CLE_BAL,BAL,CLE,24.0,17.0,7.0,0.7137512087309663,1,False
2010,3,2010_03_CIN_CAR,CAR,CIN,7.0,20.0,-13.0,0.5618436175360796,0,False
2010,3,2010_03_DAL_HOU,HOU,DAL,13.0,27.0,-14.0,0.6124770021811999,0,False
2010,3,2010_03_SF_KC,KC,SF,31.0,10.0,21.0,0.5604318486912896,1,False
2010,3,2010_03_DET_MIN,MIN,DET,24.0,10.0,14.0,0.7996337364052197,1,False
2010,3,2010_03_BUF_NE,NE,BUF,38.0,30.0,8.0,0.727121389689461,1,False
2010,3,2010_03_ATL_NO,NO,ATL,24.0,27.0,-3.0,0.6456865850818668,0,False
2010,3,2010_03_TEN_NYG,NYG,TEN,10.0,29.0,-19.0,0.5346397471480068,0,False
2010,3,2010_03_PIT_TB,TB,PIT,13.0,38.0,-25.0,0.4403652374832405,0,False
2010,3,2010_03_PHI_JAX,JAX,PHI,3.0,28.0,-25.0,0.4231892936816483,0,False
2010,3,2010_03_WAS_STL,STL,WAS,30.0,16.0,14.0,0.3969893722668945,1,False
2010,3,2010_03_OAK_ARI,ARI,OAK,24.0,23.0,1.0,0.7036693538674067,1,False
2010,3,2010_03_IND_DEN,DEN,IND,13.0,27.0,-14.0,0.4278866873160733,0,False
2010,3,2010_03_SD_SEA,SEA,SD,27.0,20.0,7.0,0.35867846549446725,1,False
2010,3,2010_03_NYJ_MIA,MIA,NYJ,23.0,31.0,-8.0,0.4925292074393583,0,False
2010,3,2010_03_GB_CHI,CHI,GB,20.0,17.0,3.0,0.443212936698632,1,False
2010,4,2010_04_SF_ATL,ATL,SF,16.0,14.0,2.0,0.7305621696223398,1,False
2010,4,2010_04_NYJ_BUF,BUF,NYJ,14.0,38.0,-24.0,0.3624957862453179,0,False
2010,4,2010_04_CIN_CLE,CLE,CIN,23.0,20.0,3.0,0.415629666710603,1,False
2010,4,2010_04_DET_GB,GB,DET,28.0,26.0,2.0,0.8530197020215163,1,False
2010,4,2010_04_CAR_NO,NO,CAR,16.0,14.0,2.0,0.7129769863584021,1,False
2010,4,2010_04_BAL_PIT,PIT,BAL,14.0,17.0,-3.0,0.6319924597265705,0,False
2010,4,2010_04_SEA_STL,STL,SEA,20.0,3.0,17.0,0.4471342754382376,1,False
2010,4,2010_04_DEN_TEN,TEN,DEN,20.0,26.0,-6.0,0.6827675595041237,0,False
2010,4,2010_04_IND_JAX,JAX,IND,31.0,28.0,3.0,0.3411194713782573,1,False
2010,4,2010_04_HOU_OAK,OAK,HOU,24.0,31.0,-7.0,0.36865297170970984,0,False
2010,4,2010_04_WAS_PHI,PHI,WAS,12.0,17.0,-5.0,0.7485659860888881,0,False
2010,4,2010_04_ARI_SD,SD,ARI,41.0,10.0,31.0,0.6470106413406767,1,False
2010,4,2010_04_CHI_NYG,NYG,CHI,17.0,3.0,14.0,0.5108596509084435,1,False
2010,4,2010_04_NE_MIA,MIA,NE,14.0,41.0,-27.0,0.45907272157029183,0,False
2010,5,2010_05_DEN_BAL,BAL,DEN,31.0,17.0,14.0,0.6703060700321178,1,False
2010,5,2010_05_JAX_BUF,BUF,JAX,26.0,36.0,-10.0,0.532205809021333,0,False
2010,5,2010_05_CHI_CAR,CAR,CHI,6.0,23.0,-17.0,0.5342821471056443,0,False
2010,5,2010_05_TB_CIN,CIN,TB,21.0,24.0,-3.0,0.637399807159925,0,False
2010,5,2010_05_ATL_CLE,CLE,ATL,10.0,20.0,-10.0,0.38487502027758724,0,False
2010,5,2010_05_STL_DET,DET,STL,44.0,6.0,38.0,0.4624150349878573,1,False
2010,5,2010_05_NYG_HOU,HOU,NYG,10.0,34.0,-24.0,0.6313385754335911,0,False
2010,5,2010_05_KC_IND,IND,KC,19.0,9.0,10.0,0.7062919058731233,1,False
2010,5,2010_05_GB_WAS,WAS,GB,16.0,13.0,3.0,0.38297759224174593,1,False
2010,5,2010_05_NO_ARI,ARI,NO,30.0,20.0,10.0,0.41316021145687787,1,False
2010,5,2010_05_TEN_DAL,DAL,TEN,27.0,34.0,-7.0,0.6091413116113132,0,False
2010,5,2010_05_SD_OAK,OAK,SD,35.0,27.0,8.0,0.3021470544238231,1,False
2010,5,2010_05_PHI_SF,SF,PHI,24.0,27.0,-3.0,0.39816925382103757,0,False
2010,5,2010_05_MIN_NYJ,NYJ,MIN,29.0,20.0,9.0,0.6545414002101247,1,False
2010,6,2010_06_SEA_CHI,CHI,SEA,20.0,23.0,-3.0,0.6924781192115101,0,False
2010,6,2010_06_MIA_GB,GB,MIA,20.0,23.0,-3.0,0.6905300832428474,0,False
2010,6,2010_06_KC_HOU,HOU,KC,35.0,31.0,4.0,0.6461967024345482,1,False
2010,6,2010_06_BAL_NE,NE,BAL,23.0,20.0,3.0,0.6030403325756861,1,False
2010,6,2010_06_DET_NYG,NYG,DET,28.0,20.0,8.0,0.7827865147174606,1,False
2010,6,2010_06_ATL_PHI,PHI,ATL,31.0,17.0,14.0,0.5472289129343987,1,False
2010,6,2010_06_CLE_PIT,PIT,CLE,28.0,10.0,18.0,0.7684198816747766,1,False
2010,6,2010_06_SD_STL,STL,SD,20.0,17.0,3.0,0.3111259994006972,1,False
2010,6,2010_06_NO_TB,TB,NO,6.0,31.0,-25.0,0.443089337162585,0,False
2010,6,2010_06_NYJ_DEN,DEN,NYJ,20.0,24.0,-4.0,0.36804080300812564,0,False
2010,6,2010_06_OAK_SF,SF,OAK,17.0,9.0,8.0,0.5810949726991903,1,False
2010,6,2010_06_DAL_MIN,MIN,DAL,24.0,21.0,3.0,0.5495569482381663,1,False
2010,6,2010_06_IND_WAS,WAS,IND,24.0,27.0,-3.0,0.39603920356717826,0,False
2010,6,2010_06_TEN_JAX,JAX,TEN,3.0,30.0,-27.0,0.4558756371318526,0,False
2010,7,2010_07_CIN_ATL,ATL,CIN,39.0,32.0,7.0,0.645689111500208,1,False
2010,7,2010_07_BUF_BAL,BAL,BUF,37.0,34.0,3.0,0.7715987560314072,1,False
2010,7,2010_07_SF_CAR,CAR,SF,23.0,20.0,3.0,0.5875882406693519,1,False
2010,7,2010_07_WAS_CHI,CHI,WAS,14.0,17.0,-3.0,0.6292255573531582,0,False
2010,7,2010_07_JAX_KC,KC,JAX,42.0,20.0,22.0,0.5800621159453621,1,False
2010,7,2010_07_PIT_MIA,MIA,PIT,22.0,23.0,-1.0,0.4343497213835981,0,False
2010,7,2010_07_CLE_NO,NO,CLE,17.0,30.0,-13.0,0.7862345506478691,0,False
2010,7,2010_07_STL_TB,TB,STL,18.0,17.0,1.0,0.6716865907104155,1,False
2010,7,2010_07_PHI_TEN,TEN,PHI,37.0,19.0,18.0,0.5536518183833261,1,False
2010,7,2010_07_ARI_SEA,SEA,ARI,22.0,10.0,12.0,0.47920896985768235,1,False
2010,7,2010_07_OAK_DEN,DEN,OAK,14.0,59.0,-45.0,0.6595927002003593,0,False
2010,7,2010_07_NE_SD,SD,NE,20.0,23.0,-3.0,0.4634845853271892,0,False
2010,7,2010_07_MIN_GB,GB,MIN,28.0,24.0,4.0,0.6002029995763766,1,False
2010,7,2010_07_NYG_DAL,DAL,NYG,35.0,41.0,-6.0,0.5486385676831789,0,False
2010,8,2010_08_MIA_CIN,CIN,MIA,14.0,22.0,-8.0,0.560869598135132,0,False
2010,8,2010_08_JAX_DAL,DAL,JAX,17.0,35.0,-18.0,0.6906558269237334,0,False
2010,8,2010_08_WAS_DET,DET,WAS,37.0,25.0,12.0,0.3974911671740121,1,False
2010,8,2010_08_BUF_KC,KC,BUF,13.0,10.0,3.0,0.6777784004218194,1,False
2010,8,2010_08_GB_NYJ,NYJ,GB,0.0,9.0,-9.0,0.6449954842483079,0,False
2010,8,2010_08_DEN_SF,SF,DEN,24.0,16.0,8.0,0.5043436766238363,1,True
2010,8,2010_08_CAR_STL,STL,CAR,20.0,10.0,10.0,0.4523298510069197,1,False
2010,8,2010_08_TEN_SD,SD,TEN,33.0,25.0,8.0,0.47581689250893094,1,False
2010,8,2010_08_TB_ARI,ARI,TB,35.0,38.0,-3.0,0.600931378752889,0,False
2010,8,2010_08_MIN_NE,NE,MIN,28.0,18.0,10.0,0.6971855375065728,1,False
2010,8,2010_08_SEA_OAK,OAK,SEA,33.0,3.0,30.0,0.5255027395099324,1,False
2010,8,2010_08_PIT_NO,NO,PIT,20.0,10.0,10.0,0.5073650403896206,1,False
2010,8,2010_08_HOU_IND,IND,HOU,30.0,17.0,13.0,0.6664728975956216,1,False
2010,9,2010_09_TB_ATL,ATL,TB,27.0,21.0,6.0,0.6946502619611143,1,False
2010,9,2010_09_MIA_BAL,BAL,MIA,26.0,10.0,16.0,0.6581039881891144,1,False
2010,9,2010_09_CHI_BUF,BUF,CHI,19.0,22.0,-3.0,0.4270195734436135,0,False
2010,9,2010_09_NO_CAR,CAR,NO,3.0,34.0,-31.0,0.37932116542172456,0,False
2010,9,2010_09_NE_CLE,CLE,NE,34.0,14.0,20.0,0.3084680651404993,1,False
2010,9,2010_09_NYJ_DET,DET,NYJ,20.0,23.0,-3.0,0.27596909718376217,0,False
2010,9,2010_09_SD_HOU,HOU,SD,23.0,29.0,-6.0,0.5228031488717871,0,False
2010,9,2010_09_ARI_MIN,MIN,ARI,27.0,24.0,3.0,0.6260507528106589,1,False
2010,9,2010_09_NYG_SEA,SEA,NYG,7.0,41.0,-34.0,0.3992595957865752,0,False
2010,9,2010_09_KC_OAK,OAK,KC,23.0,20.0,3.0,0.5419498512189873,1,False
2010,9,2010_09_IND_PHI,PHI,IND,26.0,24.0,2.0,0.4854007021169968,1,False
2010,9,2010_09_DAL_GB,GB,DAL,45.0,7.0,38.0,0.7125808673604792,1,False
2010,9,2010_09_PIT_CIN,CIN,PIT,21.0,27.0,-6.0,0.4198413068787416,0,False
2010,10,2010_10_BAL_ATL,ATL,BAL,26.0,21.0,5.0,0.5520698112992873,1,False
2010,10,2010_10_DET_BUF,BUF,DET,14.0,12.0,2.0,0.5792621031611521,1,False
2010,10,2010_10_MIN_CHI,CHI,MIN,27.0,13.0,14.0,0.5432772305295035,1,False
2010,10,2010_10_NYJ_CLE,CLE,NYJ,20.0,26.0,-6.0,0.3965352309778603,0,False
2010,10,2010_10_CIN_IND,IND,CIN,23.0,17.0,6.0,0.7590196721793143,1,False
2010,10,2010_10_HOU_JAX,JAX,HOU,31.0,24.0,7.0,0.5063490825774831,1,False
2010,10,2010_10_TEN_MIA,MIA,TEN,29.0,17.0,12.0,0.4562153298428492,1,False
2010,10,2010_10_CAR_TB,TB,CAR,31.0,16.0,15.0,0.6286744534113371,1,False
2010,10,2010_10_KC_DEN,DEN,KC,49.0,29.0,20.0,0.4760607224695241,1,False
2010,10,2010_10_SEA_ARI,ARI,SEA,18.0,36.0,-18.0,0.6284242369877641,0,False
2010,10,2010_10_DAL_NYG,NYG,DAL,20.0,33.0,-13.0,0.7196842203862724,0,False
2010,10,2010_10_STL_SF,SF,STL,23.0,20.0,3.0,0.6309588185005026,1,False
2010,10,2010_10_NE_PIT,PIT,NE,26.0,39.0,-13.0,0.5598918763277113,0,False
2010,10,2010_10_PHI_WAS,WAS,PHI,28.0,59.0,-31.0,0.40007861028106323,0,False
2010,11,2010_11_CHI_MIA,MIA,CHI,0.0,16.0,-16.0,0.5630548918622551,0,False
2010,11,2010_11_BAL_CAR,CAR,BAL,13.0,37.0,-24.0,0.3284857740195589,0,False
2010,11,2010_11_BUF_CIN,CIN,BUF,31.0,49.0,-18.0,0.6477237725767067,0,False
2010,11,2010_11_DET_DAL,DAL,DET,35.0,19.0,16.0,0.7297181706484237,1,False
2010,11,2010_11_CLE_JAX,JAX,CLE,24.0,20.0,4.0,0.5735240914808744,1,False
2010,11,2010_11_ARI_KC,KC,ARI,31.0,13.0,18.0,0.5871722033681543,1,False
2010,11,2010_11_GB_MIN,MIN,GB,3.0,31.0,-28.0,0.41052856009581334,0,False
2010,11,2010_11_HOU_NYJ,NYJ,HOU,30.0,27.0,3.0,0.7422843518931297,1,False
2010,11,2010_11_OAK_PIT,PIT,OAK,35.0,3.0,32.0,0.6852710184131362,1,False
2010,11,2010_11_WAS_TEN,TEN,WAS,16.0,19.0,-3.0,0.7223767590599276,0,False
2010,11,2010_11_SEA_NO,NO,SEA,34.0,19.0,15.0,0.7518937215452931,1,False
2010,11,2010_11_TB_SF,SF,TB,0.0,21.0,-21.0,0.5351824725741299,0,False
2010,11,2010_11_ATL_STL,STL,ATL,17.0,34.0,-17.0,0.29851257360499717,0,False
2010,11,2010_11_IND_NE,NE,IND,31.0,28.0,3.0,0.5683885895049332,1,False
2010,11,2010_11_NYG_PHI,PHI,NYG,27.0,17.0,10.0,0.6232065341094118,1,False
2010,11,2010_11_DEN_SD,SD,DEN,35.0,14.0,21.0,0.7304690127236535,1,False
2010,12,2010_12_NE_DET,DET,NE,24.0,45.0,-21.0,0.22141090643584965,0,False
2010,12,2010_12_NO_DAL,DAL,NO,27.0,30.0,-3.0,0.43470105992846686,0,False
2010,12,2010_12_CIN_NYJ,NYJ,CIN,26.0,10.0,16.0,0.8091416539330657,1,False
2010,12,2010_12_GB_ATL,ATL,GB,20.0,17.0,3.0,0.5362386169384096,1,False
2010,12,2010_12_PIT_BUF,BUF,PIT,16.0,19.0,-3.0,0.3422893729692143,0,False
2010,12,2010_12_CAR_CLE,CLE,CAR,24.0,23.0,1.0,0.6666442219871277,1,False
2010,12,2010_12_TEN_HOU,HOU,TEN,20.0,0.0,20.0,0.49160334762497476,1,False
2010,12,2010_12_JAX_NYG,NYG,JAX,24.0,20.0,4.0,0.6322412156410392,1,False
2010,12,2010_12_MIN_WAS,WAS,MIN,13.0,17.0,-4.0,0.5223845323266111,0,False
2010,12,2010_12_MIA_OAK,OAK,MIA,17.0,33.0,-16.0,0.518401519224663,0,False
2010,12,2010_12_KC_SEA,SEA,KC,24.0,42.0,-18.0,0.5227192166442839,0,False
2010,12,2010_12_TB_BAL,BAL,TB,17.0,10.0,7.0,0.6844797598898136,1,False
2010,12,2010_12_PHI_CHI,CHI,PHI,31.0,26.0,5.0,0.49109337578711976,1,False
2010,12,2010_12_STL_DEN,DEN,STL,33.0,36.0,-3.0,0.6261279384345729,0,False
2010,12,2010_12_SD_IND,IND,SD,14.0,36.0,-22.0,0.6083677131112135,0,False
2010,12,2010_12_SF_ARI,ARI,SF,6.0,27.0,-21.0,0.5404809343786373,0,False
2010,13,2010_13_HOU_PHI,PHI,HOU,34.0,24.0,10.0,0.6806048090293937,1,False
2010,13,2010_13_NO_CIN,CIN,NO,30.0,34.0,-4.0,0.2972201324207828,0,False
2010,13,2010_13_CHI_DET,DET,CHI,20.0,24.0,-4.0,0.2791603183780653,0,False
2010,13,2010_13_SF_GB,GB,SF,34.0,16.0,18.0,0.7689856606769887,1,False
2010,13,2010_13_DEN_KC,KC,DEN,10.0,6.0,4.0,0.6769475903115979,1,False
2010,13,2010_13_CLE_MIA,MIA,CLE,10.0,13.0,-3.0,0.6418437425542985,0,False
2010,13,2010_13_BUF_MIN,MIN,BUF,38.0,14.0,24.0,0.6738006514004466,1,False
2010,13,2010_13_WAS_NYG,NYG,WAS,31.0,7.0,24.0,0.713083148791148,1,False
2010,13,2010_13_JAX_TEN,TEN,JAX,6.0,17.0,-11.0,0.6071682147822245,0,False
2010,13,2010_13_OAK_SD,SD,OAK,13.0,28.0,-15.0,0.7767692285496037,0,False
2010,13,2010_13_STL_ARI,ARI,STL,6.0,19.0,-13.0,0.5608729688021636,0,False
2010,13,2010_13_DAL_IND,IND,DAL,35.0,38.0,-3.0,0.6760525746697726,0,False
2010,13,2010_13_CAR_SEA,SEA,CAR,31.0,14.0,17.0,0.6109620397852574,1,False
2010,13,2010_13_ATL_TB,TB,ATL,24.0,28.0,-4.0,0.39715682465108654,0,False
2010,13,2010_13_PIT_BAL,BAL,PIT,10.0,13.0,-3.0,0.5872161338898693,0,False
2010,13,2010_13_NYJ_NE,NE,NYJ,45.0,3.0,42.0,0.5722316943745616,1,False
2010,14,2010_14_IND_TEN,TEN,IND,28.0,30.0,-2.0,0.45270917744498124,0,False
2010,14,2010_14_CLE_BUF,BUF,CLE,13.0,6.0,7.0,0.45479901727554956,1,False
2010,14,2010_14_ATL_CAR,CAR,ATL,10.0,31.0,-21.0,0.230997431341721,0,False
2010,14,2010_14_GB_DET,DET,GB,7.0,3.0,4.0,0.2050391759728327,1,False
2010,14,2010_14_OAK_JAX,JAX,OAK,38.0,31.0,7.0,0.6053870810120816,1,False
2010,14,2010_14_CIN_PIT,PIT,CIN,23.0,7.0,16.0,0.805281223787581,1,False
2010,14,2010_14_TB_WAS,WAS,TB,16.0,17.0,-1.0,0.4745625334689611,0,False
2010,14,2010_14_STL_NO,NO,STL,31.0,13.0,18.0,0.8072084785312978,1,False
2010,14,2010_14_SEA_SF,SF,SEA,40.0,21.0,19.0,0.5852014982538584,1,False
2010,14,2010_14_DEN_ARI,ARI,DEN,43.0,13.0,30.0,0.524681816090972,1,False
2010,14,2010_14_NE_CHI,CHI,NE,7.0,36.0,-29.0,0.4371570696389881,0,False
2010,14,2010_14_MIA_NYJ,NYJ,MIA,6.0,10.0,-4.0,0.702337369561264,0,False
2010,14,2010_14_KC_SD,SD,KC,31.0,0.0,31.0,0.6675518861330921,1,False
2010,14,2010_14_PHI_DAL,DAL,PHI,27.0,30.0,-3.0,0.44815355275316393,0,False
2010,14,2010_14_NYG_MIN,MIN,NYG,3.0,21.0,-18.0,0.4306803151871092,0,True
2010,14,2010_14_BAL_HOU,HOU,BAL,28.0,34.0,-6.0,0.4277530983731115,0,False
2010,15,2010_15_SF_SD,SD,SF,34.0,7.0,27.0,0.7317280538778619,1,False
2010,15,2010_15_NO_BAL,BAL,NO,30.0,24.0,6.0,0.5348024520291426,1,False
2010,15,2010_15_ARI_CAR,CAR,ARI,19.0,12.0,7.0,0.5100034422426795,1,False
2010,15,2010_15_CLE_CIN,CIN,CLE,19.0,17.0,2.0,0.48429511370357686,1,False
2010,15,2010_15_WAS_DAL,DAL,WAS,33.0,30.0,3.0,0.6944688871965439,1,False
2010,15,2010_15_JAX_IND,IND,JAX,34.0,24.0,10.0,0.6487600126577382,1,False
2010,15,2010_15_BUF_MIA,MIA,BUF,14.0,17.0,-3.0,0.706699604334961,0,False
2010,15,2010_15_PHI_NYG,NYG,PHI,31.0,38.0,-7.0,0.5311602465744529,0,False
2010,15,2010_15_KC_STL,STL,KC,13.0,27.0,-14.0,0.4697829542411249,0,False
2010,15,2010_15_DET_TB,TB,DET,20.0,23.0,-3.0,0.728062304143501,0,False
2010,15,2010_15_HOU_TEN,TEN,HOU,31.0,17.0,14.0,0.5640406037675209,1,False
2010,15,2010_15_ATL_SEA,SEA,ATL,18.0,34.0,-16.0,0.2732721545026412,0,False
2010,15,2010_15_DEN_OAK,OAK,DEN,39.0,23.0,16.0,0.687478647298957,1,False
2010,15,2010_15_NYJ_PIT,PIT,NYJ,17.0,22.0,-5.0,0.6097686327959598,0,False
2010,15,2010_15_GB_NE,NE,GB,31.0,27.0,4.0,0.6761176281367919,1,False
2010,15,2010_15_CHI_MIN,MIN,CHI,14.0,40.0,-26.0,0.48819869379862935,0,False
2010,16,2010_16_CAR_PIT,PIT,CAR,27.0,3.0,24.0,0.8264599591093214,1,False
2010,16,2010_16_DAL_ARI,ARI,DAL,27.0,26.0,1.0,0.3828854750919424,1,False
2010,16,2010_16_NE_BUF,BUF,NE,3.0,34.0,-31.0,0.2307092541582377,0,False
2010,16,2010_16_NYJ_CHI,CHI,NYJ,38.0,34.0,4.0,0.529459533188672,1,False
2010,16,2010_16_BAL_CLE,CLE,BAL,10.0,20.0,-10.0,0.3309455931312619,0,False
2010,16,2010_16_WAS_JAX,JAX,WAS,17.0,20.0,-3.0,0.6943502573928683,0,False
2010,16,2010_16_TEN_KC,KC,TEN,34.0,14.0,20.0,0.5701618689368517,1,False
2010,16,2010_16_DET_MIA,MIA,DET,27.0,34.0,-7.0,0.7283113038092832,0,False
2010,16,2010_16_SF_STL,STL,SF,25.0,17.0,8.0,0.4843538440396537,1,False
2010,16,2010_16_SD_CIN,CIN,SD,34.0,20.0,14.0,0.29328801823974926,1,False
2010,16,2010_16_HOU_DEN,DEN,HOU,24.0,23.0,1.0,0.4253929180689263,1,False
2010,16,2010_16_IND_OAK,OAK,IND,26.0,31.0,-5.0,0.4134317682668465,0,False
2010,16,2010_16_NYG_GB,GB,NYG,45.0,17.0,28.0,0.6129676300102189,1,False
2010,16,2010_16_SEA_TB,TB,SEA,38.0,15.0,23.0,0.6672750491901853,1,False
2010,16,2010_16_NO_ATL,ATL,NO,14.0,17.0,-3.0,0.6142126656160732,0,False
2010,16,2010_16_MIN_PHI,PHI,MIN,14.0,24.0,-10.0,0.7629025211496637,0,False
2010,17,2010_17_CAR_ATL,ATL,CAR,31.0,10.0,21.0,0.8585041249857388,1,False
2010,17,2010_17_CIN_BAL,BAL,CIN,13.0,7.0,6.0,0.7947784727015362,1,False
2010,17,2010_17_PIT_CLE,CLE,PIT,9.0,41.0,-32.0,0.33283667466714634,0,False
2010,17,2010_17_MIN_DET,DET,MIN,20.0,13.0,7.0,0.4402850064001127,1,False
2010,17,2010_17_OAK_KC,KC,OAK,10.0,31.0,-21.0,0.6455437665723158,0,False
2010,17,2010_17_MIA_NE,NE,MIA,38.0,7.0,31.0,0.8247121246601102,1,False
2010,17,2010_17_TB_NO,NO,TB,13.0,23.0,-10.0,0.7369191540645637,0,False
2010,17,2010_17_BUF_NYJ,NYJ,BUF,38.0,7.0,31.0,0.7732179930324294,1,False
2010,17,2010_17_SD_DEN,DEN,SD,28.0,33.0,-5.0,0.2846783899176828,0,False
2010,17,2010_17_CHI_GB,GB,CHI,10.0,3.0,7.0,0.6178892611239918,1,False
2010,17,2010_17_JAX_HOU,HOU,JAX,34.0,17.0,17.0,0.5239663497053281,1,False
2010,17,2010_17_TEN_IND,IND,TEN,23.0,20.0,3.0,0.7307393357737294,1,False
2010,17,2010_17_DAL_PHI,PHI,DAL,13.0,14.0,-1.0,0.6893108280564173,0,False
2010,17,2010_17_ARI_SF,SF,ARI,38.0,7.0,31.0,0.6288807012075966,1,False
2010,17,2010_17_NYG_WAS,WAS,NYG,14.0,17.0,-3.0,0.3998743268839569,0,False
2010,17,2010_17_STL_SEA,SEA,STL,16.0,6.0,10.0,0.5306593158328361,1,False
2011,1,2011_01_NO_GB,GB,NO,42.0,34.0,8.0,0.6039408817256133,1,False
2011,1,2011_01_PIT_BAL,BAL,PIT,35.0,7.0,28.0,0.5832255127291444,1,False
2011,1,2011_01_ATL_CHI,CHI,ATL,30.0,12.0,18.0,0.5148219283141896,1,False
2011,1,2011_01_CIN_CLE,CLE,CIN,17.0,27.0,-10.0,0.5603446148012255,0,False
2011,1,2011_01_IND_HOU,HOU,IND,34.0,7.0,27.0,0.4627838017375044,1,False
2011,1,2011_01_TEN_JAX,JAX,TEN,16.0,14.0,2.0,0.5652321227973306,1,False
2011,1,2011_01_BUF_KC,KC,BUF,7.0,41.0,-34.0,0.6385784377192483,0,False
2011,1,2011_01_PHI_STL,STL,PHI,13.0,31.0,-18.0,0.4040169417261842,0,False
2011,1,2011_01_DET_TB,TB,DET,20.0,27.0,-7.0,0.6466757183223085,0,False
2011,1,2011_01_CAR_ARI,ARI,CAR,28.0,21.0,7.0,0.5775546181838147,1,False
2011,1,2011_01_MIN_SD,SD,MIN,24.0,17.0,7.0,0.6541607271709245,1,False
2011,1,2011_01_SEA_SF,SF,SEA,33.0,17.0,16.0,0.6131758546746613,1,False
2011,1,2011_01_NYG_WAS,WAS,NYG,28.0,14.0,14.0,0.45589919495113695,1,False
2011,1,2011_01_DAL_NYJ,NYJ,DAL,27.0,24.0,3.0,0.643982001588528,1,False
2011,1,2011_01_NE_MIA,MIA,NE,24.0,38.0,-14.0,0.3668907837088313,0,False
2011,1,2011_01_OAK_DEN,DEN,OAK,20.0,23.0,-3.0,0.4527329677630004,0,False
2011,2,2011_02_OAK_BUF,BUF,OAK,38.0,35.0,3.0,0.533699743473331,1,False
2011,2,2011_02_GB_CAR,CAR,GB,23.0,30.0,-7.0,0.29870271109829816,0,False
2011,2,2011_02_KC_DET,DET,KC,48.0,3.0,45.0,0.5942843809097408,1,False
2011,2,2011_02_CLE_IND,IND,CLE,19.0,27.0,-8.0,0.6949952563441508,0,False
2011,2,2011_02_TB_MIN,MIN,TB,20.0,24.0,-4.0,0.5432947048904482,0,False
2011,2,2011_02_CHI_NO,NO,CHI,30.0,13.0,17.0,0.531083081544884,1,False
2011,2,2011_02_JAX_NYJ,NYJ,JAX,32.0,3.0,29.0,0.6868227290560361,1,False
2011,2,2011_02_SEA_PIT,PIT,SEA,24.0,0.0,24.0,0.7318611280221037,1,False
2011,2,2011_02_BAL_TEN,TEN,BAL,26.0,13.0,13.0,0.37687399002576744,1,False
2011,2,2011_02_ARI_WAS,WAS,ARI,22.0,21.0,1.0,0.6267633318741225,1,False
2011,2,2011_02_DAL_SF,SF,DAL,24.0,27.0,-3.0,0.5637813169211123,0,False
2011,2,2011_02_CIN_DEN,DEN,CIN,24.0,22.0,2.0,0.4653597988581113,1,False
2011,2,2011_02_HOU_MIA,MIA,HOU,13.0,23.0,-10.0,0.5017587978568866,0,False
2011,2,2011_02_SD_NE,NE,SD,35.0,21.0,14.0,0.6774912256617993,1,False
2011,2,2011_02_PHI_ATL,ATL,PHI,35.0,31.0,4.0,0.5546912489737522,1,False
2011,2,2011_02_STL_NYG,NYG,STL,28.0,16.0,12.0,0.6804869442387946,1,False
2011,3,2011_03_NE_BUF,BUF,NE,34.0,31.0,3.0,0.34007634323086783,1,False
2011,3,2011_03_JAX_CAR,CAR,JAX,16.0,10.0,6.0,0.46717935932915444,1,False
2011,3,2011_03_SF_CIN,CIN,SF,8.0,13.0,-5.0,0.5526355231115997,0,False
2011,3,2011_03_MIA_CLE,CLE,MIA,17.0,16.0,1.0,0.5768470302755949,1,False
2011,3,2011_03_DET_MIN,MIN,DET,23.0,26.0,-3.0,0.5067243247420344,0,False
2011,3,2011_03_HOU_NO,NO,HOU,40.0,33.0,7.0,0.6144302570134499,1,False
2011,3,2011_03_NYG_PHI,PHI,NYG,16.0,29.0,-13.0,0.6236250026878486,0,False
2011,3,2011_03_DEN_TEN,TEN,DEN,17.0,14.0,3.0,0.6840578440956574,1,False
2011,3,2011_03_NYJ_OAK,OAK,NYJ,34.0,24.0,10.0,0.43328718852246223,1,False
2011,3,2011_03_KC_SD,SD,KC,20.0,17.0,3.0,0.7178566488880077,1,False
2011,3,2011_03_BAL_STL,STL,BAL,7.0,37.0,-30.0,0.33115513130175367,0,False
2011,3,2011_03_GB_CHI,CHI,GB,17.0,27.0,-10.0,0.48546740768532204,0,False
2011,3,2011_03_ARI_SEA,SEA,ARI,13.0,10.0,3.0,0.5369152195471729,1,False
2011,3,2011_03_ATL_TB,TB,ATL,16.0,13.0,3.0,0.4802530239145578,1,False
2011,3,2011_03_PIT_IND,IND,PIT,20.0,23.0,-3.0,0.48846160890160073,0,False
2011,3,2011_03_WAS_DAL,DAL,WAS,18.0,16.0,2.0,0.6120828607725922,1,False
2011,4,2011_04_CAR_CHI,CHI,CAR,34.0,29.0,5.0,0.7245831321065712,1,False
2011,4,2011_04_BUF_CIN,CIN,BUF,23.0,20.0,3.0,0.49605447969572525,1,False
2011,4,2011_04_TEN_CLE,CLE,TEN,13.0,31.0,-18.0,0.506000336530938,0,False
2011,4,2011_04_DET_DAL,DAL,DET,30.0,34.0,-4.0,0.5735460848686338,0,False
2011,4,2011_04_PIT_HOU,HOU,PIT,17.0,10.0,7.0,0.49785658214139994,1,False
2011,4,2011_04_NO_JAX,JAX,NO,10.0,23.0,-13.0,0.377659828079912,0,False
2011,4,2011_04_MIN_KC,KC,MIN,22.0,17.0,5.0,0.5334272796907316,1,False
2011,4,2011_04_SF_PHI,PHI,SF,23.0,24.0,-1.0,0.6187181570668867,0,False
2011,4,2011_04_WAS_STL,STL,WAS,10.0,17.0,-7.0,0.4544135372721871,0,False
2011,4,2011_04_NYG_ARI,ARI,NYG,27.0,31.0,-4.0,0.3986875648961218,0,False
2011,4,2011_04_ATL_SEA,SEA,ATL,28.0,30.0,-2.0,0.37728594654661335,0,False
2011,4,2011_04_DEN_GB,GB,DEN,49.0,23.0,26.0,0.8176418732857594,1,False
2011,4,2011_04_NE_OAK,OAK,NE,19.0,31.0,-12.0,0.4006297579404231,0,False
2011,4,2011_04_MIA_SD,SD,MIA,26.0,16.0,10.0,0.707096185044749,1,False
2011,4,2011_04_NYJ_BAL,BAL,NYJ,34.0,17.0,17.0,0.607694367335529,1,False
2011,4,2011_04_IND_TB,TB,IND,24.0,17.0,7.0,0.6034164485822351,1,False
2011,5,2011_05_PHI_BUF,BUF,PHI,31.0,24.0,7.0,0.530265373318978,1,False
2011,5,2011_05_NO_CAR,CAR,NO,27.0,30.0,-3.0,0.30589583758146466,0,False
2011,5,2011_05_OAK_HOU,HOU,OAK,20.0,25.0,-5.0,0.6187783074915272,0,False
2011,5,2011_05_KC_IND,IND,KC,24.0,28.0,-4.0,0.6262612647377059,0,False
2011,5,2011_05_CIN_JAX,JAX,CIN,20.0,30.0,-10.0,0.5194290058885155,0,False
2011,5,2011_05_ARI_MIN,MIN,ARI,34.0,10.0,24.0,0.6071416602778432,1,False
2011,5,2011_05_SEA_NYG,NYG,SEA,25.0,36.0,-11.0,0.7435993692369071,0,False
2011,5,2011_05_TEN_PIT,PIT,TEN,38.0,17.0,21.0,0.6033981476576491,1,False
2011,5,2011_05_TB_SF,SF,TB,48.0,3.0,45.0,0.5261798196878056,1,False
2011,5,2011_05_SD_DEN,DEN,SD,24.0,29.0,-5.0,0.337649459352761,0,False
2011,5,2011_05_NYJ_NE,NE,NYJ,30.0,21.0,9.0,0.7134849244141158,1,False
2011,5,2011_05_GB_ATL,ATL,GB,14.0,25.0,-11.0,0.4713233455615903,0,False
2011,5,2011_05_CHI_DET,DET,CHI,24.0,13.0,11.0,0.5592911617326413,1,False
2011,6,2011_06_CAR_ATL,ATL,CAR,31.0,17.0,14.0,0.7586447650528688,1,False
2011,6,2011_06_IND_CIN,CIN,IND,27.0,17.0,10.0,0.5988084546477888,1,False
2011,6,2011_06_SF_DET,DET,SF,19.0,25.0,-6.0,0.5900651170780853,0,False
2011,6,2011_06_STL_GB,GB,STL,24.0,3.0,21.0,0.8615901474107541,1,False
2011,6,2011_06_BUF_NYG,NYG,BUF,27.0,24.0,3.0,0.5796814417237679,1,False
2011,6,2011_06_JAX_PIT,PIT,JAX,17.0,13.0,4.0,0.7701662757088829,1,False
2011,6,2011_06_PHI_WAS,WAS,PHI,13.0,20.0,-7.0,0.5416603065655703,0,False
2011,6,2011_06_HOU_BAL,BAL,HOU,29.0,14.0,15.0,0.6883156795244092,1,False
2011,6,2011_06_CLE_OAK,OAK,CLE,24.0,17.0,7.0,0.6766313309780847,1,False
2011,6,2011_06_DAL_NE,NE,DAL,20.0,16.0,4.0,0.7694200238691847,1,False
2011,6,2011_06_NO_TB,TB,NO,26.0,20.0,6.0,0.4306132425210976,1,False
2011,6,2011_06_MIN_CHI,CHI,MIN,39.0,10.0,29.0,0.6497900755524934,1,False
2011,6,2011_06_MIA_NYJ,NYJ,MIA,24.0,6.0,18.0,0.6976742537472362,1,False
2011,7,2011_07_WAS_CAR,CAR,WAS,33.0,20.0,13.0,0.44957150356976056,1,False
2011,7,2011_07_SEA_CLE,CLE,SEA,6.0,3.0,3.0,0.5555023497248439,1,False
2011,7,2011_07_ATL_DET,DET,ATL,16.0,23.0,-7.0,0.5372835417231859,0,False
2011,7,2011_07_DEN_MIA,MIA,DEN,15.0,18.0,-3.0,0.611356412138593,0,False
2011,7,2011_07_SD_NYJ,NYJ,SD,27.0,21.0,6.0,0.5362831047895961,1,False
2011,7,2011_07_CHI_TB,TB,CHI,18.0,24.0,-6.0,0.4735562318549525,0,True
2011,7,2011_07_HOU_TEN,TEN,HOU,7.0,41.0,-34.0,0.5696221079537658,0,False
2011,7,2011_07_PIT_ARI,ARI,PIT,20.0,32.0,-12.0,0.30267985212341425,0,False
2011,7,2011_07_KC_OAK,OAK,KC,0.0,28.0,-28.0,0.6774423868051609,0,False
2011,7,2011_07_STL_DAL,DAL,STL,34.0,7.0,27.0,0.7349834771830225,1,False
2011,7,2011_07_GB_MIN,MIN,GB,27.0,33.0,-6.0,0.27758505706631537,0,False
2011,7,2011_07_IND_NO,NO,IND,62.0,7.0,55.0,0.7381473599667913,1,False
2011,7,2011_07_BAL_JAX,JAX,BAL,12.0,7.0,5.0,0.2739306021867179,1,False
2011,8,2011_08_ARI_BAL,BAL,ARI,30.0,27.0,3.0,0.8296462458271521,1,False
2011,8,2011_08_MIN_CAR,CAR,MIN,21.0,24.0,-3.0,0.5431968369299917,0,False
2011,8,2011_08_JAX_HOU,HOU,JAX,24.0,14.0,10.0,0.7070706472410896,1,False
2011,8,2011_08_MIA_NYG,NYG,MIA,20.0,17.0,3.0,0.7302987180982696,1,False
2011,8,2011_08_NO_STL,STL,NO,31.0,21.0,10.0,0.24744691946881928,1,False
2011,8,2011_08_IND_TEN,TEN,IND,27.0,10.0,17.0,0.639916017822146,1,False
2011,8,2011_08_WAS_BUF,BUF,WAS,23.0,0.0,23.0,0.6537480900279555,1,False
2011,8,2011_08_DET_DEN,DEN,DET,10.0,45.0,-35.0,0.4071693182631243,0,False
2011,8,2011_08_NE_PIT,PIT,NE,25.0,17.0,8.0,0.45755715126776775,1,False
2011,8,2011_08_CIN_SEA,SEA,CIN,12.0,34.0,-22.0,0.4675360016677846,0,False
2011,8,2011_08_CLE_SF,SF,CLE,20.0,10.0,10.0,0.7152348555928345,1,False
2011,8,2011_08_DAL_PHI,PHI,DAL,34.0,7.0,27.0,0.5814570133352116,1,False
2011,8,2011_08_SD_KC,KC,SD,23.0,20.0,3.0,0.4771613324488483,1,False
2011,9,2011_09_NYJ_BUF,BUF,NYJ,11.0,27.0,-16.0,0.5123248834491996,0,False
2011,9,2011_09_SEA_DAL,DAL,SEA,23.0,13.0,10.0,0.6746055973113294,1,False
2011,9,2011_09_CLE_HOU,HOU,CLE,30.0,12.0,18.0,0.7261431464074853,1,False
2011,9,2011_09_ATL_IND,IND,ATL,7.0,31.0,-24.0,0.34205967962227407,0,False
2011,9,2011_09_MIA_KC,KC,MIA,3.0,31.0,-28.0,0.7069916857799313,0,False
2011,9,2011_09_TB_NO,NO,TB,27.0,16.0,11.0,0.6486105255345013,1,False
2011,9,2011_09_SF_WAS,WAS,SF,11.0,19.0,-8.0,0.3685093457293906,0,False
2011,9,2011_09_DEN_OAK,OAK,DEN,24.0,38.0,-14.0,0.7221741367902531,0,False
2011,9,2011_09_CIN_TEN,TEN,CIN,17.0,24.0,-7.0,0.535916625961567,0,False
2011,9,2011_09_STL_ARI,ARI,STL,19.0,13.0,6.0,0.5496719337325533,1,False
2011,9,2011_09_NYG_NE,NE,NYG,20.0,24.0,-4.0,0.7169972046417132,0,False
2011,9,2011_09_GB_SD,SD,GB,38.0,45.0,-7.0,0.40295480276687173,0,False
2011,9,2011_09_BAL_PIT,PIT,BAL,20.0,23.0,-3.0,0.580593241653191,0,False
2011,9,2011_09_CHI_PHI,PHI,CHI,24.0,30.0,-6.0,0.5619863808522397,0,False
2011,10,2011_10_OAK_SD,SD,OAK,17.0,24.0,-7.0,0.6550132069174738,0,False
2011,10,2011_10_NO_ATL,ATL,NO,23.0,26.0,-3.0,0.5812268034794058,0,False
2011,10,2011_10_TEN_CAR,CAR,TEN,3.0,30.0,-27.0,0.4550385179238743,0,False
2011,10,2011_10_PIT_CIN,CIN,PIT,17.0,24.0,-7.0,0.47929724670371976,0,False
2011,10,2011_10_STL_CLE,CLE,STL,12.0,13.0,-1.0,0.6299484656524121,0,False
2011,10,2011_10_BUF_DAL,DAL,BUF,44.0,7.0,37.0,0.5704481592312506,1,False
2011,10,2011_10_JAX_IND,IND,JAX,3.0,17.0,-14.0,0.536572237215896,0,False
2011,10,2011_10_DEN_KC,KC,DEN,10.0,17.0,-7.0,0.6431628027318977,0,False
2011,10,2011_10_WAS_MIA,MIA,WAS,20.0,9.0,11.0,0.6062306818650806,1,False
2011,10,2011_10_ARI_PHI,PHI,ARI,17.0,21.0,-4.0,0.7515081540505891,0,False
2011,10,2011_10_HOU_TB,TB,HOU,9.0,37.0,-28.0,0.46541051047307364,0,False
2011,10,2011_10_BAL_SEA,SEA,BAL,22.0,17.0,5.0,0.27146471144282236,1,False
2011,10,2011_10_DET_CHI,CHI,DET,37.0,13.0,24.0,0.6169256879149836,1,False
2011,10,2011_10_NYG_SF,SF,NYG,27.0,20.0,7.0,0.5999815896723428,1,False
2011,10,2011_10_NE_NYJ,NYJ,NE,16.0,37.0,-21.0,0.5047217722944571,0,False
2011,10,2011_10_MIN_GB,GB,MIN,45.0,7.0,38.0,0.8329325263404718,1,False
2011,11,2011_11_NYJ_DEN,DEN,NYJ,17.0,13.0,4.0,0.38812837708737064,1,False
2011,11,2011_11_CIN_BAL,BAL,CIN,31.0,24.0,7.0,0.6646613157565363,1,False
2011,11,2011_11_JAX_CLE,CLE,JAX,14.0,10.0,4.0,0.5266784399764873,1,False
2011,11,2011_11_CAR_DET,DET,CAR,49.0,35.0,14.0,0.7405710350496438,1,False
2011,11,2011_11_TB_GB,GB,TB,35.0,26.0,9.0,0.819166049767498,1,False
2011,11,2011_11_BUF_MIA,MIA,BUF,35.0,8.0,27.0,0.543863009884265,1,False
2011,11,2011_11_OAK_MIN,MIN,OAK,21.0,27.0,-6.0,0.48633690357860254,0,False
2011,11,2011_11_DAL_WAS,WAS,DAL,24.0,27.0,-3.0,0.3753025227317592,0,False
2011,11,2011_11_ARI_SF,SF,ARI,23.0,7.0,16.0,0.7915434295491318,1,False
2011,11,2011_11_SEA_STL,STL,SEA,7.0,24.0,-17.0,0.5099604139091289,0,False
2011,11,2011_11_TEN_ATL,ATL,TEN,23.0,17.0,6.0,0.6693869392759428,1,False
2011,11,2011_11_SD_CHI,CHI,SD,31.0,20.0,11.0,0.6801707937697992,1,False
2011,11,2011_11_PHI_NYG,NYG,PHI,10.0,17.0,-7.0,0.6080660187197011,0,False
2011,11,2011_11_KC_NE,NE,KC,34.0,3.0,31.0,0.812374257213819,1,False
2011,12,2011_12_GB_DET,DET,GB,15.0,27.0,-12.0,0.3427154983075301,0,False
2011,12,2011_12_MIA_DAL,DAL,MIA,20.0,19.0,1.0,0.6468606587395894,1,False
2011,12,2011_12_SF_BAL,BAL,SF,16.0,6.0,10.0,0.5783784157800258,1,False
2011,12,2011_12_MIN_ATL,ATL,MIN,24.0,14.0,10.0,0.7789362863192205,1,False
2011,12,2011_12_CLE_CIN,CIN,CLE,23.0,20.0,3.0,0.6899363656359163,1,False
2011,12,2011_12_CAR_IND,IND,CAR,19.0,27.0,-8.0,0.5818409894860317,0,False
2011,12,2011_12_HOU_JAX,JAX,HOU,13.0,20.0,-7.0,0.34804723096216456,0,False
2011,12,2011_12_BUF_NYJ,NYJ,BUF,28.0,24.0,4.0,0.7018215856866006,1,False
2011,12,2011_12_ARI_STL,STL,ARI,20.0,23.0,-3.0,0.5156333551887144,0,False
2011,12,2011_12_TB_TEN,TEN,TB,23.0,17.0,6.0,0.6108276904998832,1,False
2011,12,2011_12_CHI_OAK,OAK,CHI,25.0,20.0,5.0,0.42228984410441534,1,False
2011,12,2011_12_WAS_SEA,SEA,WAS,17.0,23.0,-6.0,0.6465925094279528,0,False
2011,12,2011_12_NE_PHI,PHI,NE,20.0,38.0,-18.0,0.3833564934425019,0,False
2011,12,2011_12_DEN_SD,SD,DEN,13.0,16.0,-3.0,0.6318767748790383,0,False
2011,12,2011_12_PIT_KC,KC,PIT,9.0,13.0,-4.0,0.32078615201562644,0,False
2011,12,2011_12_NYG_NO,NO,NYG,49.0,24.0,25.0,0.6652349789358624,1,False
2011,13,2011_13_PHI_SEA,SEA,PHI,31.0,14.0,17.0,0.4374941303059928,1,False
2011,13,2011_13_TEN_BUF,BUF,TEN,17.0,23.0,-6.0,0.47493695660843976,0,False
2011,13,2011_13_KC_CHI,CHI,KC,3.0,10.0,-7.0,0.7686637291381724,0,False
2011,13,2011_13_ATL_HOU,HOU,ATL,17.0,10.0,7.0,0.5674916472669481,1,False
2011,13,2011_13_OAK_MIA,MIA,OAK,34.0,14.0,20.0,0.5095013371221113,1,False
2011,13,2011_13_DEN_MIN,MIN,DEN,32.0,35.0,-3.0,0.48972881152215025,0,False
2011,13,2011_13_IND_NE,NE,IND,31.0,24.0,7.0,0.8938747598911613,1,False
2011,13,2011_13_CIN_PIT,PIT,CIN,35.0,7.0,28.0,0.7057896802946625,1,False
2011,13,2011_13_CAR_TB,TB,CAR,19.0,38.0,-19.0,0.6552024997940268,0,False
2011,13,2011_13_NYJ_WAS,WAS,NYJ,19.0,34.0,-15.0,0.36243227847922727,0,False
2011,13,2011_13_BAL_CLE,CLE,BAL,10.0,24.0,-14.0,0.28404514427733346,0,False
2011,13,2011_13_DAL_ARI,ARI,DAL,19.0,13.0,6.0,0.3798871991244384,1,False
2011,13,2011_13_GB_NYG,NYG,GB,35.0,38.0,-3.0,0.29724489911202656,0,False
2011,13,2011_13_STL_SF,SF,STL,26.0,0.0,26.0,0.8364277347634528,1,False
2011,13,2011_13_DET_NO,NO,DET,31.0,17.0,14.0,0.697363277318985,1,False
2011,13,2011_13_SD_JAX,JAX,SD,14.0,38.0,-24.0,0.47591807562826494,0,False
2011,14,2011_14_CLE_PIT,PIT,CLE,14.0,3.0,11.0,0.8371378005853077,1,False
2011,14,2011_14_IND_BAL,BAL,IND,24.0,10.0,14.0,0.8703877587135984,1,False
2011,14,2011_14_ATL_CAR,CAR,ATL,23.0,31.0,-8.0,0.3410027717735306,0,False
2011,14,2011_14_HOU_CIN,CIN,HOU,19.0,20.0,-1.0,0.41573211500317003,0,False
2011,14,2011_14_MIN_DET,DET,MIN,34.0,28.0,6.0,0.7051345569059961,1,False
2011,14,2011_14_TB_JAX,JAX,TB,41.0,14.0,27.0,0.5399714762032387,1,False
2011,14,2011_14_PHI_MIA,MIA,PHI,10.0,26.0,-16.0,0.599509984034059,0,False
2011,14,2011_14_KC_NYJ,NYJ,KC,37.0,10.0,27.0,0.7167662693135857,1,False
2011,14,2011_14_NO_TEN,TEN,NO,17.0,22.0,-5.0,0.4152669336483499,0,False
2011,14,2011_14_NE_WAS,WAS,NE,27.0,34.0,-7.0,0.2017918685990442,0,False
2011,14,2011_14_SF_ARI,ARI,SF,21.0,19.0,2.0,0.34400224401310103,1,False
2011,14,2011_14_CHI_DEN,DEN,CHI,13.0,10.0,3.0,0.4459866441042239,1,False
2011,14,2011_14_OAK_GB,GB,OAK,46.0,16.0,30.0,0.8180930433625231,1,False
2011,14,2011_14_BUF_SD,SD,BUF,37.0,10.0,27.0,0.6778030297428025,1,False
2011,14,2011_14_NYG_DAL,DAL,NYG,34.0,37.0,-3.0,0.6051296790573928,0,False
2011,14,2011_14_STL_SEA,SEA,STL,30.0,13.0,17.0,0.720399832141131,1,False
2011,15,2011_15_JAX_ATL,ATL,JAX,41.0,14.0,27.0,0.7736884579347558,1,False
2011,15,2011_15_DAL_TB,TB,DAL,15.0,31.0,-16.0,0.40338222946846103,0,False
2011,15,2011_15_MIA_BUF,BUF,MIA,23.0,30.0,-7.0,0.46032954110350716,0,False
2011,15,2011_15_SEA_CHI,CHI,SEA,14.0,38.0,-24.0,0.677263491504486,0,False
2011,15,2011_15_CAR_HOU,HOU,CAR,13.0,28.0,-15.0,0.8153869933365671,0,False
2011,15,2011_15_TEN_IND,IND,TEN,27.0,13.0,14.0,0.3470846130482705,1,False
2011,15,2011_15_GB_KC,KC,GB,19.0,14.0,5.0,0.2104642654810938,1,False
2011,15,2011_15_NO_MIN,MIN,NO,20.0,42.0,-22.0,0.24334499340486634,0,False
2011,15,2011_15_WAS_NYG,NYG,WAS,10.0,23.0,-13.0,0.726577426231283,0,False
2011,15,2011_15_CIN_STL,STL,CIN,13.0,20.0,-7.0,0.3297194228407121,0,False
2011,15,2011_15_DET_OAK,OAK,DET,27.0,28.0,-1.0,0.5307988127355424,0,False
2011,15,2011_15_CLE_ARI,ARI,CLE,20.0,17.0,3.0,0.6344197693646936,1,False
2011,15,2011_15_NE_DEN,DEN,NE,23.0,41.0,-18.0,0.29932268243603527,0,False
2011,15,2011_15_NYJ_PHI,PHI,NYJ,45.0,19.0,26.0,0.4673718699263061,1,False
2011,15,2011_15_BAL_SD,SD,BAL,34.0,14.0,20.0,0.4047707516303217,1,False
2011,15,2011_15_PIT_SF,SF,PIT,20.0,3.0,17.0,0.47334426887941616,1,False
2011,16,2011_16_HOU_IND,IND,HOU,19.0,16.0,3.0,0.30167274965653734,1,False
2011,16,2011_16_CLE_BAL,BAL,CLE,20.0,14.0,6.0,0.8237526126407954,1,False
2011,16,2011_16_DEN_BUF,BUF,DEN,40.0,14.0,26.0,0.44833435801435856,1,False
2011,16,2011_16_TB_CAR,CAR,TB,48.0,16.0,32.0,0.6636195735736966,1,False
2011,16,2011_16_ARI_CIN,CIN,ARI,23.0,16.0,7.0,0.6432795061102641,1,False
2011,16,2011_16_OAK_KC,KC,OAK,13.0,16.0,-3.0,0.5528065668665832,0,False
2011,16,2011_16_MIA_NE,NE,MIA,27.0,24.0,3.0,0.8101464476950991,1,False
2011,16,2011_16_NYG_NYJ,NYJ,NYG,14.0,29.0,-15.0,0.6689854735798563,0,False
2011,16,2011_16_STL_PIT,PIT,STL,27.0,0.0,27.0,0.8840710824373783,1,False
2011,16,2011_16_JAX_TEN,TEN,JAX,23.0,17.0,6.0,0.6561937120397914,1,False
2011,16,2011_16_MIN_WAS,WAS,MIN,26.0,33.0,-7.0,0.6243866446086963,0,False
2011,16,2011_16_SD_DET,DET,SD,38.0,10.0,28.0,0.5119176219882136,1,False
2011,16,2011_16_PHI_DAL,DAL,PHI,7.0,20.0,-13.0,0.5417460886828862,0,False
2011,16,2011_16_SF_SEA,SEA,SF,17.0,19.0,-2.0,0.42004859843948555,0,False
2011,16,2011_16_CHI_GB,GB,CHI,35.0,21.0,14.0,0.7844770184079706,1,False
2011,16,2011_16_ATL_NO,NO,ATL,45.0,16.0,29.0,0.6287081070296185,1,False
2011,17,2011_17_DET_GB,GB,DET,45.0,41.0,4.0,0.7630590383764134,1,False
2011,17,2011_17_TEN_HOU,HOU,TEN,22.0,23.0,-1.0,0.6687044339861561,0,False
2011,17,2011_17_IND_JAX,JAX,IND,19.0,13.0,6.0,0.5712195188523796,1,False
2011,17,2011_17_NYJ_MIA,MIA,NYJ,19.0,17.0,2.0,0.5247511060131714,1,False
2011,17,2011_17_CHI_MIN,MIN,CHI,13.0,17.0,-4.0,0.420501625741488,0,False
2011,17,2011_17_BUF_NE,NE,BUF,49.0,21.0,28.0,0.8668853868682523,1,False
2011,17,2011_17_CAR_NO,NO,CAR,45.0,17.0,28.0,0.8102464243772903,1,False
2011,17,2011_17_WAS_PHI,PHI,WAS,34.0,10.0,24.0,0.774209256751612,1,False
2011,17,2011_17_SF_STL,STL,SF,27.0,34.0,-7.0,0.18788965676744307,0,False
2011,17,2011_17_SEA_ARI,ARI,SEA,23.0,20.0,3.0,0.49158996697672197,1,False
2011,17,2011_17_TB_ATL,ATL,TB,45.0,24.0,21.0,0.8299767116051691,1,False
2011,17,2011_17_BAL_CIN,CIN,BAL,16.0,24.0,-8.0,0.4380444104734188,0,False
2011,17,2011_17_PIT_CLE,CLE,PIT,9.0,13.0,-4.0,0.24727331662436666,0,False
2011,17,2011_17_KC_DEN,DEN,KC,3.0,7.0,-4.0,0.557753122263576,0,False
2011,17,2011_17_SD_OAK,OAK,SD,26.0,38.0,-12.0,0.5158369496663809,0,False
2011,17,2011_17_DAL_NYG,NYG,DAL,31.0,14.0,17.0,0.5755549464298332,1,False
2012,1,2012_01_DAL_NYG,NYG,DAL,17.0,24.0,-7.0,0.6120751462493234,0,False
2012,1,2012_01_IND_CHI,CHI,IND,41.0,21.0,20.0,0.6757781057593621,1,False
2012,1,2012_01_PHI_CLE,CLE,PHI,16.0,17.0,-1.0,0.4017651229875135,0,False
2012,1,2012_01_STL_DET,DET,STL,27.0,23.0,4.0,0.7502234775841389,1,False
2012,1,2012_01_MIA_HOU,HOU,MIA,30.0,10.0,20.0,0.6142751327033098,1,False
2012,1,2012_01_ATL_KC,KC,ATL,24.0,40.0,-16.0,0.46616697988999184,0,False
2012,1,2012_01_JAX_MIN,MIN,JAX,26.0,23.0,3.0,0.5504536262494253,1,False
2012,1,2012_01_WAS_NO,NO,WAS,32.0,40.0,-8.0,0.7862649372634428,0,False
2012,1,2012_01_BUF_NYJ,NYJ,BUF,48.0,28.0,20.0,0.649237120267676,1,False
2012,1,2012_01_NE_TEN,TEN,NE,13.0,34.0,-21.0,0.3866578736179918,0,False
2012,1,2012_01_SEA_ARI,ARI,SEA,20.0,16.0,4.0,0.5463849225501846,1,False
2012,1,2012_01_SF_GB,GB,SF,22.0,30.0,-8.0,0.6449032695656874,0,False
2012,1,2012_01_CAR_TB,TB,CAR,16.0,10.0,6.0,0.4772562478982875,1,False
2012,1,2012_01_PIT_DEN,DEN,PIT,31.0,19.0,12.0,0.40150088105436976,1,False
2012,1,2012_01_CIN_BAL,BAL,CIN,44.0,13.0,31.0,0.6672829008113887,1,False
2012,1,2012_01_SD_OAK,OAK,SD,14.0,22.0,-8.0,0.5073594681785172,0,False
2012,2,2012_02_CHI_GB,GB,CHI,23.0,10.0,13.0,0.6756413298939773,1,False
2012,2,2012_02_KC_BUF,BUF,KC,35.0,17.0,18.0,0.5267437030272136,1,False
2012,2,2012_02_NO_CAR,CAR,NO,35.0,27.0,8.0,0.3917969199503628,1,False
2012,2,2012_02_CLE_CIN,CIN,CLE,34.0,27.0,7.0,0.6527711126327941,1,False
2012,2,2012_02_MIN_IND,IND,MIN,23.0,20.0,3.0,0.5233450140221879,1,False
2012,2,2012_02_HOU_JAX,JAX,HOU,7.0,27.0,-20.0,0.4067450768740428,0,False
2012,2,2012_02_OAK_MIA,MIA,OAK,35.0,13.0,22.0,0.5866677398895243,1,False
2012,2,2012_02_ARI_NE,NE,ARI,18.0,20.0,-2.0,0.7655309788846628,0,False
2012,2,2012_02_TB_NYG,NYG,TB,41.0,34.0,7.0,0.6705241987470086,1,False
2012,2,2012_02_BAL_PHI,PHI,BAL,24.0,23.0,1.0,0.503952603047091,1,False
2012,2,2012_02_DAL_SEA,SEA,DAL,27.0,7.0,20.0,0.527988852485655,1,False
2012,2,2012_02_WAS_STL,STL,WAS,31.0,28.0,3.0,0.4511645734020087,1,False
2012,2,2012_02_NYJ_PIT,PIT,NYJ,27.0,10.0,17.0,0.6018081565437446,1,False
2012,2,2012_02_TEN_SD,SD,TEN,38.0,10.0,28.0,0.6548522089580486,1,False
2012,2,2012_02_DET_SF,SF,DET,27.0,19.0,8.0,0.6532670490182071,1,False
2012,2,2012_02_DEN_ATL,ATL,DEN,27.0,21.0,6.0,0.6823221936805774,1,False
2012,3,2012_03_NYG_CAR,CAR,NYG,7.0,36.0,-29.0,0.5239859074660798,0,False
2012,3,2012_03_STL_CHI,CHI,STL,23.0,6.0,17.0,0.7273037088786364,1,False
2012,3,2012_03_BUF_CLE,CLE,BUF,14.0,24.0,-10.0,0.5040209117169828,0,False
2012,3,2012_03_TB_DAL,DAL,TB,16.0,10.0,6.0,0.661828577182702,1,False
2012,3,2012_03_JAX_IND,IND,JAX,17.0,22.0,-5.0,0.5753563592700753,0,False
2012,3,2012_03_NYJ_MIA,MIA,NYJ,20.0,23.0,-3.0,0.5656906494102011,0,False
2012,3,2012_03_SF_MIN,MIN,SF,24.0,13.0,11.0,0.3307366498306594,1,False
2012,3,2012_03_KC_NO,NO,KC,24.0,27.0,-3.0,0.7247206106228254,0,False
2012,3,2012_03_DET_TEN,TEN,DET,44.0,41.0,3.0,0.48846372253494463,1,False
2012,3,2012_03_CIN_WAS,WAS,CIN,31.0,38.0,-7.0,0.4983092924625644,0,False
2012,3,2012_03_PHI_ARI,ARI,PHI,27.0,6.0,21.0,0.4897652450138218,1,False
2012,3,2012_03_ATL_SD,SD,ATL,3.0,27.0,-24.0,0.5452714033013721,0,False
2012,3,2012_03_HOU_DEN,DEN,HOU,25.0,31.0,-6.0,0.43990921922050213,0,False
2012,3,2012_03_PIT_OAK,OAK,PIT,34.0,31.0,3.0,0.3896418671619632,1,False
2012,3,2012_03_NE_BAL,BAL,NE,31.0,30.0,1.0,0.5184258042489082,1,False
2012,3,2012_03_GB_SEA,SEA,GB,14.0,12.0,2.0,0.40504748876307894,1,False
2012,4,2012_04_CLE_BAL,BAL,CLE,23.0,16.0,7.0,0.8109404382390497,1,False
2012,4,2012_04_CAR_ATL,ATL,CAR,30.0,28.0,2.0,0.7620143484208444,1,False
2012,4,2012_04_NE_BUF,BUF,NE,28.0,52.0,-24.0,0.36263344327335073,0,False
2012,4,2012_04_MIN_DET,DET,MIN,13.0,20.0,-7.0,0.6257429274414539,0,False
2012,4,2012_04_TEN_HOU,HOU,TEN,38.0,14.0,24.0,0.711668082740025,1,False
2012,4,2012_04_SD_KC,KC,SD,20.0,37.0,-17.0,0.44608660675656364,0,False
2012,4,2012_04_SF_NYJ,NYJ,SF,0.0,34.0,-34.0,0.4900418033254784,0,False
2012,4,2012_04_SEA_STL,STL,SEA,19.0,13.0,6.0,0.373509024867601,1,False
2012,4,2012_04_MIA_ARI,ARI,MIA,24.0,21.0,3.0,0.6227942939673912,1,False
2012,4,2012_04_OAK_DEN,DEN,OAK,37.0,6.0,31.0,0.5804521587301721,1,False
2012,4,2012_04_CIN_JAX,JAX,CIN,10.0,27.0,-17.0,0.46483635179130633,0,False
2012,4,2012_04_NO_GB,GB,NO,28.0,27.0,1.0,0.6638272211496161,1,False
2012,4,2012_04_WAS_TB,TB,WAS,22.0,24.0,-2.0,0.5276396865286118,0,False
2012,4,2012_04_NYG_PHI,PHI,NYG,19.0,17.0,2.0,0.557923856044886,1,False
2012,4,2012_04_CHI_DAL,DAL,CHI,18.0,34.0,-16.0,0.5243894366772968,0,False
2012,5,2012_05_ARI_STL,STL,ARI,17.0,3.0,14.0,0.3732745341777556,1,False
2012,5,2012_05_MIA_CIN,CIN,MIA,13.0,17.0,-4.0,0.6353112805353802,0,False
2012,5,2012_05_GB_IND,IND,GB,30.0,27.0,3.0,0.2943895039913895,1,False
2012,5,2012_05_BAL_KC,KC,BAL,6.0,9.0,-3.0,0.33563053171891005,0,False
2012,5,2012_05_CLE_NYG,NYG,CLE,41.0,27.0,14.0,0.7496514192515961,1,False
2012,5,2012_05_PHI_PIT,PIT,PHI,16.0,14.0,2.0,0.5987547490374532,1,False
2012,5,2012_05_ATL_WAS,WAS,ATL,17.0,24.0,-7.0,0.33138799833343746,0,False
2012,5,2012_05_SEA_CAR,CAR,SEA,12.0,16.0,-4.0,0.5106173152919907,0,False
2012,5,2012_05_CHI_JAX,JAX,CHI,3.0,41.0,-38.0,0.39124475717737894,0,False
2012,5,2012_05_TEN_MIN,MIN,TEN,30.0,7.0,23.0,0.6107439046384768,1,False
2012,5,2012_05_DEN_NE,NE,DEN,31.0,21.0,10.0,0.7526039250163192,1,False
2012,5,2012_05_BUF_SF,SF,BUF,45.0,3.0,42.0,0.7474339864405412,1,False
2012,5,2012_05_SD_NO,NO,SD,31.0,24.0,7.0,0.5407089665002873,1,False
2012,5,2012_05_HOU_NYJ,NYJ,HOU,17.0,23.0,-6.0,0.42479907042064374,0,False
2012,6,2012_06_PIT_TEN,TEN,PIT,26.0,23.0,3.0,0.38539354115866237,1,False
2012,6,2012_06_OAK_ATL,ATL,OAK,23.0,20.0,3.0,0.7971754643144817,1,False
2012,6,2012_06_DAL_BAL,BAL,DAL,31.0,29.0,2.0,0.7468695259035851,1,False
2012,6,2012_06_CIN_CLE,CLE,CIN,34.0,24.0,10.0,0.3744017003733289,1,False
2012,6,2012_06_STL_MIA,MIA,STL,17.0,14.0,3.0,0.6614297641405774,1,False
2012,6,2012_06_IND_NYJ,NYJ,IND,35.0,9.0,26.0,0.6468610388997595,1,False
2012,6,2012_06_DET_PHI,PHI,DET,23.0,26.0,-3.0,0.6296333246683515,0,False
2012,6,2012_06_KC_TB,TB,KC,38.0,10.0,28.0,0.5189225321952945,1,False
2012,6,2012_06_BUF_ARI,ARI,BUF,16.0,19.0,-3.0,0.6594754484479086,0,False
2012,6,2012_06_NE_SEA,SEA,NE,24.0,23.0,1.0,0.3684312602324061,1,False
2012,6,2012_06_NYG_SF,SF,NYG,3.0,26.0,-23.0,0.6731155775490872,0,False
2012,6,2012_06_MIN_WAS,WAS,MIN,38.0,26.0,12.0,0.46313541205013115,1,False
2012,6,2012_06_GB_HOU,HOU,GB,24.0,42.0,-18.0,0.5915644868876265,0,False
2012,6,2012_06_DEN_SD,SD,DEN,24.0,35.0,-11.0,0.6492535127875351,0,False
2012,7,2012_07_SEA_SF,SF,SEA,13.0,6.0,7.0,0.6682729554659844,1,False
2012,7,2012_07_TEN_BUF,BUF,TEN,34.0,35.0,-1.0,0.5807602694659587,0,False
2012,7,2012_07_DAL_CAR,CAR,DAL,14.0,19.0,-5.0,0.5314967183481846,0,False
2012,7,2012_07_BAL_HOU,HOU,BAL,43.0,13.0,30.0,0.525813322656217,1,False
2012,7,2012_07_CLE_IND,IND,CLE,17.0,13.0,4.0,0.577732369007511,1,False
2012,7,2012_07_ARI_MIN,MIN,ARI,21.0,14.0,7.0,0.5547068536637421,1,False
2012,7,2012_07_WAS_NYG,NYG,WAS,27.0,23.0,4.0,0.7207664047161456,1,False
2012,7,2012_07_GB_STL,STL,GB,20.0,30.0,-10.0,0.3011350901851466,0,False
2012,7,2012_07_NO_TB,TB,NO,28.0,35.0,-7.0,0.3875308355200942,0,False
2012,7,2012_07_NYJ_NE,NE,NYJ,29.0,26.0,3.0,0.7418444603573574,1,False
2012,7,2012_07_JAX_OAK,OAK,JAX,26.0,23.0,3.0,0.6082866308020353,1,False
2012,7,2012_07_PIT_CIN,CIN,PIT,17.0,24.0,-7.0,0.48209229087601535,0,False
2012,7,2012_07_DET_CHI,CHI,DET,13.0,7.0,6.0,0.6600028438380047,1,False
2012,8,2012_08_TB_MIN,MIN,TB,17.0,36.0,-19.0,0.6852919143362055,0,False
2012,8,2012_08_CAR_CHI,CHI,CAR,23.0,22.0,1.0,0.759797934502988,1,False
2012,8,2012_08_SD_CLE,CLE,SD,7.0,6.0,1.0,0.39332912379939183,1,False
2012,8,2012_08_SEA_DET,DET,SEA,28.0,24.0,4.0,0.5529927344057008,1,False
2012,8,2012_08_JAX_GB,GB,JAX,24.0,15.0,9.0,0.8385315061875757,1,False
2012,8,2012_08_MIA_NYJ,NYJ,MIA,9.0,30.0,-21.0,0.5619885741216726,0,False
2012,8,2012_08_ATL_PHI,PHI,ATL,17.0,30.0,-13.0,0.41431983706445463,0,False
2012,8,2012_08_WAS_PIT,PIT,WAS,27.0,12.0,15.0,0.7177632036659255,1,False
2012,8,2012_08_NE_STL,STL,NE,7.0,45.0,-38.0,0.20793557189461406,0,True
2012,8,2012_08_IND_TEN,TEN,IND,13.0,19.0,-6.0,0.6194351611271093,0,False
2012,8,2012_08_OAK_KC,KC,OAK,16.0,26.0,-10.0,0.5179857283268685,0,False
2012,8,2012_08_NYG_DAL,DAL,NYG,24.0,29.0,-5.0,0.4279692375057044,0,False
2012,8,2012_08_NO_DEN,DEN,NO,34.0,14.0,20.0,0.489354282415046,1,False
2012,8,2012_08_SF_ARI,ARI,SF,3.0,24.0,-21.0,0.39986122336558955,0,False
2012,9,2012_09_KC_SD,SD,KC,31.0,13.0,18.0,0.7318338997587491,1,False
2012,9,2012_09_DEN_CIN,CIN,DEN,23.0,31.0,-8.0,0.4815384908623525,0,False
2012,9,2012_09_BAL_CLE,CLE,BAL,15.0,25.0,-10.0,0.31268223911256093,0,False
2012,9,2012_09_ARI_GB,GB,ARI,31.0,17.0,14.0,0.7833939914712597,1,False
2012,9,2012_09_BUF_HOU,HOU,BUF,21.0,9.0,12.0,0.7739886484101628,1,False
2012,9,2012_09_MIA_IND,IND,MIA,23.0,20.0,3.0,0.4388960118218704,1,False
2012,9,2012_09_DET_JAX,JAX,DET,14.0,31.0,-17.0,0.4066082837420115,0,False
2012,9,2012_09_CHI_TEN,TEN,CHI,20.0,51.0,-31.0,0.37076499006043434,0,False
2012,9,2012_09_CAR_WAS,WAS,CAR,13.0,21.0,-8.0,0.5878236176943911,0,False
2012,9,2012_09_TB_OAK,OAK,TB,32.0,42.0,-10.0,0.5851898874102889,0,False
2012,9,2012_09_MIN_SEA,SEA,MIN,30.0,20.0,10.0,0.5965319815116062,1,False
2012,9,2012_09_PIT_NYG,NYG,PIT,20.0,24.0,-4.0,0.5918987728383687,0,False
2012,9,2012_09_DAL_ATL,ATL,DAL,19.0,13.0,6.0,0.7792949992599366,1,False
2012,9,2012_09_PHI_NO,NO,PHI,28.0,13.0,15.0,0.616989659511092,1,False
2012,10,2012_10_IND_JAX,JAX,IND,10.0,27.0,-17.0,0.45274773912233357,0,False
2012,10,2012_10_OAK_BAL,BAL,OAK,55.0,20.0,35.0,0.769498821040859,1,False
2012,10,2012_10_DEN_CAR,CAR,DEN,14.0,36.0,-22.0,0.4174579033793532,0,False
2012,10,2012_10_NYG_CIN,CIN,NYG,31.0,13.0,18.0,0.4024201605288862,1,False
2012,10,2012_10_TEN_MIA,MIA,TEN,3.0,37.0,-34.0,0.6963589971433,0,False
2012,10,2012_10_DET_MIN,MIN,DET,34.0,24.0,10.0,0.47881707483323754,1,False
2012,10,2012_10_BUF_NE,NE,BUF,37.0,31.0,6.0,0.8235546527012446,1,False
2012,10,2012_10_ATL_NO,NO,ATL,31.0,27.0,4.0,0.4379944070274928,1,False
2012,10,2012_10_SD_TB,TB,SD,34.0,24.0,10.0,0.4887146658350541,1,False
2012,10,2012_10_NYJ_SEA,SEA,NYJ,28.0,7.0,21.0,0.6115471059808434,1,False
2012,10,2012_10_DAL_PHI,PHI,DAL,23.0,38.0,-15.0,0.5984009461353414,0,False
2012,10,2012_10_STL_SF,SF,STL,24.0,24.0,0.0,0.8168512525718078,0,False
2012,10,2012_10_HOU_CHI,CHI,HOU,6.0,13.0,-7.0,0.5296648029852257,0,False
2012,10,2012_10_KC_PIT,PIT,KC,16.0,13.0,3.0,0.8261677597017211,1,False
2012,11,2012_11_MIA_BUF,BUF,MIA,19.0,14.0,5.0,0.5072220370176835,1,False
2012,11,2012_11_ARI_ATL,ATL,ARI,23.0,19.0,4.0,0.7905829901274566,1,False
2012,11,2012_11_TB_CAR,CAR,TB,21.0,27.0,-6.0,0.48156166500111575,0,False
2012,11,2012_11_CLE_DAL,DAL,CLE,23.0,20.0,3.0,0.6995898414972713,1,False
2012,11,2012_11_GB_DET,DET,GB,20.0,24.0,-4.0,0.35542100512261043,0,False
2012,11,2012_11_JAX_HOU,HOU,JAX,43.0,37.0,6.0,0.8746580408767626,1,False
2012,11,2012_11_CIN_KC,KC,CIN,6.0,28.0,-22.0,0.3907283575957773,0,False
2012,11,2012_11_NYJ_STL,STL,NYJ,13.0,27.0,-14.0,0.5133446998229497,0,False
2012,11,2012_11_PHI_WAS,WAS,PHI,31.0,6.0,25.0,0.5119861250815128,1,False
2012,11,2012_11_NO_OAK,OAK,NO,17.0,38.0,-21.0,0.35759555303297935,0,False
2012,11,2012_11_SD_DEN,DEN,SD,30.0,23.0,7.0,0.6617200922913181,1,False
2012,11,2012_11_IND_NE,NE,IND,59.0,24.0,35.0,0.8029856206616441,1,False
2012,11,2012_11_BAL_PIT,PIT,BAL,10.0,13.0,-3.0,0.5495266410350897,0,False
2012,11,2012_11_CHI_SF,SF,CHI,32.0,7.0,25.0,0.6031143300214904,1,False
2012,12,2012_12_HOU_DET,DET,HOU,31.0,34.0,-3.0,0.347035920887084,0,False
2012,12,2012_12_WAS_DAL,DAL,WAS,31.0,38.0,-7.0,0.6369039497160127,0,False
2012,12,2012_12_NE_NYJ,NYJ,NE,19.0,49.0,-30.0,0.29098374486228096,0,False
2012,12,2012_12_MIN_CHI,CHI,MIN,28.0,10.0,18.0,0.6822228715209804,1,False
2012,12,2012_12_OAK_CIN,CIN,OAK,34.0,10.0,24.0,0.7046491189509713,1,False
2012,12,2012_12_PIT_CLE,CLE,PIT,20.0,14.0,6.0,0.29444156031552415,1,False
2012,12,2012_12_BUF_IND,IND,BUF,20.0,13.0,7.0,0.5807891501892312,1,False
2012,12,2012_12_TEN_JAX,JAX,TEN,24.0,19.0,5.0,0.4127065768711948,1,False
2012,12,2012_12_DEN_KC,KC,DEN,9.0,17.0,-8.0,0.2616759561582628,0,False
2012,12,2012_12_SEA_MIA,MIA,SEA,24.0,21.0,3.0,0.47863256254397757,1,False
2012,12,2012_12_ATL_TB,TB,ATL,23.0,24.0,-1.0,0.37753966073760636,0,False
2012,12,2012_12_BAL_SD,SD,BAL,13.0,16.0,-3.0,0.382023635973048,0,False
2012,12,2012_12_STL_ARI,ARI,STL,17.0,31.0,-14.0,0.6404300609141328,0,False
2012,12,2012_12_SF_NO,NO,SF,21.0,31.0,-10.0,0.5111605156535044,0,False
2012,12,2012_12_GB_NYG,NYG,GB,38.0,10.0,28.0,0.41754437465748945,1,False
2012,12,2012_12_CAR_PHI,PHI,CAR,22.0,30.0,-8.0,0.5941482116045296,0,False
2012,13,2012_13_NO_ATL,ATL,NO,23.0,13.0,10.0,0.6683875663993151,1,False
2012,13,2012_13_JAX_BUF,BUF,JAX,34.0,18.0,16.0,0.660752759716807,1,False
2012,13,2012_13_SEA_CHI,CHI,SEA,17.0,23.0,-6.0,0.6540615511923843,0,False
2012,13,2012_13_IND_DET,DET,IND,33.0,35.0,-2.0,0.5797281823749003,0,False
2012,13,2012_13_MIN_GB,GB,MIN,23.0,14.0,9.0,0.768998607865794,1,False
2012,13,2012_13_CAR_KC,KC,CAR,27.0,21.0,6.0,0.4447167772374107,1,False
2012,13,2012_13_NE_MIA,MIA,NE,16.0,23.0,-7.0,0.28119330973148265,0,False
2012,13,2012_13_ARI_NYJ,NYJ,ARI,7.0,6.0,1.0,0.6287906103731464,1,False
2012,13,2012_13_SF_STL,STL,SF,16.0,13.0,3.0,0.2675457665659669,1,False
2012,13,2012_13_HOU_TEN,TEN,HOU,10.0,24.0,-14.0,0.2839100917862603,0,False
2012,13,2012_13_TB_DEN,DEN,TB,31.0,23.0,8.0,0.6901412663646326,1,False
2012,13,2012_13_PIT_BAL,BAL,PIT,20.0,23.0,-3.0,0.6651782805873341,0,False
2012,13,2012_13_CLE_OAK,OAK,CLE,17.0,20.0,-3.0,0.5437612641860858,0,False
2012,13,2012_13_CIN_SD,SD,CIN,13.0,20.0,-7.0,0.5074788847791514,0,False
2012,13,2012_13_PHI_DAL,DAL,PHI,38.0,33.0,5.0,0.659247872668325,1,False
2012,13,2012_13_NYG_WAS,WAS,NYG,17.0,16.0,1.0,0.4072057768858018,1,False
2012,14,2012_14_DEN_OAK,OAK,DEN,13.0,26.0,-13.0,0.2724428961132344,0,False
2012,14,2012_14_STL_BUF,BUF,STL,12.0,15.0,-3.0,0.5899464938570889,0,False
2012,14,2012_14_ATL_CAR,CAR,ATL,30.0,20.0,10.0,0.2462653372884,1,False
2012,14,2012_14_DAL_CIN,CIN,DAL,19.0,20.0,-1.0,0.6437744323756031,0,False
2012,14,2012_14_KC_CLE,CLE,KC,30.0,7.0,23.0,0.6474214580760582,1,False
2012,14,2012_14_TEN_IND,IND,TEN,27.0,23.0,4.0,0.6417459081635518,1,False
2012,14,2012_14_NYJ_JAX,JAX,NYJ,10.0,17.0,-7.0,0.4076557351241869,0,False
2012,14,2012_14_CHI_MIN,MIN,CHI,21.0,14.0,7.0,0.4165048752364288,1,False
2012,14,2012_14_SD_PIT,PIT,SD,24.0,34.0,-10.0,0.7099072193788466,0,False
2012,14,2012_14_PHI_TB,TB,PHI,21.0,23.0,-2.0,0.6856098428976485,0,False
2012,14,2012_14_BAL_WAS,WAS,BAL,31.0,28.0,3.0,0.37396790184146445,1,False
2012,14,2012_14_MIA_SF,SF,MIA,27.0,13.0,14.0,0.7659861184708516,1,False
2012,14,2012_14_NO_NYG,NYG,NO,52.0,27.0,25.0,0.5988521726314341,1,False
2012,14,2012_14_ARI_SEA,SEA,ARI,58.0,0.0,58.0,0.7248139341201377,1,False
2012,14,2012_14_DET_GB,GB,DET,27.0,20.0,7.0,0.7653054356767884,1,False
2012,14,2012_14_HOU_NE,NE,HOU,42.0,14.0,28.0,0.6212575966268514,1,False
2012,15,2012_15_CIN_PHI,PHI,CIN,13.0,34.0,-21.0,0.39744535326687397,0,False
2012,15,2012_15_NYG_ATL,ATL,NYG,34.0,0.0,34.0,0.6031183819222965,1,False
2012,15,2012_15_DEN_BAL,BAL,DEN,17.0,34.0,-17.0,0.5567808998938835,0,False
2012,15,2012_15_GB_CHI,CHI,GB,13.0,21.0,-8.0,0.4259622550166541,0,False
2012,15,2012_15_WAS_CLE,CLE,WAS,21.0,38.0,-17.0,0.49891710952958984,0,False
2012,15,2012_15_IND_HOU,HOU,IND,29.0,17.0,12.0,0.752379624115578,1,False
2012,15,2012_15_JAX_MIA,MIA,JAX,24.0,3.0,21.0,0.7241013923965395,1,False
2012,15,2012_15_TB_NO,NO,TB,41.0,0.0,41.0,0.6485849594561304,1,False
2012,15,2012_15_MIN_STL,STL,MIN,22.0,36.0,-14.0,0.5439826839535745,0,False
2012,15,2012_15_DET_ARI,ARI,DET,38.0,10.0,28.0,0.4743961192908456,1,False
2012,15,2012_15_SEA_BUF,BUF,SEA,17.0,50.0,-33.0,0.4105757551354414,0,False
2012,15,2012_15_CAR_SD,SD,CAR,7.0,31.0,-24.0,0.6352934337974498,0,False
2012,15,2012_15_PIT_DAL,DAL,PIT,27.0,24.0,3.0,0.4965196172159207,1,False
2012,15,2012_15_KC_OAK,OAK,KC,15.0,0.0,15.0,0.6100712393783877,1,False
2012,15,2012_15_SF_NE,NE,SF,34.0,41.0,-7.0,0.6824084279414951,0,False
2012,15,2012_15_NYJ_TEN,TEN,NYJ,14.0,10.0,4.0,0.4915780370082503,1,False
2012,16,2012_16_ATL_DET,DET,ATL,18.0,31.0,-13.0,0.2740720005654244,0,False
2012,16,2012_16_OAK_CAR,CAR,OAK,17.0,6.0,11.0,0.6856188028355541,1,False
2012,16,2012_16_NO_DAL,DAL,NO,31.0,34.0,-3.0,0.5028226638211531,0,False
2012,16,2012_16_TEN_GB,GB,TEN,55.0,7.0,48.0,0.81794728433985,1,False
2012,16,2012_16_MIN_HOU,HOU,MIN,6.0,23.0,-17.0,0.7678137938381627,0,False
2012,16,2012_16_NE_JAX,JAX,NE,16.0,23.0,-7.0,0.13385040199698922,0,False
2012,16,2012_16_IND_KC,KC,IND,13.0,20.0,-7.0,0.34805319072985885,0,False
2012,16,2012_16_BUF_MIA,MIA,BUF,24.0,10.0,14.0,0.6415016476458618,1,False
2012,16,2012_16_SD_NYJ,NYJ,SD,17.0,27.0,-10.0,0.568967753889081,0,False
2012,16,2012_16_WAS_PHI,PHI,WAS,20.0,27.0,-7.0,0.40810912790262055,0,False
2012,16,2012_16_CIN_PIT,PIT,CIN,10.0,13.0,-3.0,0.5489516551793522,0,False
2012,16,2012_16_STL_TB,TB,STL,13.0,28.0,-15.0,0.5977889514724314,0,False
2012,16,2012_16_CLE_DEN,DEN,CLE,34.0,12.0,22.0,0.8167088564975501,1,False
2012,16,2012_16_CHI_ARI,ARI,CHI,13.0,28.0,-15.0,0.436749498831264,0,False
2012,16,2012_16_NYG_BAL,BAL,NYG,33.0,14.0,19.0,0.5756476707514486,1,False
2012,16,2012_16_SF_SEA,SEA,SF,42.0,13.0,29.0,0.4478471130611615,1,False
2012,17,2012_17_TB_ATL,ATL,TB,17.0,22.0,-5.0,0.8339396314546589,0,False
2012,17,2012_17_NYJ_BUF,BUF,NYJ,28.0,9.0,19.0,0.5175764014522047,1,False
2012,17,2012_17_BAL_CIN,CIN,BAL,23.0,17.0,6.0,0.5148885156896396,1,False
2012,17,2012_17_CHI_DET,DET,CHI,24.0,26.0,-2.0,0.40503698801943,0,False
2012,17,2012_17_HOU_IND,IND,HOU,28.0,16.0,12.0,0.39757415224961706,1,False
2012,17,2012_17_CAR_NO,NO,CAR,38.0,44.0,-6.0,0.6705195253134231,0,False
2012,17,2012_17_PHI_NYG,NYG,PHI,42.0,7.0,35.0,0.773952866027993,1,False
2012,17,2012_17_CLE_PIT,PIT,CLE,24.0,10.0,14.0,0.717915895556211,1,False
2012,17,2012_17_JAX_TEN,TEN,JAX,38.0,20.0,18.0,0.7053846027379456,1,False
2012,17,2012_17_KC_DEN,DEN,KC,38.0,3.0,35.0,0.8976083803810381,1,False
2012,17,2012_17_GB_MIN,MIN,GB,37.0,34.0,3.0,0.38136476112335094,1,False
2012,17,2012_17_MIA_NE,NE,MIA,28.0,0.0,28.0,0.817084051813916,1,False
2012,17,2012_17_OAK_SD,SD,OAK,24.0,21.0,3.0,0.7103701404465451,1,False
2012,17,2012_17_STL_SEA,SEA,STL,20.0,13.0,7.0,0.7630655534317518,1,False
2012,17,2012_17_ARI_SF,SF,ARI,27.0,13.0,14.0,0.8187215104743889,1,False
2012,17,2012_17_DAL_WAS,WAS,DAL,28.0,18.0,10.0,0.6043598770166633,1,False
2013,1,2013_01_BAL_DEN,DEN,BAL,49.0,27.0,22.0,0.6262372826832219,1,False
2013,1,2013_01_NE_BUF,BUF,NE,21.0,23.0,-2.0,0.3352433248047937,0,False
2013,1,2013_01_SEA_CAR,CAR,SEA,7.0,12.0,-5.0,0.4802077377754844,0,False
2013,1,2013_01_CIN_CHI,CHI,CIN,24.0,21.0,3.0,0.5419631950029514,1,False
2013,1,2013_01_MIA_CLE,CLE,MIA,10.0,23.0,-13.0,0.49921175409928514,0,False
2013,1,2013_01_MIN_DET,DET,MIN,34.0,24.0,10.0,0.46170471513812816,1,False
2013,1,2013_01_OAK_IND,IND,OAK,21.0,17.0,4.0,0.6918743140534315,1,False
2013,1,2013_01_KC_JAX,JAX,KC,2.0,28.0,-26.0,0.5697957315693898,0,False
2013,1,2013_01_ATL_NO,NO,ATL,23.0,17.0,6.0,0.49753746043372843,1,False
2013,1,2013_01_TB_NYJ,NYJ,TB,18.0,17.0,1.0,0.5407893033230032,1,False
2013,1,2013_01_TEN_PIT,PIT,TEN,9.0,16.0,-7.0,0.651325108699275,0,False
2013,1,2013_01_GB_SF,SF,GB,34.0,28.0,6.0,0.5616175321980109,1,False
2013,1,2013_01_ARI_STL,STL,ARI,27.0,24.0,3.0,0.6071500905358702,1,False
2013,1,2013_01_NYG_DAL,DAL,NYG,36.0,31.0,5.0,0.49950031870601586,1,False
2013,1,2013_01_PHI_WAS,WAS,PHI,27.0,33.0,-6.0,0.704915051640592,0,False
2013,1,2013_01_HOU_SD,SD,HOU,28.0,31.0,-3.0,0.4906507795088773,0,False
2013,2,2013_02_NYJ_NE,NE,NYJ,13.0,10.0,3.0,0.7871705808167978,1,False
2013,2,2013_02_STL_ATL,ATL,STL,31.0,24.0,7.0,0.6826213937053651,1,False
2013,2,2013_02_CLE_BAL,BAL,CLE,14.0,6.0,8.0,0.7117479372648495,1,False
2013,2,2013_02_CAR_BUF,BUF,CAR,24.0,23.0,1.0,0.5139060896388644,1,False
2013,2,2013_02_MIN_CHI,CHI,MIN,31.0,30.0,1.0,0.6216246683276305,1,False
2013,2,2013_02_WAS_GB,GB,WAS,38.0,20.0,18.0,0.6637522723435699,1,False
2013,2,2013_02_TEN_HOU,HOU,TEN,30.0,24.0,6.0,0.6736096984896286,1,False
2013,2,2013_02_MIA_IND,IND,MIA,20.0,24.0,-4.0,0.59266413267443,0,False
2013,2,2013_02_DAL_KC,KC,DAL,17.0,16.0,1.0,0.43700250325014955,1,False
2013,2,2013_02_SD_PHI,PHI,SD,30.0,33.0,-3.0,0.5118357745801486,0,False
2013,2,2013_02_DET_ARI,ARI,DET,25.0,21.0,4.0,0.5121280579095406,1,False
2013,2,2013_02_NO_TB,TB,NO,14.0,16.0,-2.0,0.456390858989716,0,False
2013,2,2013_02_DEN_NYG,NYG,DEN,23.0,41.0,-18.0,0.4441546864654,0,False
2013,2,2013_02_JAX_OAK,OAK,JAX,19.0,9.0,10.0,0.6468858528735082,1,False
2013,2,2013_02_SF_SEA,SEA,SF,29.0,3.0,26.0,0.5515857619698228,1,False
2013,2,2013_02_PIT_CIN,CIN,PIT,20.0,10.0,10.0,0.6162757333244676,1,False
2013,3,2013_03_KC_PHI,PHI,KC,16.0,26.0,-10.0,0.592998112195935,0,False
2013,3,2013_03_HOU_BAL,BAL,HOU,30.0,9.0,21.0,0.5254089120831944,1,False
2013,3,2013_03_NYG_CAR,CAR,NYG,38.0,0.0,38.0,0.5487527300446768,1,False
2013,3,2013_03_GB_CIN,CIN,GB,34.0,30.0,4.0,0.5182876950599217,1,False
2013,3,2013_03_STL_DAL,DAL,STL,31.0,7.0,24.0,0.6163507679863593,1,False
2013,3,2013_03_CLE_MIN,MIN,CLE,27.0,31.0,-4.0,0.6887412672126192,0,False
2013,3,2013_03_TB_NE,NE,TB,23.0,3.0,20.0,0.7893739471273212,1,False
2013,3,2013_03_ARI_NO,NO,ARI,31.0,7.0,24.0,0.7102186757604628,1,False
2013,3,2013_03_SD_TEN,TEN,SD,20.0,17.0,3.0,0.5393122211428357,1,False
2013,3,2013_03_DET_WAS,WAS,DET,20.0,27.0,-7.0,0.6072555575670068,0,False
2013,3,2013_03_ATL_MIA,MIA,ATL,27.0,23.0,4.0,0.49551725822858866,1,False
2013,3,2013_03_BUF_NYJ,NYJ,BUF,27.0,20.0,7.0,0.5557826565637914,1,False
2013,3,2013_03_JAX_SEA,SEA,JAX,45.0,17.0,28.0,0.8616642361830839,1,False
2013,3,2013_03_IND_SF,SF,IND,7.0,27.0,-20.0,0.6535050915704799,0,False
2013,3,2013_03_CHI_PIT,PIT,CHI,23.0,40.0,-17.0,0.4894951387347583,0,False
2013,3,2013_03_OAK_DEN,DEN,OAK,37.0,21.0,16.0,0.8078749548542618,1,False
2013,4,2013_04_SF_STL,STL,SF,11.0,35.0,-24.0,0.43354449315597626,0,False
2013,4,2013_04_BAL_BUF,BUF,BAL,23.0,20.0,3.0,0.3967682820197893,1,False
2013,4,2013_04_CIN_CLE,CLE,CIN,17.0,6.0,11.0,0.37187341871812574,1,False
2013,4,2013_04_CHI_DET,DET,CHI,40.0,32.0,8.0,0.449980949998904,1,False
2013,4,2013_04_SEA_HOU,HOU,SEA,20.0,23.0,-3.0,0.46598851020402265,0,False
2013,4,2013_04_IND_JAX,JAX,IND,3.0,37.0,-34.0,0.2916400193891815,0,False
2013,4,2013_04_NYG_KC,KC,NYG,31.0,7.0,24.0,0.5209279973348331,1,False
2013,4,2013_04_PIT_MIN,MIN,PIT,34.0,27.0,7.0,0.519270837593272,1,True
2013,4,2013_04_ARI_TB,TB,ARI,10.0,13.0,-3.0,0.5962710254643778,0,False
2013,4,2013_04_NYJ_TEN,TEN,NYJ,38.0,13.0,25.0,0.5948157813731373,1,False
2013,4,2013_04_PHI_DEN,DEN,PHI,52.0,20.0,32.0,0.8289832909190092,1,False
2013,4,2013_04_WAS_OAK,OAK,WAS,14.0,24.0,-10.0,0.502940030013362,0,False
2013,4,2013_04_DAL_SD,SD,DAL,30.0,21.0,9.0,0.5172640104970436,1,False
2013,4,2013_04_NE_ATL,ATL,NE,23.0,30.0,-7.0,0.4395590348939714,0,False
2013,4,2013_04_MIA_NO,NO,MIA,38.0,17.0,21.0,0.6191275413397882,1,False
2013,5,2013_05_BUF_CLE,CLE,BUF,37.0,24.0,13.0,0.5647465649376336,1,False
2013,5,2013_05_NO_CHI,CHI,NO,18.0,26.0,-8.0,0.4963953213599499,0,False
2013,5,2013_05_NE_CIN,CIN,NE,13.0,6.0,7.0,0.3940969749884326,1,False
2013,5,2013_05_DET_GB,GB,DET,22.0,9.0,13.0,0.6730858458540876,1,False
2013,5,2013_05_SEA_IND,IND,SEA,34.0,28.0,6.0,0.46158375330616713,1,False
2013,5,2013_05_BAL_MIA,MIA,BAL,23.0,26.0,-3.0,0.5175065871937322,0,False
2013,5,2013_05_PHI_NYG,NYG,PHI,21.0,36.0,-15.0,0.6301027646801791,0,False
2013,5,2013_05_JAX_STL,STL,JAX,34.0,20.0,14.0,0.7076199855308254,1,False
2013,5,2013_05_KC_TEN,TEN,KC,17.0,26.0,-9.0,0.6283769729148363,0,False
2013,5,2013_05_CAR_ARI,ARI,CAR,22.0,6.0,16.0,0.4584837703059256,1,False
2013,5,2013_05_DEN_DAL,DAL,DEN,48.0,51.0,-3.0,0.36156995939757464,0,False
2013,5,2013_05_HOU_SF,SF,HOU,34.0,3.0,31.0,0.6009927044010989,1,False
2013,5,2013_05_SD_OAK,OAK,SD,27.0,17.0,10.0,0.42645707534782396,1,False
2013,5,2013_05_NYJ_ATL,ATL,NYJ,28.0,30.0,-2.0,0.7072818490739299,0,False
2013,6,2013_06_NYG_CHI,CHI,NYG,27.0,21.0,6.0,0.708760326642653,1,False
2013,6,2013_06_GB_BAL,BAL,GB,17.0,19.0,-2.0,0.5284799969649461,0,False
2013,6,2013_06_CIN_BUF,BUF,CIN,24.0,27.0,-3.0,0.39698851285505404,0,False
2013,6,2013_06_DET_CLE,CLE,DET,17.0,31.0,-14.0,0.5615945326810126,0,False
2013,6,2013_06_STL_HOU,HOU,STL,13.0,38.0,-25.0,0.6671475914443611,0,False
2013,6,2013_06_OAK_KC,KC,OAK,24.0,7.0,17.0,0.6538419850976502,1,False
2013,6,2013_06_CAR_MIN,MIN,CAR,10.0,35.0,-25.0,0.5782788202015188,0,False
2013,6,2013_06_PIT_NYJ,NYJ,PIT,6.0,19.0,-13.0,0.576988393341514,0,False
2013,6,2013_06_PHI_TB,TB,PHI,20.0,31.0,-11.0,0.5813983463461434,0,False
2013,6,2013_06_JAX_DEN,DEN,JAX,35.0,19.0,16.0,0.9085222783212359,1,False
2013,6,2013_06_TEN_SEA,SEA,TEN,20.0,13.0,7.0,0.7257117506024706,1,False
2013,6,2013_06_NO_NE,NE,NO,30.0,27.0,3.0,0.6160130106107335,1,False
2013,6,2013_06_ARI_SF,SF,ARI,32.0,20.0,12.0,0.7187606232123838,1,False
2013,6,2013_06_WAS_DAL,DAL,WAS,31.0,16.0,15.0,0.5873896988601649,1,False
2013,6,2013_06_IND_SD,SD,IND,19.0,9.0,10.0,0.4406121724683191,1,False
2013,7,2013_07_SEA_ARI,ARI,SEA,22.0,34.0,-12.0,0.345441435414183,0,False
2013,7,2013_07_TB_ATL,ATL,TB,31.0,23.0,8.0,0.7260660291636888,1,False
2013,7,2013_07_STL_CAR,CAR,STL,30.0,15.0,15.0,0.6348286507920479,1,False
2013,7,2013_07_CIN_DET,DET,CIN,24.0,27.0,-3.0,0.4808981682186907,0,False
2013,7,2013_07_SD_JAX,JAX,SD,6.0,24.0,-18.0,0.2949424695262601,0,False
2013,7,2013_07_BUF_MIA,MIA,BUF,21.0,23.0,-2.0,0.6688936782073116,0,False
2013,7,2013_07_NE_NYJ,NYJ,NE,30.0,27.0,3.0,0.2791130527212825,1,False
2013,7,2013_07_DAL_PHI,PHI,DAL,3.0,17.0,-14.0,0.47588149307108996,0,False
2013,7,2013_07_CHI_WAS,WAS,CHI,45.0,41.0,4.0,0.4658998017581009,1,False
2013,7,2013_07_SF_TEN,TEN,SF,17.0,31.0,-14.0,0.4020984705207684,0,False
2013,7,2013_07_CLE_GB,GB,CLE,31.0,13.0,18.0,0.7529706488439799,1,False
2013,7,2013_07_HOU_KC,KC,HOU,17.0,16.0,1.0,0.6124342394297752,1,False
2013,7,2013_07_BAL_PIT,PIT,BAL,19.0,16.0,3.0,0.4559356495460921,1,False
2013,7,2013_07_DEN_IND,IND,DEN,39.0,33.0,6.0,0.40677524468848003,1,False
2013,7,2013_07_MIN_NYG,NYG,MIN,23.0,7.0,16.0,0.48549844029072203,1,False
2013,8,2013_08_CAR_TB,TB,CAR,13.0,31.0,-18.0,0.3830795885896195,0,False
2013,8,2013_08_DAL_DET,DET,DAL,31.0,30.0,1.0,0.5193479234858472,1,False
2013,8,2013_08_SF_JAX,JAX,SF,10.0,42.0,-32.0,0.13778036017009032,0,True
2013,8,2013_08_CLE_KC,KC,CLE,23.0,17.0,6.0,0.6665525943157269,1,False
2013,8,2013_08_MIA_NE,NE,MIA,27.0,17.0,10.0,0.7453138836181845,1,False
2013,8,2013_08_BUF_NO,NO,BUF,35.0,17.0,18.0,0.7638086852197921,1,False
2013,8,2013_08_NYG_PHI,PHI,NYG,7.0,15.0,-8.0,0.5640586256014773,0,False
2013,8,2013_08_NYJ_CIN,CIN,NYJ,49.0,9.0,40.0,0.7317601092279805,1,False
2013,8,2013_08_PIT_OAK,OAK,PIT,21.0,18.0,3.0,0.46135980778459695,1,False
2013,8,2013_08_ATL_ARI,ARI,ATL,27.0,13.0,14.0,0.4287451943008645,1,False
2013,8,2013_08_WAS_DEN,DEN,WAS,45.0,21.0,24.0,0.7707870061173135,1,False
2013,8,2013_08_GB_MIN,MIN,GB,31.0,44.0,-13.0,0.33365744031808436,0,False
2013,8,2013_08_SEA_STL,STL,SEA,9.0,14.0,-5.0,0.3268183021955847,0,False
2013,9,2013_09_CIN_MIA,MIA,CIN,22.0,20.0,2.0,0.40904935909769125,1,False
2013,9,2013_09_KC_BUF,BUF,KC,13.0,23.0,-10.0,0.43592986261701777,0,False
2013,9,2013_09_ATL_CAR,CAR,ATL,34.0,10.0,24.0,0.6189631830313027,1,False
2013,9,2013_09_MIN_DAL,DAL,MIN,27.0,23.0,4.0,0.6968260367958345,1,False
2013,9,2013_09_NO_NYJ,NYJ,NO,26.0,20.0,6.0,0.32730159360788663,1,False
2013,9,2013_09_TEN_STL,STL,TEN,21.0,28.0,-7.0,0.546185335686898,0,False
2013,9,2013_09_SD_WAS,WAS,SD,30.0,24.0,6.0,0.5005213661492319,1,False
2013,9,2013_09_PHI_OAK,OAK,PHI,20.0,49.0,-29.0,0.5844016118968848,0,False
2013,9,2013_09_TB_SEA,SEA,TB,27.0,24.0,3.0,0.8458350209925379,1,False
2013,9,2013_09_BAL_CLE,CLE,BAL,24.0,18.0,6.0,0.4159287703100262,1,False
2013,9,2013_09_PIT_NE,NE,PIT,55.0,31.0,24.0,0.7782439419606098,1,False
2013,9,2013_09_IND_HOU,HOU,IND,24.0,27.0,-3.0,0.4381243542175623,0,False
2013,9,2013_09_CHI_GB,GB,CHI,20.0,27.0,-7.0,0.7084168868494586,0,False
2013,10,2013_10_WAS_MIN,MIN,WAS,34.0,27.0,7.0,0.4863997884665553,1,False
2013,10,2013_10_SEA_ATL,ATL,SEA,10.0,33.0,-23.0,0.3655833494274702,0,False
2013,10,2013_10_CIN_BAL,BAL,CIN,20.0,17.0,3.0,0.47757614203696025,1,False
2013,10,2013_10_DET_CHI,CHI,DET,19.0,21.0,-2.0,0.6259068630364948,0,False
2013,10,2013_10_PHI_GB,GB,PHI,13.0,27.0,-14.0,0.768328265105823,0,False
2013,10,2013_10_STL_IND,IND,STL,8.0,38.0,-30.0,0.7531349379964898,0,False
2013,10,2013_10_OAK_NYG,NYG,OAK,24.0,20.0,4.0,0.6514129502887884,1,False
2013,10,2013_10_BUF_PIT,PIT,BUF,23.0,10.0,13.0,0.6309760185101758,1,False
2013,10,2013_10_JAX_TEN,TEN,JAX,27.0,29.0,-2.0,0.8033470050639505,0,False
2013,10,2013_10_CAR_SF,SF,CAR,9.0,10.0,-1.0,0.6309675217085355,0,False
2013,10,2013_10_HOU_ARI,ARI,HOU,27.0,24.0,3.0,0.5851573661160522,1,False
2013,10,2013_10_DEN_SD,SD,DEN,20.0,28.0,-8.0,0.3513809904987718,0,False
2013,10,2013_10_DAL_NO,NO,DAL,49.0,17.0,32.0,0.6389147158910647,1,False
2013,10,2013_10_MIA_TB,TB,MIA,22.0,19.0,3.0,0.41760688513132804,1,False
2013,11,2013_11_IND_TEN,TEN,IND,27.0,30.0,-3.0,0.4737336112655309,0,False
2013,11,2013_11_NYJ_BUF,BUF,NYJ,37.0,14.0,23.0,0.48435281158989874,1,False
2013,11,2013_11_BAL_CHI,CHI,BAL,23.0,20.0,3.0,0.5721567458814614,1,False
2013,11,2013_11_CLE_CIN,CIN,CLE,41.0,20.0,21.0,0.7248817286736887,1,False
2013,11,2013_11_OAK_HOU,HOU,OAK,23.0,28.0,-5.0,0.665054176505199,0,False
2013,11,2013_11_ARI_JAX,JAX,ARI,14.0,27.0,-13.0,0.3135164039925658,0,False
2013,11,2013_11_WAS_PHI,PHI,WAS,24.0,16.0,8.0,0.5905815510624756,1,False
2013,11,2013_11_DET_PIT,PIT,DET,37.0,27.0,10.0,0.5220706960619234,1,False
2013,11,2013_11_ATL_TB,TB,ATL,41.0,28.0,13.0,0.45949159719093274,1,False
2013,11,2013_11_SD_MIA,MIA,SD,20.0,16.0,4.0,0.5610437475193965,1,False
2013,11,2013_11_SF_NO,NO,SF,23.0,20.0,3.0,0.5679459426456015,1,False
2013,11,2013_11_GB_NYG,NYG,GB,27.0,13.0,14.0,0.4246085823187251,1,False
2013,11,2013_11_MIN_SEA,SEA,MIN,41.0,20.0,21.0,0.8180840549396386,1,False
2013,11,2013_11_KC_DEN,DEN,KC,27.0,17.0,10.0,0.7306980951775934,1,False
2013,11,2013_11_NE_CAR,CAR,NE,24.0,20.0,4.0,0.4658390701592513,1,False
2013,12,2013_12_NO_ATL,ATL,NO,13.0,17.0,-4.0,0.33817342144931417,0,False
2013,12,2013_12_NYJ_BAL,BAL,NYJ,19.0,3.0,16.0,0.6935199608586049,1,False
2013,12,2013_12_PIT_CLE,CLE,PIT,11.0,27.0,-16.0,0.4807533239806763,0,False
2013,12,2013_12_TB_DET,DET,TB,21.0,24.0,-3.0,0.6570188912299245,0,False
2013,12,2013_12_MIN_GB,GB,MIN,26.0,26.0,0.0,0.7103511760095566,0,False
2013,12,2013_12_JAX_HOU,HOU,JAX,6.0,13.0,-7.0,0.756744172100244,0,False
2013,12,2013_12_SD_KC,KC,SD,38.0,41.0,-3.0,0.6443900010729493,0,False
2013,12,2013_12_CAR_MIA,MIA,CAR,16.0,20.0,-4.0,0.422301964282532,0,False
2013,12,2013_12_CHI_STL,STL,CHI,42.0,21.0,21.0,0.4688812139292198,1,False
2013,12,2013_12_IND_ARI,ARI,IND,40.0,11.0,29.0,0.5053735921872736,1,False
2013,12,2013_12_TEN_OAK,OAK,TEN,19.0,23.0,-4.0,0.4953167511094758,0,False
2013,12,2013_12_DAL_NYG,NYG,DAL,21.0,24.0,-3.0,0.5460071408982585,0,False
2013,12,2013_12_DEN_NE,NE,DEN,34.0,31.0,3.0,0.5206986175893096,1,False
2013,12,2013_12_SF_WAS,WAS,SF,6.0,27.0,-21.0,0.3546611410901211,0,False
2013,13,2013_13_GB_DET,DET,GB,40.0,10.0,30.0,0.49518081044141393,1,False
2013,13,2013_13_OAK_DAL,DAL,OAK,31.0,24.0,7.0,0.7382146936728697,1,False
2013,13,2013_13_PIT_BAL,BAL,PIT,22.0,20.0,2.0,0.5983355082331832,1,False
2013,13,2013_13_TB_CAR,CAR,TB,27.0,6.0,21.0,0.7737188050229655,1,False
2013,13,2013_13_JAX_CLE,CLE,JAX,28.0,32.0,-4.0,0.7071181719107074,0,False
2013,13,2013_13_NE_HOU,HOU,NE,31.0,34.0,-3.0,0.2525390102434724,0,False
2013,13,2013_13_TEN_IND,IND,TEN,22.0,14.0,8.0,0.6313673333791677,1,False
2013,13,2013_13_CHI_MIN,MIN,CHI,23.0,20.0,3.0,0.4682487747165049,1,False
2013,13,2013_13_MIA_NYJ,NYJ,MIA,3.0,23.0,-20.0,0.469937306248841,0,False
2013,13,2013_13_ARI_PHI,PHI,ARI,24.0,21.0,3.0,0.5224823668475584,1,False
2013,13,2013_13_ATL_BUF,BUF,ATL,31.0,34.0,-3.0,0.47526852635720396,0,True
2013,13,2013_13_STL_SF,SF,STL,23.0,13.0,10.0,0.7163920684266704,1,False
2013,13,2013_13_DEN_KC,KC,DEN,28.0,35.0,-7.0,0.3625754869171773,0,False
2013,13,2013_13_CIN_SD,SD,CIN,10.0,17.0,-7.0,0.4290910507685417,0,False
2013,13,2013_13_NYG_WAS,WAS,NYG,17.0,24.0,-7.0,0.497656919048686,0,False
2013,13,2013_13_NO_SEA,SEA,NO,34.0,7.0,27.0,0.6244323647322916,1,False
2013,14,2013_14_HOU_JAX,JAX,HOU,27.0,20.0,7.0,0.4629540114254531,1,False
2013,14,2013_14_MIN_BAL,BAL,MIN,29.0,26.0,3.0,0.6921803567743361,1,False
2013,14,2013_14_IND_CIN,CIN,IND,42.0,28.0,14.0,0.6681257853897598,1,False
2013,14,2013_14_ATL_GB,GB,ATL,22.0,21.0,1.0,0.6291206746981426,1,False
2013,14,2013_14_CLE_NE,NE,CLE,27.0,26.0,1.0,0.8520011796128573,1,False
2013,14,2013_14_OAK_NYJ,NYJ,OAK,37.0,27.0,10.0,0.5871115276108916,1,False
2013,14,2013_14_DET_PHI,PHI,DET,34.0,20.0,14.0,0.5646841373485628,1,False
2013,14,2013_14_MIA_PIT,PIT,MIA,28.0,34.0,-6.0,0.5811739329637743,0,False
2013,14,2013_14_BUF_TB,TB,BUF,27.0,6.0,21.0,0.5856391243797906,1,False
2013,14,2013_14_KC_WAS,WAS,KC,10.0,45.0,-35.0,0.44899046243704976,0,False
2013,14,2013_14_TEN_DEN,DEN,TEN,51.0,28.0,23.0,0.8243169954598468,1,False
2013,14,2013_14_STL_ARI,ARI,STL,30.0,10.0,20.0,0.6067215438172509,1,False
2013,14,2013_14_NYG_SD,SD,NYG,37.0,14.0,23.0,0.5387710687054363,1,False
2013,14,2013_14_SEA_SF,SF,SEA,19.0,17.0,2.0,0.482684209193264,1,False
2013,14,2013_14_CAR_NO,NO,CAR,31.0,13.0,18.0,0.5498207154084718,1,False
2013,14,2013_14_DAL_CHI,CHI,DAL,45.0,28.0,17.0,0.5227190383972551,1,False
2013,15,2013_15_SD_DEN,DEN,SD,20.0,27.0,-7.0,0.7886299433953766,0,False
2013,15,2013_15_WAS_ATL,ATL,WAS,27.0,26.0,1.0,0.646060472459477,1,False
2013,15,2013_15_CHI_CLE,CLE,CHI,31.0,38.0,-7.0,0.3927186771826426,0,False
2013,15,2013_15_HOU_IND,IND,HOU,25.0,3.0,22.0,0.729054780369441,1,False
2013,15,2013_15_BUF_JAX,JAX,BUF,20.0,27.0,-7.0,0.512022728306029,0,False
2013,15,2013_15_NE_MIA,MIA,NE,24.0,20.0,4.0,0.3756488581516613,1,False
2013,15,2013_15_PHI_MIN,MIN,PHI,48.0,30.0,18.0,0.4552600003610376,1,False
2013,15,2013_15_SEA_NYG,NYG,SEA,0.0,23.0,-23.0,0.2884064133006732,0,False
2013,15,2013_15_SF_TB,TB,SF,14.0,33.0,-19.0,0.3164198822388861,0,False
2013,15,2013_15_NYJ_CAR,CAR,NYJ,30.0,20.0,10.0,0.7910658969836606,1,False
2013,15,2013_15_KC_OAK,OAK,KC,31.0,56.0,-25.0,0.3456557750206563,0,False
2013,15,2013_15_GB_DAL,DAL,GB,36.0,37.0,-1.0,0.5765276575104302,0,False
2013,15,2013_15_NO_STL,STL,NO,27.0,16.0,11.0,0.346296234050138,1,False
2013,15,2013_15_ARI_TEN,TEN,ARI,34.0,37.0,-3.0,0.43498411296839506,0,False
2013,15,2013_15_CIN_PIT,PIT,CIN,30.0,20.0,10.0,0.3995569385991731,1,False
2013,15,2013_15_BAL_DET,DET,BAL,16.0,18.0,-2.0,0.4788849916202859,0,False
2013,16,2013_16_MIA_BUF,BUF,MIA,19.0,0.0,19.0,0.38962792005594804,1,False
2013,16,2013_16_NO_CAR,CAR,NO,17.0,13.0,4.0,0.5794327174212142,1,False
2013,16,2013_16_MIN_CIN,CIN,MIN,42.0,14.0,28.0,0.7160538752631861,1,False
2013,16,2013_16_DEN_HOU,HOU,DEN,13.0,37.0,-24.0,0.20742732092371544,0,False
2013,16,2013_16_TEN_JAX,JAX,TEN,16.0,20.0,-4.0,0.4351646210939882,0,False
2013,16,2013_16_IND_KC,KC,IND,7.0,23.0,-16.0,0.5909627981663189,0,False
2013,16,2013_16_CLE_NYJ,NYJ,CLE,24.0,13.0,11.0,0.5918280066574089,1,False
2013,16,2013_16_TB_STL,STL,TB,23.0,13.0,10.0,0.648926691640689,1,False
2013,16,2013_16_DAL_WAS,WAS,DAL,23.0,24.0,-1.0,0.41663558917024135,0,False
2013,16,2013_16_NYG_DET,DET,NYG,20.0,23.0,-3.0,0.6016631814312906,0,False
2013,16,2013_16_ARI_SEA,SEA,ARI,10.0,17.0,-7.0,0.7523327417804069,0,False
2013,16,2013_16_NE_BAL,BAL,NE,7.0,41.0,-34.0,0.46014787334861057,0,False
2013,16,2013_16_PIT_GB,GB,PIT,31.0,38.0,-7.0,0.555412686827773,0,False
2013,16,2013_16_OAK_SD,SD,OAK,26.0,13.0,13.0,0.7884576442503476,1,False
2013,16,2013_16_CHI_PHI,PHI,CHI,54.0,11.0,43.0,0.5181699936815098,1,False
2013,16,2013_16_ATL_SF,SF,ATL,34.0,24.0,10.0,0.800448622778171,1,False
2013,17,2013_17_CAR_ATL,ATL,CAR,20.0,21.0,-1.0,0.3370440761208998,0,False
2013,17,2013_17_BAL_CIN,CIN,BAL,34.0,17.0,17.0,0.6614197200935815,1,False
2013,17,2013_17_JAX_IND,IND,JAX,30.0,10.0,20.0,0.8245073240348235,1,False
2013,17,2013_17_NYJ_MIA,MIA,NYJ,7.0,20.0,-13.0,0.6799279122158421,0,False
2013,17,2013_17_DET_MIN,MIN,DET,14.0,13.0,1.0,0.5562365183052729,1,False
2013,17,2013_17_WAS_NYG,NYG,WAS,20.0,6.0,14.0,0.6815724705486663,1,False
2013,17,2013_17_CLE_PIT,PIT,CLE,20.0,7.0,13.0,0.7770546766655824,1,False
2013,17,2013_17_HOU_TEN,TEN,HOU,16.0,10.0,6.0,0.6779031518962575,1,False
2013,17,2013_17_SF_ARI,ARI,SF,20.0,23.0,-3.0,0.44708671055535376,0,False
2013,17,2013_17_GB_CHI,CHI,GB,28.0,33.0,-5.0,0.5820887251555974,0,False
2013,17,2013_17_BUF_NE,NE,BUF,34.0,20.0,14.0,0.8216577075445001,1,False
2013,17,2013_17_TB_NO,NO,TB,42.0,17.0,25.0,0.7688203209197668,1,False
2013,17,2013_17_DEN_OAK,OAK,DEN,14.0,34.0,-20.0,0.17306378820812623,0,False
2013,17,2013_17_KC_SD,SD,KC,27.0,24.0,3.0,0.6050997051542056,1,False
2013,17,2013_17_STL_SEA,SEA,STL,27.0,9.0,18.0,0.7594029995485573,1,False
2013,17,2013_17_PHI_DAL,DAL,PHI,22.0,24.0,-2.0,0.5340331514411764,0,False
2014,1,2014_01_GB_SEA,SEA,GB,36.0,16.0,20.0,0.7048927402518224,1,False
2014,1,2014_01_NO_ATL,ATL,NO,37.0,34.0,3.0,0.4398383787856638,1,False
2014,1,2014_01_CIN_BAL,BAL,CIN,16.0,23.0,-7.0,0.4832395099772957,0,False
2014,1,2014_01_BUF_CHI,CHI,BUF,20.0,23.0,-3.0,0.6140700904223719,0,False
2014,1,2014_01_WAS_HOU,HOU,WAS,17.0,6.0,11.0,0.5536081791014847,1,False
2014,1,2014_01_TEN_KC,KC,TEN,10.0,26.0,-16.0,0.6131353367732816,0,False
2014,1,2014_01_NE_MIA,MIA,NE,33.0,20.0,13.0,0.4072386422069353,1,False
2014,1,2014_01_OAK_NYJ,NYJ,OAK,19.0,14.0,5.0,0.6645216186116911,1,False
2014,1,2014_01_JAX_PHI,PHI,JAX,34.0,17.0,17.0,0.7399843969041004,1,False
2014,1,2014_01_CLE_PIT,PIT,CLE,30.0,27.0,3.0,0.7189589203985992,1,False
2014,1,2014_01_MIN_STL,STL,MIN,6.0,34.0,-28.0,0.60187391610111,0,False
2014,1,2014_01_SF_DAL,DAL,SF,17.0,28.0,-11.0,0.42764943544951417,0,False
2014,1,2014_01_CAR_TB,TB,CAR,14.0,20.0,-6.0,0.3952712335385689,0,False
2014,1,2014_01_IND_DEN,DEN,IND,31.0,24.0,7.0,0.6603401226245601,1,False
2014,1,2014_01_NYG_DET,DET,NYG,35.0,14.0,21.0,0.5511124647911569,1,False
2014,1,2014_01_SD_ARI,ARI,SD,18.0,17.0,1.0,0.5819385096662575,1,False
2014,2,2014_02_PIT_BAL,BAL,PIT,26.0,6.0,20.0,0.5189700520683617,1,False
2014,2,2014_02_MIA_BUF,BUF,MIA,29.0,10.0,19.0,0.5117801113995039,1,False
2014,2,2014_02_DET_CAR,CAR,DET,24.0,7.0,17.0,0.6744664307660387,1,False
2014,2,2014_02_ATL_CIN,CIN,ATL,24.0,10.0,14.0,0.7100046246913099,1,False
2014,2,2014_02_NO_CLE,CLE,NO,26.0,24.0,2.0,0.3780660375183411,1,False
2014,2,2014_02_NE_MIN,MIN,NE,7.0,30.0,-23.0,0.4801298163188792,0,False
2014,2,2014_02_ARI_NYG,NYG,ARI,14.0,25.0,-11.0,0.4627992033905585,0,False
2014,2,2014_02_DAL_TEN,TEN,DAL,10.0,26.0,-16.0,0.5900253481548708,0,False
2014,2,2014_02_JAX_WAS,WAS,JAX,41.0,10.0,31.0,0.6065063700923652,1,False
2014,2,2014_02_SEA_SD,SD,SEA,30.0,21.0,9.0,0.43082799034461433,1,False
2014,2,2014_02_STL_TB,TB,STL,17.0,19.0,-2.0,0.5228469843506399,0,False
2014,2,2014_02_KC_DEN,DEN,KC,24.0,17.0,7.0,0.7444152691895286,1,False
2014,2,2014_02_NYJ_GB,GB,NYJ,31.0,24.0,7.0,0.5819803180442165,1,False
2014,2,2014_02_HOU_OAK,OAK,HOU,14.0,30.0,-16.0,0.5105218292403276,0,False
2014,2,2014_02_CHI_SF,SF,CHI,20.0,28.0,-8.0,0.7416836956448373,0,False
2014,2,2014_02_PHI_IND,IND,PHI,27.0,30.0,-3.0,0.5491483551531884,0,False
2014,3,2014_03_TB_ATL,ATL,TB,56.0,14.0,42.0,0.6232386504607289,1,False
2014,3,2014_03_SD_BUF,BUF,SD,10.0,22.0,-12.0,0.502366683413825,0,False
2014,3,2014_03_TEN_CIN,CIN,TEN,33.0,7.0,26.0,0.7353303741674394,1,False
2014,3,2014_03_BAL_CLE,CLE,BAL,21.0,23.0,-2.0,0.4210375848099202,0,False
2014,3,2014_03_GB_DET,DET,GB,19.0,7.0,12.0,0.5464628705797059,1,False
2014,3,2014_03_IND_JAX,JAX,IND,17.0,44.0,-27.0,0.3484620157307168,0,False
2014,3,2014_03_OAK_NE,NE,OAK,16.0,9.0,7.0,0.8269130755425408,1,False
2014,3,2014_03_MIN_NO,NO,MIN,20.0,9.0,11.0,0.632442434589923,1,False
2014,3,2014_03_HOU_NYG,NYG,HOU,30.0,17.0,13.0,0.5713613013954859,1,False
2014,3,2014_03_WAS_PHI,PHI,WAS,37.0,34.0,3.0,0.7262088553158732,1,False
2014,3,2014_03_DAL_STL,STL,DAL,31.0,34.0,-3.0,0.5301857749379425,0,False
2014,3,2014_03_SF_ARI,ARI,SF,23.0,14.0,9.0,0.5295875380335543,1,False
2014,3,2014_03_KC_MIA,MIA,KC,15.0,34.0,-19.0,0.5986657007773688,0,False
2014,3,2014_03_DEN_SEA,SEA,DEN,26.0,20.0,6.0,0.5352044949398016,1,False
2014,3,2014_03_PIT_CAR,CAR,PIT,19.0,37.0,-18.0,0.6911228515831414,0,False
2014,3,2014_03_CHI_NYJ,NYJ,CHI,19.0,27.0,-8.0,0.5135130204253093,0,False
2014,4,2014_04_NYG_WAS,WAS,NYG,14.0,45.0,-31.0,0.49855880478901005,0,False
2014,4,2014_04_CAR_BAL,BAL,CAR,38.0,10.0,28.0,0.5212100868078612,1,False
2014,4,2014_04_GB_CHI,CHI,GB,17.0,38.0,-21.0,0.6235475908676417,0,False
2014,4,2014_04_BUF_HOU,HOU,BUF,23.0,17.0,6.0,0.49611342928146496,1,False
2014,4,2014_04_TEN_IND,IND,TEN,41.0,17.0,24.0,0.6630263128536552,1,False
2014,4,2014_04_DET_NYJ,NYJ,DET,17.0,24.0,-7.0,0.4866303550867571,0,False
2014,4,2014_04_MIA_OAK,OAK,MIA,14.0,38.0,-24.0,0.3615711765294084,0,True
2014,4,2014_04_TB_PIT,PIT,TB,24.0,27.0,-3.0,0.7445595794950379,0,False
2014,4,2014_04_JAX_SD,SD,JAX,33.0,14.0,19.0,0.8318307732169803,1,False
2014,4,2014_04_ATL_MIN,MIN,ATL,41.0,28.0,13.0,0.5385906125066151,1,False
2014,4,2014_04_PHI_SF,SF,PHI,26.0,21.0,5.0,0.5877109190471047,1,False
2014,4,2014_04_NO_DAL,DAL,NO,38.0,17.0,21.0,0.5283711016591949,1,False
2014,4,2014_04_NE_KC,KC,NE,41.0,14.0,27.0,0.422196285606949,1,False
2014,5,2014_05_MIN_GB,GB,MIN,42.0,10.0,32.0,0.5956743780608549,1,False
2014,5,2014_05_CHI_CAR,CAR,CHI,31.0,24.0,7.0,0.6333405657250416,1,False
2014,5,2014_05_HOU_DAL,DAL,HOU,20.0,17.0,3.0,0.699471495493609,1,False
2014,5,2014_05_BUF_DET,DET,BUF,14.0,17.0,-3.0,0.6492315881665176,0,False
2014,5,2014_05_BAL_IND,IND,BAL,20.0,13.0,7.0,0.5481212819431236,1,False
2014,5,2014_05_PIT_JAX,JAX,PIT,9.0,17.0,-8.0,0.3043798616681184,0,False
2014,5,2014_05_TB_NO,NO,TB,37.0,31.0,6.0,0.7057404302684193,1,False
2014,5,2014_05_ATL_NYG,NYG,ATL,30.0,20.0,10.0,0.6064673952888153,1,False
2014,5,2014_05_STL_PHI,PHI,STL,34.0,28.0,6.0,0.6688579120663541,1,False
2014,5,2014_05_CLE_TEN,TEN,CLE,28.0,29.0,-1.0,0.6034191249490523,0,False
2014,5,2014_05_ARI_DEN,DEN,ARI,41.0,20.0,21.0,0.6114502142875118,1,False
2014,5,2014_05_NYJ_SD,SD,NYJ,31.0,0.0,31.0,0.748861581752347,1,False
2014,5,2014_05_KC_SF,SF,KC,22.0,17.0,5.0,0.6410432762053003,1,False
2014,5,2014_05_CIN_NE,NE,CIN,43.0,17.0,26.0,0.4915321316127033,1,False
2014,5,2014_05_SEA_WAS,WAS,SEA,17.0,27.0,-10.0,0.2772793897732857,0,False
2014,6,2014_06_IND_HOU,HOU,IND,28.0,33.0,-5.0,0.3974892485436213,0,False
2014,6,2014_06_NE_BUF,BUF,NE,22.0,37.0,-15.0,0.4071247695749091,0,False
2014,6,2014_06_CAR_CIN,CIN,CAR,37.0,37.0,0.0,0.6200629126086725,0,False
2014,6,2014_06_PIT_CLE,CLE,PIT,31.0,10.0,21.0,0.4146975074337785,1,False
2014,6,2014_06_GB_MIA,MIA,GB,24.0,27.0,-3.0,0.4901405968051982,0,False
2014,6,2014_06_DET_MIN,MIN,DET,3.0,17.0,-14.0,0.511684158095854,0,False
2014,6,2014_06_DEN_NYJ,NYJ,DEN,17.0,31.0,-14.0,0.28528588746966205,0,False
2014,6,2014_06_BAL_TB,TB,BAL,17.0,48.0,-31.0,0.3787709730204544,0,False
2014,6,2014_06_JAX_TEN,TEN,JAX,16.0,14.0,2.0,0.7160246036856808,1,False
2014,6,2014_06_SD_OAK,OAK,SD,28.0,31.0,-3.0,0.24446583022302823,0,False
2014,6,2014_06_WAS_ARI,ARI,WAS,30.0,20.0,10.0,0.774908499266926,1,False
2014,6,2014_06_CHI_ATL,ATL,CHI,13.0,27.0,-14.0,0.535923519519553,0,False
2014,6,2014_06_DAL_SEA,SEA,DAL,23.0,30.0,-7.0,0.6653651849379432,0,False
2014,6,2014_06_NYG_PHI,PHI,NYG,27.0,0.0,27.0,0.6266877369463244,1,False
2014,6,2014_06_SF_STL,STL,SF,17.0,31.0,-14.0,0.37972317299541103,0,False
2014,7,2014_07_NYJ_NE,NE,NYJ,27.0,25.0,2.0,0.8059387499366379,1,False
2014,7,2014_07_ATL_BAL,BAL,ATL,29.0,7.0,22.0,0.7357675666894239,1,False
2014,7,2014_07_MIN_BUF,BUF,MIN,17.0,16.0,1.0,0.5935482023111449,1,False
2014,7,2014_07_MIA_CHI,CHI,MIA,14.0,27.0,-13.0,0.6092071494080991,0,False
2014,7,2014_07_NO_DET,DET,NO,24.0,23.0,1.0,0.5647958302205981,1,False
2014,7,2014_07_CAR_GB,GB,CAR,38.0,17.0,21.0,0.554697353626678,1,False
2014,7,2014_07_CIN_IND,IND,CIN,27.0,0.0,27.0,0.560193817377616,1,False
2014,7,2014_07_CLE_JAX,JAX,CLE,24.0,6.0,18.0,0.37401094192746076,1,False
2014,7,2014_07_SEA_STL,STL,SEA,28.0,26.0,2.0,0.3497584300634144,1,False
2014,7,2014_07_TEN_WAS,WAS,TEN,19.0,17.0,2.0,0.4900099741608811,1,False
2014,7,2014_07_KC_SD,SD,KC,20.0,23.0,-3.0,0.6757264745937761,0,False
2014,7,2014_07_NYG_DAL,DAL,NYG,31.0,21.0,10.0,0.6834173600848411,1,False
2014,7,2014_07_ARI_OAK,OAK,ARI,13.0,24.0,-11.0,0.26879608877947464,0,False
2014,7,2014_07_SF_DEN,DEN,SF,42.0,17.0,25.0,0.6168773477637834,1,False
2014,7,2014_07_HOU_PIT,PIT,HOU,30.0,23.0,7.0,0.6592810490329672,1,False
2014,8,2014_08_SD_DEN,DEN,SD,35.0,21.0,14.0,0.6788533426415162,1,False
2014,8,2014_08_DET_ATL,ATL,DET,21.0,22.0,-1.0,0.3402124967205576,0,True
2014,8,2014_08_SEA_CAR,CAR,SEA,9.0,13.0,-4.0,0.49028537557167723,0,False
2014,8,2014_08_BAL_CIN,CIN,BAL,27.0,24.0,3.0,0.5380651522070853,1,False
2014,8,2014_08_MIA_JAX,JAX,MIA,13.0,27.0,-14.0,0.3683447059705355,0,False
2014,8,2014_08_STL_KC,KC,STL,34.0,7.0,27.0,0.6711395850459498,1,False
2014,8,2014_08_CHI_NE,NE,CHI,51.0,23.0,28.0,0.7455057974678191,1,False
2014,8,2014_08_BUF_NYJ,NYJ,BUF,23.0,43.0,-20.0,0.4819163659353558,0,False
2014,8,2014_08_MIN_TB,TB,MIN,13.0,19.0,-6.0,0.49950758181095667,0,False
2014,8,2014_08_HOU_TEN,TEN,HOU,16.0,30.0,-14.0,0.5830691283748948,0,False
2014,8,2014_08_PHI_ARI,ARI,PHI,24.0,20.0,4.0,0.5667318827595603,1,False
2014,8,2014_08_OAK_CLE,CLE,OAK,23.0,13.0,10.0,0.6867933328325538,1,False
2014,8,2014_08_IND_PIT,PIT,IND,51.0,34.0,17.0,0.44304985693604176,1,False
2014,8,2014_08_GB_NO,NO,GB,44.0,23.0,21.0,0.5069869230749927,1,False
2014,8,2014_08_WAS_DAL,DAL,WAS,17.0,20.0,-3.0,0.80543698516128,0,False
2014,9,2014_09_NO_CAR,CAR,NO,10.0,28.0,-18.0,0.5237824629633389,0,False
2014,9,2014_09_JAX_CIN,CIN,JAX,33.0,23.0,10.0,0.831345911699133,1,False
2014,9,2014_09_TB_CLE,CLE,TB,22.0,17.0,5.0,0.6463978292494925,1,False
2014,9,2014_09_ARI_DAL,DAL,ARI,17.0,28.0,-11.0,0.5478423712618079,0,False
2014,9,2014_09_PHI_HOU,HOU,PHI,21.0,31.0,-10.0,0.39734163007480694,0,False
2014,9,2014_09_NYJ_KC,KC,NYJ,24.0,10.0,14.0,0.7754258694920578,1,False
2014,9,2014_09_SD_MIA,MIA,SD,37.0,0.0,37.0,0.4871243622048662,1,False
2014,9,2014_09_WAS_MIN,MIN,WAS,29.0,26.0,3.0,0.6348712875200215,1,False
2014,9,2014_09_STL_SF,SF,STL,10.0,13.0,-3.0,0.7539809986834927,0,False
2014,9,2014_09_DEN_NE,NE,DEN,43.0,21.0,22.0,0.4998906442462724,1,False
2014,9,2014_09_OAK_SEA,SEA,OAK,30.0,24.0,6.0,0.8694425210154443,1,False
2014,9,2014_09_BAL_PIT,PIT,BAL,43.0,23.0,20.0,0.53690171262047,1,False
2014,9,2014_09_IND_NYG,NYG,IND,24.0,40.0,-16.0,0.437847644716425,0,False
2014,10,2014_10_CLE_CIN,CIN,CLE,3.0,24.0,-21.0,0.7340672459247258,0,False
2014,10,2014_10_TEN_BAL,BAL,TEN,21.0,7.0,14.0,0.7416593848603481,1,False
2014,10,2014_10_KC_BUF,BUF,KC,13.0,17.0,-4.0,0.4640796449248775,0,False
2014,10,2014_10_MIA_DET,DET,MIA,20.0,16.0,4.0,0.5648507404452108,1,False
2014,10,2014_10_DAL_JAX,JAX,DAL,17.0,31.0,-14.0,0.21947095338885267,0,True
2014,10,2014_10_SF_NO,NO,SF,24.0,27.0,-3.0,0.5858810873695526,0,False
2014,10,2014_10_PIT_NYJ,NYJ,PIT,20.0,13.0,7.0,0.30781208395850024,1,False
2014,10,2014_10_ATL_TB,TB,ATL,17.0,27.0,-10.0,0.5047357185853525,0,False
2014,10,2014_10_DEN_OAK,OAK,DEN,17.0,41.0,-24.0,0.163946636268141,0,False
2014,10,2014_10_STL_ARI,ARI,STL,31.0,14.0,17.0,0.7607236609119978,1,False
2014,10,2014_10_NYG_SEA,SEA,NYG,38.0,17.0,21.0,0.7530984553991549,1,False
2014,10,2014_10_CHI_GB,GB,CHI,55.0,14.0,41.0,0.683753666867301,1,False
2014,10,2014_10_CAR_PHI,PHI,CAR,45.0,21.0,24.0,0.6726987178530013,1,False
2014,11,2014_11_BUF_MIA,MIA,BUF,22.0,9.0,13.0,0.6393061066365954,1,False
2014,11,2014_11_ATL_CAR,CAR,ATL,17.0,19.0,-2.0,0.6404671534803804,0,False
2014,11,2014_11_MIN_CHI,CHI,MIN,21.0,13.0,8.0,0.531466915699821,1,False
2014,11,2014_11_HOU_CLE,CLE,HOU,7.0,23.0,-16.0,0.6429094303644228,0,False
2014,11,2014_11_SEA_KC,KC,SEA,24.0,20.0,4.0,0.5076990973967948,1,False
2014,11,2014_11_CIN_NO,NO,CIN,10.0,27.0,-17.0,0.6096172555536296,0,False
2014,11,2014_11_SF_NYG,NYG,SF,10.0,16.0,-6.0,0.38537805182418566,0,False
2014,11,2014_11_DEN_STL,STL,DEN,22.0,7.0,15.0,0.2816511753350383,1,False
2014,11,2014_11_TB_WAS,WAS,TB,7.0,27.0,-20.0,0.6386672029567848,0,False
2014,11,2014_11_OAK_SD,SD,OAK,13.0,6.0,7.0,0.8261788942834124,1,False
2014,11,2014_11_DET_ARI,ARI,DET,14.0,6.0,8.0,0.6638956894086656,1,False
2014,11,2014_11_PHI_GB,GB,PHI,53.0,20.0,33.0,0.5284541344607888,1,False
2014,11,2014_11_NE_IND,IND,NE,20.0,42.0,-22.0,0.4694153289059642,0,False
2014,11,2014_11_PIT_TEN,TEN,PIT,24.0,27.0,-3.0,0.36361725064083034,0,False
2014,12,2014_12_KC_OAK,OAK,KC,24.0,20.0,4.0,0.20518593956355072,1,False
2014,12,2014_12_CLE_ATL,ATL,CLE,24.0,26.0,-2.0,0.551874337964422,0,False
2014,12,2014_12_TB_CHI,CHI,TB,21.0,13.0,8.0,0.6745889334008325,1,False
2014,12,2014_12_CIN_HOU,HOU,CIN,13.0,22.0,-9.0,0.4195951307088317,0,False
2014,12,2014_12_JAX_IND,IND,JAX,23.0,3.0,20.0,0.8448541310154527,1,False
2014,12,2014_12_GB_MIN,MIN,GB,21.0,24.0,-3.0,0.35977423228415506,0,False
2014,12,2014_12_DET_NE,NE,DET,34.0,9.0,25.0,0.7495045772587807,1,False
2014,12,2014_12_TEN_PHI,PHI,TEN,43.0,24.0,19.0,0.7882708662995654,1,False
2014,12,2014_12_STL_SD,SD,STL,27.0,24.0,3.0,0.6501217439692631,1,False
2014,12,2014_12_ARI_SEA,SEA,ARI,19.0,3.0,16.0,0.5309685479167442,1,False
2014,12,2014_12_MIA_DEN,DEN,MIA,39.0,36.0,3.0,0.6663743756618964,1,False
2014,12,2014_12_WAS_SF,SF,WAS,17.0,13.0,4.0,0.8210155528258711,1,False
2014,12,2014_12_DAL_NYG,NYG,DAL,28.0,31.0,-3.0,0.3966103640589702,0,False
2014,12,2014_12_NYJ_BUF,BUF,NYJ,38.0,3.0,35.0,0.5825213378266838,1,True
2014,12,2014_12_BAL_NO,NO,BAL,27.0,34.0,-7.0,0.5544967571846096,0,False
2014,13,2014_13_CHI_DET,DET,CHI,34.0,17.0,17.0,0.6415299422067734,1,False
2014,13,2014_13_PHI_DAL,DAL,PHI,10.0,33.0,-23.0,0.5581611616684784,0,False
2014,13,2014_13_SEA_SF,SF,SEA,3.0,19.0,-16.0,0.5198178144836628,0,False
2014,13,2014_13_SD_BAL,BAL,SD,33.0,34.0,-1.0,0.6009799060966247,0,False
2014,13,2014_13_CLE_BUF,BUF,CLE,26.0,10.0,16.0,0.6010953489860039,1,False
2014,13,2014_13_TEN_HOU,HOU,TEN,45.0,21.0,24.0,0.6654308207235984,1,False
2014,13,2014_13_WAS_IND,IND,WAS,49.0,27.0,22.0,0.815575391869862,1,False
2014,13,2014_13_NYG_JAX,JAX,NYG,25.0,24.0,1.0,0.4054693110680633,1,False
2014,13,2014_13_CAR_MIN,MIN,CAR,31.0,13.0,18.0,0.527648067741584,1,False
2014,13,2014_13_NO_PIT,PIT,NO,32.0,35.0,-3.0,0.6025719545396294,0,False
2014,13,2014_13_OAK_STL,STL,OAK,52.0,0.0,52.0,0.7518722349548922,1,False
2014,13,2014_13_CIN_TB,TB,CIN,13.0,14.0,-1.0,0.2868786798847112,0,False
2014,13,2014_13_ARI_ATL,ATL,ARI,29.0,18.0,11.0,0.32839398222937416,1,False
2014,13,2014_13_NE_GB,GB,NE,26.0,21.0,5.0,0.44395301687641486,1,False
2014,13,2014_13_DEN_KC,KC,DEN,16.0,29.0,-13.0,0.4837395934341836,0,False
2014,13,2014_13_MIA_NYJ,NYJ,MIA,13.0,16.0,-3.0,0.35007878540081255,0,False
2014,14,2014_14_DAL_CHI,CHI,DAL,28.0,41.0,-13.0,0.4406457922379475,0,False
2014,14,2014_14_PIT_CIN,CIN,PIT,21.0,42.0,-21.0,0.6312548708203232,0,False
2014,14,2014_14_IND_CLE,CLE,IND,24.0,25.0,-1.0,0.36864643541330777,0,False
2014,14,2014_14_TB_DET,DET,TB,34.0,17.0,17.0,0.7859883195935438,1,False
2014,14,2014_14_HOU_JAX,JAX,HOU,13.0,27.0,-14.0,0.3697421311068874,0,False
2014,14,2014_14_BAL_MIA,MIA,BAL,13.0,28.0,-15.0,0.5459889912054353,0,False
2014,14,2014_14_NYJ_MIN,MIN,NYJ,30.0,24.0,6.0,0.6936774167608345,1,False
2014,14,2014_14_CAR_NO,NO,CAR,10.0,41.0,-31.0,0.6918645190162458,0,False
2014,14,2014_14_NYG_TEN,TEN,NYG,7.0,36.0,-29.0,0.4743097180141416,0,False
2014,14,2014_14_STL_WAS,WAS,STL,0.0,24.0,-24.0,0.3834030250161305,0,False
2014,14,2014_14_KC_ARI,ARI,KC,17.0,14.0,3.0,0.6114521822868505,1,False
2014,14,2014_14_BUF_DEN,DEN,BUF,24.0,17.0,7.0,0.7449811601242075,1,False
2014,14,2014_14_SF_OAK,OAK,SF,24.0,13.0,11.0,0.22753667019655258,1,False
2014,14,2014_14_SEA_PHI,PHI,SEA,14.0,24.0,-10.0,0.5035839670926798,0,False
2014,14,2014_14_NE_SD,SD,NE,14.0,23.0,-9.0,0.399537805949475,0,False
2014,14,2014_14_ATL_GB,GB,ATL,43.0,37.0,6.0,0.766894548150044,1,False
2014,15,2014_15_ARI_STL,STL,ARI,6.0,12.0,-6.0,0.4551323108049461,0,False
2014,15,2014_15_PIT_ATL,ATL,PIT,20.0,27.0,-7.0,0.41977711318365657,0,False
2014,15,2014_15_JAX_BAL,BAL,JAX,20.0,12.0,8.0,0.8655849734055712,1,False
2014,15,2014_15_GB_BUF,BUF,GB,21.0,13.0,8.0,0.38173692910094503,1,False
2014,15,2014_15_TB_CAR,CAR,TB,19.0,17.0,2.0,0.736114443959172,1,False
2014,15,2014_15_CIN_CLE,CLE,CIN,0.0,30.0,-30.0,0.414828176019138,0,False
2014,15,2014_15_HOU_IND,IND,HOU,17.0,10.0,7.0,0.7183213959692577,1,False
2014,15,2014_15_OAK_KC,KC,OAK,31.0,13.0,18.0,0.7991766829359214,1,False
2014,15,2014_15_MIA_NE,NE,MIA,41.0,13.0,28.0,0.77207539674062,1,False
2014,15,2014_15_WAS_NYG,NYG,WAS,24.0,13.0,11.0,0.7066185625973921,1,False
2014,15,2014_15_DEN_SD,SD,DEN,10.0,22.0,-12.0,0.41289339858706914,0,False
2014,15,2014_15_NYJ_TEN,TEN,NYJ,11.0,16.0,-5.0,0.5287358282283462,0,False
2014,15,2014_15_MIN_DET,DET,MIN,16.0,14.0,2.0,0.6719613776232218,1,False
2014,15,2014_15_SF_SEA,SEA,SF,17.0,7.0,10.0,0.7374255094177535,1,False
2014,15,2014_15_DAL_PHI,PHI,DAL,27.0,38.0,-11.0,0.609558071746334,0,False
2014,15,2014_15_NO_CHI,CHI,NO,15.0,31.0,-16.0,0.48055712664189776,0,False
2014,16,2014_16_TEN_JAX,JAX,TEN,21.0,13.0,8.0,0.5477866743007368,1,False
2014,16,2014_16_PHI_WAS,WAS,PHI,27.0,24.0,3.0,0.2557723747765573,1,False
2014,16,2014_16_SD_SF,SF,SD,35.0,38.0,-3.0,0.5663152904376383,0,False
2014,16,2014_16_CLE_CAR,CAR,CLE,17.0,13.0,4.0,0.6604644360584453,1,False
2014,16,2014_16_DET_CHI,CHI,DET,14.0,20.0,-6.0,0.37207221218006237,0,False
2014,16,2014_16_BAL_HOU,HOU,BAL,25.0,13.0,12.0,0.3974759063644775,1,False
2014,16,2014_16_MIN_MIA,MIA,MIN,37.0,35.0,2.0,0.6239811047407906,1,False
2014,16,2014_16_ATL_NO,NO,ATL,14.0,30.0,-16.0,0.6691300474633978,0,False
2014,16,2014_16_NE_NYJ,NYJ,NE,16.0,17.0,-1.0,0.1721652796331496,0,False
2014,16,2014_16_KC_PIT,PIT,KC,20.0,12.0,8.0,0.6074378101597558,1,False
2014,16,2014_16_GB_TB,TB,GB,3.0,20.0,-17.0,0.23353962412837617,0,False
2014,16,2014_16_NYG_STL,STL,NYG,27.0,37.0,-10.0,0.6207974213163623,0,False
2014,16,2014_16_IND_DAL,DAL,IND,42.0,7.0,35.0,0.541734128689749,1,False
2014,16,2014_16_BUF_OAK,OAK,BUF,26.0,24.0,2.0,0.314190074266298,1,False
2014,16,2014_16_SEA_ARI,ARI,SEA,6.0,35.0,-29.0,0.4582389139237867,0,False
2014,16,2014_16_DEN_CIN,CIN,DEN,37.0,28.0,9.0,0.4311247046997571,1,False
2014,17,2014_17_CLE_BAL,BAL,CLE,20.0,10.0,10.0,0.7574697531770413,1,False
2014,17,2014_17_JAX_HOU,HOU,JAX,23.0,17.0,6.0,0.7826051019223874,1,False
2014,17,2014_17_SD_KC,KC,SD,19.0,7.0,12.0,0.5621539579158189,1,False
2014,17,2014_17_NYJ_MIA,MIA,NYJ,24.0,37.0,-13.0,0.7507083152127003,0,False
2014,17,2014_17_CHI_MIN,MIN,CHI,13.0,9.0,4.0,0.6456692283869382,1,False
2014,17,2014_17_BUF_NE,NE,BUF,9.0,17.0,-8.0,0.8019252127049812,0,False
2014,17,2014_17_PHI_NYG,NYG,PHI,26.0,34.0,-8.0,0.47910891891399676,0,False
2014,17,2014_17_NO_TB,TB,NO,20.0,23.0,-3.0,0.36121714328259014,0,False
2014,17,2014_17_IND_TEN,TEN,IND,10.0,27.0,-17.0,0.22229538163122045,0,False
2014,17,2014_17_DAL_WAS,WAS,DAL,17.0,44.0,-27.0,0.22734647324147056,0,False
2014,17,2014_17_CAR_ATL,ATL,CAR,3.0,34.0,-31.0,0.5378573954524816,0,False
2014,17,2014_17_OAK_DEN,DEN,OAK,47.0,14.0,33.0,0.8765408323452166,1,False
2014,17,2014_17_DET_GB,GB,DET,30.0,20.0,10.0,0.6324357827396531,1,False
2014,17,2014_17_STL_SEA,SEA,STL,20.0,6.0,14.0,0.8299217828821073,1,False
2014,17,2014_17_ARI_SF,SF,ARI,20.0,17.0,3.0,0.47957579608971873,1,False
2014,17,2014_17_CIN_PIT,PIT,CIN,27.0,17.0,10.0,0.5683921022809114,1,False
2015,1,2015_01_PIT_NE,NE,PIT,28.0,21.0,7.0,0.6231687995963343,1,False
2015,1,2015_01_IND_BUF,BUF,IND,27.0,14.0,13.0,0.537137765316538,1,False
2015,1,2015_01_GB_CHI,CHI,GB,23.0,31.0,-8.0,0.37581113182934756,0,False
2015,1,2015_01_KC_HOU,HOU,KC,20.0,27.0,-7.0,0.5286479490356816,0,False
2015,1,2015_01_CAR_JAX,JAX,CAR,9.0,20.0,-11.0,0.39390814960320186,0,False
2015,1,2015_01_CLE_NYJ,NYJ,CLE,31.0,10.0,21.0,0.5764602518275826,1,False
2015,1,2015_01_SEA_STL,STL,SEA,34.0,31.0,3.0,0.36614352091453284,1,False
2015,1,2015_01_MIA_WAS,WAS,MIA,10.0,17.0,-7.0,0.4456909436991712,0,False
2015,1,2015_01_NO_ARI,ARI,NO,31.0,19.0,12.0,0.6278340568799317,1,False
2015,1,2015_01_DET_SD,SD,DET,33.0,28.0,5.0,0.5425168767080009,1,False
2015,1,2015_01_BAL_DEN,DEN,BAL,19.0,13.0,6.0,0.6367105308158264,1,False
2015,1,2015_01_CIN_OAK,OAK,CIN,13.0,33.0,-20.0,0.3759423816029857,0,False
2015,1,2015_01_TEN_TB,TB,TEN,14.0,42.0,-28.0,0.6044332477202989,0,False
2015,1,2015_01_NYG_DAL,DAL,NYG,27.0,26.0,1.0,0.6938503491550893,1,False
2015,1,2015_01_PHI_ATL,ATL,PHI,26.0,24.0,2.0,0.4774136900285408,1,False
2015,1,2015_01_MIN_SF,SF,MIN,20.0,3.0,17.0,0.6152521827372831,1,False
2015,2,2015_02_DEN_KC,KC,DEN,24.0,31.0,-7.0,0.49162039815403635,0,False
2015,2,2015_02_NE_BUF,BUF,NE,32.0,40.0,-8.0,0.46731401029491026,0,False
2015,2,2015_02_HOU_CAR,CAR,HOU,24.0,17.0,7.0,0.6257623872865624,1,False
2015,2,2015_02_ARI_CHI,CHI,ARI,23.0,48.0,-25.0,0.39066146643705657,0,False
2015,2,2015_02_SD_CIN,CIN,SD,24.0,19.0,5.0,0.6159918583438289,1,False
2015,2,2015_02_TEN_CLE,CLE,TEN,28.0,14.0,14.0,0.5854047163329374,1,False
2015,2,2015_02_DET_MIN,MIN,DET,26.0,16.0,10.0,0.4971268257298155,1,False
2015,2,2015_02_TB_NO,NO,TB,19.0,26.0,-7.0,0.7130637762604044,0,False
2015,2,2015_02_ATL_NYG,NYG,ATL,20.0,24.0,-4.0,0.5651996760934281,0,False
2015,2,2015_02_SF_PIT,PIT,SF,43.0,18.0,25.0,0.5915447710848589,1,False
2015,2,2015_02_STL_WAS,WAS,STL,24.0,10.0,14.0,0.424020065547996,1,False
2015,2,2015_02_MIA_JAX,JAX,MIA,23.0,20.0,3.0,0.3912550471588801,1,False
2015,2,2015_02_BAL_OAK,OAK,BAL,37.0,33.0,4.0,0.3768422829187137,1,False
2015,2,2015_02_DAL_PHI,PHI,DAL,10.0,20.0,-10.0,0.49800855698785773,0,False
2015,2,2015_02_SEA_GB,GB,SEA,27.0,17.0,10.0,0.5441639664986863,1,False
2015,2,2015_02_NYJ_IND,IND,NYJ,7.0,20.0,-13.0,0.6466693431185591,0,False
2015,3,2015_03_WAS_NYG,NYG,WAS,32.0,21.0,11.0,0.6291531135540873,1,False
2015,3,2015_03_CIN_BAL,BAL,CIN,24.0,28.0,-4.0,0.4842963070624666,0,False
2015,3,2015_03_NO_CAR,CAR,NO,27.0,22.0,5.0,0.683438687327169,1,False
2015,3,2015_03_OAK_CLE,CLE,OAK,20.0,27.0,-7.0,0.6084153901419573,0,False
2015,3,2015_03_ATL_DAL,DAL,ATL,28.0,39.0,-11.0,0.7020517463601484,0,False
2015,3,2015_03_TB_HOU,HOU,TB,19.0,9.0,10.0,0.6762776982591248,1,False
2015,3,2015_03_SD_MIN,MIN,SD,31.0,14.0,17.0,0.5332648139308308,1,False
2015,3,2015_03_JAX_NE,NE,JAX,51.0,17.0,34.0,0.840489976350184,1,False
2015,3,2015_03_PHI_NYJ,NYJ,PHI,17.0,24.0,-7.0,0.5510491840797425,0,False
2015,3,2015_03_PIT_STL,STL,PIT,6.0,12.0,-6.0,0.41371834062643037,0,False
2015,3,2015_03_IND_TEN,TEN,IND,33.0,35.0,-2.0,0.409964196837105,0,False
2015,3,2015_03_SF_ARI,ARI,SF,47.0,7.0,40.0,0.653466946663229,1,False
2015,3,2015_03_BUF_MIA,MIA,BUF,14.0,41.0,-27.0,0.5087492143600233,0,False
2015,3,2015_03_CHI_SEA,SEA,CHI,26.0,0.0,26.0,0.7835915917268271,1,False
2015,3,2015_03_DEN_DET,DET,DEN,12.0,24.0,-12.0,0.3962321046452953,0,False
2015,3,2015_03_KC_GB,GB,KC,38.0,28.0,10.0,0.6722526813088199,1,False
2015,4,2015_04_BAL_PIT,PIT,BAL,20.0,23.0,-3.0,0.686973363074596,0,False
2015,4,2015_04_NYJ_MIA,MIA,NYJ,14.0,27.0,-13.0,0.4813376310133638,0,True
2015,4,2015_04_HOU_ATL,ATL,HOU,48.0,21.0,27.0,0.6161342710970863,1,False
2015,4,2015_04_NYG_BUF,BUF,NYG,10.0,24.0,-14.0,0.6719457578577063,0,False
2015,4,2015_04_OAK_CHI,CHI,OAK,22.0,20.0,2.0,0.5304836985911795,1,False
2015,4,2015_04_KC_CIN,CIN,KC,36.0,21.0,15.0,0.6566528307527157,1,False
2015,4,2015_04_JAX_IND,IND,JAX,16.0,13.0,3.0,0.729084046248944,1,False
2015,4,2015_04_CAR_TB,TB,CAR,23.0,37.0,-14.0,0.3322334063178347,0,False
2015,4,2015_04_PHI_WAS,WAS,PHI,23.0,20.0,3.0,0.40037348280714163,1,False
2015,4,2015_04_CLE_SD,SD,CLE,30.0,27.0,3.0,0.6649983428692808,1,False
2015,4,2015_04_STL_ARI,ARI,STL,22.0,24.0,-2.0,0.7501361975418932,0,False
2015,4,2015_04_MIN_DEN,DEN,MIN,23.0,20.0,3.0,0.7241197518508389,1,False
2015,4,2015_04_GB_SF,SF,GB,3.0,17.0,-14.0,0.38048743151707404,0,False
2015,4,2015_04_DAL_NO,NO,DAL,26.0,20.0,6.0,0.4029698689540035,1,False
2015,4,2015_04_DET_SEA,SEA,DET,13.0,10.0,3.0,0.7259421900177516,1,False
2015,5,2015_05_IND_HOU,HOU,IND,20.0,27.0,-7.0,0.5026471253146385,0,False
2015,5,2015_05_WAS_ATL,ATL,WAS,25.0,19.0,6.0,0.7309227936566762,1,False
2015,5,2015_05_CLE_BAL,BAL,CLE,30.0,33.0,-3.0,0.7079337291936029,0,False
2015,5,2015_05_SEA_CIN,CIN,SEA,27.0,24.0,3.0,0.5606555645193995,1,False
2015,5,2015_05_STL_GB,GB,STL,24.0,10.0,14.0,0.7775743630299463,1,False
2015,5,2015_05_CHI_KC,KC,CHI,17.0,18.0,-1.0,0.6930975800904303,0,False
2015,5,2015_05_NO_PHI,PHI,NO,39.0,17.0,22.0,0.6265189130907171,1,False
2015,5,2015_05_JAX_TB,TB,JAX,38.0,31.0,7.0,0.5627169243045124,1,False
2015,5,2015_05_BUF_TEN,TEN,BUF,13.0,14.0,-1.0,0.3629585619470282,0,False
2015,5,2015_05_ARI_DET,DET,ARI,17.0,42.0,-25.0,0.4148325576853359,0,False
2015,5,2015_05_NE_DAL,DAL,NE,6.0,30.0,-24.0,0.4303321050666925,0,False
2015,5,2015_05_DEN_OAK,OAK,DEN,10.0,16.0,-6.0,0.2761959089433987,0,False
2015,5,2015_05_SF_NYG,NYG,SF,30.0,27.0,3.0,0.6155895530563349,1,False
2015,5,2015_05_PIT_SD,SD,PIT,20.0,24.0,-4.0,0.4637530250455696,0,False
2015,6,2015_06_ATL_NO,NO,ATL,31.0,21.0,10.0,0.4199666046334553,1,False
2015,6,2015_06_CIN_BUF,BUF,CIN,21.0,34.0,-13.0,0.45676095125857274,0,False
2015,6,2015_06_DEN_CLE,CLE,DEN,23.0,26.0,-3.0,0.2762155912430434,0,False
2015,6,2015_06_CHI_DET,DET,CHI,37.0,34.0,3.0,0.6259142015037118,1,False
2015,6,2015_06_HOU_JAX,JAX,HOU,20.0,31.0,-11.0,0.44171485493332346,0,False
2015,6,2015_06_KC_MIN,MIN,KC,16.0,10.0,6.0,0.58662289299909,1,False
2015,6,2015_06_WAS_NYJ,NYJ,WAS,34.0,20.0,14.0,0.6892118077521997,1,False
2015,6,2015_06_ARI_PIT,PIT,ARI,25.0,13.0,12.0,0.5449332532260752,1,False
2015,6,2015_06_MIA_TEN,TEN,MIA,10.0,38.0,-28.0,0.4738678339367164,0,False
2015,6,2015_06_CAR_SEA,SEA,CAR,23.0,27.0,-4.0,0.6174388045947469,0,False
2015,6,2015_06_SD_GB,GB,SD,27.0,20.0,7.0,0.7699503758695365,1,False
2015,6,2015_06_BAL_SF,SF,BAL,25.0,20.0,5.0,0.5232683524438301,1,False
2015,6,2015_06_NE_IND,IND,NE,27.0,34.0,-7.0,0.3810440515755364,0,False
2015,6,2015_06_NYG_PHI,PHI,NYG,27.0,7.0,20.0,0.5898080832158314,1,False
2015,7,2015_07_SEA_SF,SF,SEA,3.0,20.0,-17.0,0.4288162782551888,0,False
2015,7,2015_07_BUF_JAX,JAX,BUF,34.0,31.0,3.0,0.27258312021013836,1,True
2015,7,2015_07_MIN_DET,DET,MIN,19.0,28.0,-9.0,0.49467655895551876,0,False
2015,7,2015_07_NO_IND,IND,NO,21.0,27.0,-6.0,0.6302853194971331,0,False
2015,7,2015_07_PIT_KC,KC,PIT,23.0,13.0,10.0,0.39397812771633905,1,False
2015,7,2015_07_HOU_MIA,MIA,HOU,44.0,26.0,18.0,0.5748988038430274,1,False
2015,7,2015_07_NYJ_NE,NE,NYJ,30.0,23.0,7.0,0.7657808581877874,1,False
2015,7,2015_07_CLE_STL,STL,CLE,24.0,6.0,18.0,0.6216609323221433,1,False
2015,7,2015_07_ATL_TEN,TEN,ATL,7.0,10.0,-3.0,0.33238240583704104,0,False
2015,7,2015_07_TB_WAS,WAS,TB,31.0,30.0,1.0,0.582554201553176,1,False
2015,7,2015_07_OAK_SD,SD,OAK,29.0,37.0,-8.0,0.6601834567382495,0,False
2015,7,2015_07_DAL_NYG,NYG,DAL,27.0,20.0,7.0,0.5266370610829002,1,False
2015,7,2015_07_PHI_CAR,CAR,PHI,27.0,16.0,11.0,0.6037985083968841,1,False
2015,7,2015_07_BAL_ARI,ARI,BAL,26.0,18.0,8.0,0.6979366735859175,1,False
2015,8,2015_08_MIA_NE,NE,MIA,36.0,7.0,29.0,0.7986765995707737,1,False
2015,8,2015_08_DET_KC,KC,DET,45.0,10.0,35.0,0.579118439080091,1,True
2015,8,2015_08_TB_ATL,ATL,TB,20.0,23.0,-3.0,0.7612322723048224,0,False
2015,8,2015_08_SD_BAL,BAL,SD,29.0,26.0,3.0,0.5913705933758142,1,False
2015,8,2015_08_MIN_CHI,CHI,MIN,20.0,23.0,-3.0,0.39004968784367594,0,False
2015,8,2015_08_ARI_CLE,CLE,ARI,20.0,34.0,-14.0,0.3076945740660676,0,False
2015,8,2015_08_TEN_HOU,HOU,TEN,20.0,6.0,14.0,0.6913573360542635,1,False
2015,8,2015_08_NYG_NO,NO,NYG,52.0,49.0,3.0,0.5408040776903325,1,False
2015,8,2015_08_CIN_PIT,PIT,CIN,10.0,16.0,-6.0,0.4999549791991128,0,False
2015,8,2015_08_SF_STL,STL,SF,27.0,6.0,21.0,0.5890630702576422,1,False
2015,8,2015_08_NYJ_OAK,OAK,NYJ,34.0,20.0,14.0,0.4706512749209222,1,False
2015,8,2015_08_SEA_DAL,DAL,SEA,12.0,13.0,-1.0,0.44230712393505944,0,False
2015,8,2015_08_GB_DEN,DEN,GB,29.0,10.0,19.0,0.5595292218096797,1,False
2015,8,2015_08_IND_CAR,CAR,IND,29.0,26.0,3.0,0.7002346224894163,1,False
2015,9,2015_09_CLE_CIN,CIN,CLE,31.0,10.0,21.0,0.8484016893553071,1,False
2015,9,2015_09_MIA_BUF,BUF,MIA,33.0,17.0,16.0,0.6003658697291921,1,False
2015,9,2015_09_GB_CAR,CAR,GB,37.0,29.0,8.0,0.5311113462276467,1,False
2015,9,2015_09_STL_MIN,MIN,STL,21.0,18.0,3.0,0.6267073819059504,1,False
2015,9,2015_09_WAS_NE,NE,WAS,27.0,10.0,17.0,0.8772496549490784,1,False
2015,9,2015_09_TEN_NO,NO,TEN,28.0,34.0,-6.0,0.7782965036928291,0,False
2015,9,2015_09_JAX_NYJ,NYJ,JAX,28.0,23.0,5.0,0.7224386170872646,1,False
2015,9,2015_09_OAK_PIT,PIT,OAK,38.0,35.0,3.0,0.7059089277530126,1,False
2015,9,2015_09_ATL_SF,SF,ATL,17.0,16.0,1.0,0.46597638437142347,1,False
2015,9,2015_09_NYG_TB,TB,NYG,18.0,32.0,-14.0,0.42475526597047486,0,False
2015,9,2015_09_DEN_IND,IND,DEN,27.0,24.0,3.0,0.318648964541533,1,False
2015,9,2015_09_PHI_DAL,DAL,PHI,27.0,33.0,-6.0,0.5255494775451168,0,False
2015,9,2015_09_CHI_SD,SD,CHI,19.0,22.0,-3.0,0.6343452964454206,0,False
2015,10,2015_10_BUF_NYJ,NYJ,BUF,17.0,22.0,-5.0,0.5269575535835724,0,False
2015,10,2015_10_JAX_BAL,BAL,JAX,20.0,22.0,-2.0,0.7370163243096615,0,False
2015,10,2015_10_DET_GB,GB,DET,16.0,18.0,-2.0,0.7942143021021604,0,False
2015,10,2015_10_MIA_PHI,PHI,MIA,19.0,20.0,-1.0,0.6956563689984163,0,False
2015,10,2015_10_CLE_PIT,PIT,CLE,30.0,9.0,21.0,0.7984649900189584,1,False
2015,10,2015_10_CHI_STL,STL,CHI,13.0,37.0,-24.0,0.67731245912224,0,False
2015,10,2015_10_DAL_TB,TB,DAL,10.0,6.0,4.0,0.419949909244418,1,False
2015,10,2015_10_CAR_TEN,TEN,CAR,10.0,27.0,-17.0,0.22663564113003257,0,False
2015,10,2015_10_NO_WAS,WAS,NO,47.0,14.0,33.0,0.44982358034555997,1,False
2015,10,2015_10_MIN_OAK,OAK,MIN,14.0,30.0,-16.0,0.4317180442679103,0,False
2015,10,2015_10_KC_DEN,DEN,KC,13.0,29.0,-16.0,0.7317058707300379,0,False
2015,10,2015_10_NE_NYG,NYG,NE,26.0,27.0,-1.0,0.3180264707637279,0,False
2015,10,2015_10_ARI_SEA,SEA,ARI,32.0,39.0,-7.0,0.571529984234335,0,False
2015,10,2015_10_HOU_CIN,CIN,HOU,6.0,10.0,-4.0,0.8014882108748702,0,False
2015,11,2015_11_TEN_JAX,JAX,TEN,19.0,13.0,6.0,0.5907979302971719,1,False
2015,11,2015_11_IND_ATL,ATL,IND,21.0,24.0,-3.0,0.5724084751108015,0,False
2015,11,2015_11_STL_BAL,BAL,STL,16.0,13.0,3.0,0.5847338143130818,1,False
2015,11,2015_11_WAS_CAR,CAR,WAS,44.0,16.0,28.0,0.8082980658272823,1,False
2015,11,2015_11_DEN_CHI,CHI,DEN,15.0,17.0,-2.0,0.3264138694657458,0,False
2015,11,2015_11_OAK_DET,DET,OAK,18.0,13.0,5.0,0.5765770857995364,1,False
2015,11,2015_11_NYJ_HOU,HOU,NYJ,24.0,17.0,7.0,0.5749544347520706,1,False
2015,11,2015_11_DAL_MIA,MIA,DAL,14.0,24.0,-10.0,0.5591801779123472,0,False
2015,11,2015_11_TB_PHI,PHI,TB,17.0,45.0,-28.0,0.7505233303357247,0,False
2015,11,2015_11_KC_SD,SD,KC,3.0,33.0,-30.0,0.38867931413483586,0,False
2015,11,2015_11_GB_MIN,MIN,GB,13.0,30.0,-17.0,0.5280748130200262,0,False
2015,11,2015_11_SF_SEA,SEA,SF,29.0,13.0,16.0,0.7444787806914503,1,False
2015,11,2015_11_CIN_ARI,ARI,CIN,34.0,31.0,3.0,0.558651505038013,1,False
2015,11,2015_11_BUF_NE,NE,BUF,20.0,13.0,7.0,0.779131674866785,1,False
2015,12,2015_12_PHI_DET,DET,PHI,45.0,14.0,31.0,0.5055033705738543,1,False
2015,12,2015_12_CAR_DAL,DAL,CAR,14.0,33.0,-19.0,0.3582710251525256,0,False
2015,12,2015_12_CHI_GB,GB,CHI,13.0,17.0,-4.0,0.7867761934673668,0,False
2015,12,2015_12_MIN_ATL,ATL,MIN,10.0,20.0,-10.0,0.5015583057235933,0,False
2015,12,2015_12_STL_CIN,CIN,STL,31.0,7.0,24.0,0.7768140873200577,1,False
2015,12,2015_12_NO_HOU,HOU,NO,24.0,6.0,18.0,0.6421044380260222,1,False
2015,12,2015_12_TB_IND,IND,TB,25.0,12.0,13.0,0.6771320928511337,1,False
2015,12,2015_12_SD_JAX,JAX,SD,25.0,31.0,-6.0,0.5192804702460279,0,False
2015,12,2015_12_BUF_KC,KC,BUF,30.0,22.0,8.0,0.6480184105395277,1,False
2015,12,2015_12_MIA_NYJ,NYJ,MIA,38.0,20.0,18.0,0.5905730195975023,1,False
2015,12,2015_12_OAK_TEN,TEN,OAK,21.0,24.0,-3.0,0.44664494317694386,0,False
2015,12,2015_12_NYG_WAS,WAS,NYG,20.0,14.0,6.0,0.4358944799210284,1,False
2015,12,2015_12_ARI_SF,SF,ARI,13.0,19.0,-6.0,0.30407648124140463,0,False
2015,12,2015_12_PIT_SEA,SEA,PIT,39.0,30.0,9.0,0.5932132986274108,1,False
2015,12,2015_12_NE_DEN,DEN,NE,30.0,24.0,6.0,0.4532475347405552,1,False
2015,12,2015_12_BAL_CLE,CLE,BAL,27.0,33.0,-6.0,0.4153862206022293,0,False
2015,13,2015_13_GB_DET,DET,GB,23.0,27.0,-4.0,0.41434942858827756,0,False
2015,13,2015_13_HOU_BUF,BUF,HOU,30.0,21.0,9.0,0.5651077187682411,1,False
2015,13,2015_13_SF_CHI,CHI,SF,20.0,26.0,-6.0,0.6184932060050352,0,False
2015,13,2015_13_CIN_CLE,CLE,CIN,3.0,37.0,-34.0,0.2211954483928236,0,False
2015,13,2015_13_BAL_MIA,MIA,BAL,15.0,13.0,2.0,0.4737063930210786,1,False
2015,13,2015_13_SEA_MIN,MIN,SEA,7.0,38.0,-31.0,0.495825719808854,0,False
2015,13,2015_13_NYJ_NYG,NYG,NYJ,20.0,23.0,-3.0,0.5876625196260065,0,False
2015,13,2015_13_ARI_STL,STL,ARI,3.0,27.0,-24.0,0.2956791294863312,0,False
2015,13,2015_13_ATL_TB,TB,ATL,23.0,19.0,4.0,0.4902082636415284,1,False
2015,13,2015_13_JAX_TEN,TEN,JAX,42.0,39.0,3.0,0.5174760291668422,1,False
2015,13,2015_13_KC_OAK,OAK,KC,20.0,34.0,-14.0,0.34491197089681275,0,False
2015,13,2015_13_DEN_SD,SD,DEN,3.0,17.0,-14.0,0.2780372481233005,0,False
2015,13,2015_13_PHI_NE,NE,PHI,28.0,35.0,-7.0,0.8246784801345991,0,False
2015,13,2015_13_CAR_NO,NO,CAR,38.0,41.0,-3.0,0.25913254090857096,0,False
2015,13,2015_13_IND_PIT,PIT,IND,45.0,10.0,35.0,0.6132291383506737,1,False
2015,13,2015_13_DAL_WAS,WAS,DAL,16.0,19.0,-3.0,0.5163707215618456,0,False
2015,14,2015_14_MIN_ARI,ARI,MIN,23.0,20.0,3.0,0.7129276251941549,1,False
2015,14,2015_14_SEA_BAL,BAL,SEA,6.0,35.0,-29.0,0.34776383567902974,0,False
2015,14,2015_14_ATL_CAR,CAR,ATL,38.0,0.0,38.0,0.80184405292747,1,False
2015,14,2015_14_WAS_CHI,CHI,WAS,21.0,24.0,-3.0,0.5942685816065548,0,False
2015,14,2015_14_PIT_CIN,CIN,PIT,20.0,33.0,-13.0,0.6357932825419647,0,False
2015,14,2015_14_SF_CLE,CLE,SF,24.0,10.0,14.0,0.43623003422902445,1,False
2015,14,2015_14_IND_JAX,JAX,IND,51.0,16.0,35.0,0.35311317492967564,1,False
2015,14,2015_14_SD_KC,KC,SD,10.0,3.0,7.0,0.792840057814408,1,False
2015,14,2015_14_TEN_NYJ,NYJ,TEN,30.0,8.0,22.0,0.7606005862362012,1,False
2015,14,2015_14_BUF_PHI,PHI,BUF,23.0,20.0,3.0,0.5309100591954856,1,False
2015,14,2015_14_DET_STL,STL,DET,21.0,14.0,7.0,0.4926342208319427,1,False
2015,14,2015_14_NO_TB,TB,NO,17.0,24.0,-7.0,0.6020250026240326,0,False
2015,14,2015_14_OAK_DEN,DEN,OAK,12.0,15.0,-3.0,0.8372911983077,0,False
2015,14,2015_14_DAL_GB,GB,DAL,28.0,7.0,21.0,0.7266170539437331,1,False
2015,14,2015_14_NE_HOU,HOU,NE,6.0,27.0,-21.0,0.33925199147513196,0,False
2015,14,2015_14_NYG_MIA,MIA,NYG,24.0,31.0,-7.0,0.5031334059403411,0,False
2015,15,2015_15_TB_STL,STL,TB,31.0,23.0,8.0,0.6020357955297866,1,False
2015,15,2015_15_NYJ_DAL,DAL,NYJ,16.0,19.0,-3.0,0.5218626272095063,0,False
2015,15,2015_15_KC_BAL,BAL,KC,14.0,34.0,-20.0,0.3626420815069275,0,False
2015,15,2015_15_HOU_IND,IND,HOU,10.0,16.0,-6.0,0.548498818520617,0,False
2015,15,2015_15_ATL_JAX,JAX,ATL,17.0,23.0,-6.0,0.49284475357783475,0,False
2015,15,2015_15_CHI_MIN,MIN,CHI,38.0,17.0,21.0,0.7021356655564713,1,False
2015,15,2015_15_TEN_NE,NE,TEN,33.0,16.0,17.0,0.907013502031912,1,False
2015,15,2015_15_CAR_NYG,NYG,CAR,35.0,38.0,-3.0,0.32401853581963064,0,False
2015,15,2015_15_BUF_WAS,WAS,BUF,35.0,25.0,10.0,0.46452763177884504,1,False
2015,15,2015_15_GB_OAK,OAK,GB,20.0,30.0,-10.0,0.3187278019176575,0,False
2015,15,2015_15_CLE_SEA,SEA,CLE,30.0,13.0,17.0,0.8653204341993671,1,False
2015,15,2015_15_DEN_PIT,PIT,DEN,34.0,27.0,7.0,0.5430205254421375,1,False
2015,15,2015_15_MIA_SD,SD,MIA,30.0,14.0,16.0,0.5645753553049511,1,False
2015,15,2015_15_CIN_SF,SF,CIN,14.0,24.0,-10.0,0.30131922629199687,0,False
2015,15,2015_15_ARI_PHI,PHI,ARI,17.0,40.0,-23.0,0.367725352108946,0,False
2015,15,2015_15_DET_NO,NO,DET,27.0,35.0,-8.0,0.5377522784594998,0,False
2015,16,2015_16_SD_OAK,OAK,SD,23.0,20.0,3.0,0.5633802368131618,1,False
2015,16,2015_16_WAS_PHI,PHI,WAS,24.0,38.0,-14.0,0.6157997032101217,0,False
2015,16,2015_16_CAR_ATL,ATL,CAR,20.0,13.0,7.0,0.28220857347782474,1,False
2015,16,2015_16_PIT_BAL,BAL,PIT,20.0,17.0,3.0,0.31870639784971383,1,False
2015,16,2015_16_DAL_BUF,BUF,DAL,16.0,6.0,10.0,0.6128882480298455,1,False
2015,16,2015_16_SF_DET,DET,SF,32.0,17.0,15.0,0.6627501527728735,1,False
2015,16,2015_16_CLE_KC,KC,CLE,17.0,13.0,4.0,0.8516547428198868,1,False
2015,16,2015_16_IND_MIA,MIA,IND,12.0,18.0,-6.0,0.4926861949585849,0,False
2015,16,2015_16_NE_NYJ,NYJ,NE,26.0,20.0,6.0,0.3440718551568023,1,False
2015,16,2015_16_CHI_TB,TB,CHI,21.0,26.0,-5.0,0.5567678162899521,0,False
2015,16,2015_16_HOU_TEN,TEN,HOU,6.0,34.0,-28.0,0.32895911133882005,0,False
2015,16,2015_16_JAX_NO,NO,JAX,38.0,27.0,11.0,0.6196695694601745,1,False
2015,16,2015_16_GB_ARI,ARI,GB,38.0,8.0,30.0,0.6242134222655795,1,False
2015,16,2015_16_STL_SEA,SEA,STL,17.0,23.0,-6.0,0.8080826461594313,0,False
2015,16,2015_16_NYG_MIN,MIN,NYG,49.0,17.0,32.0,0.6535673547395459,1,False
2015,16,2015_16_CIN_DEN,DEN,CIN,20.0,17.0,3.0,0.5655303407124826,1,False
2015,17,2015_17_NO_ATL,ATL,NO,17.0,20.0,-3.0,0.6487752085725395,0,False
2015,17,2015_17_NYJ_BUF,BUF,NYJ,22.0,17.0,5.0,0.5266673103535455,1,False
2015,17,2015_17_DET_CHI,CHI,DET,20.0,24.0,-4.0,0.4809759731306127,0,False
2015,17,2015_17_BAL_CIN,CIN,BAL,24.0,16.0,8.0,0.7507599217246927,1,False
2015,17,2015_17_PIT_CLE,CLE,PIT,12.0,28.0,-16.0,0.24367198912120328,0,False
2015,17,2015_17_WAS_DAL,DAL,WAS,23.0,34.0,-11.0,0.5078324345760523,0,False
2015,17,2015_17_JAX_HOU,HOU,JAX,30.0,6.0,24.0,0.7516651526627219,1,False
2015,17,2015_17_TEN_IND,IND,TEN,30.0,24.0,6.0,0.7643425116069005,1,False
2015,17,2015_17_NE_MIA,MIA,NE,20.0,10.0,10.0,0.219013840193888,1,False
2015,17,2015_17_PHI_NYG,NYG,PHI,30.0,35.0,-5.0,0.5631714522844903,0,False
2015,17,2015_17_SEA_ARI,ARI,SEA,6.0,36.0,-30.0,0.6525953996607038,0,False
2015,17,2015_17_TB_CAR,CAR,TB,38.0,10.0,28.0,0.8543118373158067,1,False
2015,17,2015_17_SD_DEN,DEN,SD,27.0,20.0,7.0,0.81135384900311,1,False
2015,17,2015_17_OAK_KC,KC,OAK,23.0,17.0,6.0,0.7977682192663834,1,False
2015,17,2015_17_STL_SF,SF,STL,19.0,16.0,3.0,0.4352507399294105,1,False
2015,17,2015_17_MIN_GB,GB,MIN,13.0,20.0,-7.0,0.6205247244297378,0,False
2016,1,2016_01_CAR_DEN,DEN,CAR,21.0,20.0,1.0,0.5526647616845872,1,False
2016,1,2016_01_TB_ATL,ATL,TB,24.0,31.0,-7.0,0.6514130145019663,0,False
2016,1,2016_01_BUF_BAL,BAL,BUF,13.0,7.0,6.0,0.5155687646223873,1,False
2016,1,2016_01_CHI_HOU,HOU,CHI,23.0,14.0,9.0,0.6569109803457324,1,False
2016,1,2016_01_GB_JAX,JAX,GB,23.0,27.0,-4.0,0.37099841018879204,0,False
2016,1,2016_01_SD_KC,KC,SD,33.0,27.0,6.0,0.7401611315378689,1,False
2016,1,2016_01_OAK_NO,NO,OAK,34.0,35.0,-1.0,0.5845153643474078,0,False
2016,1,2016_01_CIN_NYJ,NYJ,CIN,22.0,23.0,-1.0,0.4883868658954779,0,False
2016,1,2016_01_CLE_PHI,PHI,CLE,29.0,10.0,19.0,0.673238560922956,1,False
2016,1,2016_01_MIN_TEN,TEN,MIN,16.0,25.0,-9.0,0.32877277929642473,0,False
2016,1,2016_01_MIA_SEA,SEA,MIA,12.0,10.0,2.0,0.7586084522584787,1,False
2016,1,2016_01_NYG_DAL,DAL,NYG,19.0,20.0,-1.0,0.5496976309573489,0,False
2016,1,2016_01_DET_IND,IND,DET,35.0,39.0,-4.0,0.5445356668731001,0,False
2016,1,2016_01_NE_ARI,ARI,NE,21.0,23.0,-2.0,0.607469489939148,0,False
2016,1,2016_01_PIT_WAS,WAS,PIT,16.0,38.0,-22.0,0.47038272504253714,0,False
2016,1,2016_01_LA_SF,SF,LA,28.0,0.0,28.0,0.4885625546165042,1,False
2016,2,2016_02_NYJ_BUF,BUF,NYJ,31.0,37.0,-6.0,0.5530941194115131,0,False
2016,2,2016_02_TB_ARI,ARI,TB,40.0,7.0,33.0,0.7458424005716637,1,False
2016,2,2016_02_SF_CAR,CAR,SF,46.0,27.0,19.0,0.7192267632455366,1,False
2016,2,2016_02_BAL_CLE,CLE,BAL,20.0,25.0,-5.0,0.43578823038335013,0,False
2016,2,2016_02_TEN_DET,DET,TEN,15.0,16.0,-1.0,0.752341804437168,0,False
2016,2,2016_02_KC_HOU,HOU,KC,19.0,12.0,7.0,0.4816661004722305,1,False
2016,2,2016_02_MIA_NE,NE,MIA,31.0,24.0,7.0,0.7420939469157601,1,False
2016,2,2016_02_NO_NYG,NYG,NO,16.0,13.0,3.0,0.5884691721823223,1,False
2016,2,2016_02_CIN_PIT,PIT,CIN,24.0,16.0,8.0,0.5943751814338394,1,False
2016,2,2016_02_DAL_WAS,WAS,DAL,23.0,27.0,-4.0,0.6171776932337513,0,False
2016,2,2016_02_SEA_LA,LA,SEA,9.0,3.0,6.0,0.3787345411978346,1,False
2016,2,2016_02_IND_DEN,DEN,IND,34.0,20.0,14.0,0.72265039345003,1,False
2016,2,2016_02_ATL_OAK,OAK,ATL,28.0,35.0,-7.0,0.569025881938366,0,False
2016,2,2016_02_JAX_SD,SD,JAX,38.0,14.0,24.0,0.6232942251046911,1,False
2016,2,2016_02_GB_MIN,MIN,GB,17.0,14.0,3.0,0.5754698578707625,1,False
2016,2,2016_02_PHI_CHI,CHI,PHI,14.0,29.0,-15.0,0.46705547524695673,0,False
2016,3,2016_03_HOU_NE,NE,HOU,27.0,0.0,27.0,0.6272045720112819,1,False
2016,3,2016_03_ARI_BUF,BUF,ARI,33.0,18.0,15.0,0.39866950907169213,1,False
2016,3,2016_03_MIN_CAR,CAR,MIN,10.0,22.0,-12.0,0.6134759954179955,0,False
2016,3,2016_03_DEN_CIN,CIN,DEN,17.0,29.0,-12.0,0.5128639425186152,0,False
2016,3,2016_03_DET_GB,GB,DET,34.0,27.0,7.0,0.6316945402977632,1,False
2016,3,2016_03_BAL_JAX,JAX,BAL,17.0,19.0,-2.0,0.3984720602649052,0,False
2016,3,2016_03_CLE_MIA,MIA,CLE,30.0,24.0,6.0,0.6380582005398996,1,False
2016,3,2016_03_WAS_NYG,NYG,WAS,27.0,29.0,-2.0,0.5964444655145091,0,False
2016,3,2016_03_OAK_TEN,TEN,OAK,10.0,17.0,-7.0,0.47006993074544867,0,False
2016,3,2016_03_SF_SEA,SEA,SF,37.0,18.0,19.0,0.7294258890387465,1,False
2016,3,2016_03_LA_TB,TB,LA,32.0,37.0,-5.0,0.48735776867701397,0,False
2016,3,2016_03_SD_IND,IND,SD,26.0,22.0,4.0,0.5615278597257735,1,False
2016,3,2016_03_NYJ_KC,KC,NYJ,24.0,3.0,21.0,0.636377325148298,1,False
2016,3,2016_03_PIT_PHI,PHI,PIT,34.0,3.0,31.0,0.45290569075142983,1,False
2016,3,2016_03_CHI_DAL,DAL,CHI,31.0,17.0,14.0,0.6334760642470001,1,False
2016,3,2016_03_ATL_NO,NO,ATL,32.0,45.0,-13.0,0.5272426038519104,0,False
2016,4,2016_04_MIA_CIN,CIN,MIA,22.0,7.0,15.0,0.6948017019983298,1,False
2016,4,2016_04_IND_JAX,JAX,IND,30.0,27.0,3.0,0.36745790576828513,1,True
2016,4,2016_04_CAR_ATL,ATL,CAR,48.0,33.0,15.0,0.45962299017176345,1,False
2016,4,2016_04_OAK_BAL,BAL,OAK,27.0,28.0,-1.0,0.6340327431757771,0,False
2016,4,2016_04_DET_CHI,CHI,DET,17.0,14.0,3.0,0.44264253377512486,1,False
2016,4,2016_04_TEN_HOU,HOU,TEN,27.0,20.0,7.0,0.7700122901730444,1,False
2016,4,2016_04_BUF_NE,NE,BUF,0.0,16.0,-16.0,0.7031138092044691,0,False
2016,4,2016_04_SEA_NYJ,NYJ,SEA,17.0,27.0,-10.0,0.43756892763242705,0,False
2016,4,2016_04_CLE_WAS,WAS,CLE,31.0,20.0,11.0,0.7081117901976192,1,False
2016,4,2016_04_DEN_TB,TB,DEN,7.0,27.0,-20.0,0.2995200659732395,0,False
2016,4,2016_04_LA_ARI,ARI,LA,13.0,17.0,-4.0,0.6641377821045666,0,False
2016,4,2016_04_NO_SD,SD,NO,34.0,35.0,-1.0,0.5938215998226085,0,False
2016,4,2016_04_DAL_SF,SF,DAL,17.0,24.0,-7.0,0.5164116305331979,0,False
2016,4,2016_04_KC_PIT,PIT,KC,43.0,14.0,29.0,0.5451711746317647,1,False
2016,4,2016_04_NYG_MIN,MIN,NYG,24.0,10.0,14.0,0.7256935256721667,1,False
2016,5,2016_05_ARI_SF,SF,ARI,21.0,33.0,-12.0,0.3928818494832305,0,False
2016,5,2016_05_WAS_BAL,BAL,WAS,10.0,16.0,-6.0,0.5852962464949601,0,False
2016,5,2016_05_NE_CLE,CLE,NE,13.0,33.0,-20.0,0.27167599906477563,0,False
2016,5,2016_05_PHI_DET,DET,PHI,24.0,23.0,1.0,0.44910712889202287,1,False
2016,5,2016_05_CHI_IND,IND,CHI,29.0,23.0,6.0,0.626063672130837,1,False
2016,5,2016_05_TEN_MIA,MIA,TEN,17.0,30.0,-13.0,0.6740392811785377,0,False
2016,5,2016_05_HOU_MIN,MIN,HOU,31.0,13.0,18.0,0.6732535301628144,1,False
2016,5,2016_05_NYJ_PIT,PIT,NYJ,31.0,13.0,18.0,0.7188005731187532,1,False
2016,5,2016_05_ATL_DEN,DEN,ATL,16.0,23.0,-7.0,0.7008756558180423,0,False
2016,5,2016_05_CIN_DAL,DAL,CIN,28.0,14.0,14.0,0.48555415793430406,1,False
2016,5,2016_05_BUF_LA,LA,BUF,19.0,30.0,-11.0,0.536966030866917,0,False
2016,5,2016_05_SD_OAK,OAK,SD,34.0,31.0,3.0,0.6053924971514897,1,False
2016,5,2016_05_NYG_GB,GB,NYG,23.0,16.0,7.0,0.7029326181602865,1,False
2016,5,2016_05_TB_CAR,CAR,TB,14.0,17.0,-3.0,0.7526687775266914,0,False
2016,6,2016_06_DEN_SD,SD,DEN,21.0,13.0,8.0,0.3302188665126783,1,False
2016,6,2016_06_SF_BUF,BUF,SF,45.0,16.0,29.0,0.7535509736379089,1,False
2016,6,2016_06_JAX_CHI,CHI,JAX,16.0,17.0,-1.0,0.5882152836286358,0,False
2016,6,2016_06_LA_DET,DET,LA,31.0,28.0,3.0,0.547596931425753,1,False
2016,6,2016_06_PIT_MIA,MIA,PIT,30.0,15.0,15.0,0.283178880871561,1,False
2016,6,2016_06_CIN_NE,NE,CIN,35.0,17.0,18.0,0.6535285682653525,1,False
2016,6,2016_06_CAR_NO,NO,CAR,41.0,38.0,3.0,0.43323370397674454,1,False
2016,6,2016_06_BAL_NYG,NYG,BAL,27.0,23.0,4.0,0.5240800487427836,1,False
2016,6,2016_06_CLE_TEN,TEN,CLE,28.0,26.0,2.0,0.6165848761472128,1,False
2016,6,2016_06_PHI_WAS,WAS,PHI,27.0,20.0,7.0,0.5041626402870154,1,False
2016,6,2016_06_KC_OAK,OAK,KC,10.0,26.0,-16.0,0.45079039016954725,0,False
2016,6,2016_06_DAL_GB,GB,DAL,16.0,30.0,-14.0,0.6415285637429249,0,False
2016,6,2016_06_ATL_SEA,SEA,ATL,26.0,24.0,2.0,0.6489106676645795,1,False
2016,6,2016_06_IND_HOU,HOU,IND,26.0,23.0,3.0,0.6376215402223943,1,False
2016,6,2016_06_NYJ_ARI,ARI,NYJ,28.0,3.0,25.0,0.6960622359220301,1,False
2016,7,2016_07_CHI_GB,GB,CHI,26.0,10.0,16.0,0.7630695730140751,1,False
2016,7,2016_07_NYG_LA,LA,NYG,10.0,17.0,-7.0,0.5320367930174571,0,True
2016,7,2016_07_CLE_CIN,CIN,CLE,31.0,17.0,14.0,0.7794175431911339,1,False
2016,7,2016_07_WAS_DET,DET,WAS,20.0,17.0,3.0,0.5264100418698355,1,False
2016,7,2016_07_OAK_JAX,JAX,OAK,16.0,33.0,-17.0,0.47602427484475207,0,False
2016,7,2016_07_NO_KC,KC,NO,27.0,21.0,6.0,0.73254491184238,1,False
2016,7,2016_07_BUF_MIA,MIA,BUF,28.0,25.0,3.0,0.38365263032710156,1,False
2016,7,2016_07_BAL_NYJ,NYJ,BAL,24.0,16.0,8.0,0.5497999567309794,1,False
2016,7,2016_07_MIN_PHI,PHI,MIN,21.0,10.0,11.0,0.4390724174877108,1,False
2016,7,2016_07_IND_TEN,TEN,IND,26.0,34.0,-8.0,0.4745073729613172,0,False
2016,7,2016_07_SD_ATL,ATL,SD,30.0,33.0,-3.0,0.6841676178936433,0,False
2016,7,2016_07_TB_SF,SF,TB,17.0,34.0,-17.0,0.5361317876308469,0,False
2016,7,2016_07_NE_PIT,PIT,NE,16.0,27.0,-11.0,0.527867243482764,0,False
2016,7,2016_07_SEA_ARI,ARI,SEA,6.0,6.0,0.0,0.5274194387104199,0,False
2016,7,2016_07_HOU_DEN,DEN,HOU,27.0,9.0,18.0,0.6443062764298787,1,False
2016,8,2016_08_JAX_TEN,TEN,JAX,36.0,22.0,14.0,0.5716867719025566,1,False
2016,8,2016_08_WAS_CIN,CIN,WAS,27.0,27.0,0.0,0.5126505312710419,0,True
2016,8,2016_08_NE_BUF,BUF,NE,25.0,41.0,-16.0,0.4743286555611284,0,False
2016,8,2016_08_ARI_CAR,CAR,ARI,30.0,20.0,10.0,0.48638810903633156,1,False
2016,8,2016_08_NYJ_CLE,CLE,NYJ,28.0,31.0,-3.0,0.3704916286395372,0,False
2016,8,2016_08_DET_HOU,HOU,DET,20.0,13.0,7.0,0.5699232950519869,1,False
2016,8,2016_08_KC_IND,IND,KC,14.0,30.0,-16.0,0.4052386467810487,0,False
2016,8,2016_08_SEA_NO,NO,SEA,25.0,20.0,5.0,0.3247327776005794,1,False
2016,8,2016_08_OAK_TB,TB,OAK,24.0,30.0,-6.0,0.5246956257224739,0,False
2016,8,2016_08_SD_DEN,DEN,SD,27.0,19.0,8.0,0.7295316397093262,1,False
2016,8,2016_08_GB_ATL,ATL,GB,33.0,32.0,1.0,0.5293486841182531,1,False
2016,8,2016_08_PHI_DAL,DAL,PHI,29.0,23.0,6.0,0.5535473053859158,1,False
2016,8,2016_08_MIN_CHI,CHI,MIN,20.0,10.0,10.0,0.27522018151673566,1,False
2016,9,2016_09_ATL_TB,TB,ATL,28.0,43.0,-15.0,0.42238398236354824,0,False
2016,9,2016_09_PIT_BAL,BAL,PIT,21.0,14.0,7.0,0.41503959271438245,1,False
2016,9,2016_09_DAL_CLE,CLE,DAL,10.0,35.0,-25.0,0.2515163886952872,0,False
2016,9,2016_09_JAX_KC,KC,JAX,19.0,14.0,5.0,0.8477551804906942,1,False
2016,9,2016_09_NYJ_MIA,MIA,NYJ,27.0,23.0,4.0,0.5429395747323281,1,False
2016,9,2016_09_DET_MIN,MIN,DET,16.0,22.0,-6.0,0.6760807547015338,0,False
2016,9,2016_09_PHI_NYG,NYG,PHI,28.0,23.0,5.0,0.48403025309153297,1,False
2016,9,2016_09_CAR_LA,LA,CAR,10.0,13.0,-3.0,0.46511581856030376,0,False
2016,9,2016_09_NO_SF,SF,NO,23.0,41.0,-18.0,0.445872319289484,0,False
2016,9,2016_09_IND_GB,GB,IND,26.0,31.0,-5.0,0.7000334465303473,0,False
2016,9,2016_09_TEN_SD,SD,TEN,43.0,35.0,8.0,0.6610568370399168,1,False
2016,9,2016_09_DEN_OAK,OAK,DEN,30.0,20.0,10.0,0.40708868975386053,1,False
2016,9,2016_09_BUF_SEA,SEA,BUF,31.0,25.0,6.0,0.6486913063686975,1,False
2016,10,2016_10_CLE_BAL,BAL,CLE,28.0,7.0,21.0,0.7691878476945523,1,False
2016,10,2016_10_KC_CAR,CAR,KC,17.0,20.0,-3.0,0.4920720754085965,0,False
2016,10,2016_10_HOU_JAX,JAX,HOU,21.0,24.0,-3.0,0.3308509749006905,0,False
2016,10,2016_10_DEN_NO,NO,DEN,23.0,25.0,-2.0,0.4316169004473937,0,False
2016,10,2016_10_LA_NYJ,NYJ,LA,6.0,9.0,-3.0,0.5778036631123741,0,False
2016,10,2016_10_ATL_PHI,PHI,ATL,24.0,15.0,9.0,0.535801373303559,1,False
2016,10,2016_10_CHI_TB,TB,CHI,36.0,10.0,26.0,0.5742646095460098,1,False
2016,10,2016_10_GB_TEN,TEN,GB,47.0,25.0,22.0,0.3585429266348298,1,False
2016,10,2016_10_MIN_WAS,WAS,MIN,26.0,20.0,6.0,0.5306969971482919,1,False
2016,10,2016_10_MIA_SD,SD,MIA,24.0,31.0,-7.0,0.5783852925229209,0,False
2016,10,2016_10_SF_ARI,ARI,SF,23.0,20.0,3.0,0.8039290126969355,1,False
2016,10,2016_10_DAL_PIT,PIT,DAL,30.0,35.0,-5.0,0.5210600059341691,0,False
2016,10,2016_10_SEA_NE,NE,SEA,24.0,31.0,-7.0,0.618692357075758,0,False
2016,10,2016_10_CIN_NYG,NYG,CIN,21.0,20.0,1.0,0.5485626470599423,1,False
2016,11,2016_11_NO_CAR,CAR,NO,23.0,20.0,3.0,0.660212309494068,1,False
2016,11,2016_11_BUF_CIN,CIN,BUF,12.0,16.0,-4.0,0.5454853494613701,0,False
2016,11,2016_11_PIT_CLE,CLE,PIT,9.0,24.0,-15.0,0.26916742714292197,0,False
2016,11,2016_11_BAL_DAL,DAL,BAL,27.0,17.0,10.0,0.7018901708474747,1,False
2016,11,2016_11_JAX_DET,DET,JAX,26.0,19.0,7.0,0.7754670141747728,1,False
2016,11,2016_11_TEN_IND,IND,TEN,24.0,17.0,7.0,0.6454175713072816,1,False
2016,11,2016_11_TB_KC,KC,TB,17.0,19.0,-2.0,0.7832695820430053,0,False
2016,11,2016_11_ARI_MIN,MIN,ARI,30.0,24.0,6.0,0.5266038934849897,1,False
2016,11,2016_11_CHI_NYG,NYG,CHI,22.0,16.0,6.0,0.7232002863377627,1,False
2016,11,2016_11_MIA_LA,LA,MIA,10.0,14.0,-4.0,0.5465519070315419,0,False
2016,11,2016_11_PHI_SEA,SEA,PHI,26.0,15.0,11.0,0.6821951276676922,1,False
2016,11,2016_11_NE_SF,SF,NE,17.0,30.0,-13.0,0.22044678470369172,0,False
2016,11,2016_11_GB_WAS,WAS,GB,42.0,24.0,18.0,0.625268124148407,1,False
2016,11,2016_11_HOU_OAK,OAK,HOU,27.0,20.0,7.0,0.4890364039112032,1,True
2016,12,2016_12_MIN_DET,DET,MIN,16.0,13.0,3.0,0.5287963101716918,1,False
2016,12,2016_12_WAS_DAL,DAL,WAS,31.0,26.0,5.0,0.630203027584684,1,False
2016,12,2016_12_PIT_IND,IND,PIT,7.0,28.0,-21.0,0.5083569819564854,0,False
2016,12,2016_12_ARI_ATL,ATL,ARI,38.0,19.0,19.0,0.5529963668823986,1,False
2016,12,2016_12_CIN_BAL,BAL,CIN,19.0,14.0,5.0,0.536625766137491,1,False
2016,12,2016_12_JAX_BUF,BUF,JAX,28.0,21.0,7.0,0.8133161600379728,1,False
2016,12,2016_12_TEN_CHI,CHI,TEN,21.0,27.0,-6.0,0.5301584806713803,0,False
2016,12,2016_12_NYG_CLE,CLE,NYG,13.0,27.0,-14.0,0.26970416280506176,0,False
2016,12,2016_12_SD_HOU,HOU,SD,13.0,21.0,-8.0,0.6392991921533474,0,False
2016,12,2016_12_SF_MIA,MIA,SF,31.0,24.0,7.0,0.7613759258558106,1,False
2016,12,2016_12_LA_NO,NO,LA,49.0,21.0,28.0,0.5838598689415003,1,False
2016,12,2016_12_SEA_TB,TB,SEA,14.0,5.0,9.0,0.31305577769156684,1,False
2016,12,2016_12_NE_NYJ,NYJ,NE,17.0,22.0,-5.0,0.3227901052489044,0,False
2016,12,2016_12_CAR_OAK,OAK,CAR,35.0,32.0,3.0,0.5501427484119031,1,False
2016,12,2016_12_KC_DEN,DEN,KC,27.0,30.0,-3.0,0.5499997447052688,0,False
2016,12,2016_12_GB_PHI,PHI,GB,13.0,27.0,-14.0,0.6472366319743046,0,False
2016,13,2016_13_DAL_MIN,MIN,DAL,15.0,17.0,-2.0,0.4626492236145152,0,False
2016,13,2016_13_KC_ATL,ATL,KC,28.0,29.0,-1.0,0.49053467573226683,0,False
2016,13,2016_13_MIA_BAL,BAL,MIA,38.0,6.0,32.0,0.540710000540715,1,False
2016,13,2016_13_SF_CHI,CHI,SF,26.0,6.0,20.0,0.6048717904479427,1,False
2016,13,2016_13_PHI_CIN,CIN,PHI,32.0,14.0,18.0,0.5382864398833562,1,False
2016,13,2016_13_HOU_GB,GB,HOU,21.0,13.0,8.0,0.5890086820778057,1,False
2016,13,2016_13_DEN_JAX,JAX,DEN,10.0,20.0,-10.0,0.2412508745845088,0,False
2016,13,2016_13_LA_NE,NE,LA,26.0,10.0,16.0,0.8135881139858838,1,False
2016,13,2016_13_DET_NO,NO,DET,13.0,28.0,-15.0,0.5216364088194374,0,False
2016,13,2016_13_BUF_OAK,OAK,BUF,38.0,24.0,14.0,0.572029259662443,1,False
2016,13,2016_13_WAS_ARI,ARI,WAS,31.0,23.0,8.0,0.536700695286007,1,False
2016,13,2016_13_NYG_PIT,PIT,NYG,24.0,14.0,10.0,0.6138824558909378,1,False
2016,13,2016_13_TB_SD,SD,TB,21.0,28.0,-7.0,0.5627987784067028,0,False
2016,13,2016_13_CAR_SEA,SEA,CAR,40.0,7.0,33.0,0.6710613135926087,1,False
2016,13,2016_13_IND_NYJ,NYJ,IND,10.0,41.0,-31.0,0.541126475050901,0,False
2016,14,2016_14_OAK_KC,KC,OAK,21.0,13.0,8.0,0.6371896505591759,1,False
2016,14,2016_14_PIT_BUF,BUF,PIT,20.0,27.0,-7.0,0.5057927251968871,0,False
2016,14,2016_14_SD_CAR,CAR,SD,28.0,16.0,12.0,0.6447040024302721,1,False
2016,14,2016_14_CIN_CLE,CLE,CIN,10.0,23.0,-13.0,0.26880831596581845,0,False
2016,14,2016_14_CHI_DET,DET,CHI,20.0,17.0,3.0,0.7722159363132104,1,False
2016,14,2016_14_HOU_IND,IND,HOU,17.0,22.0,-5.0,0.6013702600721794,0,False
2016,14,2016_14_MIN_JAX,JAX,MIN,16.0,25.0,-9.0,0.28779239302779114,0,False
2016,14,2016_14_ARI_MIA,MIA,ARI,26.0,23.0,3.0,0.4888154552758212,1,False
2016,14,2016_14_WAS_PHI,PHI,WAS,22.0,27.0,-5.0,0.5080479677599906,0,False
2016,14,2016_14_DEN_TEN,TEN,DEN,13.0,10.0,3.0,0.34485447202403374,1,False
2016,14,2016_14_NYJ_SF,SF,NYJ,17.0,23.0,-6.0,0.4247174898829293,0,False
2016,14,2016_14_SEA_GB,GB,SEA,38.0,10.0,28.0,0.40547268589472224,1,False
2016,14,2016_14_ATL_LA,LA,ATL,14.0,42.0,-28.0,0.38954599141063445,0,False
2016,14,2016_14_NO_TB,TB,NO,16.0,11.0,5.0,0.6109605992865689,1,False
2016,14,2016_14_DAL_NYG,NYG,DAL,10.0,7.0,3.0,0.41322046284783387,1,False
2016,14,2016_14_BAL_NE,NE,BAL,30.0,23.0,7.0,0.7383034880501825,1,False
2016,15,2016_15_LA_SEA,SEA,LA,24.0,3.0,21.0,0.7994504833999125,1,False
2016,15,2016_15_MIA_NYJ,NYJ,MIA,13.0,34.0,-21.0,0.4823304549544333,0,False
2016,15,2016_15_PHI_BAL,BAL,PHI,27.0,26.0,1.0,0.6277490284539351,1,False
2016,15,2016_15_CLE_BUF,BUF,CLE,33.0,13.0,20.0,0.8384536171562628,1,False
2016,15,2016_15_GB_CHI,CHI,GB,27.0,30.0,-3.0,0.3274464598053136,0,False
2016,15,2016_15_PIT_CIN,CIN,PIT,20.0,24.0,-4.0,0.4713216967826619,0,False
2016,15,2016_15_JAX_HOU,HOU,JAX,21.0,20.0,1.0,0.7846720057077141,1,False
2016,15,2016_15_TEN_KC,KC,TEN,17.0,19.0,-2.0,0.8022484164425995,0,False
2016,15,2016_15_IND_MIN,MIN,IND,6.0,34.0,-28.0,0.6502633223277408,0,False
2016,15,2016_15_DET_NYG,NYG,DET,17.0,6.0,11.0,0.5245990522748263,1,False
2016,15,2016_15_NO_ARI,ARI,NO,41.0,48.0,-7.0,0.6573181200157825,0,False
2016,15,2016_15_SF_ATL,ATL,SF,41.0,13.0,28.0,0.8566857061916017,1,False
2016,15,2016_15_NE_DEN,DEN,NE,3.0,16.0,-13.0,0.43836883179432495,0,False
2016,15,2016_15_OAK_SD,SD,OAK,16.0,19.0,-3.0,0.4185546070918104,0,False
2016,15,2016_15_TB_DAL,DAL,TB,26.0,20.0,6.0,0.6864546746469363,1,False
2016,15,2016_15_CAR_WAS,WAS,CAR,15.0,26.0,-11.0,0.5741785180730794,0,False
2016,16,2016_16_NYG_PHI,PHI,NYG,24.0,19.0,5.0,0.4556147368978214,1,False
2016,16,2016_16_MIA_BUF,BUF,MIA,31.0,34.0,-3.0,0.5814908843468369,0,False
2016,16,2016_16_ATL_CAR,CAR,ATL,16.0,33.0,-17.0,0.5402800894290494,0,False
2016,16,2016_16_WAS_CHI,CHI,WAS,21.0,41.0,-20.0,0.37161651810507174,0,False
2016,16,2016_16_SD_CLE,CLE,SD,20.0,17.0,3.0,0.32936777486841246,1,False
2016,16,2016_16_MIN_GB,GB,MIN,38.0,25.0,13.0,0.6502988368480833,1,False
2016,16,2016_16_TEN_JAX,JAX,TEN,38.0,17.0,21.0,0.3691485220360327,1,False
2016,16,2016_16_NYJ_NE,NE,NYJ,41.0,3.0,38.0,0.8579306687620539,1,False
2016,16,2016_16_IND_OAK,OAK,IND,33.0,25.0,8.0,0.6419708764056933,1,False
2016,16,2016_16_SF_LA,LA,SF,21.0,22.0,-1.0,0.6997621518944042,0,False
2016,16,2016_16_TB_NO,NO,TB,31.0,24.0,7.0,0.5389877418742086,1,False
2016,16,2016_16_ARI_SEA,SEA,ARI,31.0,34.0,-3.0,0.7081993938121004,0,False
2016,16,2016_16_CIN_HOU,HOU,CIN,12.0,10.0,2.0,0.5494290421932875,1,False
2016,16,2016_16_BAL_PIT,PIT,BAL,31.0,27.0,4.0,0.6817902912291478,1,False
2016,16,2016_16_DEN_KC,KC,DEN,33.0,10.0,23.0,0.6617400183123632,1,False
2016,16,2016_16_DET_DAL,DAL,DET,42.0,21.0,21.0,0.6799199315119394,1,False
2016,17,2016_17_BAL_CIN,CIN,BAL,27.0,10.0,17.0,0.5611439599593905,1,False
2016,17,2016_17_JAX_IND,IND,JAX,24.0,20.0,4.0,0.7585754850092965,1,False
2016,17,2016_17_NE_MIA,MIA,NE,14.0,35.0,-21.0,0.3485438088670416,0,False
2016,17,2016_17_CHI_MIN,MIN,CHI,38.0,10.0,28.0,0.7326633300229578,1,False
2016,17,2016_17_BUF_NYJ,NYJ,BUF,30.0,10.0,20.0,0.41855715799837245,1,False
2016,17,2016_17_DAL_PHI,PHI,DAL,27.0,13.0,14.0,0.3590929158930143,1,False
2016,17,2016_17_CLE_PIT,PIT,CLE,27.0,24.0,3.0,0.8944644770537785,1,False
2016,17,2016_17_CAR_TB,TB,CAR,17.0,16.0,1.0,0.5049346581541234,1,False
2016,17,2016_17_HOU_TEN,TEN,HOU,24.0,17.0,7.0,0.4525635648372911,1,False
2016,17,2016_17_NO_ATL,ATL,NO,38.0,32.0,6.0,0.7015148789258121,1,False
2016,17,2016_17_OAK_DEN,DEN,OAK,24.0,6.0,18.0,0.5063099250878587,1,False
2016,17,2016_17_ARI_LA,LA,ARI,6.0,44.0,-38.0,0.38491673747118665,0,False
2016,17,2016_17_KC_SD,SD,KC,27.0,37.0,-10.0,0.27874316357038087,0,False
2016,17,2016_17_SEA_SF,SF,SEA,23.0,25.0,-2.0,0.20295049925198932,0,False
2016,17,2016_17_NYG_WAS,WAS,NYG,10.0,19.0,-9.0,0.5787250479490255,0,False
2016,17,2016_17_GB_DET,DET,GB,24.0,31.0,-7.0,0.4792231809997196,0,False
2017,1,2017_01_KC_NE,NE,KC,27.0,42.0,-15.0,0.614125365868624,0,False
2017,1,2017_01_NYJ_BUF,BUF,NYJ,21.0,12.0,9.0,0.605402192969067,1,False
2017,1,2017_01_ATL_CHI,CHI,ATL,17.0,23.0,-6.0,0.34865677888209423,0,False
2017,1,2017_01_BAL_CIN,CIN,BAL,0.0,20.0,-20.0,0.6049751630144857,0,False
2017,1,2017_01_PIT_CLE,CLE,PIT,18.0,21.0,-3.0,0.3015421034096123,0,False
2017,1,2017_01_ARI_DET,DET,ARI,35.0,23.0,12.0,0.540568379084191,1,False
2017,1,2017_01_JAX_HOU,HOU,JAX,7.0,29.0,-22.0,0.6826687122749477,0,False
2017,1,2017_01_OAK_TEN,TEN,OAK,16.0,26.0,-10.0,0.4756730566416788,0,False
2017,1,2017_01_PHI_WAS,WAS,PHI,17.0,30.0,-13.0,0.5697899218193472,0,False
2017,1,2017_01_IND_LA,LA,IND,46.0,9.0,37.0,0.45769676933379744,1,False
2017,1,2017_01_SEA_GB,GB,SEA,17.0,9.0,8.0,0.5679008553046315,1,False
2017,1,2017_01_CAR_SF,SF,CAR,3.0,23.0,-20.0,0.38129808807978594,0,False
2017,1,2017_01_NYG_DAL,DAL,NYG,19.0,3.0,16.0,0.6170565678675464,1,False
2017,1,2017_01_NO_MIN,MIN,NO,29.0,19.0,10.0,0.5834770287528092,1,False
2017,1,2017_01_LAC_DEN,DEN,LAC,24.0,21.0,3.0,0.6209645886662548,1,False
2017,2,2017_02_HOU_CIN,CIN,HOU,9.0,13.0,-4.0,0.6146454920417824,0,False
2017,2,2017_02_CLE_BAL,BAL,CLE,24.0,10.0,14.0,0.7603581591513602,1,False
2017,2,2017_02_BUF_CAR,CAR,BUF,9.0,3.0,6.0,0.6106948303602496,1,False
2017,2,2017_02_ARI_IND,IND,ARI,13.0,16.0,-3.0,0.5207848908176158,0,False
2017,2,2017_02_TEN_JAX,JAX,TEN,16.0,37.0,-21.0,0.5550459027649405,0,False
2017,2,2017_02_PHI_KC,KC,PHI,27.0,20.0,7.0,0.6816243649921259,1,False
2017,2,2017_02_NE_NO,NO,NE,20.0,36.0,-16.0,0.402393797397291,0,False
2017,2,2017_02_MIN_PIT,PIT,MIN,26.0,9.0,17.0,0.6389367527045231,1,False
2017,2,2017_02_CHI_TB,TB,CHI,29.0,7.0,22.0,0.7002648199039143,1,False
2017,2,2017_02_MIA_LAC,LAC,MIA,17.0,19.0,-2.0,0.5465223195946656,0,False
2017,2,2017_02_NYJ_OAK,OAK,NYJ,45.0,20.0,25.0,0.7039275704479347,1,False
2017,2,2017_02_DAL_DEN,DEN,DAL,42.0,17.0,25.0,0.5214809475711994,1,False
2017,2,2017_02_WAS_LA,LA,WAS,20.0,27.0,-7.0,0.533183832361739,0,False
2017,2,2017_02_SF_SEA,SEA,SF,12.0,9.0,3.0,0.782451111054639,1,False
2017,2,2017_02_GB_ATL,ATL,GB,34.0,23.0,11.0,0.5726815622517043,1,False
2017,2,2017_02_DET_NYG,NYG,DET,10.0,24.0,-14.0,0.5484188248057558,0,False
2017,3,2017_03_LA_SF,SF,LA,39.0,41.0,-2.0,0.4538974143786496,0,False
2017,3,2017_03_DEN_BUF,BUF,DEN,26.0,16.0,10.0,0.4491349101836194,1,False
2017,3,2017_03_NO_CAR,CAR,NO,13.0,34.0,-21.0,0.684419340842082,0,False
2017,3,2017_03_PIT_CHI,CHI,PIT,23.0,17.0,6.0,0.286969876649915,1,False
2017,3,2017_03_ATL_DET,DET,ATL,26.0,30.0,-4.0,0.4994286885082219,0,False
2017,3,2017_03_CLE_IND,IND,CLE,31.0,28.0,3.0,0.7071554380407561,1,False
2017,3,2017_03_TB_MIN,MIN,TB,34.0,17.0,17.0,0.5541232245008603,1,False
2017,3,2017_03_HOU_NE,NE,HOU,36.0,33.0,3.0,0.7479350377430328,1,False
2017,3,2017_03_MIA_NYJ,NYJ,MIA,20.0,6.0,14.0,0.4443020260482246,1,False
2017,3,2017_03_NYG_PHI,PHI,NYG,27.0,24.0,3.0,0.6148327266351739,1,False
2017,3,2017_03_SEA_TEN,TEN,SEA,33.0,27.0,6.0,0.46536327083776047,1,False
2017,3,2017_03_CIN_GB,GB,CIN,27.0,24.0,3.0,0.6806143070280218,1,False
2017,3,2017_03_KC_LAC,LAC,KC,10.0,24.0,-14.0,0.36931984658354733,0,False
2017,3,2017_03_OAK_WAS,WAS,OAK,27.0,10.0,17.0,0.4838571784445105,1,False
2017,3,2017_03_BAL_JAX,JAX,BAL,44.0,7.0,37.0,0.3413265198582587,1,True
2017,3,2017_03_DAL_ARI,ARI,DAL,17.0,28.0,-11.0,0.5137879445305064,0,False
2017,4,2017_04_CHI_GB,GB,CHI,35.0,14.0,21.0,0.7637060462251302,1,False
2017,4,2017_04_BUF_ATL,ATL,BUF,17.0,23.0,-6.0,0.6927130307845183,0,False
2017,4,2017_04_PIT_BAL,BAL,PIT,9.0,26.0,-17.0,0.4615718811401898,0,False
2017,4,2017_04_CIN_CLE,CLE,CIN,7.0,31.0,-24.0,0.40191329485152355,0,False
2017,4,2017_04_LA_DAL,DAL,LA,30.0,35.0,-5.0,0.7236103182477784,0,False
2017,4,2017_04_TEN_HOU,HOU,TEN,57.0,14.0,43.0,0.5310409265724696,1,False
2017,4,2017_04_DET_MIN,MIN,DET,7.0,14.0,-7.0,0.5613444050822332,0,False
2017,4,2017_04_CAR_NE,NE,CAR,30.0,33.0,-3.0,0.70506403579018,0,False
2017,4,2017_04_JAX_NYJ,NYJ,JAX,23.0,20.0,3.0,0.5740932667084041,1,False
2017,4,2017_04_SF_ARI,ARI,SF,18.0,15.0,3.0,0.7462548044288979,1,False
2017,4,2017_04_PHI_LAC,LAC,PHI,24.0,26.0,-2.0,0.4878125952924479,0,False
2017,4,2017_04_NYG_TB,TB,NYG,25.0,23.0,2.0,0.5902036404201204,1,False
2017,4,2017_04_OAK_DEN,DEN,OAK,16.0,10.0,6.0,0.5916064922459874,1,False
2017,4,2017_04_IND_SEA,SEA,IND,46.0,18.0,28.0,0.6577104286246567,1,False
2017,4,2017_04_NO_MIA,MIA,NO,0.0,20.0,-20.0,0.4924830196647569,0,True
2017,4,2017_04_WAS_KC,KC,WAS,29.0,20.0,9.0,0.711856028965209,1,False
2017,5,2017_05_NE_TB,TB,NE,14.0,19.0,-5.0,0.42611968575833803,0,False
2017,5,2017_05_BUF_CIN,CIN,BUF,20.0,16.0,4.0,0.4945555075405699,1,False
2017,5,2017_05_NYJ_CLE,CLE,NYJ,14.0,17.0,-3.0,0.37651858716452946,0,False
2017,5,2017_05_CAR_DET,DET,CAR,24.0,27.0,-3.0,0.6004047729338935,0,False
2017,5,2017_05_SF_IND,IND,SF,26.0,23.0,3.0,0.6938124275645158,1,False
2017,5,2017_05_TEN_MIA,MIA,TEN,16.0,10.0,6.0,0.5789209845436248,1,False
2017,5,2017_05_LAC_NYG,NYG,LAC,22.0,27.0,-5.0,0.5799739120131994,0,False
2017,5,2017_05_ARI_PHI,PHI,ARI,34.0,7.0,27.0,0.6196963014237014,1,False
2017,5,2017_05_JAX_PIT,PIT,JAX,9.0,30.0,-21.0,0.7475583681508516,0,False
2017,5,2017_05_SEA_LA,LA,SEA,10.0,16.0,-6.0,0.46157892328058947,0,False
2017,5,2017_05_BAL_OAK,OAK,BAL,17.0,30.0,-13.0,0.6418072789717434,0,False
2017,5,2017_05_GB_DAL,DAL,GB,31.0,35.0,-4.0,0.5330516856802404,0,False
2017,5,2017_05_KC_HOU,HOU,KC,34.0,42.0,-8.0,0.35586010978541277,0,False
2017,5,2017_05_MIN_CHI,CHI,MIN,17.0,20.0,-3.0,0.40753624265095423,0,False
2017,6,2017_06_PHI_CAR,CAR,PHI,23.0,28.0,-5.0,0.5457754151725824,0,False
2017,6,2017_06_MIA_ATL,ATL,MIA,17.0,20.0,-3.0,0.7100705198393306,0,False
2017,6,2017_06_CHI_BAL,BAL,CHI,24.0,27.0,-3.0,0.711129157488561,0,False
2017,6,2017_06_CLE_HOU,HOU,CLE,33.0,17.0,16.0,0.7747354833153824,1,False
2017,6,2017_06_GB_MIN,MIN,GB,23.0,10.0,13.0,0.47074095605006117,1,False
2017,6,2017_06_DET_NO,NO,DET,52.0,38.0,14.0,0.5421424096369851,1,False
2017,6,2017_06_NE_NYJ,NYJ,NE,17.0,24.0,-7.0,0.3771258338763118,0,False
2017,6,2017_06_SF_WAS,WAS,SF,26.0,24.0,2.0,0.7858871727060771,1,False
2017,6,2017_06_TB_ARI,ARI,TB,38.0,33.0,5.0,0.5542880907976981,1,False
2017,6,2017_06_LA_JAX,JAX,LA,17.0,27.0,-10.0,0.598170990608008,0,False
2017,6,2017_06_PIT_KC,KC,PIT,13.0,19.0,-6.0,0.7205093953402522,0,False
2017,6,2017_06_LAC_OAK,OAK,LAC,16.0,17.0,-1.0,0.5979177518939467,0,False
2017,6,2017_06_NYG_DEN,DEN,NYG,10.0,23.0,-13.0,0.716361061330329,0,False
2017,6,2017_06_IND_TEN,TEN,IND,36.0,22.0,14.0,0.5621941912666845,1,False
2017,7,2017_07_KC_OAK,OAK,KC,31.0,30.0,1.0,0.36316986283033487,1,False
2017,7,2017_07_TB_BUF,BUF,TB,30.0,27.0,3.0,0.6338074235430466,1,False
2017,7,2017_07_CAR_CHI,CHI,CAR,17.0,3.0,14.0,0.3946106182667681,1,False
2017,7,2017_07_TEN_CLE,CLE,TEN,9.0,12.0,-3.0,0.35345807143624974,0,False
2017,7,2017_07_NO_GB,GB,NO,17.0,26.0,-9.0,0.60086788069755,0,False
2017,7,2017_07_JAX_IND,IND,JAX,0.0,27.0,-27.0,0.5276154211880593,0,False
2017,7,2017_07_ARI_LA,LA,ARI,33.0,0.0,33.0,0.4836573230436082,1,True
2017,7,2017_07_NYJ_MIA,MIA,NYJ,31.0,28.0,3.0,0.6146437506888179,1,False
2017,7,2017_07_BAL_MIN,MIN,BAL,24.0,16.0,8.0,0.6585859498448716,1,False
2017,7,2017_07_DAL_SF,SF,DAL,10.0,40.0,-30.0,0.2974865499501862,0,False
2017,7,2017_07_DEN_LAC,LAC,DEN,21.0,0.0,21.0,0.49603988338465343,1,False
2017,7,2017_07_SEA_NYG,NYG,SEA,7.0,24.0,-17.0,0.46092953664112946,0,False
2017,7,2017_07_CIN_PIT,PIT,CIN,29.0,14.0,15.0,0.6668199767222444,1,False
2017,7,2017_07_ATL_NE,NE,ATL,23.0,7.0,16.0,0.6403128637810509,1,False
2017,7,2017_07_WAS_PHI,PHI,WAS,34.0,24.0,10.0,0.6400674237952945,1,False
2017,8,2017_08_MIA_BAL,BAL,MIA,40.0,0.0,40.0,0.5156377911774636,1,False
2017,8,2017_08_OAK_BUF,BUF,OAK,34.0,14.0,20.0,0.6135220556438096,1,False
2017,8,2017_08_IND_CIN,CIN,IND,24.0,23.0,1.0,0.6723904967023345,1,False
2017,8,2017_08_LAC_NE,NE,LAC,21.0,13.0,8.0,0.7345636387052349,1,False
2017,8,2017_08_CHI_NO,NO,CHI,20.0,12.0,8.0,0.7338880899950612,1,False
2017,8,2017_08_ATL_NYJ,NYJ,ATL,20.0,25.0,-5.0,0.432042760154447,0,False
2017,8,2017_08_SF_PHI,PHI,SF,33.0,10.0,23.0,0.8582122320209189,1,False
2017,8,2017_08_CAR_TB,TB,CAR,3.0,17.0,-14.0,0.5260502107262911,0,False
2017,8,2017_08_HOU_SEA,SEA,HOU,41.0,38.0,3.0,0.6774015672431972,1,False
2017,8,2017_08_DAL_WAS,WAS,DAL,19.0,33.0,-14.0,0.5101715257456815,0,False
2017,8,2017_08_PIT_DET,DET,PIT,15.0,20.0,-5.0,0.4725378236867378,0,False
2017,8,2017_08_MIN_CLE,CLE,MIN,16.0,33.0,-17.0,0.18933069323188273,0,True
2017,8,2017_08_DEN_KC,KC,DEN,29.0,19.0,10.0,0.7299905775261315,1,False
2017,9,2017_09_BUF_NYJ,NYJ,BUF,34.0,21.0,13.0,0.41822765472812873,1,False
2017,9,2017_09_ATL_CAR,CAR,ATL,20.0,17.0,3.0,0.5072085491716553,1,False
2017,9,2017_09_IND_HOU,HOU,IND,14.0,20.0,-6.0,0.69227037089774,0,False
2017,9,2017_09_CIN_JAX,JAX,CIN,23.0,7.0,16.0,0.570889203014518,1,False
2017,9,2017_09_TB_NO,NO,TB,30.0,10.0,20.0,0.733287773449114,1,False
2017,9,2017_09_LA_NYG,NYG,LA,17.0,51.0,-34.0,0.5085432007191444,0,False
2017,9,2017_09_DEN_PHI,PHI,DEN,51.0,23.0,28.0,0.7057765871918635,1,False
2017,9,2017_09_BAL_TEN,TEN,BAL,23.0,20.0,3.0,0.5326546607137687,1,False
2017,9,2017_09_WAS_SEA,SEA,WAS,14.0,17.0,-3.0,0.7014423758706899,0,False
2017,9,2017_09_ARI_SF,SF,ARI,10.0,20.0,-10.0,0.3665911862324229,0,False
2017,9,2017_09_KC_DAL,DAL,KC,28.0,17.0,11.0,0.46612964261699275,1,False
2017,9,2017_09_OAK_MIA,MIA,OAK,24.0,27.0,-3.0,0.5632327497356088,0,False
2017,9,2017_09_DET_GB,GB,DET,17.0,30.0,-13.0,0.6242690351427731,0,False
2017,10,2017_10_SEA_ARI,ARI,SEA,16.0,22.0,-6.0,0.4315405283655678,0,False
2017,10,2017_10_NO_BUF,BUF,NO,10.0,47.0,-37.0,0.4798160860275363,0,False
2017,10,2017_10_GB_CHI,CHI,GB,16.0,23.0,-7.0,0.43582644805319226,0,False
2017,10,2017_10_CLE_DET,DET,CLE,38.0,24.0,14.0,0.8340423095759971,1,False
2017,10,2017_10_PIT_IND,IND,PIT,17.0,20.0,-3.0,0.3277219064760257,0,False
2017,10,2017_10_LAC_JAX,JAX,LAC,20.0,17.0,3.0,0.5770000031083284,1,False
2017,10,2017_10_NYJ_TB,TB,NYJ,15.0,10.0,5.0,0.511354839680115,1,False
2017,10,2017_10_CIN_TEN,TEN,CIN,24.0,20.0,4.0,0.6040695209826976,1,False
2017,10,2017_10_MIN_WAS,WAS,MIN,30.0,38.0,-8.0,0.4817192339377125,0,False
2017,10,2017_10_HOU_LA,LA,HOU,33.0,7.0,26.0,0.6582782028412165,1,False
2017,10,2017_10_DAL_ATL,ATL,DAL,27.0,7.0,20.0,0.5077121261475208,1,False
2017,10,2017_10_NYG_SF,SF,NYG,31.0,21.0,10.0,0.3805021706377121,1,False
2017,10,2017_10_NE_DEN,DEN,NE,16.0,41.0,-25.0,0.32927895572852983,0,False
2017,10,2017_10_MIA_CAR,CAR,MIA,45.0,21.0,24.0,0.6645596506975439,1,False
2017,11,2017_11_TEN_PIT,PIT,TEN,40.0,17.0,23.0,0.7090919001518995,1,False
2017,11,2017_11_DET_CHI,CHI,DET,24.0,27.0,-3.0,0.3947537875725393,0,False
2017,11,2017_11_JAX_CLE,CLE,JAX,7.0,19.0,-12.0,0.2644749184367671,0,False
2017,11,2017_11_BAL_GB,GB,BAL,0.0,23.0,-23.0,0.6303582799812079,0,False
2017,11,2017_11_ARI_HOU,HOU,ARI,31.0,21.0,10.0,0.5525304937895927,1,False
2017,11,2017_11_TB_MIA,MIA,TB,20.0,30.0,-10.0,0.5619623158403749,0,False
2017,11,2017_11_LA_MIN,MIN,LA,24.0,7.0,17.0,0.6052056678338488,1,False
2017,11,2017_11_WAS_NO,NO,WAS,34.0,31.0,3.0,0.7275416229203756,1,False
2017,11,2017_11_KC_NYG,NYG,KC,12.0,9.0,3.0,0.2926524691198226,1,False
2017,11,2017_11_BUF_LAC,LAC,BUF,54.0,24.0,30.0,0.5597035014178189,1,False
2017,11,2017_11_CIN_DEN,DEN,CIN,17.0,20.0,-3.0,0.592171409214656,0,False
2017,11,2017_11_NE_OAK,OAK,NE,8.0,33.0,-25.0,0.2670527784164117,0,True
2017,11,2017_11_PHI_DAL,DAL,PHI,9.0,37.0,-28.0,0.4994792213052343,0,False
2017,11,2017_11_ATL_SEA,SEA,ATL,31.0,34.0,-3.0,0.5797963368472799,0,False
2017,12,2017_12_MIN_DET,DET,MIN,23.0,30.0,-7.0,0.4883753324598128,0,False
2017,12,2017_12_LAC_DAL,DAL,LAC,6.0,28.0,-22.0,0.6041508366192335,0,False
2017,12,2017_12_NYG_WAS,WAS,NYG,20.0,10.0,10.0,0.6394153011210235,1,False
2017,12,2017_12_TB_ATL,ATL,TB,34.0,20.0,14.0,0.7292928972711502,1,False
2017,12,2017_12_CLE_CIN,CIN,CLE,30.0,16.0,14.0,0.7892789238907173,1,False
2017,12,2017_12_TEN_IND,IND,TEN,16.0,20.0,-4.0,0.4800411825538202,0,False
2017,12,2017_12_BUF_KC,KC,BUF,10.0,16.0,-6.0,0.7351922007384164,0,False
2017,12,2017_12_MIA_NE,NE,MIA,35.0,17.0,18.0,0.8524604125029079,1,False
2017,12,2017_12_CAR_NYJ,NYJ,CAR,27.0,35.0,-8.0,0.4386117554924298,0,False
2017,12,2017_12_CHI_PHI,PHI,CHI,31.0,3.0,28.0,0.8362065480899858,1,False
2017,12,2017_12_SEA_SF,SF,SEA,13.0,24.0,-11.0,0.2550700148465885,0,False
2017,12,2017_12_JAX_ARI,ARI,JAX,27.0,24.0,3.0,0.4545404504567516,1,False
2017,12,2017_12_NO_LA,LA,NO,26.0,20.0,6.0,0.4536030601143634,1,False
2017,12,2017_12_DEN_OAK,OAK,DEN,21.0,14.0,7.0,0.6034683210490697,1,False
2017,12,2017_12_GB_PIT,PIT,GB,31.0,28.0,3.0,0.723555831595577,1,False
2017,12,2017_12_HOU_BAL,BAL,HOU,23.0,16.0,7.0,0.6356373770715401,1,False
2017,13,2017_13_WAS_DAL,DAL,WAS,38.0,14.0,24.0,0.5959981713772924,1,False
2017,13,2017_13_MIN_ATL,ATL,MIN,9.0,14.0,-5.0,0.5530462821581822,0,False
2017,13,2017_13_DET_BAL,BAL,DET,44.0,20.0,24.0,0.5730364374716518,1,False
2017,13,2017_13_NE_BUF,BUF,NE,3.0,23.0,-20.0,0.3077834832750382,0,False
2017,13,2017_13_SF_CHI,CHI,SF,14.0,15.0,-1.0,0.6623885797270241,0,False
2017,13,2017_13_TB_GB,GB,TB,26.0,20.0,6.0,0.6288976872184882,1,False
2017,13,2017_13_IND_JAX,JAX,IND,30.0,10.0,20.0,0.7101361450405979,1,False
2017,13,2017_13_DEN_MIA,MIA,DEN,35.0,9.0,26.0,0.5386088808513773,1,False
2017,13,2017_13_KC_NYJ,NYJ,KC,38.0,31.0,7.0,0.3838735836067427,1,False
2017,13,2017_13_HOU_TEN,TEN,HOU,24.0,13.0,11.0,0.6180191894789853,1,False
2017,13,2017_13_CLE_LAC,LAC,CLE,19.0,10.0,9.0,0.8669393507789588,1,False
2017,13,2017_13_LA_ARI,ARI,LA,16.0,32.0,-16.0,0.43280228080934663,0,False
2017,13,2017_13_CAR_NO,NO,CAR,31.0,21.0,10.0,0.619831343660225,1,False
2017,13,2017_13_NYG_OAK,OAK,NYG,24.0,17.0,7.0,0.6714080742753276,1,False
2017,13,2017_13_PHI_SEA,SEA,PHI,24.0,10.0,14.0,0.4718098223030043,1,False
2017,13,2017_13_PIT_CIN,CIN,PIT,20.0,23.0,-3.0,0.35458592085877255,0,False
2017,14,2017_14_NO_ATL,ATL,NO,20.0,17.0,3.0,0.5347540315189587,1,False
2017,14,2017_14_IND_BUF,BUF,IND,13.0,7.0,6.0,0.6957522180559811,1,False
2017,14,2017_14_MIN_CAR,CAR,MIN,31.0,24.0,7.0,0.4519019900710055,1,False
2017,14,2017_14_CHI_CIN,CIN,CHI,7.0,33.0,-26.0,0.6751571513083348,0,False
2017,14,2017_14_GB_CLE,CLE,GB,21.0,27.0,-6.0,0.24859916615485228,0,False
2017,14,2017_14_SF_HOU,HOU,SF,16.0,26.0,-10.0,0.707441023413478,0,False
2017,14,2017_14_OAK_KC,KC,OAK,26.0,15.0,11.0,0.6384980935027561,1,False
2017,14,2017_14_DAL_NYG,NYG,DAL,10.0,30.0,-20.0,0.3783854284473761,0,False
2017,14,2017_14_DET_TB,TB,DET,21.0,24.0,-3.0,0.4783987315133312,0,False
2017,14,2017_14_TEN_ARI,ARI,TEN,12.0,7.0,5.0,0.4776944770806912,1,False
2017,14,2017_14_NYJ_DEN,DEN,NYJ,23.0,0.0,23.0,0.48602554689574506,1,False
2017,14,2017_14_WAS_LAC,LAC,WAS,30.0,13.0,17.0,0.6763575556925296,1,False
2017,14,2017_14_SEA_JAX,JAX,SEA,30.0,24.0,6.0,0.45910595842633617,1,False
2017,14,2017_14_PHI_LA,LA,PHI,35.0,43.0,-8.0,0.4979522446025005,0,False
2017,14,2017_14_BAL_PIT,PIT,BAL,39.0,38.0,1.0,0.672578533068502,1,False
2017,14,2017_14_NE_MIA,MIA,NE,27.0,20.0,7.0,0.23676854888056434,1,False
2017,15,2017_15_DEN_IND,IND,DEN,13.0,25.0,-12.0,0.4835435695863369,0,False
2017,15,2017_15_CHI_DET,DET,CHI,20.0,10.0,10.0,0.6927629581891342,1,False
2017,15,2017_15_LAC_KC,KC,LAC,30.0,13.0,17.0,0.5707446104083153,1,False
2017,15,2017_15_MIA_BUF,BUF,MIA,24.0,16.0,8.0,0.6002427458126075,1,False
2017,15,2017_15_GB_CAR,CAR,GB,31.0,24.0,7.0,0.6443512848764432,1,False
2017,15,2017_15_BAL_CLE,CLE,BAL,10.0,27.0,-17.0,0.19855011867040592,0,False
2017,15,2017_15_HOU_JAX,JAX,HOU,45.0,7.0,38.0,0.7432453865503524,1,False
2017,15,2017_15_CIN_MIN,MIN,CIN,34.0,7.0,27.0,0.7851030287101721,1,False
2017,15,2017_15_NYJ_NO,NO,NYJ,31.0,19.0,12.0,0.7742577326053011,1,False
2017,15,2017_15_PHI_NYG,NYG,PHI,29.0,34.0,-5.0,0.243618275424962,0,False
2017,15,2017_15_ARI_WAS,WAS,ARI,20.0,15.0,5.0,0.5678934762255992,1,False
2017,15,2017_15_LA_SEA,SEA,LA,7.0,42.0,-35.0,0.6135851479938722,0,False
2017,15,2017_15_NE_PIT,PIT,NE,24.0,27.0,-3.0,0.5295798814301994,0,False
2017,15,2017_15_TEN_SF,SF,TEN,25.0,23.0,2.0,0.38838487779477265,1,False
2017,15,2017_15_DAL_OAK,OAK,DAL,17.0,20.0,-3.0,0.47441895831637687,0,False
2017,15,2017_15_ATL_TB,TB,ATL,21.0,24.0,-3.0,0.33396753153747155,0,False
2017,16,2017_16_IND_BAL,BAL,IND,23.0,16.0,7.0,0.8059399652004114,1,False
2017,16,2017_16_MIN_GB,GB,MIN,0.0,16.0,-16.0,0.3992176218048617,0,False
2017,16,2017_16_TB_CAR,CAR,TB,22.0,19.0,3.0,0.7655209974669432,1,False
2017,16,2017_16_CLE_CHI,CHI,CLE,20.0,3.0,17.0,0.7643782438593465,1,False
2017,16,2017_16_DET_CIN,CIN,DET,26.0,17.0,9.0,0.41782042325768853,1,False
2017,16,2017_16_MIA_KC,KC,MIA,29.0,13.0,16.0,0.7444138770819118,1,False
2017,16,2017_16_BUF_NE,NE,BUF,37.0,16.0,21.0,0.7755021462587101,1,False
2017,16,2017_16_ATL_NO,NO,ATL,23.0,13.0,10.0,0.5809763527375826,1,False
2017,16,2017_16_LAC_NYJ,NYJ,LAC,7.0,14.0,-7.0,0.40157942408951985,0,False
2017,16,2017_16_LA_TEN,TEN,LA,23.0,27.0,-4.0,0.4142287340850593,0,False
2017,16,2017_16_DEN_WAS,WAS,DEN,27.0,11.0,16.0,0.5931083289328497,1,False
2017,16,2017_16_JAX_SF,SF,JAX,44.0,33.0,11.0,0.30764526986118734,1,False
2017,16,2017_16_NYG_ARI,ARI,NYG,23.0,0.0,23.0,0.6535324833730858,1,False
2017,16,2017_16_SEA_DAL,DAL,SEA,12.0,21.0,-9.0,0.5839062637112857,0,False
2017,16,2017_16_PIT_HOU,HOU,PIT,6.0,34.0,-28.0,0.2609195089042176,0,False
2017,16,2017_16_OAK_PHI,PHI,OAK,19.0,10.0,9.0,0.7734587790947685,1,False
2017,17,2017_17_GB_DET,DET,GB,35.0,11.0,24.0,0.5941980839778566,1,False
2017,17,2017_17_HOU_IND,IND,HOU,22.0,13.0,9.0,0.5276465305612715,1,False
2017,17,2017_17_CHI_MIN,MIN,CHI,23.0,10.0,13.0,0.8206560535454092,1,False
2017,17,2017_17_NYJ_NE,NE,NYJ,26.0,6.0,20.0,0.8642101470781154,1,False
2017,17,2017_17_WAS_NYG,NYG,WAS,18.0,10.0,8.0,0.3887391033776634,1,False
2017,17,2017_17_DAL_PHI,PHI,DAL,0.0,6.0,-6.0,0.7114304477548129,0,False
2017,17,2017_17_CLE_PIT,PIT,CLE,28.0,24.0,4.0,0.9283777847499614,1,False
2017,17,2017_17_CAR_ATL,ATL,CAR,22.0,10.0,12.0,0.5726876206610628,1,False
2017,17,2017_17_CIN_BAL,BAL,CIN,27.0,31.0,-4.0,0.729105520358613,0,False
2017,17,2017_17_KC_DEN,DEN,KC,24.0,27.0,-3.0,0.33205182189572086,0,False
2017,17,2017_17_SF_LA,LA,SF,13.0,34.0,-21.0,0.7988951830086888,0,False
2017,17,2017_17_OAK_LAC,LAC,OAK,30.0,10.0,20.0,0.6894103607735594,1,False
2017,17,2017_17_BUF_MIA,MIA,BUF,16.0,22.0,-6.0,0.49427915969830016,0,False
2017,17,2017_17_ARI_SEA,SEA,ARI,24.0,26.0,-2.0,0.7129658016380929,0,False
2017,17,2017_17_NO_TB,TB,NO,31.0,24.0,7.0,0.2815955422188177,1,False
2017,17,2017_17_JAX_TEN,TEN,JAX,15.0,10.0,5.0,0.4810637957713998,1,False
2018,1,2018_01_ATL_PHI,PHI,ATL,18.0,12.0,6.0,0.5901757649605356,1,False
2018,1,2018_01_BUF_BAL,BAL,BUF,47.0,3.0,44.0,0.6032232393622752,1,False
2018,1,2018_01_PIT_CLE,CLE,PIT,21.0,21.0,0.0,0.25147330870433726,0,False
2018,1,2018_01_CIN_IND,IND,CIN,23.0,34.0,-11.0,0.4958923545060485,0,False
2018,1,2018_01_TEN_MIA,MIA,TEN,27.0,20.0,7.0,0.5238150155539256,1,False
2018,1,2018_01_SF_MIN,MIN,SF,24.0,16.0,8.0,0.7245931704580821,1,False
2018,1,2018_01_HOU_NE,NE,HOU,27.0,20.0,7.0,0.8071716420366326,1,False
2018,1,2018_01_TB_NO,NO,TB,40.0,48.0,-8.0,0.6954712364065575,0,False
2018,1,2018_01_JAX_NYG,NYG,JAX,15.0,20.0,-5.0,0.46410491799231096,0,False
2018,1,2018_01_KC_LAC,LAC,KC,28.0,38.0,-10.0,0.5402031658736722,0,False
2018,1,2018_01_WAS_ARI,ARI,WAS,6.0,24.0,-18.0,0.579833541531936,0,False
2018,1,2018_01_DAL_CAR,CAR,DAL,16.0,8.0,8.0,0.5716626311054784,1,False
2018,1,2018_01_SEA_DEN,DEN,SEA,27.0,24.0,3.0,0.4574761614192258,1,False
2018,1,2018_01_CHI_GB,GB,CHI,24.0,23.0,1.0,0.6122530392932498,1,False
2018,1,2018_01_NYJ_DET,DET,NYJ,17.0,48.0,-31.0,0.6661732050639362,0,False
2018,1,2018_01_LA_OAK,OAK,LA,13.0,33.0,-20.0,0.4818530202543624,0,False
2018,2,2018_02_BAL_CIN,CIN,BAL,34.0,23.0,11.0,0.4812894301439035,1,False
2018,2,2018_02_CAR_ATL,ATL,CAR,31.0,24.0,7.0,0.5610365829411046,1,False
2018,2,2018_02_LAC_BUF,BUF,LAC,20.0,31.0,-11.0,0.5012278619150811,0,False
2018,2,2018_02_MIN_GB,GB,MIN,29.0,29.0,0.0,0.40643265679818097,0,False
2018,2,2018_02_CLE_NO,NO,CLE,21.0,18.0,3.0,0.8058460626562123,1,False
2018,2,2018_02_MIA_NYJ,NYJ,MIA,12.0,20.0,-8.0,0.5758161221738579,0,False
2018,2,2018_02_KC_PIT,PIT,KC,37.0,42.0,-5.0,0.5718869052776632,0,False
2018,2,2018_02_PHI_TB,TB,PHI,27.0,21.0,6.0,0.42669847603851757,1,False
2018,2,2018_02_HOU_TEN,TEN,HOU,20.0,17.0,3.0,0.6555989890970058,1,False
2018,2,2018_02_IND_WAS,WAS,IND,9.0,21.0,-12.0,0.6990400296908493,0,False
2018,2,2018_02_ARI_LA,LA,ARI,34.0,0.0,34.0,0.6915173749666081,1,False
2018,2,2018_02_DET_SF,SF,DET,30.0,27.0,3.0,0.5368505995821886,1,False
2018,2,2018_02_OAK_DEN,DEN,OAK,20.0,19.0,1.0,0.5996827372071535,1,False
2018,2,2018_02_NE_JAX,JAX,NE,31.0,20.0,11.0,0.421222596200494,1,False
2018,2,2018_02_NYG_DAL,DAL,NYG,20.0,13.0,7.0,0.7022434318402522,1,False
2018,2,2018_02_SEA_CHI,CHI,SEA,24.0,17.0,7.0,0.45607072654513786,1,False
2018,3,2018_03_NYJ_CLE,CLE,NYJ,21.0,17.0,4.0,0.3928439884359632,1,False
2018,3,2018_03_NO_ATL,ATL,NO,37.0,43.0,-6.0,0.6037970574828556,0,False
2018,3,2018_03_DEN_BAL,BAL,DEN,27.0,14.0,13.0,0.6483914924243385,1,False
2018,3,2018_03_CIN_CAR,CAR,CIN,31.0,21.0,10.0,0.6020881964856084,1,False
2018,3,2018_03_NYG_HOU,HOU,NYG,22.0,27.0,-5.0,0.5589664405198642,0,False
2018,3,2018_03_TEN_JAX,JAX,TEN,6.0,9.0,-3.0,0.6591373769981258,0,False
2018,3,2018_03_SF_KC,KC,SF,38.0,27.0,11.0,0.7382250799312453,1,False
2018,3,2018_03_OAK_MIA,MIA,OAK,28.0,20.0,8.0,0.6381106989985982,1,False
2018,3,2018_03_BUF_MIN,MIN,BUF,6.0,27.0,-21.0,0.7488231392322199,0,False
2018,3,2018_03_IND_PHI,PHI,IND,20.0,16.0,4.0,0.7452495033150084,1,False
2018,3,2018_03_GB_WAS,WAS,GB,31.0,17.0,14.0,0.5704888722330487,1,False
2018,3,2018_03_LAC_LA,LA,LAC,35.0,23.0,12.0,0.6122312714809166,1,False
2018,3,2018_03_CHI_ARI,ARI,CHI,14.0,16.0,-2.0,0.5412003768325574,0,False
2018,3,2018_03_DAL_SEA,SEA,DAL,24.0,13.0,11.0,0.5262433644957663,1,False
2018,3,2018_03_NE_DET,DET,NE,26.0,10.0,16.0,0.38880494286273404,1,False
2018,3,2018_03_PIT_TB,TB,PIT,27.0,30.0,-3.0,0.4883822365476169,0,False
2018,4,2018_04_MIN_LA,LA,MIN,38.0,31.0,7.0,0.6092827118264537,1,False
2018,4,2018_04_CIN_ATL,ATL,CIN,36.0,37.0,-1.0,0.6396399810549107,0,False
2018,4,2018_04_TB_CHI,CHI,TB,48.0,10.0,38.0,0.5260021534716803,1,False
2018,4,2018_04_DET_DAL,DAL,DET,26.0,24.0,2.0,0.5848300258014514,1,False
2018,4,2018_04_BUF_GB,GB,BUF,22.0,0.0,22.0,0.5123944367920572,1,False
2018,4,2018_04_HOU_IND,IND,HOU,34.0,37.0,-3.0,0.6257589055272493,0,False
2018,4,2018_04_NYJ_JAX,JAX,NYJ,31.0,12.0,19.0,0.6904865584494886,1,False
2018,4,2018_04_MIA_NE,NE,MIA,38.0,7.0,31.0,0.6478080541270577,1,False
2018,4,2018_04_PHI_TEN,TEN,PHI,26.0,23.0,3.0,0.4513427094518751,1,False
2018,4,2018_04_SEA_ARI,ARI,SEA,17.0,20.0,-3.0,0.44314031775496504,0,False
2018,4,2018_04_CLE_OAK,OAK,CLE,45.0,42.0,3.0,0.6741938554142212,1,False
2018,4,2018_04_SF_LAC,LAC,SF,29.0,27.0,2.0,0.6640737900029706,1,False
2018,4,2018_04_NO_NYG,NYG,NO,18.0,33.0,-15.0,0.37981441342086664,0,False
2018,4,2018_04_BAL_PIT,PIT,BAL,14.0,26.0,-12.0,0.6123868569441162,0,False
2018,4,2018_04_KC_DEN,DEN,KC,23.0,27.0,-4.0,0.3576167308530019,0,False
2018,5,2018_05_IND_NE,NE,IND,38.0,24.0,14.0,0.7827310288283845,1,False
2018,5,2018_05_TEN_BUF,BUF,TEN,13.0,12.0,1.0,0.5132673660369,1,False
2018,5,2018_05_NYG_CAR,CAR,NYG,33.0,31.0,2.0,0.7553269679556988,1,False
2018,5,2018_05_MIA_CIN,CIN,MIA,27.0,17.0,10.0,0.5996830653634787,1,False
2018,5,2018_05_BAL_CLE,CLE,BAL,12.0,9.0,3.0,0.2660889404784055,1,False
2018,5,2018_05_GB_DET,DET,GB,31.0,23.0,8.0,0.5832960423230414,1,False
2018,5,2018_05_JAX_KC,KC,JAX,30.0,14.0,16.0,0.6633036485111408,1,False
2018,5,2018_05_DEN_NYJ,NYJ,DEN,34.0,16.0,18.0,0.5349076363433929,1,False
2018,5,2018_05_ATL_PIT,PIT,ATL,41.0,17.0,24.0,0.5903814270152665,1,False
2018,5,2018_05_OAK_LAC,LAC,OAK,26.0,10.0,16.0,0.6942866342303653,1,False
2018,5,2018_05_MIN_PHI,PHI,MIN,21.0,23.0,-2.0,0.593779816688007,0,False
2018,5,2018_05_LA_SEA,SEA,LA,31.0,33.0,-2.0,0.4637821412208412,0,False
2018,5,2018_05_ARI_SF,SF,ARI,18.0,28.0,-10.0,0.604901906950132,0,False
2018,5,2018_05_DAL_HOU,HOU,DAL,19.0,16.0,3.0,0.4023504779125781,1,False
2018,5,2018_05_WAS_NO,NO,WAS,43.0,19.0,24.0,0.6719019942322387,1,False
2018,6,2018_06_PHI_NYG,NYG,PHI,13.0,34.0,-21.0,0.36139031022438767,0,False
2018,6,2018_06_TB_ATL,ATL,TB,34.0,29.0,5.0,0.6372912514768899,1,False
2018,6,2018_06_PIT_CIN,CIN,PIT,21.0,28.0,-7.0,0.49004497231774086,0,False
2018,6,2018_06_LAC_CLE,CLE,LAC,14.0,38.0,-24.0,0.318331692246488,0,False
2018,6,2018_06_BUF_HOU,HOU,BUF,20.0,13.0,7.0,0.48749385912108695,1,False
2018,6,2018_06_CHI_MIA,MIA,CHI,31.0,28.0,3.0,0.5210936217947231,1,False
2018,6,2018_06_ARI_MIN,MIN,ARI,27.0,17.0,10.0,0.7174380840764966,1,False
2018,6,2018_06_IND_NYJ,NYJ,IND,42.0,34.0,8.0,0.6369288118678459,1,False
2018,6,2018_06_SEA_OAK,OAK,SEA,3.0,27.0,-24.0,0.3580902718203258,0,True
2018,6,2018_06_CAR_WAS,WAS,CAR,23.0,17.0,6.0,0.4519775876376834,1,False
2018,6,2018_06_LA_DEN,DEN,LA,20.0,23.0,-3.0,0.31260847870951364,0,False
2018,6,2018_06_JAX_DAL,DAL,JAX,40.0,7.0,33.0,0.5311702901188873,1,False
2018,6,2018_06_BAL_TEN,TEN,BAL,0.0,21.0,-21.0,0.5004037381764924,0,False
2018,6,2018_06_KC_NE,NE,KC,43.0,40.0,3.0,0.5185735535936654,1,False
2018,6,2018_06_SF_GB,GB,SF,33.0,30.0,3.0,0.6247764802794954,1,False
2018,7,2018_07_DEN_ARI,ARI,DEN,10.0,45.0,-35.0,0.5893083259331611,0,False
2018,7,2018_07_NE_CHI,CHI,NE,31.0,38.0,-7.0,0.40109850015654513,0,False
2018,7,2018_07_BUF_IND,IND,BUF,37.0,5.0,32.0,0.47718975707743205,1,False
2018,7,2018_07_HOU_JAX,JAX,HOU,7.0,20.0,-13.0,0.6597525737240585,0,False
2018,7,2018_07_DET_MIA,MIA,DET,21.0,32.0,-11.0,0.5297928919838728,0,False
2018,7,2018_07_MIN_NYJ,NYJ,MIN,17.0,37.0,-20.0,0.4226271753385916,0,False
2018,7,2018_07_CAR_PHI,PHI,CAR,17.0,21.0,-4.0,0.6089430414691304,0,False
2018,7,2018_07_CLE_TB,TB,CLE,26.0,23.0,3.0,0.7097844009864519,1,False
2018,7,2018_07_NO_BAL,BAL,NO,23.0,24.0,-1.0,0.544235813829434,0,False
2018,7,2018_07_LA_SF,SF,LA,10.0,39.0,-29.0,0.2976460022399463,0,False
2018,7,2018_07_DAL_WAS,WAS,DAL,20.0,17.0,3.0,0.5204264537150022,1,False
2018,7,2018_07_CIN_KC,KC,CIN,45.0,10.0,35.0,0.7178911985770895,1,False
2018,7,2018_07_TEN_LAC,LAC,TEN,20.0,19.0,1.0,0.6100014597621143,1,True
2018,7,2018_07_NYG_ATL,ATL,NYG,23.0,20.0,3.0,0.7466517624589362,1,False
2018,8,2018_08_MIA_HOU,HOU,MIA,42.0,23.0,19.0,0.5704427048934659,1,False
2018,8,2018_08_BAL_CAR,CAR,BAL,36.0,21.0,15.0,0.5545887686812795,1,False
2018,8,2018_08_NYJ_CHI,CHI,NYJ,24.0,10.0,14.0,0.6139889293921369,1,False
2018,8,2018_08_TB_CIN,CIN,TB,37.0,34.0,3.0,0.6076489693966103,1,False
2018,8,2018_08_SEA_DET,DET,SEA,14.0,28.0,-14.0,0.5514037788931057,0,False
2018,8,2018_08_DEN_KC,KC,DEN,30.0,23.0,7.0,0.8000434919366652,1,False
2018,8,2018_08_WAS_NYG,NYG,WAS,13.0,20.0,-7.0,0.39368035141912655,0,False
2018,8,2018_08_CLE_PIT,PIT,CLE,33.0,18.0,15.0,0.848379706884554,1,False
2018,8,2018_08_IND_OAK,OAK,IND,28.0,42.0,-14.0,0.5459986824287595,0,False
2018,8,2018_08_SF_ARI,ARI,SF,18.0,15.0,3.0,0.5668566541072894,1,False
2018,8,2018_08_GB_LA,LA,GB,29.0,27.0,2.0,0.7631082344436478,1,False
2018,8,2018_08_NO_MIN,MIN,NO,20.0,30.0,-10.0,0.5562206204382392,0,False
2018,8,2018_08_PHI_JAX,JAX,PHI,18.0,24.0,-6.0,0.3870719663987564,0,True
2018,8,2018_08_NE_BUF,BUF,NE,6.0,25.0,-19.0,0.295871446791952,0,False
2018,9,2018_09_OAK_SF,SF,OAK,34.0,3.0,31.0,0.5866138878410392,1,False
2018,9,2018_09_PIT_BAL,BAL,PIT,16.0,23.0,-7.0,0.4897217920910505,0,False
2018,9,2018_09_CHI_BUF,BUF,CHI,9.0,41.0,-32.0,0.4428415061040223,0,False
2018,9,2018_09_TB_CAR,CAR,TB,42.0,28.0,14.0,0.731058627622515,1,False
2018,9,2018_09_KC_CLE,CLE,KC,21.0,37.0,-16.0,0.18173204629392922,0,False
2018,9,2018_09_NYJ_MIA,MIA,NYJ,13.0,6.0,7.0,0.582929901413272,1,False
2018,9,2018_09_DET_MIN,MIN,DET,24.0,9.0,15.0,0.6550476907138917,1,False
2018,9,2018_09_ATL_WAS,WAS,ATL,14.0,38.0,-24.0,0.5495823928146398,0,False
2018,9,2018_09_HOU_DEN,DEN,HOU,17.0,19.0,-2.0,0.510329114843398,0,False
2018,9,2018_09_LAC_SEA,SEA,LAC,17.0,25.0,-8.0,0.5693201787833787,0,False
2018,9,2018_09_LA_NO,NO,LA,45.0,35.0,10.0,0.5450186413298693,1,False
2018,9,2018_09_GB_NE,NE,GB,31.0,17.0,14.0,0.7697533595091322,1,False
2018,9,2018_09_TEN_DAL,DAL,TEN,14.0,28.0,-14.0,0.6322290180832264,0,False
2018,10,2018_10_CAR_PIT,PIT,CAR,52.0,21.0,31.0,0.6035325119810268,1,False
2018,10,2018_10_DET_CHI,CHI,DET,34.0,22.0,12.0,0.6141308896432139,1,False
2018,10,2018_10_NO_CIN,CIN,NO,14.0,51.0,-37.0,0.3804072718261394,0,False
2018,10,2018_10_ATL_CLE,CLE,ATL,28.0,16.0,12.0,0.26274512937844335,1,False
2018,10,2018_10_JAX_IND,IND,JAX,29.0,26.0,3.0,0.5429526342701686,1,False
2018,10,2018_10_ARI_KC,KC,ARI,26.0,14.0,12.0,0.8415185158246958,1,False
2018,10,2018_10_BUF_NYJ,NYJ,BUF,10.0,41.0,-31.0,0.6051580355989166,0,False
2018,10,2018_10_WAS_TB,TB,WAS,3.0,16.0,-13.0,0.49290273930638295,0,False
2018,10,2018_10_NE_TEN,TEN,NE,34.0,10.0,24.0,0.37284532717052543,1,False
2018,10,2018_10_LAC_OAK,OAK,LAC,6.0,20.0,-14.0,0.2692751153506431,0,False
2018,10,2018_10_MIA_GB,GB,MIA,31.0,12.0,19.0,0.5796871617892092,1,False
2018,10,2018_10_SEA_LA,LA,SEA,36.0,31.0,5.0,0.6654413764250596,1,False
2018,10,2018_10_DAL_PHI,PHI,DAL,20.0,27.0,-7.0,0.6655432152728757,0,False
2018,10,2018_10_NYG_SF,SF,NYG,23.0,27.0,-4.0,0.6354670075686949,0,False
2018,11,2018_11_GB_SEA,SEA,GB,27.0,24.0,3.0,0.6398833535403669,1,False
2018,11,2018_11_DAL_ATL,ATL,DAL,19.0,22.0,-3.0,0.5818902895634184,0,False
2018,11,2018_11_CIN_BAL,BAL,CIN,24.0,21.0,3.0,0.6360021734875697,1,False
2018,11,2018_11_CAR_DET,DET,CAR,20.0,19.0,1.0,0.43364220252080465,1,False
2018,11,2018_11_TEN_IND,IND,TEN,38.0,10.0,28.0,0.44902845521785456,1,False
2018,11,2018_11_PIT_JAX,JAX,PIT,16.0,20.0,-4.0,0.3091849224149518,0,False
2018,11,2018_11_TB_NYG,NYG,TB,38.0,35.0,3.0,0.5230107132121459,1,False
2018,11,2018_11_HOU_WAS,WAS,HOU,21.0,23.0,-2.0,0.6008226269795411,0,False
2018,11,2018_11_OAK_ARI,ARI,OAK,21.0,23.0,-2.0,0.650316134119201,0,False
2018,11,2018_11_DEN_LAC,LAC,DEN,22.0,23.0,-1.0,0.7645729583058517,0,False
2018,11,2018_11_PHI_NO,NO,PHI,48.0,7.0,41.0,0.7126093391018361,1,False
2018,11,2018_11_MIN_CHI,CHI,MIN,25.0,20.0,5.0,0.503118268408735,1,False
2018,11,2018_11_KC_LA,LA,KC,54.0,51.0,3.0,0.5192502619054011,1,False
2018,12,2018_12_CHI_DET,DET,CHI,16.0,23.0,-7.0,0.4613346128560889,0,False
2018,12,2018_12_WAS_DAL,DAL,WAS,31.0,23.0,8.0,0.6051079621162468,1,False
2018,12,2018_12_ATL_NO,NO,ATL,31.0,17.0,14.0,0.770123431636277,1,False
2018,12,2018_12_OAK_BAL,BAL,OAK,34.0,17.0,17.0,0.7906362251878791,1,False
2018,12,2018_12_JAX_BUF,BUF,JAX,24.0,21.0,3.0,0.5346394405249043,1,False
2018,12,2018_12_SEA_CAR,CAR,SEA,27.0,30.0,-3.0,0.5947588580998378,0,False
2018,12,2018_12_CLE_CIN,CIN,CLE,20.0,35.0,-15.0,0.7116410286582825,0,False
2018,12,2018_12_NE_NYJ,NYJ,NE,13.0,27.0,-14.0,0.27201140047771066,0,False
2018,12,2018_12_NYG_PHI,PHI,NYG,25.0,22.0,3.0,0.7303867831404801,1,False
2018,12,2018_12_SF_TB,TB,SF,27.0,9.0,18.0,0.5783624126419658,1,False
2018,12,2018_12_ARI_LAC,LAC,ARI,45.0,10.0,35.0,0.7943307617857808,1,False
2018,12,2018_12_PIT_DEN,DEN,PIT,24.0,17.0,7.0,0.29239929668932163,1,False
2018,12,2018_12_MIA_IND,IND,MIA,27.0,24.0,3.0,0.6519256941141872,1,False
2018,12,2018_12_GB_MIN,MIN,GB,24.0,17.0,7.0,0.6972279372717263,1,False
2018,12,2018_12_TEN_HOU,HOU,TEN,34.0,17.0,17.0,0.5667289702526621,1,False
2018,13,2018_13_NO_DAL,DAL,NO,13.0,10.0,3.0,0.3732541886327645,1,False
2018,13,2018_13_BAL_ATL,ATL,BAL,16.0,26.0,-10.0,0.5003416882686924,0,False
2018,13,2018_13_DEN_CIN,CIN,DEN,10.0,24.0,-14.0,0.5331250983058249,0,False
2018,13,2018_13_LA_DET,DET,LA,16.0,30.0,-14.0,0.33067370501057375,0,False
2018,13,2018_13_ARI_GB,GB,ARI,17.0,20.0,-3.0,0.6784899463738672,0,False
2018,13,2018_13_CLE_HOU,HOU,CLE,29.0,13.0,16.0,0.7354668023402313,1,False
2018,13,2018_13_IND_JAX,JAX,IND,6.0,0.0,6.0,0.47786843639507093,1,False
2018,13,2018_13_BUF_MIA,MIA,BUF,21.0,17.0,4.0,0.5575785253729709,1,False
2018,13,2018_13_CHI_NYG,NYG,CHI,30.0,27.0,3.0,0.3319364253457622,1,False
2018,13,2018_13_CAR_TB,TB,CAR,24.0,17.0,7.0,0.4109064371373388,1,False
2018,13,2018_13_KC_OAK,OAK,KC,33.0,40.0,-7.0,0.19092994841331332,0,False
2018,13,2018_13_NYJ_TEN,TEN,NYJ,26.0,22.0,4.0,0.7119784331132684,1,False
2018,13,2018_13_MIN_NE,NE,MIN,24.0,10.0,14.0,0.6165021909178108,1,False
2018,13,2018_13_SF_SEA,SEA,SF,43.0,16.0,27.0,0.7807143703223729,1,False
2018,13,2018_13_LAC_PIT,PIT,LAC,30.0,33.0,-3.0,0.6052528584703311,0,False
2018,13,2018_13_WAS_PHI,PHI,WAS,28.0,13.0,15.0,0.6325252777675061,1,False
2018,14,2018_14_JAX_TEN,TEN,JAX,30.0,9.0,21.0,0.6247515769663172,1,False
2018,14,2018_14_NYJ_BUF,BUF,NYJ,23.0,27.0,-4.0,0.6424038550439124,0,False
2018,14,2018_14_CAR_CLE,CLE,CAR,26.0,20.0,6.0,0.3726879181730353,1,False
2018,14,2018_14_ATL_GB,GB,ATL,34.0,20.0,14.0,0.5182459376892985,1,False
2018,14,2018_14_IND_HOU,HOU,IND,21.0,24.0,-3.0,0.6531106749534401,0,False
2018,14,2018_14_BAL_KC,KC,BAL,27.0,24.0,3.0,0.6863263808721748,1,False
2018,14,2018_14_NE_MIA,MIA,NE,34.0,33.0,1.0,0.2994283820869375,1,False
2018,14,2018_14_NO_TB,TB,NO,14.0,28.0,-14.0,0.2842676673233478,0,False
2018,14,2018_14_NYG_WAS,WAS,NYG,16.0,40.0,-24.0,0.6481588566101558,0,False
2018,14,2018_14_CIN_LAC,LAC,CIN,26.0,21.0,5.0,0.7917374278792455,1,False
2018,14,2018_14_DEN_SF,SF,DEN,20.0,14.0,6.0,0.3994978851809034,1,False
2018,14,2018_14_DET_ARI,ARI,DET,3.0,17.0,-14.0,0.4894044591784126,0,False
2018,14,2018_14_PHI_DAL,DAL,PHI,29.0,23.0,6.0,0.584878172291687,1,False
2018,14,2018_14_PIT_OAK,OAK,PIT,24.0,21.0,3.0,0.22699503911669172,1,False
2018,14,2018_14_LA_CHI,CHI,LA,15.0,6.0,9.0,0.4302046311981991,1,False
2018,14,2018_14_MIN_SEA,SEA,MIN,21.0,7.0,14.0,0.5804788102878785,1,False
2018,15,2018_15_LAC_KC,KC,LAC,28.0,29.0,-1.0,0.6377327358916964,0,False
2018,15,2018_15_HOU_NYJ,NYJ,HOU,22.0,29.0,-7.0,0.36707875172716825,0,False
2018,15,2018_15_CLE_DEN,DEN,CLE,16.0,17.0,-1.0,0.6558020456346911,0,False
2018,15,2018_15_ARI_ATL,ATL,ARI,40.0,14.0,26.0,0.6814620634583923,1,False
2018,15,2018_15_TB_BAL,BAL,TB,20.0,12.0,8.0,0.7159598446122606,1,False
2018,15,2018_15_DET_BUF,BUF,DET,14.0,13.0,1.0,0.47290605240631073,1,False
2018,15,2018_15_GB_CHI,CHI,GB,24.0,17.0,7.0,0.7051401509593483,1,False
2018,15,2018_15_OAK_CIN,CIN,OAK,30.0,16.0,14.0,0.6441676846392563,1,False
2018,15,2018_15_DAL_IND,IND,DAL,23.0,0.0,23.0,0.4522475961801845,1,False
2018,15,2018_15_WAS_JAX,JAX,WAS,13.0,16.0,-3.0,0.5601700196724195,0,False
2018,15,2018_15_MIA_MIN,MIN,MIA,41.0,17.0,24.0,0.6986129722257652,1,False
2018,15,2018_15_TEN_NYG,NYG,TEN,0.0,17.0,-17.0,0.473228372256245,0,False
2018,15,2018_15_SEA_SF,SF,SEA,26.0,23.0,3.0,0.3004942603611589,1,False
2018,15,2018_15_NE_PIT,PIT,NE,17.0,10.0,7.0,0.5184907258753345,1,False
2018,15,2018_15_PHI_LA,LA,PHI,23.0,30.0,-7.0,0.6878791958374648,0,False
2018,15,2018_15_NO_CAR,CAR,NO,9.0,12.0,-3.0,0.3262725415911996,0,False
2018,16,2018_16_WAS_TEN,TEN,WAS,25.0,16.0,9.0,0.6801429885503617,1,False
2018,16,2018_16_BAL_LAC,LAC,BAL,10.0,22.0,-12.0,0.638490573543304,0,False
2018,16,2018_16_ATL_CAR,CAR,ATL,10.0,24.0,-14.0,0.5928266480459496,0,False
2018,16,2018_16_CIN_CLE,CLE,CIN,26.0,18.0,8.0,0.5403778970225066,1,False
2018,16,2018_16_TB_DAL,DAL,TB,27.0,20.0,7.0,0.7107951157413458,1,False
2018,16,2018_16_MIN_DET,DET,MIN,9.0,27.0,-18.0,0.43812968459167545,0,False
2018,16,2018_16_NYG_IND,IND,NYG,28.0,27.0,1.0,0.7031685945878442,1,False
2018,16,2018_16_JAX_MIA,MIA,JAX,7.0,17.0,-10.0,0.580319797295099,0,False
2018,16,2018_16_BUF_NE,NE,BUF,24.0,12.0,12.0,0.8036272136941542,1,False
2018,16,2018_16_GB_NYJ,NYJ,GB,38.0,44.0,-6.0,0.4436506123641629,0,False
2018,16,2018_16_HOU_PHI,PHI,HOU,32.0,30.0,2.0,0.602819366044409,1,False
2018,16,2018_16_LA_ARI,ARI,LA,9.0,31.0,-22.0,0.24817152174089604,0,False
2018,16,2018_16_CHI_SF,SF,CHI,9.0,14.0,-5.0,0.3275565586017004,0,False
2018,16,2018_16_PIT_NO,NO,PIT,31.0,28.0,3.0,0.676332823085728,1,False
2018,16,2018_16_KC_SEA,SEA,KC,38.0,31.0,7.0,0.45025642170500535,1,False
2018,16,2018_16_DEN_OAK,OAK,DEN,27.0,14.0,13.0,0.40660200984314765,1,False
2018,17,2018_17_MIA_BUF,BUF,MIA,42.0,17.0,25.0,0.5630393803996677,1,False
2018,17,2018_17_DET_GB,GB,DET,0.0,31.0,-31.0,0.6052401012328998,0,False
2018,17,2018_17_JAX_HOU,HOU,JAX,20.0,3.0,17.0,0.68883811857298,1,False
2018,17,2018_17_NYJ_NE,NE,NYJ,38.0,3.0,35.0,0.851258703624603,1,False
2018,17,2018_17_CAR_NO,NO,CAR,14.0,33.0,-19.0,0.8238804353696515,0,False
2018,17,2018_17_DAL_NYG,NYG,DAL,35.0,36.0,-1.0,0.38303759789543096,0,False
2018,17,2018_17_ATL_TB,TB,ATL,32.0,34.0,-2.0,0.46066981531260787,0,False
2018,17,2018_17_CLE_BAL,BAL,CLE,26.0,24.0,2.0,0.7724895755000951,1,False
2018,17,2018_17_LAC_DEN,DEN,LAC,9.0,23.0,-14.0,0.3427591376198344,0,False
2018,17,2018_17_OAK_KC,KC,OAK,35.0,3.0,32.0,0.8546158552861192,1,False
2018,17,2018_17_SF_LA,LA,SF,48.0,32.0,16.0,0.8150109017039754,1,False
2018,17,2018_17_CHI_MIN,MIN,CHI,10.0,24.0,-14.0,0.5461850754138577,0,False
2018,17,2018_17_CIN_PIT,PIT,CIN,16.0,13.0,3.0,0.7896338847281007,1,False
2018,17,2018_17_ARI_SEA,SEA,ARI,27.0,24.0,3.0,0.8425235979213589,1,False
2018,17,2018_17_PHI_WAS,WAS,PHI,0.0,24.0,-24.0,0.3861656680047128,0,False
2018,17,2018_17_IND_TEN,TEN,IND,17.0,33.0,-16.0,0.5921568942357072,0,False
2019,1,2019_01_GB_CHI,CHI,GB,3.0,10.0,-7.0,0.7061549077413622,0,False
2019,1,2019_01_LA_CAR,CAR,LA,27.0,30.0,-3.0,0.48035494214240704,0,False
2019,1,2019_01_TEN_CLE,CLE,TEN,13.0,43.0,-30.0,0.49224559441611376,0,False
2019,1,2019_01_KC_JAX,JAX,KC,26.0,40.0,-14.0,0.3838153935492661,0,False
2019,1,2019_01_BAL_MIA,MIA,BAL,10.0,59.0,-49.0,0.38439096598718847,0,False
2019,1,2019_01_ATL_MIN,MIN,ATL,28.0,12.0,16.0,0.6084593767625348,1,False
2019,1,2019_01_BUF_NYJ,NYJ,BUF,16.0,17.0,-1.0,0.5063037988300104,0,False
2019,1,2019_01_WAS_PHI,PHI,WAS,32.0,27.0,5.0,0.6997784527300286,1,False
2019,1,2019_01_IND_LAC,LAC,IND,30.0,24.0,6.0,0.6165584358493021,1,False
2019,1,2019_01_CIN_SEA,SEA,CIN,21.0,20.0,1.0,0.7161268587142169,1,False
2019,1,2019_01_DET_ARI,ARI,DET,27.0,27.0,0.0,0.45840003370498983,0,False
2019,1,2019_01_NYG_DAL,DAL,NYG,35.0,17.0,18.0,0.6834068949552613,1,False
2019,1,2019_01_SF_TB,TB,SF,17.0,31.0,-14.0,0.5929906369391515,0,False
2019,1,2019_01_PIT_NE,NE,PIT,33.0,3.0,30.0,0.5896707960467753,1,False
2019,1,2019_01_HOU_NO,NO,HOU,30.0,28.0,2.0,0.6576786524410777,1,False
2019,1,2019_01_DEN_OAK,OAK,DEN,24.0,16.0,8.0,0.5246963471128275,1,False
2019,2,2019_02_TB_CAR,CAR,TB,14.0,20.0,-6.0,0.6674630056863253,0,False
2019,2,2019_02_ARI_BAL,BAL,ARI,23.0,17.0,6.0,0.784795762248133,1,False
2019,2,2019_02_SF_CIN,CIN,SF,17.0,41.0,-24.0,0.5488787129725485,0,False
2019,2,2019_02_LAC_DET,DET,LAC,13.0,10.0,3.0,0.4467010621831777,1,False
2019,2,2019_02_MIN_GB,GB,MIN,21.0,16.0,5.0,0.477852240670221,1,False
2019,2,2019_02_JAX_HOU,HOU,JAX,13.0,12.0,1.0,0.6774394085979579,1,False
2019,2,2019_02_NE_MIA,MIA,NE,0.0,43.0,-43.0,0.30714493937234827,0,False
2019,2,2019_02_BUF_NYG,NYG,BUF,14.0,28.0,-14.0,0.5327738718429477,0,False
2019,2,2019_02_SEA_PIT,PIT,SEA,26.0,28.0,-2.0,0.5339547931515723,0,False
2019,2,2019_02_IND_TEN,TEN,IND,17.0,19.0,-2.0,0.5949518360416589,0,False
2019,2,2019_02_DAL_WAS,WAS,DAL,21.0,31.0,-10.0,0.4143954883788624,0,False
2019,2,2019_02_KC_OAK,OAK,KC,10.0,28.0,-18.0,0.34779960284633815,0,False
2019,2,2019_02_CHI_DEN,DEN,CHI,14.0,16.0,-2.0,0.4117172983551231,0,False
2019,2,2019_02_NO_LA,LA,NO,27.0,9.0,18.0,0.5492761501623458,1,False
2019,2,2019_02_PHI_ATL,ATL,PHI,24.0,20.0,4.0,0.4660296620331284,1,False
2019,2,2019_02_CLE_NYJ,NYJ,CLE,3.0,23.0,-20.0,0.5311635812936374,0,False
2019,3,2019_03_TEN_JAX,JAX,TEN,20.0,7.0,13.0,0.44403720505441435,1,False
2019,3,2019_03_CIN_BUF,BUF,CIN,21.0,17.0,4.0,0.6557349129284062,1,False
2019,3,2019_03_MIA_DAL,DAL,MIA,31.0,6.0,25.0,0.7797186134582176,1,False
2019,3,2019_03_DEN_GB,GB,DEN,27.0,16.0,11.0,0.6761039424357543,1,False
2019,3,2019_03_ATL_IND,IND,ATL,27.0,24.0,3.0,0.6073027634831996,1,False
2019,3,2019_03_BAL_KC,KC,BAL,33.0,28.0,5.0,0.6063901675258091,1,False
2019,3,2019_03_OAK_MIN,MIN,OAK,34.0,14.0,20.0,0.7138056897024965,1,False
2019,3,2019_03_NYJ_NE,NE,NYJ,30.0,14.0,16.0,0.8340562963296594,1,False
2019,3,2019_03_DET_PHI,PHI,DET,24.0,27.0,-3.0,0.6232478080765879,0,False
2019,3,2019_03_CAR_ARI,ARI,CAR,20.0,38.0,-18.0,0.4504838282352691,0,False
2019,3,2019_03_NYG_TB,TB,NYG,31.0,32.0,-1.0,0.6188313052289572,0,False
2019,3,2019_03_HOU_LAC,LAC,HOU,20.0,27.0,-7.0,0.6270593550449263,0,False
2019,3,2019_03_NO_SEA,SEA,NO,27.0,33.0,-6.0,0.5674210587127946,0,False
2019,3,2019_03_PIT_SF,SF,PIT,24.0,20.0,4.0,0.5095961607184214,1,False
2019,3,2019_03_LA_CLE,CLE,LA,13.0,20.0,-7.0,0.36030286453762556,0,False
2019,3,2019_03_CHI_WAS,WAS,CHI,15.0,31.0,-16.0,0.3981772785480134,0,False
2019,4,2019_04_PHI_GB,GB,PHI,27.0,34.0,-7.0,0.5573088416116941,0,False
2019,4,2019_04_TEN_ATL,ATL,TEN,10.0,24.0,-14.0,0.5621491221900631,0,False
2019,4,2019_04_CLE_BAL,BAL,CLE,25.0,40.0,-15.0,0.7337216157572348,0,False
2019,4,2019_04_NE_BUF,BUF,NE,10.0,16.0,-6.0,0.3842744262552115,0,False
2019,4,2019_04_KC_DET,DET,KC,30.0,34.0,-4.0,0.41933685760243733,0,False
2019,4,2019_04_CAR_HOU,HOU,CAR,10.0,16.0,-6.0,0.6329291043187892,0,False
2019,4,2019_04_OAK_IND,IND,OAK,24.0,31.0,-7.0,0.7341988351405576,0,False
2019,4,2019_04_LAC_MIA,MIA,LAC,10.0,30.0,-20.0,0.3428355614725139,0,False
2019,4,2019_04_WAS_NYG,NYG,WAS,24.0,3.0,21.0,0.5786528007073728,1,False
2019,4,2019_04_SEA_ARI,ARI,SEA,10.0,27.0,-17.0,0.3274841815382963,0,False
2019,4,2019_04_TB_LA,LA,TB,40.0,55.0,-15.0,0.7833123261218197,0,False
2019,4,2019_04_MIN_CHI,CHI,MIN,16.0,6.0,10.0,0.5902153183497749,1,False
2019,4,2019_04_JAX_DEN,DEN,JAX,24.0,26.0,-2.0,0.49816653580826975,0,False
2019,4,2019_04_DAL_NO,NO,DAL,12.0,10.0,2.0,0.5847962337836123,1,False
2019,4,2019_04_CIN_PIT,PIT,CIN,27.0,3.0,24.0,0.7076873879851159,1,False
2019,5,2019_05_LA_SEA,SEA,LA,30.0,29.0,1.0,0.550436196826057,1,False
2019,5,2019_05_JAX_CAR,CAR,JAX,34.0,27.0,7.0,0.6328006382557174,1,False
2019,5,2019_05_ARI_CIN,CIN,ARI,23.0,26.0,-3.0,0.6044011425334543,0,False
2019,5,2019_05_ATL_HOU,HOU,ATL,53.0,32.0,21.0,0.6459477049094222,1,False
2019,5,2019_05_TB_NO,NO,TB,31.0,24.0,7.0,0.7254654920995595,1,False
2019,5,2019_05_MIN_NYG,NYG,MIN,10.0,28.0,-18.0,0.4439512902761071,0,False
2019,5,2019_05_CHI_OAK,OAK,CHI,24.0,21.0,3.0,0.297795459224521,1,True
2019,5,2019_05_NYJ_PHI,PHI,NYJ,31.0,6.0,25.0,0.7814131658998615,1,False
2019,5,2019_05_BAL_PIT,PIT,BAL,23.0,26.0,-3.0,0.5545955105376786,0,False
2019,5,2019_05_BUF_TEN,TEN,BUF,7.0,14.0,-7.0,0.6232825309134484,0,False
2019,5,2019_05_NE_WAS,WAS,NE,7.0,33.0,-26.0,0.2493392483441332,0,False
2019,5,2019_05_DEN_LAC,LAC,DEN,13.0,20.0,-7.0,0.7622816893713293,0,False
2019,5,2019_05_GB_DAL,DAL,GB,24.0,34.0,-10.0,0.6599224604530233,0,False
2019,5,2019_05_IND_KC,KC,IND,13.0,19.0,-6.0,0.7263452104477992,0,False
2019,5,2019_05_CLE_SF,SF,CLE,31.0,3.0,28.0,0.5986652396590155,1,False
2019,6,2019_06_NYG_NE,NE,NYG,35.0,14.0,21.0,0.8206357286098247,1,False
2019,6,2019_06_CAR_TB,TB,CAR,26.0,37.0,-11.0,0.4097771258219468,0,True
2019,6,2019_06_CIN_BAL,BAL,CIN,23.0,17.0,6.0,0.7831487505896011,1,False
2019,6,2019_06_SEA_CLE,CLE,SEA,28.0,32.0,-4.0,0.4040228964961572,0,False
2019,6,2019_06_NO_JAX,JAX,NO,6.0,13.0,-7.0,0.3604749942299973,0,False
2019,6,2019_06_HOU_KC,KC,HOU,24.0,31.0,-7.0,0.6613276044290658,0,False
2019,6,2019_06_WAS_MIA,MIA,WAS,16.0,17.0,-1.0,0.5542662556755429,0,False
2019,6,2019_06_PHI_MIN,MIN,PHI,38.0,20.0,18.0,0.5586704351991615,1,False
2019,6,2019_06_ATL_ARI,ARI,ATL,34.0,33.0,1.0,0.47061645643254235,1,False
2019,6,2019_06_SF_LA,LA,SF,7.0,20.0,-13.0,0.6411727434009392,0,False
2019,6,2019_06_TEN_DEN,DEN,TEN,16.0,0.0,16.0,0.47152131249646617,1,False
2019,6,2019_06_DAL_NYJ,NYJ,DAL,24.0,22.0,2.0,0.31617705909246807,1,False
2019,6,2019_06_PIT_LAC,LAC,PIT,17.0,24.0,-7.0,0.5905514148004595,0,False
2019,6,2019_06_DET_GB,GB,DET,23.0,22.0,1.0,0.5972268587150388,1,False
2019,7,2019_07_KC_DEN,DEN,KC,6.0,30.0,-24.0,0.3838156423672367,0,False
2019,7,2019_07_LA_ATL,ATL,LA,10.0,37.0,-27.0,0.4191968787987494,0,False
2019,7,2019_07_MIA_BUF,BUF,MIA,31.0,21.0,10.0,0.7452952477317436,1,False
2019,7,2019_07_JAX_CIN,CIN,JAX,17.0,27.0,-10.0,0.4618751796867843,0,False
2019,7,2019_07_MIN_DET,DET,MIN,30.0,42.0,-12.0,0.4701887016024245,0,False
2019,7,2019_07_OAK_GB,GB,OAK,42.0,24.0,18.0,0.680814958810236,1,False
2019,7,2019_07_HOU_IND,IND,HOU,30.0,23.0,7.0,0.5289272467828687,1,False
2019,7,2019_07_ARI_NYG,NYG,ARI,21.0,27.0,-6.0,0.6147940708136295,0,False
2019,7,2019_07_SF_WAS,WAS,SF,0.0,9.0,-9.0,0.3447734428853156,0,False
2019,7,2019_07_LAC_TEN,TEN,LAC,23.0,20.0,3.0,0.510404745971499,1,False
2019,7,2019_07_NO_CHI,CHI,NO,25.0,36.0,-11.0,0.5016132892196451,0,False
2019,7,2019_07_BAL_SEA,SEA,BAL,16.0,30.0,-14.0,0.5986629148883783,0,False
2019,7,2019_07_PHI_DAL,DAL,PHI,37.0,10.0,27.0,0.5664487160879695,1,False
2019,7,2019_07_NE_NYJ,NYJ,NE,0.0,33.0,-33.0,0.21438196708896426,0,False
2019,8,2019_08_WAS_MIN,MIN,WAS,19.0,9.0,10.0,0.8203383436320342,1,False
2019,8,2019_08_SEA_ATL,ATL,SEA,20.0,27.0,-7.0,0.3852002163736431,0,False
2019,8,2019_08_PHI_BUF,BUF,PHI,13.0,31.0,-18.0,0.5760938793177941,0,False
2019,8,2019_08_LAC_CHI,CHI,LAC,16.0,17.0,-1.0,0.6372309232296279,0,False
2019,8,2019_08_NYG_DET,DET,NYG,31.0,26.0,5.0,0.6888255808249296,1,False
2019,8,2019_08_DEN_IND,IND,DEN,15.0,13.0,2.0,0.7160144979044677,1,False
2019,8,2019_08_NYJ_JAX,JAX,NYJ,29.0,15.0,14.0,0.6967268804398177,1,False
2019,8,2019_08_CIN_LA,LA,CIN,24.0,10.0,14.0,0.7707960907592333,1,True
2019,8,2019_08_ARI_NO,NO,ARI,31.0,9.0,22.0,0.8330199888953314,1,False
2019,8,2019_08_TB_TEN,TEN,TB,27.0,23.0,4.0,0.6188837791750896,1,False
2019,8,2019_08_CAR_SF,SF,CAR,51.0,13.0,38.0,0.5883682244574934,1,False
2019,8,2019_08_OAK_HOU,HOU,OAK,27.0,24.0,3.0,0.7189146308412361,1,False
2019,8,2019_08_CLE_NE,NE,CLE,27.0,13.0,14.0,0.821436189642703,1,False
2019,8,2019_08_GB_KC,KC,GB,24.0,31.0,-7.0,0.6477954000996219,0,False
2019,8,2019_08_MIA_PIT,PIT,MIA,27.0,14.0,13.0,0.7933541980789941,1,False
2019,9,2019_09_SF_ARI,ARI,SF,25.0,28.0,-3.0,0.3060308904374931,0,False
2019,9,2019_09_HOU_JAX,JAX,HOU,3.0,26.0,-23.0,0.39133138281846624,0,True
2019,9,2019_09_WAS_BUF,BUF,WAS,24.0,9.0,15.0,0.7255017615213561,1,False
2019,9,2019_09_TEN_CAR,CAR,TEN,30.0,20.0,10.0,0.6011469857850147,1,False
2019,9,2019_09_MIN_KC,KC,MIN,26.0,23.0,3.0,0.5542673135106357,1,False
2019,9,2019_09_NYJ_MIA,MIA,NYJ,26.0,18.0,8.0,0.5572830731238458,1,False
2019,9,2019_09_CHI_PHI,PHI,CHI,22.0,14.0,8.0,0.55504370824868,1,False
2019,9,2019_09_IND_PIT,PIT,IND,26.0,24.0,2.0,0.5526508267741147,1,False
2019,9,2019_09_DET_OAK,OAK,DET,31.0,24.0,7.0,0.4684855088440942,1,False
2019,9,2019_09_TB_SEA,SEA,TB,40.0,34.0,6.0,0.7346722045614434,1,False
2019,9,2019_09_CLE_DEN,DEN,CLE,24.0,19.0,5.0,0.5727290696514344,1,False
2019,9,2019_09_GB_LAC,LAC,GB,26.0,11.0,15.0,0.4835908448363464,1,False
2019,9,2019_09_NE_BAL,BAL,NE,37.0,20.0,17.0,0.4478593758174986,1,False
2019,9,2019_09_DAL_NYG,NYG,DAL,18.0,37.0,-19.0,0.335192720074951,0,False
2019,10,2019_10_LAC_OAK,OAK,LAC,26.0,24.0,2.0,0.445163408328109,1,False
2019,10,2019_10_DET_CHI,CHI,DET,20.0,13.0,7.0,0.6369493173868639,1,False
2019,10,2019_10_BAL_CIN,CIN,BAL,13.0,49.0,-36.0,0.2246123999047195,0,False
2019,10,2019_10_BUF_CLE,CLE,BUF,19.0,16.0,3.0,0.4571725857334265,1,False
2019,10,2019_10_ATL_NO,NO,ATL,9.0,26.0,-17.0,0.8314050101197692,0,False
2019,10,2019_10_NYG_NYJ,NYJ,NYG,34.0,27.0,7.0,0.5096958947997714,1,False
2019,10,2019_10_ARI_TB,TB,ARI,30.0,27.0,3.0,0.6281044135822054,1,False
2019,10,2019_10_KC_TEN,TEN,KC,35.0,32.0,3.0,0.40136017279501807,1,False
2019,10,2019_10_MIA_IND,IND,MIA,12.0,16.0,-4.0,0.7989816799217834,0,False
2019,10,2019_10_CAR_GB,GB,CAR,24.0,16.0,8.0,0.5825357068753524,1,False
2019,10,2019_10_LA_PIT,PIT,LA,17.0,12.0,5.0,0.5416816855152363,1,False
2019,10,2019_10_MIN_DAL,DAL,MIN,24.0,28.0,-4.0,0.5486184138663542,0,False
2019,10,2019_10_SEA_SF,SF,SEA,24.0,27.0,-3.0,0.592831576980908,0,False
2019,11,2019_11_PIT_CLE,CLE,PIT,21.0,7.0,14.0,0.38065769958542356,1,False
2019,11,2019_11_HOU_BAL,BAL,HOU,41.0,7.0,34.0,0.6381667836272731,1,False
2019,11,2019_11_ATL_CAR,CAR,ATL,3.0,29.0,-26.0,0.6569223128395973,0,False
2019,11,2019_11_DAL_DET,DET,DAL,27.0,35.0,-8.0,0.43561780197280386,0,False
2019,11,2019_11_JAX_IND,IND,JAX,33.0,13.0,20.0,0.6674011948642096,1,False
2019,11,2019_11_BUF_MIA,MIA,BUF,20.0,37.0,-17.0,0.4199516511668998,0,False
2019,11,2019_11_DEN_MIN,MIN,DEN,27.0,23.0,4.0,0.7572898318162729,1,False
2019,11,2019_11_NO_TB,TB,NO,17.0,34.0,-17.0,0.34393716375840483,0,False
2019,11,2019_11_NYJ_WAS,WAS,NYJ,17.0,34.0,-17.0,0.5735618516355553,0,False
2019,11,2019_11_ARI_SF,SF,ARI,36.0,26.0,10.0,0.808600532164516,1,False
2019,11,2019_11_CIN_OAK,OAK,CIN,17.0,10.0,7.0,0.7272695024275312,1,False
2019,11,2019_11_NE_PHI,PHI,NE,10.0,17.0,-7.0,0.444257330948913,0,False
2019,11,2019_11_CHI_LA,LA,CHI,17.0,7.0,10.0,0.6014535111991355,1,False
2019,11,2019_11_KC_LAC,LAC,KC,17.0,24.0,-7.0,0.4169583655226664,0,True
2019,12,2019_12_IND_HOU,HOU,IND,20.0,17.0,3.0,0.5734368254697425,1,False
2019,12,2019_12_TB_ATL,ATL,TB,22.0,35.0,-13.0,0.6536617468386365,0,False
2019,12,2019_12_DEN_BUF,BUF,DEN,20.0,3.0,17.0,0.6519053796691696,1,False
2019,12,2019_12_NYG_CHI,CHI,NYG,19.0,14.0,5.0,0.7733800167853884,1,False
2019,12,2019_12_PIT_CIN,CIN,PIT,10.0,16.0,-6.0,0.2832085655695499,0,False
2019,12,2019_12_MIA_CLE,CLE,MIA,41.0,24.0,17.0,0.7053054376102996,1,False
2019,12,2019_12_CAR_NO,NO,CAR,34.0,31.0,3.0,0.7350971461800624,1,False
2019,12,2019_12_OAK_NYJ,NYJ,OAK,34.0,3.0,31.0,0.4389097140910265,1,False
2019,12,2019_12_SEA_PHI,PHI,SEA,9.0,17.0,-8.0,0.5014138755161403,0,False
2019,12,2019_12_DET_WAS,WAS,DET,19.0,16.0,3.0,0.40088995561828106,1,False
2019,12,2019_12_JAX_TEN,TEN,JAX,42.0,20.0,22.0,0.6463340868419257,1,False
2019,12,2019_12_DAL_NE,NE,DAL,13.0,9.0,4.0,0.6790456980653699,1,False
2019,12,2019_12_GB_SF,SF,GB,37.0,8.0,29.0,0.6095015912547627,1,False
2019,12,2019_12_BAL_LA,LA,BAL,6.0,45.0,-39.0,0.475403104575651,0,False
2019,13,2019_13_CHI_DET,DET,CHI,20.0,24.0,-4.0,0.43782117719175145,0,False
2019,13,2019_13_BUF_DAL,DAL,BUF,15.0,26.0,-11.0,0.6259299069802456,0,False
2019,13,2019_13_NO_ATL,ATL,NO,18.0,26.0,-8.0,0.34887229589319246,0,False
2019,13,2019_13_SF_BAL,BAL,SF,20.0,17.0,3.0,0.6487060172334786,1,False
2019,13,2019_13_WAS_CAR,CAR,WAS,21.0,29.0,-8.0,0.7406852150062333,0,False
2019,13,2019_13_NYJ_CIN,CIN,NYJ,22.0,6.0,16.0,0.44022809374679345,1,False
2019,13,2019_13_TEN_IND,IND,TEN,17.0,31.0,-14.0,0.6024785988426891,0,False
2019,13,2019_13_TB_JAX,JAX,TB,11.0,28.0,-17.0,0.5232058418589898,0,False
2019,13,2019_13_PHI_MIA,MIA,PHI,37.0,31.0,6.0,0.3296888609531796,1,False
2019,13,2019_13_GB_NYG,NYG,GB,13.0,31.0,-18.0,0.3152753529646809,0,False
2019,13,2019_13_CLE_PIT,PIT,CLE,20.0,13.0,7.0,0.6558876516238045,1,False
2019,13,2019_13_LA_ARI,ARI,LA,7.0,34.0,-27.0,0.31487490000820473,0,False
2019,13,2019_13_LAC_DEN,DEN,LAC,23.0,20.0,3.0,0.4497821089970004,1,False
2019,13,2019_13_OAK_KC,KC,OAK,40.0,9.0,31.0,0.7732609321674482,1,False
2019,13,2019_13_NE_HOU,HOU,NE,28.0,22.0,6.0,0.4279905430058374,1,False
2019,13,2019_13_MIN_SEA,SEA,MIN,37.0,30.0,7.0,0.5654744320122356,1,False
2019,14,2019_14_DAL_CHI,CHI,DAL,31.0,24.0,7.0,0.5705557007432304,1,False
2019,14,2019_14_CAR_ATL,ATL,CAR,40.0,20.0,20.0,0.5695093959558577,1,False
2019,14,2019_14_BAL_BUF,BUF,BAL,17.0,24.0,-7.0,0.3819514531417323,0,False
2019,14,2019_14_CIN_CLE,CLE,CIN,27.0,19.0,8.0,0.7258835565510351,1,False
2019,14,2019_14_WAS_GB,GB,WAS,20.0,15.0,5.0,0.7841841325103386,1,False
2019,14,2019_14_DEN_HOU,HOU,DEN,24.0,38.0,-14.0,0.7506886497857794,0,False
2019,14,2019_14_DET_MIN,MIN,DET,20.0,7.0,13.0,0.7730516180362549,1,False
2019,14,2019_14_SF_NO,NO,SF,46.0,48.0,-2.0,0.6081459742658637,0,False
2019,14,2019_14_MIA_NYJ,NYJ,MIA,22.0,21.0,1.0,0.5830875471317185,1,False
2019,14,2019_14_IND_TB,TB,IND,38.0,35.0,3.0,0.5135666414349159,1,False
2019,14,2019_14_LAC_JAX,JAX,LAC,10.0,45.0,-35.0,0.4311724202738285,0,False
2019,14,2019_14_PIT_ARI,ARI,PIT,17.0,23.0,-6.0,0.29547705046611505,0,False
2019,14,2019_14_KC_NE,NE,KC,16.0,23.0,-7.0,0.6125713206946689,0,False
2019,14,2019_14_TEN_OAK,OAK,TEN,21.0,42.0,-21.0,0.4008617613131706,0,False
2019,14,2019_14_SEA_LA,LA,SEA,28.0,12.0,16.0,0.49884064323670374,1,False
2019,14,2019_14_NYG_PHI,PHI,NYG,23.0,17.0,6.0,0.7691954216874287,1,False
2019,15,2019_15_NYJ_BAL,BAL,NYJ,42.0,21.0,21.0,0.8819868721089363,1,False
2019,15,2019_15_SEA_CAR,CAR,SEA,24.0,30.0,-6.0,0.3429658336189215,0,False
2019,15,2019_15_NE_CIN,CIN,NE,13.0,34.0,-21.0,0.20847982527624534,0,False
2019,15,2019_15_TB_DET,DET,TB,17.0,38.0,-21.0,0.47101312117577077,0,False
2019,15,2019_15_CHI_GB,GB,CHI,21.0,13.0,8.0,0.5700584591823115,1,False
2019,15,2019_15_DEN_KC,KC,DEN,23.0,3.0,20.0,0.7667106244737026,1,False
2019,15,2019_15_MIA_NYG,NYG,MIA,36.0,20.0,16.0,0.5170718805193116,1,False
2019,15,2019_15_HOU_TEN,TEN,HOU,21.0,24.0,-3.0,0.5777096790342069,0,False
2019,15,2019_15_PHI_WAS,WAS,PHI,27.0,37.0,-10.0,0.37109467509543365,0,False
2019,15,2019_15_CLE_ARI,ARI,CLE,38.0,24.0,14.0,0.3865191292429901,1,False
2019,15,2019_15_MIN_LAC,LAC,MIN,10.0,39.0,-29.0,0.4505981142098102,0,False
2019,15,2019_15_JAX_OAK,OAK,JAX,16.0,20.0,-4.0,0.6053239208835898,0,False
2019,15,2019_15_LA_DAL,DAL,LA,44.0,21.0,23.0,0.4675786497582589,1,False
2019,15,2019_15_ATL_SF,SF,ATL,22.0,29.0,-7.0,0.7446715202372269,0,False
2019,15,2019_15_BUF_PIT,PIT,BUF,10.0,17.0,-7.0,0.6146837604038081,0,False
2019,15,2019_15_IND_NO,NO,IND,34.0,7.0,27.0,0.7258830859581679,1,False
2019,16,2019_16_HOU_TB,TB,HOU,20.0,23.0,-3.0,0.4919553226663804,0,False
2019,16,2019_16_BUF_NE,NE,BUF,24.0,17.0,7.0,0.6736273588571147,1,False
2019,16,2019_16_LA_SF,SF,LA,34.0,31.0,3.0,0.6071080079195119,1,False
2019,16,2019_16_JAX_ATL,ATL,JAX,24.0,12.0,12.0,0.7143745223599739,1,False
2019,16,2019_16_BAL_CLE,CLE,BAL,15.0,31.0,-16.0,0.24602088877287573,0,False
2019,16,2019_16_CAR_IND,IND,CAR,38.0,6.0,32.0,0.6568043269991087,1,False
2019,16,2019_16_CIN_MIA,MIA,CIN,38.0,35.0,3.0,0.5874076511584392,1,False
2019,16,2019_16_PIT_NYJ,NYJ,PIT,16.0,10.0,6.0,0.3399252201682639,1,False
2019,16,2019_16_NO_TEN,TEN,NO,28.0,38.0,-10.0,0.43595626409655086,0,False
2019,16,2019_16_NYG_WAS,WAS,NYG,35.0,41.0,-6.0,0.567833428618169,0,False
2019,16,2019_16_DET_DEN,DEN,DET,27.0,17.0,10.0,0.656409389205776,1,False
2019,16,2019_16_OAK_LAC,LAC,OAK,17.0,24.0,-7.0,0.712416777382645,0,False
2019,16,2019_16_DAL_PHI,PHI,DAL,17.0,9.0,8.0,0.520565250876867,1,False
2019,16,2019_16_ARI_SEA,SEA,ARI,13.0,27.0,-14.0,0.8240288859613244,0,False
2019,16,2019_16_KC_CHI,CHI,KC,3.0,26.0,-23.0,0.4222503010754674,0,False
2019,16,2019_16_GB_MIN,MIN,GB,10.0,23.0,-13.0,0.6387028886286558,0,False
2019,17,2019_17_NYJ_BUF,BUF,NYJ,6.0,13.0,-7.0,0.7425424333961025,0,False
2019,17,2019_17_NO_CAR,CAR,NO,10.0,42.0,-32.0,0.23853338942781435,0,False
2019,17,2019_17_CLE_CIN,CIN,CLE,33.0,23.0,10.0,0.4004412823803388,1,False
2019,17,2019_17_GB_DET,DET,GB,20.0,23.0,-3.0,0.27873621743153165,0,False
2019,17,2019_17_LAC_KC,KC,LAC,31.0,21.0,10.0,0.7950514486765448,1,False
2019,17,2019_17_CHI_MIN,MIN,CHI,19.0,21.0,-2.0,0.6735474330095322,0,False
2019,17,2019_17_MIA_NE,NE,MIA,24.0,27.0,-3.0,0.8742209534427519,0,False
2019,17,2019_17_ATL_TB,TB,ATL,22.0,28.0,-6.0,0.5442081305019665,0,False
2019,17,2019_17_PIT_BAL,BAL,PIT,28.0,10.0,18.0,0.7894777123332611,1,False
2019,17,2019_17_WAS_DAL,DAL,WAS,47.0,16.0,31.0,0.8039934227826189,1,False
2019,17,2019_17_OAK_DEN,DEN,OAK,16.0,15.0,1.0,0.6568751058732196,1,False
2019,17,2019_17_TEN_HOU,HOU,TEN,14.0,35.0,-21.0,0.6275975655308829,0,False
2019,17,2019_17_IND_JAX,JAX,IND,38.0,20.0,18.0,0.3897347540704957,1,False
2019,17,2019_17_ARI_LA,LA,ARI,31.0,24.0,7.0,0.7415239995900832,1,False
2019,17,2019_17_PHI_NYG,NYG,PHI,17.0,34.0,-17.0,0.339716296231027,0,False
2019,17,2019_17_SF_SEA,SEA,SF,21.0,26.0,-5.0,0.5206137863075384,0,False
2020,1,2020_01_HOU_KC,KC,HOU,34.0,20.0,14.0,0.6736734645240608,1,False
2020,1,2020_01_SEA_ATL,ATL,SEA,25.0,38.0,-13.0,0.5536806234523846,0,False
2020,1,2020_01_CLE_BAL,BAL,CLE,38.0,6.0,32.0,0.7893045154040416,1,False
2020,1,2020_01_NYJ_BUF,BUF,NYJ,27.0,17.0,10.0,0.6418282561180392,1,False
2020,1,2020_01_LV_CAR,CAR,LV,30.0,34.0,-4.0,0.4769671930161886,0,False
2020,1,2020_01_CHI_DET,DET,CHI,23.0,27.0,-4.0,0.43870515095453055,0,False
2020,1,2020_01_IND_JAX,JAX,IND,27.0,20.0,7.0,0.5199154671035643,1,False
2020,1,2020_01_GB_MIN,MIN,GB,34.0,43.0,-9.0,0.5580008102313608,0,False
2020,1,2020_01_MIA_NE,NE,MIA,21.0,11.0,10.0,0.7559472667763975,1,False
2020,1,2020_01_PHI_WAS,WAS,PHI,27.0,17.0,10.0,0.3813971937112383,1,False
2020,1,2020_01_LAC_CIN,CIN,LAC,13.0,16.0,-3.0,0.4723511313967314,0,False
2020,1,2020_01_TB_NO,NO,TB,34.0,23.0,11.0,0.7121917850926048,1,False
2020,1,2020_01_ARI_SF,SF,ARI,20.0,24.0,-4.0,0.7279329229031114,0,False
2020,1,2020_01_DAL_LA,LA,DAL,20.0,17.0,3.0,0.5850679053994032,1,False
2020,1,2020_01_PIT_NYG,NYG,PIT,16.0,26.0,-10.0,0.44172596924189084,0,False
2020,1,2020_01_TEN_DEN,DEN,TEN,14.0,16.0,-2.0,0.5041905007313479,0,False
2020,2,2020_02_CIN_CLE,CLE,CIN,35.0,30.0,5.0,0.6195093287537254,1,False
2020,2,2020_02_NYG_CHI,CHI,NYG,17.0,13.0,4.0,0.7327840632826722,1,False
2020,2,2020_02_ATL_DAL,DAL,ATL,40.0,39.0,1.0,0.5991049619597487,1,False
2020,2,2020_02_DET_GB,GB,DET,42.0,21.0,21.0,0.771635637889268,1,False
2020,2,2020_02_MIN_IND,IND,MIN,28.0,11.0,17.0,0.47388121459247684,1,False
2020,2,2020_02_BUF_MIA,MIA,BUF,28.0,31.0,-3.0,0.41331246339146155,0,False
2020,2,2020_02_SF_NYJ,NYJ,SF,13.0,31.0,-18.0,0.4195880092258006,0,False
2020,2,2020_02_LA_PHI,PHI,LA,19.0,37.0,-18.0,0.5050936352933185,0,False
2020,2,2020_02_DEN_PIT,PIT,DEN,26.0,21.0,5.0,0.6280495343129585,1,False
2020,2,2020_02_CAR_TB,TB,CAR,31.0,17.0,14.0,0.6426139165597361,1,False
2020,2,2020_02_JAX_TEN,TEN,JAX,33.0,30.0,3.0,0.6732504031640585,1,False
2020,2,2020_02_WAS_ARI,ARI,WAS,30.0,15.0,15.0,0.6270410461257623,1,False
2020,2,2020_02_BAL_HOU,HOU,BAL,16.0,33.0,-17.0,0.38195970843962124,0,False
2020,2,2020_02_KC_LAC,LAC,KC,20.0,23.0,-3.0,0.38691544951224854,0,False
2020,2,2020_02_NE_SEA,SEA,NE,35.0,30.0,5.0,0.5253963173076277,1,False
2020,2,2020_02_NO_LV,LV,NO,34.0,24.0,10.0,0.42917262946905566,1,False
2020,3,2020_03_MIA_JAX,JAX,MIA,13.0,31.0,-18.0,0.6402604865813224,0,False
2020,3,2020_03_CHI_ATL,ATL,CHI,26.0,30.0,-4.0,0.5094005376421177,0,False
2020,3,2020_03_LA_BUF,BUF,LA,35.0,32.0,3.0,0.5208647372835943,1,False
2020,3,2020_03_WAS_CLE,CLE,WAS,34.0,20.0,14.0,0.631480235984545,1,False
2020,3,2020_03_TEN_MIN,MIN,TEN,30.0,31.0,-1.0,0.5064617630243756,0,False
2020,3,2020_03_LV_NE,NE,LV,36.0,20.0,16.0,0.6150817215154408,1,False
2020,3,2020_03_SF_NYG,NYG,SF,9.0,36.0,-27.0,0.33398750952987555,0,False
2020,3,2020_03_CIN_PHI,PHI,CIN,23.0,23.0,0.0,0.696059110364038,0,False
2020,3,2020_03_HOU_PIT,PIT,HOU,28.0,21.0,7.0,0.6246601500360428,1,False
2020,3,2020_03_NYJ_IND,IND,NYJ,36.0,7.0,29.0,0.6620915571233169,1,False
2020,3,2020_03_CAR_LAC,LAC,CAR,16.0,21.0,-5.0,0.6725569996402299,0,False
2020,3,2020_03_DET_ARI,ARI,DET,23.0,26.0,-3.0,0.6783992976996251,0,False
2020,3,2020_03_TB_DEN,DEN,TB,10.0,28.0,-18.0,0.5341950055035031,0,False
2020,3,2020_03_DAL_SEA,SEA,DAL,38.0,31.0,7.0,0.6320024384275096,1,False
2020,3,2020_03_GB_NO,NO,GB,30.0,37.0,-7.0,0.5607134056129054,0,False
2020,3,2020_03_KC_BAL,BAL,KC,20.0,34.0,-14.0,0.6157083305500444,0,False
2020,4,2020_04_DEN_NYJ,NYJ,DEN,28.0,37.0,-9.0,0.513536302689641,0,False
2020,4,2020_04_ARI_CAR,CAR,ARI,31.0,21.0,10.0,0.5060664483699039,1,False
2020,4,2020_04_JAX_CIN,CIN,JAX,33.0,25.0,8.0,0.5219628514326964,1,False
2020,4,2020_04_CLE_DAL,DAL,CLE,38.0,49.0,-11.0,0.6286904827582545,0,False
2020,4,2020_04_NO_DET,DET,NO,29.0,35.0,-6.0,0.36037187498117046,0,False
2020,4,2020_04_MIN_HOU,HOU,MIN,23.0,31.0,-8.0,0.5433791817061304,0,False
2020,4,2020_04_SEA_MIA,MIA,SEA,23.0,31.0,-8.0,0.36577412253526087,0,False
2020,4,2020_04_LAC_TB,TB,LAC,38.0,31.0,7.0,0.6433212897730226,1,False
2020,4,2020_04_BAL_WAS,WAS,BAL,17.0,31.0,-14.0,0.24463885152467654,0,False
2020,4,2020_04_NYG_LA,LA,NYG,17.0,9.0,8.0,0.7849879269268983,1,False
2020,4,2020_04_IND_CHI,CHI,IND,11.0,19.0,-8.0,0.615954770309511,0,False
2020,4,2020_04_BUF_LV,LV,BUF,23.0,30.0,-7.0,0.5285067842588883,0,False
2020,4,2020_04_PHI_SF,SF,PHI,20.0,25.0,-5.0,0.7074020747090016,0,False
2020,4,2020_04_NE_KC,KC,NE,26.0,10.0,16.0,0.6540618081958107,1,False
2020,4,2020_04_ATL_GB,GB,ATL,30.0,16.0,14.0,0.7339135388277291,1,False
2020,5,2020_05_TB_CHI,CHI,TB,20.0,19.0,1.0,0.5694209389000682,1,False
2020,5,2020_05_CAR_ATL,ATL,CAR,16.0,23.0,-7.0,0.6025177440335189,0,False
2020,5,2020_05_CIN_BAL,BAL,CIN,27.0,3.0,24.0,0.8291846732126117,1,False
2020,5,2020_05_JAX_HOU,HOU,JAX,30.0,14.0,16.0,0.6442827258266987,1,False
2020,5,2020_05_LV_KC,KC,LV,32.0,40.0,-8.0,0.776124824118529,0,False
2020,5,2020_05_ARI_NYJ,NYJ,ARI,10.0,30.0,-20.0,0.48855970824710504,0,False
2020,5,2020_05_PHI_PIT,PIT,PHI,38.0,29.0,9.0,0.6448263440416414,1,False
2020,5,2020_05_LA_WAS,WAS,LA,10.0,30.0,-20.0,0.3132383182745489,0,False
2020,5,2020_05_MIA_SF,SF,MIA,17.0,43.0,-26.0,0.7420102417872829,0,False
2020,5,2020_05_IND_CLE,CLE,IND,32.0,23.0,9.0,0.5074129726239219,1,False
2020,5,2020_05_NYG_DAL,DAL,NYG,37.0,34.0,3.0,0.718975551957445,1,False
2020,5,2020_05_MIN_SEA,SEA,MIN,27.0,26.0,1.0,0.671683752324401,1,False
2020,5,2020_05_LAC_NO,NO,LAC,30.0,27.0,3.0,0.7352228392894571,1,False
2020,5,2020_05_BUF_TEN,TEN,BUF,42.0,16.0,26.0,0.5636208173465932,1,False
2020,6,2020_06_CHI_CAR,CAR,CHI,16.0,23.0,-7.0,0.4721049816709978,0,False
2020,6,2020_06_CIN_IND,IND,CIN,31.0,27.0,4.0,0.7130215793599983,1,False
2020,6,2020_06_DET_JAX,JAX,DET,16.0,34.0,-18.0,0.5466884531973621,0,False
2020,6,2020_06_ATL_MIN,MIN,ATL,23.0,40.0,-17.0,0.6558531629748041,0,False
2020,6,2020_06_DEN_NE,NE,DEN,12.0,18.0,-6.0,0.712105727388686,0,False
2020,6,2020_06_WAS_NYG,NYG,WAS,20.0,19.0,1.0,0.5689302265295743,1,False
2020,6,2020_06_BAL_PHI,PHI,BAL,28.0,30.0,-2.0,0.3329607165255193,0,False
2020,6,2020_06_CLE_PIT,PIT,CLE,38.0,7.0,31.0,0.6430591741769366,1,False
2020,6,2020_06_HOU_TEN,TEN,HOU,42.0,36.0,6.0,0.7024934111641893,1,False
2020,6,2020_06_NYJ_MIA,MIA,NYJ,24.0,0.0,24.0,0.6962658340163626,1,False
2020,6,2020_06_GB_TB,TB,GB,38.0,10.0,28.0,0.4318796115542847,1,False
2020,6,2020_06_LA_SF,SF,LA,24.0,16.0,8.0,0.4914955130209284,1,False
2020,6,2020_06_KC_BUF,BUF,KC,17.0,26.0,-9.0,0.42119892153336447,0,False
2020,6,2020_06_ARI_DAL,DAL,ARI,10.0,38.0,-28.0,0.60745364055209,0,False
2020,7,2020_07_NYG_PHI,PHI,NYG,22.0,21.0,1.0,0.7077748267648099,1,False
2020,7,2020_07_DET_ATL,ATL,DET,22.0,23.0,-1.0,0.6356487569403559,0,False
2020,7,2020_07_CLE_CIN,CIN,CLE,34.0,37.0,-3.0,0.4409534020394336,0,False
2020,7,2020_07_GB_HOU,HOU,GB,20.0,35.0,-15.0,0.4099024278840582,0,False
2020,7,2020_07_CAR_NO,NO,CAR,27.0,24.0,3.0,0.7407241935820238,1,False
2020,7,2020_07_BUF_NYJ,NYJ,BUF,10.0,18.0,-8.0,0.3339815494483664,0,False
2020,7,2020_07_PIT_TEN,TEN,PIT,24.0,27.0,-3.0,0.5806013283757867,0,False
2020,7,2020_07_DAL_WAS,WAS,DAL,25.0,3.0,22.0,0.4255169049095309,1,False
2020,7,2020_07_TB_LV,LV,TB,20.0,45.0,-25.0,0.526648738250031,0,False
2020,7,2020_07_KC_DEN,DEN,KC,16.0,43.0,-27.0,0.336232818282266,0,False
2020,7,2020_07_JAX_LAC,LAC,JAX,39.0,29.0,10.0,0.6692414154083327,1,False
2020,7,2020_07_SF_NE,NE,SF,6.0,33.0,-27.0,0.5807266472558181,0,False
2020,7,2020_07_SEA_ARI,ARI,SEA,37.0,34.0,3.0,0.43042759534996167,1,False
2020,7,2020_07_CHI_LA,LA,CHI,24.0,10.0,14.0,0.5846542904625469,1,False
2020,8,2020_08_ATL_CAR,CAR,ATL,17.0,25.0,-8.0,0.5320775567368649,0,False
2020,8,2020_08_PIT_BAL,BAL,PIT,24.0,28.0,-4.0,0.6489209693329384,0,False
2020,8,2020_08_NE_BUF,BUF,NE,24.0,21.0,3.0,0.5847699049886617,1,False
2020,8,2020_08_TEN_CIN,CIN,TEN,31.0,20.0,11.0,0.30552145854138235,1,False
2020,8,2020_08_LV_CLE,CLE,LV,6.0,16.0,-10.0,0.5590079639052126,0,False
2020,8,2020_08_IND_DET,DET,IND,21.0,41.0,-20.0,0.4514545392453595,0,False
2020,8,2020_08_MIN_GB,GB,MIN,22.0,28.0,-6.0,0.7214858204211732,0,False
2020,8,2020_08_NYJ_KC,KC,NYJ,35.0,9.0,26.0,0.8951342784354427,1,False
2020,8,2020_08_LA_MIA,MIA,LA,28.0,17.0,11.0,0.4361220454228081,1,False
2020,8,2020_08_LAC_DEN,DEN,LAC,31.0,30.0,1.0,0.5892394494744577,1,False
2020,8,2020_08_NO_CHI,CHI,NO,23.0,26.0,-3.0,0.4788485274648636,0,False
2020,8,2020_08_SF_SEA,SEA,SF,37.0,27.0,10.0,0.5877437504225003,1,False
2020,8,2020_08_DAL_PHI,PHI,DAL,23.0,9.0,14.0,0.6380367033039356,1,False
2020,8,2020_08_TB_NYG,NYG,TB,23.0,25.0,-2.0,0.2782591339407977,0,False
2020,9,2020_09_GB_SF,SF,GB,17.0,34.0,-17.0,0.5320135119025666,0,False
2020,9,2020_09_DEN_ATL,ATL,DEN,34.0,27.0,7.0,0.589563948340074,1,False
2020,9,2020_09_SEA_BUF,BUF,SEA,44.0,34.0,10.0,0.4888729010046154,1,False
2020,9,2020_09_BAL_IND,IND,BAL,10.0,24.0,-14.0,0.4298070589110132,0,False
2020,9,2020_09_HOU_JAX,JAX,HOU,25.0,27.0,-2.0,0.42504907662191044,0,False
2020,9,2020_09_CAR_KC,KC,CAR,33.0,31.0,2.0,0.8438172449152019,1,False
2020,9,2020_09_DET_MIN,MIN,DET,34.0,20.0,14.0,0.6861602377148307,1,False
2020,9,2020_09_CHI_TEN,TEN,CHI,24.0,17.0,7.0,0.6161724160918075,1,False
2020,9,2020_09_NYG_WAS,WAS,NYG,20.0,23.0,-3.0,0.6156098849579708,0,False
2020,9,2020_09_LV_LAC,LAC,LV,26.0,31.0,-5.0,0.46900699562335213,0,False
2020,9,2020_09_MIA_ARI,ARI,MIA,31.0,34.0,-3.0,0.5758314309434546,0,False
2020,9,2020_09_PIT_DAL,DAL,PIT,19.0,24.0,-5.0,0.29517614710336715,0,False
2020,9,2020_09_NO_TB,TB,NO,3.0,38.0,-35.0,0.5540776143383245,0,False
2020,9,2020_09_NE_NYJ,NYJ,NE,27.0,30.0,-3.0,0.3290941953176148,0,False
2020,10,2020_10_IND_TEN,TEN,IND,17.0,34.0,-17.0,0.6248979138980204,0,False
2020,10,2020_10_TB_CAR,CAR,TB,23.0,46.0,-23.0,0.3816889776301109,0,False
2020,10,2020_10_HOU_CLE,CLE,HOU,10.0,7.0,3.0,0.5906214263288929,1,False
2020,10,2020_10_WAS_DET,DET,WAS,30.0,27.0,3.0,0.6010140861256924,1,False
2020,10,2020_10_JAX_GB,GB,JAX,24.0,20.0,4.0,0.8490122077228585,1,False
2020,10,2020_10_PHI_NYG,NYG,PHI,27.0,17.0,10.0,0.39955128054741806,1,False
2020,10,2020_10_BUF_ARI,ARI,BUF,32.0,30.0,2.0,0.48004155004761706,1,False
2020,10,2020_10_DEN_LV,LV,DEN,37.0,12.0,25.0,0.6728199732118845,1,False
2020,10,2020_10_LAC_MIA,MIA,LAC,29.0,21.0,8.0,0.6773521473514198,1,False
2020,10,2020_10_SEA_LA,LA,SEA,23.0,16.0,7.0,0.5350889538967509,1,False
2020,10,2020_10_SF_NO,NO,SF,27.0,13.0,14.0,0.6996646867767206,1,False
2020,10,2020_10_CIN_PIT,PIT,CIN,36.0,10.0,26.0,0.8062364826020528,1,False
2020,10,2020_10_BAL_NE,NE,BAL,23.0,17.0,6.0,0.37564338888371673,1,False
2020,10,2020_10_MIN_CHI,CHI,MIN,13.0,19.0,-6.0,0.5426037544814133,0,False
2020,11,2020_11_ARI_SEA,SEA,ARI,28.0,21.0,7.0,0.6360180968457881,1,False
2020,11,2020_11_TEN_BAL,BAL,TEN,24.0,30.0,-6.0,0.6956814660341685,0,False
2020,11,2020_11_DET_CAR,CAR,DET,20.0,0.0,20.0,0.5647752906234271,1,False
2020,11,2020_11_PHI_CLE,CLE,PHI,22.0,17.0,5.0,0.5968304962064765,1,False
2020,11,2020_11_NE_HOU,HOU,NE,27.0,20.0,7.0,0.44893971978893044,1,False
2020,11,2020_11_PIT_JAX,JAX,PIT,3.0,27.0,-24.0,0.20418292428067322,0,False
2020,11,2020_11_ATL_NO,NO,ATL,24.0,9.0,15.0,0.7463585871509242,1,False
2020,11,2020_11_CIN_WAS,WAS,CIN,20.0,9.0,11.0,0.5188543856424107,1,False
2020,11,2020_11_MIA_DEN,DEN,MIA,20.0,13.0,7.0,0.4378622786774854,1,False
2020,11,2020_11_NYJ_LAC,LAC,NYJ,34.0,28.0,6.0,0.6992658285731378,1,False
2020,11,2020_11_GB_IND,IND,GB,34.0,31.0,3.0,0.4964325863044915,1,False
2020,11,2020_11_DAL_MIN,MIN,DAL,28.0,31.0,-3.0,0.7391507525203105,0,False
2020,11,2020_11_KC_LV,LV,KC,31.0,35.0,-4.0,0.40017966563320817,0,False
2020,11,2020_11_LA_TB,TB,LA,24.0,27.0,-3.0,0.5795340580812953,0,False
2020,12,2020_12_HOU_DET,DET,HOU,25.0,41.0,-16.0,0.4505599963908654,0,False
2020,12,2020_12_WAS_DAL,DAL,WAS,16.0,41.0,-25.0,0.6079868529881297,0,False
2020,12,2020_12_LV_ATL,ATL,LV,43.0,6.0,37.0,0.4925319969815314,1,False
2020,12,2020_12_LAC_BUF,BUF,LAC,27.0,17.0,10.0,0.7210997357569451,1,False
2020,12,2020_12_NYG_CIN,CIN,NYG,17.0,19.0,-2.0,0.5493302518960359,0,False
2020,12,2020_12_TEN_IND,IND,TEN,26.0,45.0,-19.0,0.580114117023455,0,False
2020,12,2020_12_CLE_JAX,JAX,CLE,25.0,27.0,-2.0,0.3416116257673374,0,False
2020,12,2020_12_CAR_MIN,MIN,CAR,28.0,27.0,1.0,0.6858641473706872,1,False
2020,12,2020_12_ARI_NE,NE,ARI,20.0,17.0,3.0,0.5998185026716165,1,False
2020,12,2020_12_MIA_NYJ,NYJ,MIA,3.0,20.0,-17.0,0.30787696610747134,0,False
2020,12,2020_12_NO_DEN,DEN,NO,3.0,31.0,-28.0,0.30488552460696355,0,False
2020,12,2020_12_SF_LA,LA,SF,20.0,23.0,-3.0,0.6603188992113365,0,False
2020,12,2020_12_KC_TB,TB,KC,24.0,27.0,-3.0,0.4008916270104293,0,False
2020,12,2020_12_CHI_GB,GB,CHI,41.0,25.0,16.0,0.7074562624980797,1,False
2020,12,2020_12_SEA_PHI,PHI,SEA,17.0,23.0,-6.0,0.4065119279322153,0,False
2020,12,2020_12_BAL_PIT,PIT,BAL,19.0,14.0,5.0,0.6101658102994038,1,False
2020,13,2020_13_NO_ATL,ATL,NO,16.0,21.0,-5.0,0.37163386633455414,0,False
2020,13,2020_13_DET_CHI,CHI,DET,30.0,34.0,-4.0,0.7013346719657081,0,False
2020,13,2020_13_IND_HOU,HOU,IND,20.0,26.0,-6.0,0.5020624280299155,0,False
2020,13,2020_13_CIN_MIA,MIA,CIN,19.0,7.0,12.0,0.7515136261757486,1,False
2020,13,2020_13_JAX_MIN,MIN,JAX,27.0,24.0,3.0,0.8008080183509881,1,False
2020,13,2020_13_LV_NYJ,NYJ,LV,28.0,31.0,-3.0,0.2940900914938657,0,False
2020,13,2020_13_CLE_TEN,TEN,CLE,35.0,41.0,-6.0,0.67445485130076,0,False
2020,13,2020_13_LA_ARI,ARI,LA,28.0,38.0,-10.0,0.4573544039258316,0,False
2020,13,2020_13_NYG_SEA,SEA,NYG,12.0,17.0,-5.0,0.7806835208200493,0,False
2020,13,2020_13_PHI_GB,GB,PHI,30.0,16.0,14.0,0.7697748926480861,1,False
2020,13,2020_13_NE_LAC,LAC,NE,0.0,45.0,-45.0,0.4264288627177793,0,False
2020,13,2020_13_DEN_KC,KC,DEN,22.0,16.0,6.0,0.8420310550907234,1,False
2020,13,2020_13_WAS_PIT,PIT,WAS,17.0,23.0,-6.0,0.8318243639574741,0,False
2020,13,2020_13_BUF_SF,SF,BUF,24.0,34.0,-10.0,0.4455541634201118,0,True
2020,13,2020_13_DAL_BAL,BAL,DAL,34.0,17.0,17.0,0.8121506482404721,1,False
2020,14,2020_14_NE_LA,LA,NE,24.0,3.0,21.0,0.6159774793722163,1,False
2020,14,2020_14_DEN_CAR,CAR,DEN,27.0,32.0,-5.0,0.5535601841454051,0,False
2020,14,2020_14_HOU_CHI,CHI,HOU,36.0,7.0,29.0,0.5380718815677077,1,False
2020,14,2020_14_DAL_CIN,CIN,DAL,7.0,30.0,-23.0,0.5489925148735703,0,False
2020,14,2020_14_TEN_JAX,JAX,TEN,10.0,31.0,-21.0,0.25621445245497515,0,False
2020,14,2020_14_KC_MIA,MIA,KC,27.0,33.0,-6.0,0.3440675809000363,0,False
2020,14,2020_14_ARI_NYG,NYG,ARI,7.0,26.0,-19.0,0.5171551790027537,0,False
2020,14,2020_14_MIN_TB,TB,MIN,26.0,14.0,12.0,0.6080506502515065,1,False
2020,14,2020_14_IND_LV,LV,IND,27.0,44.0,-17.0,0.5194905779014799,0,False
2020,14,2020_14_NYJ_SEA,SEA,NYJ,40.0,3.0,37.0,0.8525486239205414,1,False
2020,14,2020_14_GB_DET,DET,GB,24.0,31.0,-7.0,0.2654636171786907,0,False
2020,14,2020_14_ATL_LAC,LAC,ATL,20.0,17.0,3.0,0.4115133676834363,1,False
2020,14,2020_14_NO_PHI,PHI,NO,24.0,21.0,3.0,0.2506312608132733,1,False
2020,14,2020_14_WAS_SF,SF,WAS,15.0,23.0,-8.0,0.5854562054416587,0,True
2020,14,2020_14_PIT_BUF,BUF,PIT,26.0,15.0,11.0,0.5123198058794429,1,False
2020,14,2020_14_BAL_CLE,CLE,BAL,42.0,47.0,-5.0,0.4541332686617077,0,False
2020,15,2020_15_LAC_LV,LV,LAC,27.0,30.0,-3.0,0.6733198150240965,0,False
2020,15,2020_15_BUF_DEN,DEN,BUF,19.0,48.0,-29.0,0.36236344155752526,0,False
2020,15,2020_15_CAR_GB,GB,CAR,24.0,16.0,8.0,0.8143423580084237,1,False
2020,15,2020_15_TB_ATL,ATL,TB,27.0,31.0,-4.0,0.46728719091645887,0,False
2020,15,2020_15_JAX_BAL,BAL,JAX,40.0,14.0,26.0,0.8821008785868976,1,False
2020,15,2020_15_SF_DAL,DAL,SF,41.0,33.0,8.0,0.45329889618807884,1,False
2020,15,2020_15_HOU_IND,IND,HOU,27.0,20.0,7.0,0.731973484357819,1,False
2020,15,2020_15_NE_MIA,MIA,NE,22.0,12.0,10.0,0.5696708543912151,1,False
2020,15,2020_15_CHI_MIN,MIN,CHI,27.0,33.0,-6.0,0.6089476993170035,0,False
2020,15,2020_15_DET_TEN,TEN,DET,46.0,25.0,21.0,0.7972293733158118,1,False
2020,15,2020_15_SEA_WAS,WAS,SEA,15.0,20.0,-5.0,0.4328116544115935,0,False
2020,15,2020_15_PHI_ARI,ARI,PHI,33.0,26.0,7.0,0.6247152658508777,1,False
2020,15,2020_15_NYJ_LA,LA,NYJ,20.0,23.0,-3.0,0.88694551896531,0,False
2020,15,2020_15_KC_NO,NO,KC,29.0,32.0,-3.0,0.5022296207879177,0,False
2020,15,2020_15_CLE_NYG,NYG,CLE,6.0,20.0,-14.0,0.4259288531619484,0,False
2020,15,2020_15_PIT_CIN,CIN,PIT,27.0,17.0,10.0,0.23184608585789523,1,False
2020,16,2020_16_MIN_NO,NO,MIN,52.0,33.0,19.0,0.7616980237429147,1,False
2020,16,2020_16_TB_DET,DET,TB,7.0,47.0,-40.0,0.2825844792881,0,False
2020,16,2020_16_SF_ARI,ARI,SF,12.0,20.0,-8.0,0.627137720108174,0,False
2020,16,2020_16_MIA_LV,LV,MIA,25.0,26.0,-1.0,0.4823668484795536,0,False
2020,16,2020_16_NYG_BAL,BAL,NYG,27.0,13.0,14.0,0.8311525537658171,1,False
2020,16,2020_16_CIN_HOU,HOU,CIN,31.0,37.0,-6.0,0.6526805873460972,0,False
2020,16,2020_16_CHI_JAX,JAX,CHI,17.0,41.0,-24.0,0.3095562919218051,0,False
2020,16,2020_16_ATL_KC,KC,ATL,17.0,14.0,3.0,0.8262763790891103,1,False
2020,16,2020_16_CLE_NYJ,NYJ,CLE,23.0,16.0,7.0,0.2813780735301212,1,False
2020,16,2020_16_IND_PIT,PIT,IND,28.0,24.0,4.0,0.546541724634118,1,False
2020,16,2020_16_DEN_LAC,LAC,DEN,19.0,16.0,3.0,0.5607515792394175,1,False
2020,16,2020_16_CAR_WAS,WAS,CAR,13.0,20.0,-7.0,0.6436490636011846,0,False
2020,16,2020_16_PHI_DAL,DAL,PHI,37.0,17.0,20.0,0.5570108989770062,1,False
2020,16,2020_16_LA_SEA,SEA,LA,20.0,9.0,11.0,0.5694481711278793,1,False
2020,16,2020_16_TEN_GB,GB,TEN,40.0,14.0,26.0,0.6371233697833913,1,False
2020,16,2020_16_BUF_NE,NE,BUF,9.0,38.0,-29.0,0.40965856534526723,0,False
2020,17,2020_17_MIA_BUF,BUF,MIA,56.0,26.0,30.0,0.6906094894852746,1,False
2020,17,2020_17_BAL_CIN,CIN,BAL,3.0,38.0,-35.0,0.2551929070149907,0,False
2020,17,2020_17_PIT_CLE,CLE,PIT,24.0,22.0,2.0,0.4593329155143396,1,False
2020,17,2020_17_MIN_DET,DET,MIN,35.0,37.0,-2.0,0.40010363311771974,0,False
2020,17,2020_17_NYJ_NE,NE,NYJ,28.0,14.0,14.0,0.7533957443902273,1,False
2020,17,2020_17_DAL_NYG,NYG,DAL,23.0,19.0,4.0,0.47824057151256966,1,False
2020,17,2020_17_ATL_TB,TB,ATL,44.0,27.0,17.0,0.7144516112073689,1,False
2020,17,2020_17_NO_CAR,CAR,NO,7.0,33.0,-26.0,0.2621395655540335,0,False
2020,17,2020_17_GB_CHI,CHI,GB,16.0,35.0,-19.0,0.37219459888264544,0,False
2020,17,2020_17_LV_DEN,DEN,LV,31.0,32.0,-1.0,0.5041667161177307,0,False
2020,17,2020_17_TEN_HOU,HOU,TEN,38.0,41.0,-3.0,0.37106017393370827,0,False
2020,17,2020_17_JAX_IND,IND,JAX,28.0,14.0,14.0,0.863399614869768,1,False
2020,17,2020_17_LAC_KC,KC,LAC,21.0,38.0,-17.0,0.8642692961222206,0,False
2020,17,2020_17_ARI_LA,LA,ARI,18.0,7.0,11.0,0.6698914094589115,1,False
2020,17,2020_17_SEA_SF,SF,SEA,23.0,26.0,-3.0,0.34439497267282754,0,True
2020,17,2020_17_WAS_PHI,PHI,WAS,14.0,20.0,-6.0,0.5319831681978341,0,False
2021,1,2021_01_DAL_TB,TB,DAL,31.0,29.0,2.0,0.7078254335979339,1,False
2021,1,2021_01_PHI_ATL,ATL,PHI,6.0,32.0,-26.0,0.6305890528505766,0,False
2021,1,2021_01_PIT_BUF,BUF,PIT,16.0,23.0,-7.0,0.6449803149560981,0,False
2021,1,2021_01_NYJ_CAR,CAR,NYJ,19.0,14.0,5.0,0.6422720018566422,1,False
2021,1,2021_01_MIN_CIN,CIN,MIN,27.0,24.0,3.0,0.4861922902175955,1,False
2021,1,2021_01_SF_DET,DET,SF,33.0,41.0,-8.0,0.46380128548480704,0,False
2021,1,2021_01_JAX_HOU,HOU,JAX,37.0,21.0,16.0,0.6689720558493499,1,False
2021,1,2021_01_SEA_IND,IND,SEA,16.0,28.0,-12.0,0.5460726325132602,0,False
2021,1,2021_01_ARI_TEN,TEN,ARI,13.0,38.0,-25.0,0.6494726432736758,0,False
2021,1,2021_01_LAC_WAS,WAS,LAC,16.0,20.0,-4.0,0.5437501766137232,0,False
2021,1,2021_01_CLE_KC,KC,CLE,33.0,29.0,4.0,0.6994627774816906,1,False
2021,1,2021_01_MIA_NE,NE,MIA,16.0,17.0,-1.0,0.5482284092212562,0,False
2021,1,2021_01_GB_NO,NO,GB,38.0,3.0,35.0,0.5012664428107545,1,True
2021,1,2021_01_DEN_NYG,NYG,DEN,13.0,27.0,-14.0,0.5543167022131332,0,False
2021,1,2021_01_CHI_LA,LA,CHI,34.0,14.0,20.0,0.6349838705400812,1,False
2021,1,2021_01_BAL_LV,LV,BAL,33.0,27.0,6.0,0.4326590148512548,1,False
2021,2,2021_02_NYG_WAS,WAS,NYG,30.0,29.0,1.0,0.6259281517441345,1,False
2021,2,2021_02_NO_CAR,CAR,NO,26.0,7.0,19.0,0.3382716128581744,1,False
2021,2,2021_02_CIN_CHI,CHI,CIN,20.0,17.0,3.0,0.6174937536979646,1,False
2021,2,2021_02_HOU_CLE,CLE,HOU,31.0,21.0,10.0,0.6173275214322607,1,False
2021,2,2021_02_LA_IND,IND,LA,24.0,27.0,-3.0,0.5149809796142926,0,False
2021,2,2021_02_DEN_JAX,JAX,DEN,13.0,23.0,-10.0,0.4033449014660454,0,False
2021,2,2021_02_BUF_MIA,MIA,BUF,0.0,35.0,-35.0,0.4964368947804561,0,False
2021,2,2021_02_NE_NYJ,NYJ,NE,6.0,25.0,-19.0,0.4174006876893222,0,False
2021,2,2021_02_SF_PHI,PHI,SF,11.0,17.0,-6.0,0.5276318937637918,0,False
2021,2,2021_02_LV_PIT,PIT,LV,17.0,26.0,-9.0,0.6408994184500237,0,False
2021,2,2021_02_MIN_ARI,ARI,MIN,34.0,33.0,1.0,0.6215683218751363,1,False
2021,2,2021_02_ATL_TB,TB,ATL,48.0,25.0,23.0,0.7269729565166715,1,False
2021,2,2021_02_DAL_LAC,LAC,DAL,17.0,20.0,-3.0,0.6374080296296921,0,False
2021,2,2021_02_TEN_SEA,SEA,TEN,30.0,33.0,-3.0,0.6708403321975973,0,False
2021,2,2021_02_KC_BAL,BAL,KC,36.0,35.0,1.0,0.5037053427690311,1,False
2021,2,2021_02_DET_GB,GB,DET,35.0,17.0,18.0,0.7825333114405956,1,False
2021,3,2021_03_CAR_HOU,HOU,CAR,9.0,24.0,-15.0,0.4962555372617944,0,False
2021,3,2021_03_WAS_BUF,BUF,WAS,43.0,21.0,22.0,0.7404161638551813,1,False
2021,3,2021_03_CHI_CLE,CLE,CHI,26.0,6.0,20.0,0.6090573715539572,1,False
2021,3,2021_03_BAL_DET,DET,BAL,17.0,19.0,-2.0,0.31552142389302706,0,False
2021,3,2021_03_ARI_JAX,JAX,ARI,19.0,31.0,-12.0,0.32944668430610075,0,False
2021,3,2021_03_LAC_KC,KC,LAC,24.0,30.0,-6.0,0.7199215835789966,0,False
2021,3,2021_03_NO_NE,NE,NO,13.0,28.0,-15.0,0.4558981046010767,0,False
2021,3,2021_03_ATL_NYG,NYG,ATL,14.0,17.0,-3.0,0.5440788413013118,0,False
2021,3,2021_03_CIN_PIT,PIT,CIN,10.0,24.0,-14.0,0.707668480501723,0,False
2021,3,2021_03_IND_TEN,TEN,IND,25.0,16.0,9.0,0.580395319698923,1,False
2021,3,2021_03_NYJ_DEN,DEN,NYJ,26.0,0.0,26.0,0.7229902579454744,1,False
2021,3,2021_03_MIA_LV,LV,MIA,31.0,28.0,3.0,0.6170206343285781,1,False
2021,3,2021_03_TB_LA,LA,TB,34.0,24.0,10.0,0.5524099877573987,1,False
2021,3,2021_03_SEA_MIN,MIN,SEA,30.0,17.0,13.0,0.4344739686611745,1,False
2021,3,2021_03_GB_SF,SF,GB,28.0,30.0,-2.0,0.47366865811199166,0,False
2021,3,2021_03_PHI_DAL,DAL,PHI,41.0,21.0,20.0,0.5909206753949675,1,False
2021,4,2021_04_JAX_CIN,CIN,JAX,24.0,21.0,3.0,0.737128109511746,1,False
2021,4,2021_04_WAS_ATL,ATL,WAS,30.0,34.0,-4.0,0.5653354737316126,0,False
2021,4,2021_04_HOU_BUF,BUF,HOU,40.0,0.0,40.0,0.7937690099711237,1,False
2021,4,2021_04_DET_CHI,CHI,DET,24.0,14.0,10.0,0.6824016521927802,1,False
2021,4,2021_04_CAR_DAL,DAL,CAR,36.0,28.0,8.0,0.5351626735657297,1,False
2021,4,2021_04_IND_MIA,MIA,IND,17.0,27.0,-10.0,0.557282265567064,0,False
2021,4,2021_04_CLE_MIN,MIN,CLE,7.0,14.0,-7.0,0.5197821402035211,0,False
2021,4,2021_04_NYG_NO,NO,NYG,21.0,27.0,-6.0,0.8097486170519308,0,False
2021,4,2021_04_TEN_NYJ,NYJ,TEN,27.0,24.0,3.0,0.3131553720948596,1,False
2021,4,2021_04_KC_PHI,PHI,KC,30.0,42.0,-12.0,0.3576587830902119,0,False
2021,4,2021_04_ARI_LA,LA,ARI,20.0,37.0,-17.0,0.6612998422556114,0,False
2021,4,2021_04_SEA_SF,SF,SEA,21.0,28.0,-7.0,0.5248088285645105,0,False
2021,4,2021_04_BAL_DEN,DEN,BAL,7.0,23.0,-16.0,0.46998663605537455,0,False
2021,4,2021_04_PIT_GB,GB,PIT,27.0,17.0,10.0,0.6797574919016411,1,False
2021,4,2021_04_TB_NE,NE,TB,17.0,19.0,-2.0,0.4654127727662059,0,False
2021,4,2021_04_LV_LAC,LAC,LV,28.0,14.0,14.0,0.5327114730204533,1,False
2021,5,2021_05_LA_SEA,SEA,LA,17.0,26.0,-9.0,0.5552007509675072,0,False
2021,5,2021_05_NYJ_ATL,ATL,NYJ,27.0,20.0,7.0,0.5879213728179369,1,True
2021,5,2021_05_PHI_CAR,CAR,PHI,18.0,21.0,-3.0,0.6764371453287468,0,False
2021,5,2021_05_GB_CIN,CIN,GB,22.0,25.0,-3.0,0.3824747388981619,0,False
2021,5,2021_05_NE_HOU,HOU,NE,22.0,25.0,-3.0,0.4673000142708966,0,False
2021,5,2021_05_TEN_JAX,JAX,TEN,19.0,37.0,-18.0,0.3035036953485576,0,False
2021,5,2021_05_DET_MIN,MIN,DET,19.0,17.0,2.0,0.7239836138621543,1,False
2021,5,2021_05_DEN_PIT,PIT,DEN,27.0,19.0,8.0,0.5821848163895262,1,False
2021,5,2021_05_MIA_TB,TB,MIA,45.0,17.0,28.0,0.7100879816380616,1,False
2021,5,2021_05_NO_WAS,WAS,NO,22.0,33.0,-11.0,0.402786262156975,0,False
2021,5,2021_05_CLE_LAC,LAC,CLE,47.0,42.0,5.0,0.5510350750704498,1,False
2021,5,2021_05_CHI_LV,LV,CHI,9.0,20.0,-11.0,0.6232313244198384,0,False
2021,5,2021_05_SF_ARI,ARI,SF,17.0,10.0,7.0,0.6588859082558547,1,False
2021,5,2021_05_NYG_DAL,DAL,NYG,44.0,20.0,24.0,0.6780354714620953,1,False
2021,5,2021_05_BUF_KC,KC,BUF,20.0,38.0,-18.0,0.5263303889192635,0,False
2021,5,2021_05_IND_BAL,BAL,IND,31.0,25.0,6.0,0.6742511935060127,1,False
2021,6,2021_06_TB_PHI,PHI,TB,22.0,28.0,-6.0,0.34937918339276397,0,False
2021,6,2021_06_MIA_JAX,JAX,MIA,23.0,20.0,3.0,0.3162865170266025,1,True
2021,6,2021_06_LAC_BAL,BAL,LAC,34.0,6.0,28.0,0.6435666535607959,1,False
2021,6,2021_06_MIN_CAR,CAR,MIN,28.0,34.0,-6.0,0.5625434933341672,0,False
2021,6,2021_06_GB_CHI,CHI,GB,14.0,24.0,-10.0,0.41646086908671404,0,False
2021,6,2021_06_CIN_DET,DET,CIN,11.0,34.0,-23.0,0.4266873456866192,0,False
2021,6,2021_06_HOU_IND,IND,HOU,31.0,3.0,28.0,0.7015606696418271,1,False
2021,6,2021_06_LA_NYG,NYG,LA,11.0,38.0,-27.0,0.3323997740732958,0,False
2021,6,2021_06_KC_WAS,WAS,KC,13.0,31.0,-18.0,0.39573605847845716,0,False
2021,6,2021_06_ARI_CLE,CLE,ARI,14.0,37.0,-23.0,0.523211910257144,0,False
2021,6,2021_06_LV_DEN,DEN,LV,24.0,34.0,-10.0,0.5362758350816409,0,False
2021,6,2021_06_DAL_NE,NE,DAL,29.0,35.0,-6.0,0.5214493307292223,0,False
2021,6,2021_06_SEA_PIT,PIT,SEA,23.0,20.0,3.0,0.534881097804583,1,False
2021,6,2021_06_BUF_TEN,TEN,BUF,34.0,31.0,3.0,0.40720823225206504,1,False
2021,7,2021_07_DEN_CLE,CLE,DEN,17.0,14.0,3.0,0.6553134614944032,1,False
2021,7,2021_07_CIN_BAL,BAL,CIN,17.0,41.0,-24.0,0.7550988590290597,0,False
2021,7,2021_07_WAS_GB,GB,WAS,24.0,10.0,14.0,0.7965957262976052,1,False
2021,7,2021_07_ATL_MIA,MIA,ATL,28.0,30.0,-2.0,0.5545461120706567,0,False
2021,7,2021_07_NYJ_NE,NE,NYJ,54.0,13.0,41.0,0.7309069672692349,1,False
2021,7,2021_07_CAR_NYG,NYG,CAR,25.0,3.0,22.0,0.4710107672777479,1,False
2021,7,2021_07_KC_TEN,TEN,KC,27.0,3.0,24.0,0.5135646137087994,1,False
2021,7,2021_07_DET_LA,LA,DET,28.0,19.0,9.0,0.8508546489641036,1,False
2021,7,2021_07_PHI_LV,LV,PHI,33.0,22.0,11.0,0.6855255011929179,1,False
2021,7,2021_07_HOU_ARI,ARI,HOU,31.0,5.0,26.0,0.812985865321337,1,False
2021,7,2021_07_CHI_TB,TB,CHI,38.0,3.0,35.0,0.7179704282042503,1,False
2021,7,2021_07_IND_SF,SF,IND,18.0,30.0,-12.0,0.5087695771226091,0,False
2021,7,2021_07_NO_SEA,SEA,NO,10.0,13.0,-3.0,0.47241204331895487,0,False
2021,8,2021_08_GB_ARI,ARI,GB,21.0,24.0,-3.0,0.5298842589942413,0,False
2021,8,2021_08_CAR_ATL,ATL,CAR,13.0,19.0,-6.0,0.5947935888762172,0,False
2021,8,2021_08_MIA_BUF,BUF,MIA,26.0,11.0,15.0,0.8136839105050012,1,False
2021,8,2021_08_SF_CHI,CHI,SF,22.0,33.0,-11.0,0.5834169260452953,0,False
2021,8,2021_08_PIT_CLE,CLE,PIT,10.0,15.0,-5.0,0.5699651318002685,0,False
2021,8,2021_08_PHI_DET,DET,PHI,6.0,44.0,-38.0,0.4666101726531806,0,False
2021,8,2021_08_LA_HOU,HOU,LA,22.0,38.0,-16.0,0.26434981708490873,0,False
2021,8,2021_08_TEN_IND,IND,TEN,31.0,34.0,-3.0,0.5190704865077441,0,False
2021,8,2021_08_CIN_NYJ,NYJ,CIN,34.0,31.0,3.0,0.32130517985318746,1,False
2021,8,2021_08_NE_LAC,LAC,NE,24.0,27.0,-3.0,0.611472913535356,0,False
2021,8,2021_08_JAX_SEA,SEA,JAX,31.0,7.0,24.0,0.7928999201599968,1,False
2021,8,2021_08_WAS_DEN,DEN,WAS,17.0,10.0,7.0,0.5956983548864134,1,False
2021,8,2021_08_TB_NO,NO,TB,36.0,27.0,9.0,0.5472890646444895,1,False
2021,8,2021_08_DAL_MIN,MIN,DAL,16.0,20.0,-4.0,0.5169855118975214,0,False
2021,8,2021_08_NYG_KC,KC,NYG,20.0,17.0,3.0,0.7368842902162969,1,False
2021,9,2021_09_NYJ_IND,IND,NYJ,45.0,30.0,15.0,0.783436547951513,1,False
2021,9,2021_09_MIN_BAL,BAL,MIN,34.0,31.0,3.0,0.6950230378085965,1,False
2021,9,2021_09_NE_CAR,CAR,NE,6.0,24.0,-18.0,0.4888002164484335,0,False
2021,9,2021_09_CLE_CIN,CIN,CLE,16.0,41.0,-25.0,0.5625629551323682,0,False
2021,9,2021_09_DEN_DAL,DAL,DEN,16.0,30.0,-14.0,0.7000196703823994,0,False
2021,9,2021_09_BUF_JAX,JAX,BUF,9.0,6.0,3.0,0.17362000608048392,1,False
2021,9,2021_09_HOU_MIA,MIA,HOU,17.0,9.0,8.0,0.6396257973349044,1,False
2021,9,2021_09_ATL_NO,NO,ATL,25.0,27.0,-2.0,0.7932514283572527,0,False
2021,9,2021_09_LV_NYG,NYG,LV,23.0,16.0,7.0,0.4248337142843458,1,False
2021,9,2021_09_LAC_PHI,PHI,LAC,24.0,27.0,-3.0,0.45296877700819665,0,False
2021,9,2021_09_GB_KC,KC,GB,13.0,7.0,6.0,0.46131377206340146,1,False
2021,9,2021_09_ARI_SF,SF,ARI,17.0,31.0,-14.0,0.41196843200700967,0,False
2021,9,2021_09_TEN_LA,LA,TEN,16.0,28.0,-12.0,0.6066864764507265,0,False
2021,9,2021_09_CHI_PIT,PIT,CHI,29.0,27.0,2.0,0.6888561990685822,1,False
2021,10,2021_10_BAL_MIA,MIA,BAL,22.0,10.0,12.0,0.3410215590428465,1,False
2021,10,2021_10_ATL_DAL,DAL,ATL,43.0,3.0,40.0,0.6712567813884233,1,False
2021,10,2021_10_JAX_IND,IND,JAX,23.0,17.0,6.0,0.8070930725955013,1,False
2021,10,2021_10_CLE_NE,NE,CLE,45.0,7.0,38.0,0.5690895477137979,1,False
2021,10,2021_10_BUF_NYJ,NYJ,BUF,17.0,45.0,-28.0,0.21687491724899224,0,False
2021,10,2021_10_DET_PIT,PIT,DET,16.0,16.0,0.0,0.831918196975694,0,False
2021,10,2021_10_NO_TEN,TEN,NO,23.0,21.0,2.0,0.573309188459488,1,False
2021,10,2021_10_TB_WAS,WAS,TB,29.0,19.0,10.0,0.30816199202618133,1,False
2021,10,2021_10_CAR_ARI,ARI,CAR,10.0,34.0,-24.0,0.7823380345350491,0,False
2021,10,2021_10_MIN_LAC,LAC,MIN,20.0,27.0,-7.0,0.6241645369268903,0,False
2021,10,2021_10_PHI_DEN,DEN,PHI,13.0,30.0,-17.0,0.6548624843778907,0,False
2021,10,2021_10_SEA_GB,GB,SEA,17.0,0.0,17.0,0.6970583129147943,1,False
2021,10,2021_10_KC_LV,LV,KC,14.0,41.0,-27.0,0.45422928758932224,0,False
2021,10,2021_10_LA_SF,SF,LA,31.0,10.0,21.0,0.39733879253829746,1,False
2021,11,2021_11_NE_ATL,ATL,NE,0.0,25.0,-25.0,0.38535422810491665,0,False
2021,11,2021_11_IND_BUF,BUF,IND,15.0,41.0,-26.0,0.6773973515204395,0,False
2021,11,2021_11_WAS_CAR,CAR,WAS,21.0,27.0,-6.0,0.620091086476549,0,False
2021,11,2021_11_BAL_CHI,CHI,BAL,13.0,16.0,-3.0,0.39946171474587283,0,False
2021,11,2021_11_DET_CLE,CLE,DET,13.0,10.0,3.0,0.7880637028316062,1,False
2021,11,2021_11_SF_JAX,JAX,SF,10.0,30.0,-20.0,0.33846076741824754,0,False
2021,11,2021_11_GB_MIN,MIN,GB,34.0,31.0,3.0,0.38185488021000136,1,False
2021,11,2021_11_MIA_NYJ,NYJ,MIA,17.0,24.0,-7.0,0.3932033451123363,0,False
2021,11,2021_11_NO_PHI,PHI,NO,40.0,29.0,11.0,0.36632474032307205,1,False
2021,11,2021_11_HOU_TEN,TEN,HOU,13.0,22.0,-9.0,0.8602519204845749,0,False
2021,11,2021_11_CIN_LV,LV,CIN,13.0,32.0,-19.0,0.5825625407065625,0,False
2021,11,2021_11_DAL_KC,KC,DAL,19.0,9.0,10.0,0.647781424137904,1,False
2021,11,2021_11_ARI_SEA,SEA,ARI,13.0,23.0,-10.0,0.49300680353940085,0,False
2021,11,2021_11_PIT_LAC,LAC,PIT,41.0,37.0,4.0,0.5320341831583772,1,False
2021,11,2021_11_NYG_TB,TB,NYG,30.0,10.0,20.0,0.7299635167084324,1,False
2021,12,2021_12_CHI_DET,DET,CHI,14.0,16.0,-2.0,0.4065286337967863,0,False
2021,12,2021_12_LV_DAL,DAL,LV,33.0,36.0,-3.0,0.6717806294535111,0,False
2021,12,2021_12_BUF_NO,NO,BUF,6.0,31.0,-25.0,0.5364508677659795,0,False
2021,12,2021_12_PIT_CIN,CIN,PIT,41.0,10.0,31.0,0.5439563972911176,1,False
2021,12,2021_12_NYJ_HOU,HOU,NYJ,14.0,21.0,-7.0,0.6518919675972534,0,False
2021,12,2021_12_TB_IND,IND,TB,31.0,38.0,-7.0,0.568827203580968,0,False
2021,12,2021_12_ATL_JAX,JAX,ATL,14.0,21.0,-7.0,0.4417467015353899,0,False
2021,12,2021_12_CAR_MIA,MIA,CAR,33.0,10.0,23.0,0.592111886195762,1,False
2021,12,2021_12_TEN_NE,NE,TEN,36.0,13.0,23.0,0.5621148003802346,1,False
2021,12,2021_12_PHI_NYG,NYG,PHI,13.0,7.0,6.0,0.49582860530752376,1,False
2021,12,2021_12_LAC_DEN,DEN,LAC,28.0,13.0,15.0,0.48399229363090307,1,False
2021,12,2021_12_LA_GB,GB,LA,36.0,28.0,8.0,0.6641395748828129,1,False
2021,12,2021_12_MIN_SF,SF,MIN,34.0,26.0,8.0,0.561904546748601,1,False
2021,12,2021_12_CLE_BAL,BAL,CLE,16.0,10.0,6.0,0.655261141623852,1,False
2021,12,2021_12_SEA_WAS,WAS,SEA,17.0,15.0,2.0,0.5175711487578113,1,False
2021,13,2021_13_DAL_NO,NO,DAL,17.0,27.0,-10.0,0.6071542050322604,0,False
2021,13,2021_13_TB_ATL,ATL,TB,17.0,30.0,-13.0,0.3284049148840863,0,False
2021,13,2021_13_ARI_CHI,CHI,ARI,22.0,33.0,-11.0,0.37180856933210493,0,False
2021,13,2021_13_LAC_CIN,CIN,LAC,22.0,41.0,-19.0,0.6219685679605975,0,False
2021,13,2021_13_MIN_DET,DET,MIN,29.0,27.0,2.0,0.30961544955103254,1,False
2021,13,2021_13_IND_HOU,HOU,IND,0.0,31.0,-31.0,0.2979883653401426,0,False
2021,13,2021_13_NYG_MIA,MIA,NYG,20.0,9.0,11.0,0.6383935440970139,1,False
2021,13,2021_13_PHI_NYJ,NYJ,PHI,18.0,33.0,-15.0,0.40391175711278504,0,False
2021,13,2021_13_JAX_LA,LA,JAX,37.0,7.0,30.0,0.8332003580274175,1,False
2021,13,2021_13_WAS_LV,LV,WAS,15.0,17.0,-2.0,0.5780789875774264,0,False
2021,13,2021_13_BAL_PIT,PIT,BAL,20.0,19.0,1.0,0.4385855183131539,1,False
2021,13,2021_13_SF_SEA,SEA,SF,30.0,23.0,7.0,0.504791587511376,1,False
2021,13,2021_13_DEN_KC,KC,DEN,22.0,9.0,13.0,0.7435740429331777,1,False
2021,13,2021_13_NE_BUF,BUF,NE,10.0,14.0,-4.0,0.5926623800275016,0,False
2021,14,2021_14_PIT_MIN,MIN,PIT,36.0,28.0,8.0,0.5598742958632908,1,False
2021,14,2021_14_ATL_CAR,CAR,ATL,21.0,29.0,-8.0,0.5980120622106625,0,False
2021,14,2021_14_BAL_CLE,CLE,BAL,24.0,22.0,2.0,0.458014776313256,1,False
2021,14,2021_14_SEA_HOU,HOU,SEA,13.0,33.0,-20.0,0.3581719598868973,0,False
2021,14,2021_14_LV_KC,KC,LV,48.0,9.0,39.0,0.7794218964254317,1,False
2021,14,2021_14_NO_NYJ,NYJ,NO,9.0,30.0,-21.0,0.30731836361021303,0,False
2021,14,2021_14_JAX_TEN,TEN,JAX,20.0,0.0,20.0,0.8535724824433522,1,False
2021,14,2021_14_DAL_WAS,WAS,DAL,20.0,27.0,-7.0,0.4809580816577193,0,False
2021,14,2021_14_DET_DEN,DEN,DET,38.0,10.0,28.0,0.7539408747595769,1,False
2021,14,2021_14_NYG_LAC,LAC,NYG,37.0,21.0,16.0,0.6890586856337373,1,False
2021,14,2021_14_SF_CIN,CIN,SF,23.0,26.0,-3.0,0.5563765350521575,0,False
2021,14,2021_14_BUF_TB,TB,BUF,33.0,27.0,6.0,0.5806093309415971,1,False
2021,14,2021_14_CHI_GB,GB,CHI,45.0,30.0,15.0,0.8143448781966891,1,False
2021,14,2021_14_LA_ARI,ARI,LA,23.0,30.0,-7.0,0.6302736144941798,0,False
2021,15,2021_15_KC_LAC,LAC,KC,28.0,34.0,-6.0,0.41220208392077207,0,False
2021,15,2021_15_NE_IND,IND,NE,27.0,17.0,10.0,0.5164540835210456,1,False
2021,15,2021_15_CAR_BUF,BUF,CAR,31.0,14.0,17.0,0.7833103651722992,1,False
2021,15,2021_15_ARI_DET,DET,ARI,30.0,12.0,18.0,0.2283246009133973,1,False
2021,15,2021_15_HOU_JAX,JAX,HOU,16.0,30.0,-14.0,0.503118260999267,0,False
2021,15,2021_15_NYJ_MIA,MIA,NYJ,31.0,24.0,7.0,0.8015015066952826,1,False
2021,15,2021_15_DAL_NYG,NYG,DAL,6.0,21.0,-15.0,0.3760324540426116,0,False
2021,15,2021_15_TEN_PIT,PIT,TEN,19.0,13.0,6.0,0.44848610595182403,1,False
2021,15,2021_15_CIN_DEN,DEN,CIN,10.0,15.0,-5.0,0.5663371473027003,0,False
2021,15,2021_15_ATL_SF,SF,ATL,31.0,13.0,18.0,0.6914525789963203,1,False
2021,15,2021_15_GB_BAL,BAL,GB,30.0,31.0,-1.0,0.45460566463359897,0,False
2021,15,2021_15_NO_TB,TB,NO,0.0,9.0,-9.0,0.6915032198026929,0,False
2021,15,2021_15_LV_CLE,CLE,LV,14.0,16.0,-2.0,0.6515127968633152,0,False
2021,15,2021_15_MIN_CHI,CHI,MIN,9.0,17.0,-8.0,0.4471585098094935,0,False
2021,15,2021_15_SEA_LA,LA,SEA,20.0,10.0,10.0,0.6420425137385459,1,False
2021,15,2021_15_WAS_PHI,PHI,WAS,27.0,17.0,10.0,0.5928262162690862,1,False
2021,16,2021_16_SF_TEN,TEN,SF,20.0,17.0,3.0,0.5771412134804382,1,False
2021,16,2021_16_CLE_GB,GB,CLE,24.0,22.0,2.0,0.7630980478125963,1,False
2021,16,2021_16_IND_ARI,ARI,IND,16.0,22.0,-6.0,0.47411432001779164,0,False
2021,16,2021_16_DET_ATL,ATL,DET,20.0,16.0,4.0,0.6532797227744375,1,False
2021,16,2021_16_TB_CAR,CAR,TB,6.0,32.0,-26.0,0.2994188057340514,0,False
2021,16,2021_16_BAL_CIN,CIN,BAL,41.0,21.0,20.0,0.49411553127110674,1,False
2021,16,2021_16_LAC_HOU,HOU,LAC,41.0,29.0,12.0,0.3371168878024958,1,False
2021,16,2021_16_LA_MIN,MIN,LA,23.0,30.0,-7.0,0.4765987187079864,0,False
2021,16,2021_16_BUF_NE,NE,BUF,21.0,33.0,-12.0,0.5628598349083805,0,False
2021,16,2021_16_JAX_NYJ,NYJ,JAX,26.0,21.0,5.0,0.62625441840643,1,False
2021,16,2021_16_NYG_PHI,PHI,NYG,34.0,10.0,24.0,0.6969615825532902,1,False
2021,16,2021_16_CHI_SEA,SEA,CHI,24.0,25.0,-1.0,0.6975878731493678,0,False
2021,16,2021_16_PIT_KC,KC,PIT,36.0,10.0,26.0,0.7690483028544092,1,False
2021,16,2021_16_DEN_LV,LV,DEN,17.0,13.0,4.0,0.5503150231304517,1,False
2021,16,2021_16_WAS_DAL,DAL,WAS,56.0,14.0,42.0,0.7279315055055361,1,False
2021,16,2021_16_MIA_NO,NO,MIA,3.0,20.0,-17.0,0.6239065680937089,0,False
2021,17,2021_17_LA_BAL,BAL,LA,19.0,20.0,-1.0,0.4743706332851707,0,False
2021,17,2021_17_ATL_BUF,BUF,ATL,29.0,15.0,14.0,0.8019875914973353,1,False
2021,17,2021_17_NYG_CHI,CHI,NYG,29.0,3.0,26.0,0.6138177195283074,1,False
2021,17,2021_17_KC_CIN,CIN,KC,34.0,31.0,3.0,0.3768735729674412,1,False
2021,17,2021_17_LV_IND,IND,LV,20.0,23.0,-3.0,0.7473039632774633,0,False
2021,17,2021_17_JAX_NE,NE,JAX,50.0,10.0,40.0,0.8894652100568142,1,False
2021,17,2021_17_TB_NYJ,NYJ,TB,24.0,28.0,-4.0,0.20365060033692714,0,False
2021,17,2021_17_MIA_TEN,TEN,MIA,34.0,3.0,31.0,0.5829860284701566,1,False
2021,17,2021_17_PHI_WAS,WAS,PHI,16.0,20.0,-4.0,0.4444150111029005,0,False
2021,17,2021_17_DEN_LAC,LAC,DEN,34.0,13.0,21.0,0.617714601501526,1,False
2021,17,2021_17_HOU_SF,SF,HOU,23.0,7.0,16.0,0.7481050599687621,1,False
2021,17,2021_17_ARI_DAL,DAL,ARI,22.0,25.0,-3.0,0.6617457496069967,0,False
2021,17,2021_17_CAR_NO,NO,CAR,18.0,10.0,8.0,0.7504706867734405,1,False
2021,17,2021_17_DET_SEA,SEA,DET,51.0,29.0,22.0,0.7584547112360263,1,False
2021,17,2021_17_MIN_GB,GB,MIN,37.0,10.0,27.0,0.7578012641951793,1,False
2021,17,2021_17_CLE_PIT,PIT,CLE,26.0,14.0,12.0,0.5617801300596048,1,False
2021,18,2021_18_KC_DEN,DEN,KC,24.0,28.0,-4.0,0.2761489776171948,0,False
2021,18,2021_18_DAL_PHI,PHI,DAL,26.0,51.0,-25.0,0.5039633390409278,0,False
2021,18,2021_18_PIT_BAL,BAL,PIT,13.0,16.0,-3.0,0.6005732060508017,0,False
2021,18,2021_18_CIN_CLE,CLE,CIN,21.0,16.0,5.0,0.45670210471556183,1,False
2021,18,2021_18_GB_DET,DET,GB,37.0,30.0,7.0,0.16059654698301967,1,False
2021,18,2021_18_TEN_HOU,HOU,TEN,25.0,28.0,-3.0,0.2904110335790278,0,False
2021,18,2021_18_IND_JAX,JAX,IND,26.0,11.0,15.0,0.1581799739323415,1,False
2021,18,2021_18_CHI_MIN,MIN,CHI,31.0,17.0,14.0,0.6444106405404258,1,False
2021,18,2021_18_WAS_NYG,NYG,WAS,7.0,22.0,-15.0,0.49051391755690704,0,False
2021,18,2021_18_SEA_ARI,ARI,SEA,30.0,38.0,-8.0,0.6036244240870465,0,False
2021,18,2021_18_NO_ATL,ATL,NO,20.0,30.0,-10.0,0.39220526363235064,0,False
2021,18,2021_18_NYJ_BUF,BUF,NYJ,27.0,10.0,17.0,0.8867196159052582,1,False
2021,18,2021_18_SF_LA,LA,SF,24.0,27.0,-3.0,0.6537152279101087,0,False
2021,18,2021_18_NE_MIA,MIA,NE,33.0,24.0,9.0,0.48455861459569405,1,False
2021,18,2021_18_CAR_TB,TB,CAR,41.0,17.0,24.0,0.837593808421072,1,False
2021,18,2021_18_LAC_LV,LV,LAC,35.0,32.0,3.0,0.5331181788790055,1,False
2022,1,2022_01_BUF_LA,LA,BUF,10.0,31.0,-21.0,0.532258725547072,0,False
2022,1,2022_01_NO_ATL,ATL,NO,26.0,27.0,-1.0,0.442889904586936,0,False
2022,1,2022_01_CLE_CAR,CAR,CLE,24.0,26.0,-2.0,0.4710699652031076,0,False
2022,1,2022_01_SF_CHI,CHI,SF,19.0,10.0,9.0,0.45468695815623794,1,False
2022,1,2022_01_PIT_CIN,CIN,PIT,20.0,23.0,-3.0,0.5840312497925547,0,False
2022,1,2022_01_PHI_DET,DET,PHI,35.0,38.0,-3.0,0.45503617912206734,0,False
2022,1,2022_01_IND_HOU,HOU,IND,20.0,20.0,0.0,0.4207193157868344,0,False
2022,1,2022_01_NE_MIA,MIA,NE,20.0,7.0,13.0,0.557632834023045,1,False
2022,1,2022_01_BAL_NYJ,NYJ,BAL,9.0,24.0,-15.0,0.4019876613615451,0,False
2022,1,2022_01_JAX_WAS,WAS,JAX,28.0,22.0,6.0,0.6799887670670034,1,False
2022,1,2022_01_KC_ARI,ARI,KC,21.0,44.0,-23.0,0.44455074402530004,0,False
2022,1,2022_01_LV_LAC,LAC,LV,24.0,19.0,5.0,0.5737951301200483,1,False
2022,1,2022_01_GB_MIN,MIN,GB,23.0,7.0,16.0,0.4634745584450369,1,False
2022,1,2022_01_NYG_TEN,TEN,NYG,20.0,21.0,-1.0,0.7567002765107762,0,False
2022,1,2022_01_TB_DAL,DAL,TB,3.0,19.0,-16.0,0.5435923914933461,0,False
2022,1,2022_01_DEN_SEA,SEA,DEN,17.0,16.0,1.0,0.6491629321996037,1,False
2022,2,2022_02_LAC_KC,KC,LAC,27.0,24.0,3.0,0.701527914313951,1,False
2022,2,2022_02_MIA_BAL,BAL,MIA,38.0,42.0,-4.0,0.5368494198490101,0,False
2022,2,2022_02_NYJ_CLE,CLE,NYJ,30.0,31.0,-1.0,0.7318373051005396,0,False
2022,2,2022_02_WAS_DET,DET,WAS,36.0,27.0,9.0,0.4843802669451596,1,False
2022,2,2022_02_IND_JAX,JAX,IND,24.0,0.0,24.0,0.34111191782297207,1,False
2022,2,2022_02_TB_NO,NO,TB,10.0,20.0,-10.0,0.48577259304473547,0,False
2022,2,2022_02_CAR_NYG,NYG,CAR,19.0,16.0,3.0,0.5674152419988049,1,False
2022,2,2022_02_NE_PIT,PIT,NE,14.0,17.0,-3.0,0.5834472820921055,0,False
2022,2,2022_02_ATL_LA,LA,ATL,31.0,27.0,4.0,0.6939502898479459,1,False
2022,2,2022_02_SEA_SF,SF,SEA,27.0,7.0,20.0,0.5557595886735694,1,False
2022,2,2022_02_CIN_DAL,DAL,CIN,20.0,17.0,3.0,0.6086552896314111,1,False
2022,2,2022_02_HOU_DEN,DEN,HOU,16.0,9.0,7.0,0.6206439164355093,1,False
2022,2,2022_02_ARI_LV,LV,ARI,23.0,29.0,-6.0,0.566851051042852,0,False
2022,2,2022_02_CHI_GB,GB,CHI,27.0,10.0,17.0,0.6749002752472689,1,False
2022,2,2022_02_TEN_BUF,BUF,TEN,41.0,7.0,34.0,0.6530953239147598,1,False
2022,2,2022_02_MIN_PHI,PHI,MIN,24.0,7.0,17.0,0.5364393879353845,1,False
2022,3,2022_03_PIT_CLE,CLE,PIT,29.0,17.0,12.0,0.5454376069816083,1,False
2022,3,2022_03_NO_CAR,CAR,NO,22.0,14.0,8.0,0.40573660122412425,1,False
2022,3,2022_03_HOU_CHI,CHI,HOU,23.0,20.0,3.0,0.6441864040253774,1,False
2022,3,2022_03_KC_IND,IND,KC,20.0,17.0,3.0,0.3870894016422431,1,False
2022,3,2022_03_BUF_MIA,MIA,BUF,21.0,19.0,2.0,0.4745279107947799,1,False
2022,3,2022_03_DET_MIN,MIN,DET,28.0,24.0,4.0,0.6727197834001091,1,False
2022,3,2022_03_BAL_NE,NE,BAL,26.0,37.0,-11.0,0.5907500403357142,0,False
2022,3,2022_03_CIN_NYJ,NYJ,CIN,12.0,27.0,-15.0,0.40843918268230106,0,False
2022,3,2022_03_LV_TEN,TEN,LV,24.0,22.0,2.0,0.6403719183612562,1,False
2022,3,2022_03_PHI_WAS,WAS,PHI,8.0,24.0,-16.0,0.4509211973473709,0,False
2022,3,2022_03_JAX_LAC,LAC,JAX,10.0,38.0,-28.0,0.7036060535454115,0,False
2022,3,2022_03_LA_ARI,ARI,LA,12.0,20.0,-8.0,0.5206309773309569,0,False
2022,3,2022_03_ATL_SEA,SEA,ATL,23.0,27.0,-4.0,0.66094354893282,0,False
2022,3,2022_03_GB_TB,TB,GB,12.0,14.0,-2.0,0.6298536461712745,0,False
2022,3,2022_03_SF_DEN,DEN,SF,11.0,10.0,1.0,0.4778229881057603,1,False
2022,3,2022_03_DAL_NYG,NYG,DAL,16.0,23.0,-7.0,0.4002783782165217,0,False
2022,4,2022_04_MIA_CIN,CIN,MIA,27.0,15.0,12.0,0.489090401280684,1,False
2022,4,2022_04_MIN_NO,NO,MIN,25.0,28.0,-3.0,0.4685322650975428,0,True
2022,4,2022_04_CLE_ATL,ATL,CLE,23.0,20.0,3.0,0.4737227083037946,1,False
2022,4,2022_04_BUF_BAL,BAL,BUF,20.0,23.0,-3.0,0.451025678325552,0,False
2022,4,2022_04_WAS_DAL,DAL,WAS,25.0,10.0,15.0,0.7289374252657943,1,False
2022,4,2022_04_SEA_DET,DET,SEA,45.0,48.0,-3.0,0.4911845597337716,0,False
2022,4,2022_04_LAC_HOU,HOU,LAC,24.0,34.0,-10.0,0.4616794176750678,0,False
2022,4,2022_04_TEN_IND,IND,TEN,17.0,24.0,-7.0,0.5434612875520256,0,False
2022,4,2022_04_CHI_NYG,NYG,CHI,20.0,12.0,8.0,0.49546411407691576,1,False
2022,4,2022_04_JAX_PHI,PHI,JAX,29.0,21.0,8.0,0.7111062303969596,1,False
2022,4,2022_04_NYJ_PIT,PIT,NYJ,20.0,24.0,-4.0,0.7263210604458752,0,False
2022,4,2022_04_ARI_CAR,CAR,ARI,16.0,26.0,-10.0,0.48619134060687613,0,False
2022,4,2022_04_NE_GB,GB,NE,27.0,24.0,3.0,0.6737352050936003,1,False
2022,4,2022_04_DEN_LV,LV,DEN,32.0,23.0,9.0,0.5526152050649502,1,False
2022,4,2022_04_KC_TB,TB,KC,31.0,41.0,-10.0,0.5655158484916184,0,False
2022,4,2022_04_LA_SF,SF,LA,24.0,9.0,15.0,0.5324200407199094,1,False
2022,5,2022_05_IND_DEN,DEN,IND,9.0,12.0,-3.0,0.5206945062704625,0,False
2022,5,2022_05_NYG_GB,GB,NYG,22.0,27.0,-5.0,0.7075979081771989,0,True
2022,5,2022_05_PIT_BUF,BUF,PIT,38.0,3.0,35.0,0.7634090856530259,1,False
2022,5,2022_05_LAC_CLE,CLE,LAC,28.0,30.0,-2.0,0.5901392666694003,0,False
2022,5,2022_05_HOU_JAX,JAX,HOU,6.0,13.0,-7.0,0.6420670590502732,0,False
2022,5,2022_05_CHI_MIN,MIN,CHI,29.0,22.0,7.0,0.681975597115324,1,False
2022,5,2022_05_DET_NE,NE,DET,29.0,0.0,29.0,0.6796729645249397,1,False
2022,5,2022_05_SEA_NO,NO,SEA,39.0,32.0,7.0,0.567748593735835,1,False
2022,5,2022_05_MIA_NYJ,NYJ,MIA,40.0,17.0,23.0,0.3493351068234582,1,False
2022,5,2022_05_ATL_TB,TB,ATL,21.0,15.0,6.0,0.7313254334228156,1,False
2022,5,2022_05_TEN_WAS,WAS,TEN,17.0,21.0,-4.0,0.39473725523804926,0,False
2022,5,2022_05_SF_CAR,CAR,SF,15.0,37.0,-22.0,0.37518061723883306,0,False
2022,5,2022_05_PHI_ARI,ARI,PHI,17.0,20.0,-3.0,0.48840259117888735,0,False
2022,5,2022_05_DAL_LA,LA,DAL,10.0,22.0,-12.0,0.5178540690833086,0,False
2022,5,2022_05_CIN_BAL,BAL,CIN,19.0,17.0,2.0,0.5528393435736644,1,False
2022,5,2022_05_LV_KC,KC,LV,30.0,29.0,1.0,0.7520365112406835,1,False
2022,6,2022_06_WAS_CHI,CHI,WAS,7.0,12.0,-5.0,0.6030072233873874,0,False
2022,6,2022_06_SF_ATL,ATL,SF,28.0,14.0,14.0,0.40371232486173514,1,False
2022,6,2022_06_NE_CLE,CLE,NE,15.0,38.0,-23.0,0.536295860673789,0,False
2022,6,2022_06_NYJ_GB,GB,NYJ,10.0,27.0,-17.0,0.7493133551497114,0,False
2022,6,2022_06_JAX_IND,IND,JAX,34.0,27.0,7.0,0.6907441336689158,1,False
2022,6,2022_06_MIN_MIA,MIA,MIN,16.0,24.0,-8.0,0.5215073757294373,0,False
2022,6,2022_06_CIN_NO,NO,CIN,26.0,30.0,-4.0,0.5369075308596233,0,False
2022,6,2022_06_BAL_NYG,NYG,BAL,24.0,20.0,4.0,0.46237559384009275,1,False
2022,6,2022_06_TB_PIT,PIT,TB,20.0,18.0,2.0,0.37591787257411935,1,False
2022,6,2022_06_CAR_LA,LA,CAR,24.0,10.0,14.0,0.7201930684019223,1,False
2022,6,2022_06_ARI_SEA,SEA,ARI,19.0,9.0,10.0,0.5383072303528553,1,False
2022,6,2022_06_BUF_KC,KC,BUF,20.0,24.0,-4.0,0.5555207621285833,0,False
2022,6,2022_06_DAL_PHI,PHI,DAL,26.0,17.0,9.0,0.5495009387278208,1,False
2022,6,2022_06_DEN_LAC,LAC,DEN,19.0,16.0,3.0,0.6381049593070983,1,False
2022,7,2022_07_NO_ARI,ARI,NO,42.0,34.0,8.0,0.5481393819001311,1,False
2022,7,2022_07_CLE_BAL,BAL,CLE,23.0,20.0,3.0,0.6385861059931016,1,False
2022,7,2022_07_TB_CAR,CAR,TB,21.0,3.0,18.0,0.3031010687577736,1,False
2022,7,2022_07_ATL_CIN,CIN,ATL,35.0,17.0,18.0,0.6525343861341293,1,False
2022,7,2022_07_DET_DAL,DAL,DET,24.0,6.0,18.0,0.783373180880383,1,False
2022,7,2022_07_NYG_JAX,JAX,NYG,17.0,23.0,-6.0,0.4689558153753422,0,False
2022,7,2022_07_IND_TEN,TEN,IND,19.0,10.0,9.0,0.6227640862006121,1,False
2022,7,2022_07_GB_WAS,WAS,GB,23.0,21.0,2.0,0.4209567769688765,1,False
2022,7,2022_07_NYJ_DEN,DEN,NYJ,9.0,16.0,-7.0,0.5398681439705196,0,False
2022,7,2022_07_HOU_LV,LV,HOU,38.0,20.0,18.0,0.6770790801286509,1,False
2022,7,2022_07_SEA_LAC,LAC,SEA,23.0,37.0,-14.0,0.5888333253716632,0,False
2022,7,2022_07_KC_SF,SF,KC,23.0,44.0,-21.0,0.4582460984725438,0,False
2022,7,2022_07_PIT_MIA,MIA,PIT,16.0,10.0,6.0,0.603358871169393,1,False
2022,7,2022_07_CHI_NE,NE,CHI,14.0,33.0,-19.0,0.7272938702917038,0,False
2022,8,2022_08_BAL_TB,TB,BAL,22.0,27.0,-5.0,0.5926437236339505,0,False
2022,8,2022_08_DEN_JAX,JAX,DEN,17.0,21.0,-4.0,0.45180655892485655,0,True
2022,8,2022_08_CAR_ATL,ATL,CAR,37.0,34.0,3.0,0.6220535266673596,1,False
2022,8,2022_08_CHI_DAL,DAL,CHI,49.0,29.0,20.0,0.7348851837865917,1,False
2022,8,2022_08_MIA_DET,DET,MIA,27.0,31.0,-4.0,0.3975112369083851,0,False
2022,8,2022_08_ARI_MIN,MIN,ARI,34.0,26.0,8.0,0.657500671524625,1,False
2022,8,2022_08_LV_NO,NO,LV,24.0,0.0,24.0,0.5371283796437785,1,False
2022,8,2022_08_NE_NYJ,NYJ,NE,17.0,22.0,-5.0,0.5295186258622717,0,False
2022,8,2022_08_PIT_PHI,PHI,PIT,35.0,13.0,22.0,0.7466447136513662,1,False
2022,8,2022_08_TEN_HOU,HOU,TEN,10.0,17.0,-7.0,0.3150208085415651,0,False
2022,8,2022_08_WAS_IND,IND,WAS,16.0,17.0,-1.0,0.6527203697819567,0,False
2022,8,2022_08_SF_LA,LA,SF,14.0,31.0,-17.0,0.5844844926178399,0,False
2022,8,2022_08_NYG_SEA,SEA,NYG,27.0,13.0,14.0,0.6141904329384021,1,False
2022,8,2022_08_GB_BUF,BUF,GB,27.0,17.0,10.0,0.7400082611045391,1,False
2022,8,2022_08_CIN_CLE,CLE,CIN,32.0,13.0,19.0,0.42836637780149345,1,False
2022,9,2022_09_PHI_HOU,HOU,PHI,17.0,29.0,-12.0,0.26114689005779707,0,False
2022,9,2022_09_LAC_ATL,ATL,LAC,17.0,20.0,-3.0,0.5542000184766115,0,False
2022,9,2022_09_MIA_CHI,CHI,MIA,32.0,35.0,-3.0,0.4632914605237993,0,False
2022,9,2022_09_CAR_CIN,CIN,CAR,42.0,21.0,21.0,0.7172940945793231,1,False
2022,9,2022_09_GB_DET,DET,GB,15.0,9.0,6.0,0.3812599620052743,1,False
2022,9,2022_09_LV_JAX,JAX,LV,27.0,20.0,7.0,0.4406281613360267,1,False
2022,9,2022_09_IND_NE,NE,IND,26.0,3.0,23.0,0.6082340383549864,1,False
2022,9,2022_09_BUF_NYJ,NYJ,BUF,20.0,17.0,3.0,0.29572197457241145,1,False
2022,9,2022_09_MIN_WAS,WAS,MIN,17.0,20.0,-3.0,0.39335494831956197,0,False
2022,9,2022_09_SEA_ARI,ARI,SEA,21.0,31.0,-10.0,0.49201389240715515,0,False
2022,9,2022_09_LA_TB,TB,LA,16.0,13.0,3.0,0.6022805307160337,1,False
2022,9,2022_09_TEN_KC,KC,TEN,20.0,17.0,3.0,0.6515596961310272,1,False
2022,9,2022_09_BAL_NO,NO,BAL,13.0,27.0,-14.0,0.5140412546842864,0,False
2022,10,2022_10_ATL_CAR,CAR,ATL,25.0,15.0,10.0,0.48322325114484616,1,False
2022,10,2022_10_SEA_TB,TB,SEA,21.0,16.0,5.0,0.47905229266746513,1,True
2022,10,2022_10_MIN_BUF,BUF,MIN,30.0,33.0,-3.0,0.6627968903296682,0,False
2022,10,2022_10_DET_CHI,CHI,DET,30.0,31.0,-1.0,0.6154992907729914,0,False
2022,10,2022_10_JAX_KC,KC,JAX,27.0,17.0,10.0,0.8445537262753117,1,False
2022,10,2022_10_CLE_MIA,MIA,CLE,39.0,17.0,22.0,0.6145655256036614,1,False
2022,10,2022_10_HOU_NYG,NYG,HOU,24.0,16.0,8.0,0.7009129634425408,1,False
2022,10,2022_10_NO_PIT,PIT,NO,20.0,10.0,10.0,0.5097531790526191,1,False
2022,10,2022_10_DEN_TEN,TEN,DEN,17.0,10.0,7.0,0.7410068349825457,1,False
2022,10,2022_10_IND_LV,LV,IND,20.0,25.0,-5.0,0.5412475426767335,0,False
2022,10,2022_10_DAL_GB,GB,DAL,31.0,28.0,3.0,0.4166977058658246,1,False
2022,10,2022_10_ARI_LA,LA,ARI,17.0,27.0,-10.0,0.6128901188857673,0,False
2022,10,2022_10_LAC_SF,SF,LAC,22.0,16.0,6.0,0.6384565176096697,1,False
2022,10,2022_10_WAS_PHI,PHI,WAS,21.0,32.0,-11.0,0.784954028589303,0,False
2022,11,2022_11_TEN_GB,GB,TEN,17.0,27.0,-10.0,0.46340269066472334,0,False
2022,11,2022_11_CHI_ATL,ATL,CHI,27.0,24.0,3.0,0.5908230993132549,1,False
2022,11,2022_11_CAR_BAL,BAL,CAR,13.0,3.0,10.0,0.7471533035547486,1,False
2022,11,2022_11_CLE_BUF,BUF,CLE,31.0,23.0,8.0,0.7193258353347461,1,True
2022,11,2022_11_WAS_HOU,HOU,WAS,10.0,23.0,-13.0,0.4073244872234432,0,False
2022,11,2022_11_PHI_IND,IND,PHI,16.0,17.0,-1.0,0.4284962799581241,0,False
2022,11,2022_11_NYJ_NE,NE,NYJ,10.0,3.0,7.0,0.6532350711551214,1,False
2022,11,2022_11_LA_NO,NO,LA,27.0,20.0,7.0,0.5536536609086128,1,False
2022,11,2022_11_DET_NYG,NYG,DET,18.0,31.0,-13.0,0.6712424095807903,0,False
2022,11,2022_11_LV_DEN,DEN,LV,16.0,22.0,-6.0,0.5576466978941154,0,False
2022,11,2022_11_DAL_MIN,MIN,DAL,3.0,40.0,-37.0,0.5881829811839917,0,False
2022,11,2022_11_CIN_PIT,PIT,CIN,30.0,37.0,-7.0,0.4542664109049193,0,False
2022,11,2022_11_KC_LAC,LAC,KC,27.0,30.0,-3.0,0.3338717691557278,0,False
2022,11,2022_11_SF_ARI,ARI,SF,10.0,38.0,-28.0,0.39990907302363826,0,True
2022,12,2022_12_BUF_DET,DET,BUF,25.0,28.0,-3.0,0.2839680678762567,0,False
2022,12,2022_12_NYG_DAL,DAL,NYG,28.0,20.0,8.0,0.7686172862888765,1,False
2022,12,2022_12_NE_MIN,MIN,NE,33.0,26.0,7.0,0.580116906812226,1,False
2022,12,2022_12_DEN_CAR,CAR,DEN,23.0,10.0,13.0,0.5730560885850786,1,False
2022,12,2022_12_TB_CLE,CLE,TB,23.0,17.0,6.0,0.43914132620470836,1,False
2022,12,2022_12_BAL_JAX,JAX,BAL,28.0,27.0,1.0,0.32337469211428627,1,False
2022,12,2022_12_HOU_MIA,MIA,HOU,30.0,15.0,15.0,0.8105680263758872,1,False
2022,12,2022_12_CHI_NYJ,NYJ,CHI,31.0,10.0,21.0,0.6474977449299139,1,False
2022,12,2022_12_CIN_TEN,TEN,CIN,16.0,20.0,-4.0,0.6220460787935539,0,False
2022,12,2022_12_ATL_WAS,WAS,ATL,19.0,13.0,6.0,0.6220862876230828,1,False
2022,12,2022_12_LAC_ARI,ARI,LAC,24.0,25.0,-1.0,0.5562373050162901,0,False
2022,12,2022_12_LV_SEA,SEA,LV,34.0,40.0,-6.0,0.6871454392575437,0,False
2022,12,2022_12_LA_KC,KC,LA,26.0,10.0,16.0,0.8090841241320619,1,False
2022,12,2022_12_NO_SF,SF,NO,13.0,0.0,13.0,0.7022070579707724,1,False
2022,12,2022_12_GB_PHI,PHI,GB,40.0,33.0,7.0,0.7022204875391569,1,False
2022,12,2022_12_PIT_IND,IND,PIT,17.0,24.0,-7.0,0.6128749973692145,0,False
2022,13,2022_13_BUF_NE,NE,BUF,10.0,24.0,-14.0,0.41916366998474897,0,False
2022,13,2022_13_PIT_ATL,ATL,PIT,16.0,19.0,-3.0,0.52451737966386,0,False
2022,13,2022_13_DEN_BAL,BAL,DEN,10.0,9.0,1.0,0.7840050565981839,1,False
2022,13,2022_13_GB_CHI,CHI,GB,19.0,28.0,-9.0,0.4524362130057476,0,False
2022,13,2022_13_JAX_DET,DET,JAX,40.0,14.0,26.0,0.6045023545256828,1,False
2022,13,2022_13_CLE_HOU,HOU,CLE,14.0,27.0,-13.0,0.363428641899746,0,False
2022,13,2022_13_NYJ_MIN,MIN,NYJ,27.0,22.0,5.0,0.6900340965617068,1,False
2022,13,2022_13_WAS_NYG,NYG,WAS,20.0,20.0,0.0,0.4914107271035161,0,False
2022,13,2022_13_TEN_PHI,PHI,TEN,35.0,10.0,25.0,0.599896359749691,1,False
2022,13,2022_13_SEA_LA,LA,SEA,23.0,27.0,-4.0,0.47066377977087764,0,False
2022,13,2022_13_MIA_SF,SF,MIA,33.0,17.0,16.0,0.622831487076759,1,False
2022,13,2022_13_KC_CIN,CIN,KC,27.0,24.0,3.0,0.43330545498393264,1,False
2022,13,2022_13_LAC_LV,LV,LAC,27.0,20.0,7.0,0.5561048198193509,1,False
2022,13,2022_13_IND_DAL,DAL,IND,54.0,19.0,35.0,0.7693022181194079,1,False
2022,13,2022_13_NO_TB,TB,NO,17.0,16.0,1.0,0.6637749106525144,1,False
2022,14,2022_14_LV_LA,LA,LV,17.0,16.0,1.0,0.49815502141822204,1,False
2022,14,2022_14_NYJ_BUF,BUF,NYJ,20.0,12.0,8.0,0.7915381971023352,1,False
2022,14,2022_14_CLE_CIN,CIN,CLE,23.0,10.0,13.0,0.6948457607440274,1,False
2022,14,2022_14_HOU_DAL,DAL,HOU,27.0,23.0,4.0,0.8906231210017933,1,False
2022,14,2022_14_MIN_DET,DET,MIN,34.0,23.0,11.0,0.37595001879658296,1,False
2022,14,2022_14_PHI_NYG,NYG,PHI,22.0,48.0,-26.0,0.31562761222349356,0,False
2022,14,2022_14_BAL_PIT,PIT,BAL,14.0,16.0,-2.0,0.44503809733554633,0,False
2022,14,2022_14_JAX_TEN,TEN,JAX,22.0,36.0,-14.0,0.7853270289999098,0,False
2022,14,2022_14_KC_DEN,DEN,KC,28.0,34.0,-6.0,0.22405377268193924,0,False
2022,14,2022_14_CAR_SEA,SEA,CAR,24.0,30.0,-6.0,0.6964013717069548,0,False
2022,14,2022_14_TB_SF,SF,TB,35.0,7.0,28.0,0.673315197820723,1,False
2022,14,2022_14_MIA_LAC,LAC,MIA,23.0,17.0,6.0,0.46990429202273853,1,False
2022,14,2022_14_NE_ARI,ARI,NE,13.0,27.0,-14.0,0.47779344096427573,0,False
2022,15,2022_15_SF_SEA,SEA,SF,13.0,21.0,-8.0,0.39204401204247036,0,False
2022,15,2022_15_IND_MIN,MIN,IND,39.0,36.0,3.0,0.7197986000148054,1,False
2022,15,2022_15_BAL_CLE,CLE,BAL,13.0,3.0,10.0,0.43550051774587684,1,False
2022,15,2022_15_MIA_BUF,BUF,MIA,32.0,29.0,3.0,0.7636621244217241,1,False
2022,15,2022_15_PIT_CAR,CAR,PIT,16.0,24.0,-8.0,0.5455608576519195,0,False
2022,15,2022_15_PHI_CHI,CHI,PHI,20.0,25.0,-5.0,0.23443765590863128,0,False
2022,15,2022_15_KC_HOU,HOU,KC,24.0,30.0,-6.0,0.15905136021648886,0,False
2022,15,2022_15_DAL_JAX,JAX,DAL,40.0,34.0,6.0,0.266732239409956,1,False
2022,15,2022_15_ATL_NO,NO,ATL,21.0,18.0,3.0,0.6192773261711446,1,False
2022,15,2022_15_DET_NYJ,NYJ,DET,17.0,20.0,-3.0,0.5583187820056813,0,False
2022,15,2022_15_ARI_DEN,DEN,ARI,24.0,15.0,9.0,0.48407103960484305,1,False
2022,15,2022_15_NE_LV,LV,NE,30.0,24.0,6.0,0.4838429331309736,1,False
2022,15,2022_15_TEN_LAC,LAC,TEN,17.0,14.0,3.0,0.5202324086417897,1,False
2022,15,2022_15_CIN_TB,TB,CIN,23.0,34.0,-11.0,0.45072035195154375,0,False
2022,15,2022_15_NYG_WAS,WAS,NYG,12.0,20.0,-8.0,0.6757465948118296,0,False
2022,15,2022_15_LA_GB,GB,LA,24.0,12.0,12.0,0.6362479680919576,1,False
2022,16,2022_16_JAX_NYJ,NYJ,JAX,3.0,19.0,-16.0,0.5990357168678039,0,False
2022,16,2022_16_ATL_BAL,BAL,ATL,17.0,9.0,8.0,0.7401786697998589,1,False
2022,16,2022_16_DET_CAR,CAR,DET,37.0,23.0,14.0,0.4939668758903413,1,False
2022,16,2022_16_BUF_CHI,CHI,BUF,13.0,35.0,-22.0,0.19120131507998903,0,False
2022,16,2022_16_NO_CLE,CLE,NO,10.0,17.0,-7.0,0.617787682103418,0,False
2022,16,2022_16_SEA_KC,KC,SEA,24.0,10.0,14.0,0.7754654442515605,1,False
2022,16,2022_16_NYG_MIN,MIN,NYG,27.0,24.0,3.0,0.7254240433563486,1,False
2022,16,2022_16_CIN_NE,NE,CIN,18.0,22.0,-4.0,0.4409815360762041,0,False
2022,16,2022_16_HOU_TEN,TEN,HOU,14.0,19.0,-5.0,0.8012561672387141,0,False
2022,16,2022_16_WAS_SF,SF,WAS,37.0,20.0,17.0,0.7721924913009038,1,False
2022,16,2022_16_PHI_DAL,DAL,PHI,40.0,34.0,6.0,0.530646261854669,1,False
2022,16,2022_16_LV_PIT,PIT,LV,13.0,10.0,3.0,0.5543417520375855,1,False
2022,16,2022_16_GB_MIA,MIA,GB,20.0,26.0,-6.0,0.57454635219819,0,False
2022,16,2022_16_DEN_LA,LA,DEN,51.0,14.0,37.0,0.601660626550747,1,False
2022,16,2022_16_TB_ARI,ARI,TB,16.0,19.0,-3.0,0.45579438460287164,0,False
2022,16,2022_16_LAC_IND,IND,LAC,3.0,20.0,-17.0,0.4895298432697786,0,False
2022,17,2022_17_DAL_TEN,TEN,DAL,13.0,27.0,-14.0,0.36628898722743275,0,False
2022,17,2022_17_ARI_ATL,ATL,ARI,20.0,19.0,1.0,0.5606393124779853,1,False
2022,17,2022_17_CHI_DET,DET,CHI,41.0,10.0,31.0,0.6996026976107771,1,False
2022,17,2022_17_JAX_HOU,HOU,JAX,3.0,31.0,-28.0,0.392137487855242,0,False
2022,17,2022_17_DEN_KC,KC,DEN,27.0,24.0,3.0,0.8793407594946673,1,False
2022,17,2022_17_MIA_NE,NE,MIA,23.0,21.0,2.0,0.600060459623967,1,False
2022,17,2022_17_IND_NYG,NYG,IND,38.0,10.0,28.0,0.6012375678919673,1,False
2022,17,2022_17_NO_PHI,PHI,NO,10.0,20.0,-10.0,0.743843583000259,0,False
2022,17,2022_17_CAR_TB,TB,CAR,30.0,24.0,6.0,0.6364480385066499,1,False
2022,17,2022_17_CLE_WAS,WAS,CLE,10.0,24.0,-14.0,0.5499145698999495,0,False
2022,17,2022_17_SF_LV,LV,SF,34.0,37.0,-3.0,0.33774215870735447,0,False
2022,17,2022_17_NYJ_SEA,SEA,NYJ,23.0,6.0,17.0,0.6378121720716833,1,False
2022,17,2022_17_MIN_GB,GB,MIN,41.0,17.0,24.0,0.4988402292593951,1,False
2022,17,2022_17_LA_LAC,LAC,LA,31.0,10.0,21.0,0.6559693543842177,1,False
2022,17,2022_17_PIT_BAL,BAL,PIT,13.0,16.0,-3.0,0.6508055708797769,0,False
2022,18,2022_18_KC_LV,LV,KC,13.0,31.0,-18.0,0.3060767689373529,0,False
2022,18,2022_18_TEN_JAX,JAX,TEN,20.0,16.0,4.0,0.5855947021413103,1,False
2022,18,2022_18_TB_ATL,ATL,TB,30.0,17.0,13.0,0.4110806870134833,1,False
2022,18,2022_18_NE_BUF,BUF,NE,35.0,23.0,12.0,0.7695990829892108,1,False
2022,18,2022_18_MIN_CHI,CHI,MIN,13.0,29.0,-16.0,0.3029276205990224,0,False
2022,18,2022_18_BAL_CIN,CIN,BAL,27.0,16.0,11.0,0.6784256797453425,1,False
2022,18,2022_18_HOU_IND,IND,HOU,31.0,32.0,-1.0,0.6699241694499972,0,False
2022,18,2022_18_NYJ_MIA,MIA,NYJ,11.0,6.0,5.0,0.6653665828164043,1,False
2022,18,2022_18_CAR_NO,NO,CAR,7.0,10.0,-3.0,0.6620106319559125,0,False
2022,18,2022_18_CLE_PIT,PIT,CLE,28.0,14.0,14.0,0.5825663768917035,1,False
2022,18,2022_18_LAC_DEN,DEN,LAC,31.0,28.0,3.0,0.3459701881554533,1,False
2022,18,2022_18_NYG_PHI,PHI,NYG,22.0,16.0,6.0,0.7369477866185593,1,False
2022,18,2022_18_LA_SEA,SEA,LA,19.0,16.0,3.0,0.6672669082408278,1,False
2022,18,2022_18_ARI_SF,SF,ARI,38.0,13.0,25.0,0.8523722964575091,1,False
2022,18,2022_18_DAL_WAS,WAS,DAL,26.0,6.0,20.0,0.3059072739812738,1,False
2022,18,2022_18_DET_GB,GB,DET,16.0,20.0,-4.0,0.6646064713266305,0,False
2023,1,2023_01_DET_KC,KC,DET,20.0,21.0,-1.0,0.7166516721493368,0,False
2023,1,2023_01_CAR_ATL,ATL,CAR,24.0,10.0,14.0,0.5517244406540757,1,False
2023,1,2023_01_HOU_BAL,BAL,HOU,25.0,9.0,16.0,0.7274089693661769,1,False
2023,1,2023_01_CIN_CLE,CLE,CIN,24.0,3.0,21.0,0.4383132716375598,1,False
2023,1,2023_01_JAX_IND,IND,JAX,21.0,31.0,-10.0,0.48063064802542804,0,False
2023,1,2023_01_TB_MIN,MIN,TB,17.0,20.0,-3.0,0.6216693356047152,0,False
2023,1,2023_01_TEN_NO,NO,TEN,16.0,15.0,1.0,0.6079719938425588,1,False
2023,1,2023_01_SF_PIT,PIT,SF,7.0,30.0,-23.0,0.45457991720781765,0,False
2023,1,2023_01_ARI_WAS,WAS,ARI,20.0,16.0,4.0,0.6459902651713477,1,False
2023,1,2023_01_GB_CHI,CHI,GB,20.0,38.0,-18.0,0.4016900163683186,0,False
2023,1,2023_01_LV_DEN,DEN,LV,16.0,17.0,-1.0,0.5020182811365229,0,False
2023,1,2023_01_MIA_LAC,LAC,MIA,34.0,36.0,-2.0,0.5886604516669776,0,False
2023,1,2023_01_PHI_NE,NE,PHI,20.0,25.0,-5.0,0.49181168175891504,0,False
2023,1,2023_01_LA_SEA,SEA,LA,13.0,30.0,-17.0,0.6438060916757359,0,False
2023,1,2023_01_DAL_NYG,NYG,DAL,0.0,40.0,-40.0,0.4477275818933129,0,False
2023,1,2023_01_BUF_NYJ,NYJ,BUF,22.0,16.0,6.0,0.3303974798793299,1,False
2023,2,2023_02_MIN_PHI,PHI,MIN,34.0,28.0,6.0,0.6460587287066814,1,False
2023,2,2023_02_GB_ATL,ATL,GB,25.0,24.0,1.0,0.4984899291922352,1,False
2023,2,2023_02_LV_BUF,BUF,LV,38.0,10.0,28.0,0.7073397758166955,1,False
2023,2,2023_02_BAL_CIN,CIN,BAL,24.0,27.0,-3.0,0.5976628083131565,0,False
2023,2,2023_02_SEA_DET,DET,SEA,31.0,37.0,-6.0,0.6101355665158097,0,False
2023,2,2023_02_IND_HOU,HOU,IND,20.0,31.0,-11.0,0.5222689633189423,0,False
2023,2,2023_02_KC_JAX,JAX,KC,9.0,17.0,-8.0,0.4392864206200713,0,False
2023,2,2023_02_CHI_TB,TB,CHI,27.0,17.0,10.0,0.7271583136643262,1,False
2023,2,2023_02_LAC_TEN,TEN,LAC,27.0,24.0,3.0,0.5270355068493787,1,False
2023,2,2023_02_NYG_ARI,ARI,NYG,28.0,31.0,-3.0,0.5369487345944761,0,False
2023,2,2023_02_SF_LA,LA,SF,23.0,30.0,-7.0,0.3746267182368878,0,False
2023,2,2023_02_NYJ_DAL,DAL,NYJ,30.0,10.0,20.0,0.7202055677521004,1,False
2023,2,2023_02_WAS_DEN,DEN,WAS,33.0,35.0,-2.0,0.4657398286654918,0,False
2023,2,2023_02_MIA_NE,NE,MIA,17.0,24.0,-7.0,0.5544258663794198,0,False
2023,2,2023_02_NO_CAR,CAR,NO,17.0,20.0,-3.0,0.4978663928198348,0,False
2023,2,2023_02_CLE_PIT,PIT,CLE,26.0,22.0,4.0,0.5410972131881544,1,False
2023,3,2023_03_NYG_SF,SF,NYG,30.0,12.0,18.0,0.7781042777958226,1,False
2023,3,2023_03_IND_BAL,BAL,IND,19.0,22.0,-3.0,0.7138281377094633,0,False
2023,3,2023_03_TEN_CLE,CLE,TEN,27.0,3.0,24.0,0.6086109409628369,1,False
2023,3,2023_03_ATL_DET,DET,ATL,20.0,6.0,14.0,0.568622631053121,1,False
2023,3,2023_03_NO_GB,GB,NO,18.0,17.0,1.0,0.5928025415812297,1,False
2023,3,2023_03_HOU_JAX,JAX,HOU,17.0,37.0,-20.0,0.7421869496055249,0,False
2023,3,2023_03_DEN_MIA,MIA,DEN,70.0,20.0,50.0,0.7034653312486718,1,False
2023,3,2023_03_LAC_MIN,MIN,LAC,24.0,28.0,-4.0,0.596776041629118,0,False
2023,3,2023_03_NE_NYJ,NYJ,NE,10.0,15.0,-5.0,0.5326009549187135,0,False
2023,3,2023_03_BUF_WAS,WAS,BUF,3.0,37.0,-34.0,0.42997995798616134,0,False
2023,3,2023_03_CAR_SEA,SEA,CAR,37.0,27.0,10.0,0.6419243446332378,1,False
2023,3,2023_03_DAL_ARI,ARI,DAL,28.0,16.0,12.0,0.32121792438437724,1,False
2023,3,2023_03_CHI_KC,KC,CHI,41.0,10.0,31.0,0.8415908327108497,1,False
2023,3,2023_03_PIT_LV,LV,PIT,18.0,23.0,-5.0,0.5062280050032812,0,False
2023,3,2023_03_PHI_TB,TB,PHI,11.0,25.0,-14.0,0.47611906413067406,0,False
2023,3,2023_03_LA_CIN,CIN,LA,19.0,16.0,3.0,0.6621218609051045,1,False
2023,4,2023_04_DET_GB,GB,DET,20.0,34.0,-14.0,0.604236019545169,0,False
2023,4,2023_04_ATL_JAX,JAX,ATL,23.0,7.0,16.0,0.48905383474800235,1,True
2023,4,2023_04_MIA_BUF,BUF,MIA,48.0,20.0,28.0,0.6840828153138422,1,False
2023,4,2023_04_MIN_CAR,CAR,MIN,13.0,21.0,-8.0,0.48023332724264356,0,False
2023,4,2023_04_DEN_CHI,CHI,DEN,28.0,31.0,-3.0,0.5209426111811738,0,False
2023,4,2023_04_BAL_CLE,CLE,BAL,3.0,28.0,-25.0,0.5769881615781272,0,False
2023,4,2023_04_PIT_HOU,HOU,PIT,30.0,6.0,24.0,0.3912618585362641,1,False
2023,4,2023_04_LA_IND,IND,LA,23.0,29.0,-6.0,0.5528158826106275,0,False
2023,4,2023_04_TB_NO,NO,TB,9.0,26.0,-17.0,0.5809620927328235,0,False
2023,4,2023_04_WAS_PHI,PHI,WAS,34.0,31.0,3.0,0.7193611881670152,1,False
2023,4,2023_04_CIN_TEN,TEN,CIN,27.0,3.0,24.0,0.44433468005428417,1,False
2023,4,2023_04_LV_LAC,LAC,LV,24.0,17.0,7.0,0.6338119321161703,1,False
2023,4,2023_04_NE_DAL,DAL,NE,38.0,3.0,35.0,0.6693357490894742,1,False
2023,4,2023_04_ARI_SF,SF,ARI,35.0,16.0,19.0,0.8008169557916125,1,False
2023,4,2023_04_KC_NYJ,NYJ,KC,20.0,23.0,-3.0,0.3120057852225747,0,False
2023,4,2023_04_SEA_NYG,NYG,SEA,3.0,24.0,-21.0,0.4818611420370697,0,False
2023,5,2023_05_CHI_WAS,WAS,CHI,20.0,40.0,-20.0,0.7350945843034918,0,False
2023,5,2023_05_JAX_BUF,BUF,JAX,20.0,25.0,-5.0,0.7178423279177719,0,True
2023,5,2023_05_HOU_ATL,ATL,HOU,21.0,19.0,2.0,0.5858918367731855,1,False
2023,5,2023_05_CAR_DET,DET,CAR,42.0,24.0,18.0,0.7271961348631077,1,False
2023,5,2023_05_TEN_IND,IND,TEN,23.0,16.0,7.0,0.48983366259542105,1,False
2023,5,2023_05_NYG_MIA,MIA,NYG,31.0,16.0,15.0,0.6966334503516022,1,False
2023,5,2023_05_NO_NE,NE,NO,0.0,34.0,-34.0,0.548114998222503,0,False
2023,5,2023_05_BAL_PIT,PIT,BAL,17.0,10.0,7.0,0.4792618652437422,1,False
2023,5,2023_05_CIN_ARI,ARI,CIN,20.0,34.0,-14.0,0.4651504748707824,0,False
2023,5,2023_05_PHI_LA,LA,PHI,14.0,23.0,-9.0,0.38236159969734285,0,False
2023,5,2023_05_NYJ_DEN,DEN,NYJ,21.0,31.0,-10.0,0.5396501944966623,0,False
2023,5,2023_05_KC_MIN,MIN,KC,20.0,27.0,-7.0,0.3950160566986075,0,False
2023,5,2023_05_DAL_SF,SF,DAL,42.0,10.0,32.0,0.6618428417435828,1,False
2023,5,2023_05_GB_LV,LV,GB,17.0,13.0,4.0,0.47178671930290306,1,False
2023,6,2023_06_DEN_KC,KC,DEN,19.0,8.0,11.0,0.847727120672627,1,False
2023,6,2023_06_BAL_TEN,TEN,BAL,16.0,24.0,-8.0,0.41145187595750593,0,True
2023,6,2023_06_WAS_ATL,ATL,WAS,16.0,24.0,-8.0,0.5821779082630119,0,False
2023,6,2023_06_MIN_CHI,CHI,MIN,13.0,19.0,-6.0,0.4203013010645854,0,False
2023,6,2023_06_SEA_CIN,CIN,SEA,17.0,13.0,4.0,0.5683773479146353,1,False
2023,6,2023_06_SF_CLE,CLE,SF,19.0,17.0,2.0,0.3345711571585779,1,False
2023,6,2023_06_NO_HOU,HOU,NO,20.0,13.0,7.0,0.4503648956236373,1,False
2023,6,2023_06_IND_JAX,JAX,IND,37.0,20.0,17.0,0.6450079155689257,1,False
2023,6,2023_06_CAR_MIA,MIA,CAR,42.0,21.0,21.0,0.7490175467311319,1,False
2023,6,2023_06_NE_LV,LV,NE,21.0,17.0,4.0,0.59343642359466,1,False
2023,6,2023_06_ARI_LA,LA,ARI,26.0,9.0,17.0,0.6319651586586768,1,False
2023,6,2023_06_PHI_NYJ,NYJ,PHI,20.0,14.0,6.0,0.33250163521591114,1,False
2023,6,2023_06_DET_TB,TB,DET,6.0,20.0,-14.0,0.537848241871439,0,False
2023,6,2023_06_NYG_BUF,BUF,NYG,14.0,9.0,5.0,0.8184441789291217,1,False
2023,6,2023_06_DAL_LAC,LAC,DAL,17.0,20.0,-3.0,0.5028282249371366,0,False
2023,7,2023_07_JAX_NO,NO,JAX,24.0,31.0,-7.0,0.5204216005409283,0,False
2023,7,2023_07_DET_BAL,BAL,DET,38.0,6.0,32.0,0.5400050320446748,1,False
2023,7,2023_07_LV_CHI,CHI,LV,30.0,12.0,18.0,0.44191849054360116,1,False
2023,7,2023_07_CLE_IND,IND,CLE,38.0,39.0,-1.0,0.4514208507617232,0,False
2023,7,2023_07_BUF_NE,NE,BUF,29.0,25.0,4.0,0.2948515182268655,1,False
2023,7,2023_07_WAS_NYG,NYG,WAS,14.0,7.0,7.0,0.4890979662688992,1,False
2023,7,2023_07_ATL_TB,TB,ATL,13.0,16.0,-3.0,0.6648975506764232,0,False
2023,7,2023_07_PIT_LA,LA,PIT,17.0,24.0,-7.0,0.5376553566614511,0,False
2023,7,2023_07_ARI_SEA,SEA,ARI,20.0,10.0,10.0,0.7226759651006839,1,False
2023,7,2023_07_GB_DEN,DEN,GB,19.0,17.0,2.0,0.4142339376315489,1,False
2023,7,2023_07_LAC_KC,KC,LAC,31.0,17.0,14.0,0.7504402946076772,1,False
2023,7,2023_07_MIA_PHI,PHI,MIA,31.0,17.0,14.0,0.6305483188469166,1,False
2023,7,2023_07_SF_MIN,MIN,SF,22.0,17.0,5.0,0.35442295107145105,1,False
2023,8,2023_08_TB_BUF,BUF,TB,24.0,18.0,6.0,0.7239240056995997,1,False
2023,8,2023_08_HOU_CAR,CAR,HOU,15.0,13.0,2.0,0.47984774535832614,1,False
2023,8,2023_08_LA_DAL,DAL,LA,43.0,20.0,23.0,0.7063970361585646,1,False
2023,8,2023_08_MIN_GB,GB,MIN,10.0,24.0,-14.0,0.5077671572617959,0,False
2023,8,2023_08_NO_IND,IND,NO,27.0,38.0,-11.0,0.5064163593522119,0,False
2023,8,2023_08_NE_MIA,MIA,NE,31.0,17.0,14.0,0.6834621677694626,1,False
2023,8,2023_08_NYJ_NYG,NYG,NYJ,10.0,13.0,-3.0,0.5042171474035524,0,False
2023,8,2023_08_JAX_PIT,PIT,JAX,10.0,20.0,-10.0,0.548018865455347,0,False
2023,8,2023_08_ATL_TEN,TEN,ATL,28.0,23.0,5.0,0.5805706500098688,1,False
2023,8,2023_08_PHI_WAS,WAS,PHI,31.0,38.0,-7.0,0.33409588334751866,0,False
2023,8,2023_08_CLE_SEA,SEA,CLE,24.0,20.0,4.0,0.5829986327143932,1,False
2023,8,2023_08_BAL_ARI,ARI,BAL,24.0,31.0,-7.0,0.3116420442721792,0,False
2023,8,2023_08_KC_DEN,DEN,KC,24.0,9.0,15.0,0.2273877715119361,1,False
2023,8,2023_08_CIN_SF,SF,CIN,17.0,31.0,-14.0,0.6988508919464983,0,False
2023,8,2023_08_CHI_LAC,LAC,CHI,30.0,13.0,17.0,0.6830523152725605,1,False
2023,8,2023_08_LV_DET,DET,LV,26.0,14.0,12.0,0.7038468502066295,1,False
2023,9,2023_09_TEN_PIT,PIT,TEN,20.0,16.0,4.0,0.620705751965799,1,False
2023,9,2023_09_MIA_KC,KC,MIA,21.0,14.0,7.0,0.5960213701335899,1,True
2023,9,2023_09_MIN_ATL,ATL,MIN,28.0,31.0,-3.0,0.41456595747501446,0,False
2023,9,2023_09_SEA_BAL,BAL,SEA,37.0,3.0,34.0,0.6291961529766809,1,False
2023,9,2023_09_ARI_CLE,CLE,ARI,27.0,0.0,27.0,0.7359729534362762,1,False
2023,9,2023_09_LA_GB,GB,LA,20.0,3.0,17.0,0.5880852437207731,1,False
2023,9,2023_09_TB_HOU,HOU,TB,39.0,37.0,2.0,0.5088139263861555,1,False
2023,9,2023_09_WAS_NE,NE,WAS,17.0,20.0,-3.0,0.5692907110179336,0,False
2023,9,2023_09_CHI_NO,NO,CHI,24.0,17.0,7.0,0.7032773305872337,1,False
2023,9,2023_09_IND_CAR,CAR,IND,13.0,27.0,-14.0,0.5460914484934087,0,False
2023,9,2023_09_NYG_LV,LV,NYG,30.0,6.0,24.0,0.5809474671738273,1,False
2023,9,2023_09_DAL_PHI,PHI,DAL,28.0,23.0,5.0,0.6179182190721876,1,False
2023,9,2023_09_BUF_CIN,CIN,BUF,24.0,18.0,6.0,0.5019625830657656,1,False
2023,9,2023_09_LAC_NYJ,NYJ,LAC,6.0,27.0,-21.0,0.5337332403066816,0,False
2023,10,2023_10_CAR_CHI,CHI,CAR,16.0,13.0,3.0,0.5803389543472545,1,False
2023,10,2023_10_IND_NE,NE,IND,6.0,10.0,-4.0,0.4861389983623608,0,True
2023,10,2023_10_CLE_BAL,BAL,CLE,31.0,33.0,-2.0,0.6830439789571767,0,False
2023,10,2023_10_HOU_CIN,CIN,HOU,27.0,30.0,-3.0,0.7498084030670327,0,False
2023,10,2023_10_SF_JAX,JAX,SF,3.0,34.0,-31.0,0.4996303335523459,0,False
2023,10,2023_10_NO_MIN,MIN,NO,27.0,19.0,8.0,0.6391417836501888,1,False
2023,10,2023_10_GB_PIT,PIT,GB,23.0,19.0,4.0,0.6144348369490766,1,False
2023,10,2023_10_TEN_TB,TB,TEN,20.0,6.0,14.0,0.588926829799389,1,False
2023,10,2023_10_ATL_ARI,ARI,ATL,25.0,23.0,2.0,0.4805373087753111,1,False
2023,10,2023_10_DET_LAC,LAC,DET,38.0,41.0,-3.0,0.542512025095116,0,False
2023,10,2023_10_NYG_DAL,DAL,NYG,49.0,17.0,32.0,0.7939794043038968,1,False
2023,10,2023_10_WAS_SEA,SEA,WAS,29.0,26.0,3.0,0.6671216072750084,1,False
2023,10,2023_10_NYJ_LV,LV,NYJ,16.0,12.0,4.0,0.5553674687069133,1,False
2023,10,2023_10_DEN_BUF,BUF,DEN,22.0,24.0,-2.0,0.7730158990694457,0,False
2023,11,2023_11_CIN_BAL,BAL,CIN,34.0,20.0,14.0,0.6072951111654409,1,False
2023,11,2023_11_DAL_CAR,CAR,DAL,10.0,33.0,-23.0,0.266197665639811,0,False
2023,11,2023_11_PIT_CLE,CLE,PIT,13.0,10.0,3.0,0.5828134519241692,1,False
2023,11,2023_11_CHI_DET,DET,CHI,31.0,26.0,5.0,0.7814658588143659,1,False
2023,11,2023_11_LAC_GB,GB,LAC,23.0,20.0,3.0,0.5038371732821003,1,False
2023,11,2023_11_ARI_HOU,HOU,ARI,21.0,16.0,5.0,0.6893801042231514,1,False
2023,11,2023_11_TEN_JAX,JAX,TEN,34.0,14.0,20.0,0.7001313214145385,1,False
2023,11,2023_11_LV_MIA,MIA,LV,20.0,13.0,7.0,0.6718431453459497,1,False
2023,11,2023_11_NYG_WAS,WAS,NYG,19.0,31.0,-12.0,0.6527525983165252,0,False
2023,11,2023_11_TB_SF,SF,TB,27.0,14.0,13.0,0.7490659161856432,1,False
2023,11,2023_11_NYJ_BUF,BUF,NYJ,32.0,6.0,26.0,0.7487857208146831,1,False
2023,11,2023_11_SEA_LA,LA,SEA,17.0,16.0,1.0,0.4333725070384986,1,False
2023,11,2023_11_MIN_DEN,DEN,MIN,21.0,20.0,1.0,0.40569668914804796,1,False
2023,11,2023_11_PHI_KC,KC,PHI,17.0,21.0,-4.0,0.5646622740791657,0,False
2023,12,2023_12_GB_DET,DET,GB,22.0,29.0,-7.0,0.6822784048395002,0,False
2023,12,2023_12_WAS_DAL,DAL,WAS,45.0,10.0,35.0,0.7953254596201379,1,False
2023,12,2023_12_SF_SEA,SEA,SF,13.0,31.0,-18.0,0.39346417710633275,0,False
2023,12,2023_12_MIA_NYJ,NYJ,MIA,13.0,34.0,-21.0,0.4035678722662879,0,False
2023,12,2023_12_NO_ATL,ATL,NO,24.0,15.0,9.0,0.4694976964270988,1,False
2023,12,2023_12_PIT_CIN,CIN,PIT,10.0,16.0,-6.0,0.6187412610397525,0,False
2023,12,2023_12_JAX_HOU,HOU,JAX,21.0,24.0,-3.0,0.4598295550032426,0,False
2023,12,2023_12_TB_IND,IND,TB,27.0,20.0,7.0,0.5227645195271678,1,False
2023,12,2023_12_NE_NYG,NYG,NE,10.0,7.0,3.0,0.5608849388239037,1,False
2023,12,2023_12_CAR_TEN,TEN,CAR,17.0,10.0,7.0,0.6626821375956076,1,False
2023,12,2023_12_LA_ARI,ARI,LA,14.0,37.0,-23.0,0.4682034014679629,0,False
2023,12,2023_12_CLE_DEN,DEN,CLE,29.0,12.0,17.0,0.44490360642001936,1,False
2023,12,2023_12_KC_LV,LV,KC,17.0,31.0,-14.0,0.33624497248855406,0,False
2023,12,2023_12_BUF_PHI,PHI,BUF,37.0,34.0,3.0,0.634626189028044,1,False
2023,12,2023_12_BAL_LAC,LAC,BAL,10.0,20.0,-10.0,0.4168198119509639,0,False
2023,12,2023_12_CHI_MIN,MIN,CHI,10.0,12.0,-2.0,0.7855346015808392,0,False
2023,13,2023_13_SEA_DAL,DAL,SEA,41.0,35.0,6.0,0.713659652141377,1,False
2023,13,2023_13_DEN_HOU,HOU,DEN,22.0,17.0,5.0,0.5384226472107495,1,False
2023,13,2023_13_LAC_NE,NE,LAC,0.0,6.0,-6.0,0.43328407342808073,0,False
2023,13,2023_13_DET_NO,NO,DET,28.0,33.0,-5.0,0.452741330356484,0,False
2023,13,2023_13_ATL_NYJ,NYJ,ATL,8.0,13.0,-5.0,0.5367697827371345,0,False
2023,13,2023_13_ARI_PIT,PIT,ARI,10.0,24.0,-14.0,0.7989645170057574,0,False
2023,13,2023_13_IND_TEN,TEN,IND,28.0,31.0,-3.0,0.5287102219621855,0,False
2023,13,2023_13_MIA_WAS,WAS,MIA,15.0,45.0,-30.0,0.33998079379981494,0,False
2023,13,2023_13_CAR_TB,TB,CAR,21.0,18.0,3.0,0.7274038911971528,1,False
2023,13,2023_13_CLE_LA,LA,CLE,36.0,19.0,17.0,0.48470781574863375,1,False
2023,13,2023_13_SF_PHI,PHI,SF,19.0,42.0,-23.0,0.5697529529462385,0,False
2023,13,2023_13_KC_GB,GB,KC,27.0,19.0,8.0,0.40013381343713234,1,False
2023,13,2023_13_CIN_JAX,JAX,CIN,31.0,34.0,-3.0,0.6076363509099123,0,False
2023,14,2023_14_NE_PIT,PIT,NE,18.0,21.0,-3.0,0.7163673214918542,0,False
2023,14,2023_14_TB_ATL,ATL,TB,25.0,29.0,-4.0,0.5508852198503029,0,False
2023,14,2023_14_LA_BAL,BAL,LA,37.0,31.0,6.0,0.7549260831639003,1,False
2023,14,2023_14_DET_CHI,CHI,DET,28.0,13.0,15.0,0.34541372062545805,1,False
2023,14,2023_14_IND_CIN,CIN,IND,34.0,14.0,20.0,0.6694108369733827,1,False
2023,14,2023_14_JAX_CLE,CLE,JAX,31.0,27.0,4.0,0.48706163556215354,1,False
2023,14,2023_14_CAR_NO,NO,CAR,28.0,6.0,22.0,0.7287558572919651,1,False
2023,14,2023_14_HOU_NYJ,NYJ,HOU,30.0,6.0,24.0,0.45909408198376583,1,False
2023,14,2023_14_MIN_LV,LV,MIN,0.0,3.0,-3.0,0.41853374970805596,0,False
2023,14,2023_14_SEA_SF,SF,SEA,28.0,16.0,12.0,0.7992573625889685,1,False
2023,14,2023_14_BUF_KC,KC,BUF,17.0,20.0,-3.0,0.5875739162984367,0,False
2023,14,2023_14_DEN_LAC,LAC,DEN,7.0,24.0,-17.0,0.6177870774474294,0,False
2023,14,2023_14_PHI_DAL,DAL,PHI,33.0,13.0,20.0,0.5589632730542232,1,False
2023,14,2023_14_TEN_MIA,MIA,TEN,27.0,28.0,-1.0,0.7656745112984672,0,False
2023,14,2023_14_GB_NYG,NYG,GB,24.0,22.0,2.0,0.4024509473751819,1,False
2023,15,2023_15_LAC_LV,LV,LAC,63.0,21.0,42.0,0.4999640335339462,1,False
2023,15,2023_15_MIN_CIN,CIN,MIN,27.0,24.0,3.0,0.5883906568425467,1,False
2023,15,2023_15_PIT_IND,IND,PIT,30.0,13.0,17.0,0.5301293908673631,1,False
2023,15,2023_15_DEN_DET,DET,DEN,42.0,17.0,25.0,0.6072477872551982,1,False
2023,15,2023_15_ATL_CAR,CAR,ATL,9.0,7.0,2.0,0.3957614331401774,1,False
2023,15,2023_15_CHI_CLE,CLE,CHI,20.0,17.0,3.0,0.6690867443032381,1,False
2023,15,2023_15_TB_GB,GB,TB,20.0,34.0,-14.0,0.627726033444781,0,False
2023,15,2023_15_NYJ_MIA,MIA,NYJ,30.0,0.0,30.0,0.7444798890607789,1,False
2023,15,2023_15_KC_NE,NE,KC,17.0,27.0,-10.0,0.3103115608256635,0,False
2023,15,2023_15_NYG_NO,NO,NYG,24.0,6.0,18.0,0.6319291475712432,1,False
2023,15,2023_15_HOU_TEN,TEN,HOU,16.0,19.0,-3.0,0.548512613069867,0,False
2023,15,2023_15_SF_ARI,ARI,SF,29.0,45.0,-16.0,0.18069627013703285,0,False
2023,15,2023_15_WAS_LA,LA,WAS,28.0,20.0,8.0,0.6909960819172174,1,False
2023,15,2023_15_DAL_BUF,BUF,DAL,31.0,10.0,21.0,0.5083664974473341,1,False
2023,15,2023_15_BAL_JAX,JAX,BAL,7.0,23.0,-16.0,0.42028036735168484,0,False
2023,15,2023_15_PHI_SEA,SEA,PHI,20.0,17.0,3.0,0.3970636776328313,1,False
2023,16,2023_16_NO_LA,LA,NO,30.0,22.0,8.0,0.5674602245152511,1,False
2023,16,2023_16_CIN_PIT,PIT,CIN,34.0,11.0,23.0,0.4047499697096295,1,False
2023,16,2023_16_BUF_LAC,LAC,BUF,22.0,24.0,-2.0,0.31301385642016155,0,False
2023,16,2023_16_IND_ATL,ATL,IND,29.0,10.0,19.0,0.49733006842608557,1,False
2023,16,2023_16_GB_CAR,CAR,GB,30.0,33.0,-3.0,0.33878839172825254,0,False
2023,16,2023_16_CLE_HOU,HOU,CLE,22.0,36.0,-14.0,0.49383080503980625,0,False
2023,16,2023_16_DET_MIN,MIN,DET,24.0,30.0,-6.0,0.5625119810917706,0,False
2023,16,2023_16_WAS_NYJ,NYJ,WAS,30.0,28.0,2.0,0.6345340889350695,1,False
2023,16,2023_16_SEA_TEN,TEN,SEA,17.0,20.0,-3.0,0.4593621334397079,0,False
2023,16,2023_16_JAX_TB,TB,JAX,30.0,12.0,18.0,0.5533942263924296,1,False
2023,16,2023_16_ARI_CHI,CHI,ARI,27.0,16.0,11.0,0.6384297708105845,1,False
2023,16,2023_16_DAL_MIA,MIA,DAL,22.0,20.0,2.0,0.5250974771345241,1,False
2023,16,2023_16_NE_DEN,DEN,NE,23.0,26.0,-3.0,0.6793893280070801,0,False
2023,16,2023_16_LV_KC,KC,LV,14.0,20.0,-6.0,0.7437806538287546,0,False
2023,16,2023_16_NYG_PHI,PHI,NYG,33.0,25.0,8.0,0.7940627076450902,1,False
2023,16,2023_16_BAL_SF,SF,BAL,19.0,33.0,-14.0,0.633499502725173,0,False
2023,17,2023_17_NYJ_CLE,CLE,NYJ,37.0,20.0,17.0,0.708921236209662,1,False
2023,17,2023_17_DET_DAL,DAL,DET,20.0,19.0,1.0,0.6348635891948105,1,False
2023,17,2023_17_MIA_BAL,BAL,MIA,56.0,19.0,37.0,0.6811320145913632,1,False
2023,17,2023_17_NE_BUF,BUF,NE,27.0,21.0,6.0,0.8317597611932814,1,False
2023,17,2023_17_ATL_CHI,CHI,ATL,37.0,17.0,20.0,0.5484784394727682,1,False
2023,17,2023_17_TEN_HOU,HOU,TEN,26.0,3.0,23.0,0.6099196729587204,1,False
2023,17,2023_17_LV_IND,IND,LV,23.0,20.0,3.0,0.5191174025604748,1,False
2023,17,2023_17_CAR_JAX,JAX,CAR,26.0,0.0,26.0,0.7787663935600678,1,False
2023,17,2023_17_LA_NYG,NYG,LA,25.0,26.0,-1.0,0.4179664697849782,0,False
2023,17,2023_17_ARI_PHI,PHI,ARI,31.0,35.0,-4.0,0.8423872211986351,0,False
2023,17,2023_17_NO_TB,TB,NO,13.0,23.0,-10.0,0.6480905346272814,0,False
2023,17,2023_17_SF_WAS,WAS,SF,10.0,27.0,-17.0,0.18436964058301755,0,False
2023,17,2023_17_PIT_SEA,SEA,PIT,23.0,30.0,-7.0,0.5912079483123033,0,False
2023,17,2023_17_LAC_DEN,DEN,LAC,16.0,9.0,7.0,0.5985327352263679,1,False
2023,17,2023_17_CIN_KC,KC,CIN,25.0,17.0,8.0,0.6246747482462939,1,False
2023,17,2023_17_GB_MIN,MIN,GB,10.0,33.0,-23.0,0.6065127038251127,0,False
2023,18,2023_18_PIT_BAL,BAL,PIT,10.0,17.0,-7.0,0.7980272935305022,0,False
2023,18,2023_18_HOU_IND,IND,HOU,19.0,23.0,-4.0,0.5722590052606971,0,False
2023,18,2023_18_TB_CAR,CAR,TB,0.0,9.0,-9.0,0.301910595247352,0,False
2023,18,2023_18_CLE_CIN,CIN,CLE,31.0,14.0,17.0,0.5403373067969645,1,False
2023,18,2023_18_MIN_DET,DET,MIN,30.0,20.0,10.0,0.65279461787344,1,False
2023,18,2023_18_NYJ_NE,NE,NYJ,3.0,17.0,-14.0,0.5603317202915532,0,False
2023,18,2023_18_ATL_NO,NO,ATL,48.0,17.0,31.0,0.659692999892491,1,False
2023,18,2023_18_JAX_TEN,TEN,JAX,28.0,20.0,8.0,0.40597102472042773,1,False
2023,18,2023_18_SEA_ARI,ARI,SEA,20.0,21.0,-1.0,0.4152217937116846,0,False
2023,18,2023_18_CHI_GB,GB,CHI,17.0,9.0,8.0,0.6574839628836369,1,False
2023,18,2023_18_KC_LAC,LAC,KC,12.0,13.0,-1.0,0.33664426068665454,0,False
2023,18,2023_18_DEN_LV,LV,DEN,27.0,14.0,13.0,0.5711873802857814,1,False
2023,18,2023_18_PHI_NYG,NYG,PHI,27.0,10.0,17.0,0.3190870867256156,1,False
2023,18,2023_18_LA_SF,SF,LA,20.0,21.0,-1.0,0.7803617429197689,0,False
2023,18,2023_18_DAL_WAS,WAS,DAL,10.0,38.0,-28.0,0.23506193777696985,0,False
2023,18,2023_18_BUF_MIA,MIA,BUF,14.0,21.0,-7.0,0.4753423765601966,0,False
2024,1,2024_01_BAL_KC,KC,BAL,27.0,20.0,7.0,0.5060497483680262,1,False
2024,1,2024_01_GB_PHI,PHI,GB,34.0,29.0,5.0,0.4961232676830302,1,True
2024,1,2024_01_PIT_ATL,ATL,PIT,10.0,18.0,-8.0,0.45998742847270613,0,False
2024,1,2024_01_ARI_BUF,BUF,ARI,34.0,28.0,6.0,0.7768461479637548,1,False
2024,1,2024_01_TEN_CHI,CHI,TEN,24.0,17.0,7.0,0.6027719803709353,1,False
2024,1,2024_01_NE_CIN,CIN,NE,10.0,16.0,-6.0,0.7041727880431119,0,False
2024,1,2024_01_HOU_IND,IND,HOU,27.0,29.0,-2.0,0.5499986640178653,0,False
2024,1,2024_01_JAX_MIA,MIA,JAX,20.0,17.0,3.0,0.6377867605196589,1,False
2024,1,2024_01_CAR_NO,NO,CAR,47.0,10.0,37.0,0.7372877971917952,1,False
2024,1,2024_01_MIN_NYG,NYG,MIN,6.0,28.0,-22.0,0.5269765630311026,0,False
2024,1,2024_01_LV_LAC,LAC,LV,22.0,10.0,12.0,0.5078084309983343,1,False
2024,1,2024_01_DEN_SEA,SEA,DEN,26.0,20.0,6.0,0.6041257664832216,1,False
2024,1,2024_01_DAL_CLE,CLE,DAL,17.0,33.0,-16.0,0.48396562196750464,0,False
2024,1,2024_01_WAS_TB,TB,WAS,37.0,20.0,17.0,0.7015074021759079,1,False
2024,1,2024_01_LA_DET,DET,LA,26.0,20.0,6.0,0.6183444758553577,1,False
2024,1,2024_01_NYJ_SF,SF,NYJ,32.0,19.0,13.0,0.7528585514278086,1,False
2024,2,2024_02_BUF_MIA,MIA,BUF,10.0,31.0,-21.0,0.49334537754143953,0,False
2024,2,2024_02_LV_BAL,BAL,LV,23.0,26.0,-3.0,0.7149354873615603,0,False
2024,2,2024_02_LAC_CAR,CAR,LAC,3.0,26.0,-23.0,0.40923730567709843,0,False
2024,2,2024_02_NO_DAL,DAL,NO,19.0,44.0,-25.0,0.6583495497351889,0,False
2024,2,2024_02_TB_DET,DET,TB,16.0,20.0,-4.0,0.6182845580648115,0,False
2024,2,2024_02_IND_GB,GB,IND,16.0,10.0,6.0,0.6386150459407102,1,False
2024,2,2024_02_CLE_JAX,JAX,CLE,13.0,18.0,-5.0,0.5500070206449411,0,False
2024,2,2024_02_SF_MIN,MIN,SF,23.0,17.0,6.0,0.4260171426903617,1,False
2024,2,2024_02_SEA_NE,NE,SEA,20.0,23.0,-3.0,0.48399971470953057,0,False
2024,2,2024_02_NYJ_TEN,TEN,NYJ,17.0,24.0,-7.0,0.5522105035268509,0,False
2024,2,2024_02_NYG_WAS,WAS,NYG,21.0,18.0,3.0,0.5111270558091856,1,False
2024,2,2024_02_LA_ARI,ARI,LA,41.0,10.0,31.0,0.45908415680333226,1,False
2024,2,2024_02_PIT_DEN,DEN,PIT,6.0,13.0,-7.0,0.4603623907288692,0,False
2024,2,2024_02_CIN_KC,KC,CIN,26.0,25.0,1.0,0.6641881056976235,1,False
2024,2,2024_02_CHI_HOU,HOU,CHI,19.0,13.0,6.0,0.582479800557464,1,False
2024,2,2024_02_ATL_PHI,PHI,ATL,21.0,22.0,-1.0,0.7101143097460544,0,False
2024,3,2024_03_NE_NYJ,NYJ,NE,24.0,3.0,21.0,0.6019631461723132,1,False
2024,3,2024_03_NYG_CLE,CLE,NYG,15.0,21.0,-6.0,0.6844762974045507,0,False
2024,3,2024_03_CHI_IND,IND,CHI,21.0,16.0,5.0,0.5403026291481113,1,False
2024,3,2024_03_HOU_MIN,MIN,HOU,34.0,7.0,27.0,0.605129512885157,1,False
2024,3,2024_03_PHI_NO,NO,PHI,12.0,15.0,-3.0,0.6130134639483158,0,False
2024,3,2024_03_LAC_PIT,PIT,LAC,20.0,10.0,10.0,0.6466256299750889,1,False
2024,3,2024_03_DEN_TB,TB,DEN,7.0,26.0,-19.0,0.694654772454676,0,False
2024,3,2024_03_GB_TEN,TEN,GB,14.0,30.0,-16.0,0.41848476777102234,0,False
2024,3,2024_03_CAR_LV,LV,CAR,22.0,36.0,-14.0,0.7521934629757064,0,False
2024,3,2024_03_MIA_SEA,SEA,MIA,24.0,3.0,21.0,0.5624975685879066,1,False
2024,3,2024_03_DET_ARI,ARI,DET,13.0,20.0,-7.0,0.4419455815933468,0,False
2024,3,2024_03_BAL_DAL,DAL,BAL,25.0,28.0,-3.0,0.5591433633626798,0,False
2024,3,2024_03_SF_LA,LA,SF,27.0,24.0,3.0,0.3844999526467815,1,False
2024,3,2024_03_KC_ATL,ATL,KC,17.0,22.0,-5.0,0.370788033782136,0,False
2024,3,2024_03_JAX_BUF,BUF,JAX,47.0,10.0,37.0,0.7655807102329485,1,False
2024,3,2024_03_WAS_CIN,CIN,WAS,33.0,38.0,-5.0,0.7003035723427331,0,False
2024,4,2024_04_DAL_NYG,NYG,DAL,15.0,20.0,-5.0,0.4201996065550984,0,False
2024,4,2024_04_NO_ATL,ATL,NO,26.0,24.0,2.0,0.40543865126229167,1,False
2024,4,2024_04_CIN_CAR,CAR,CIN,24.0,34.0,-10.0,0.4202285787427712,0,False
2024,4,2024_04_LA_CHI,CHI,LA,24.0,18.0,6.0,0.5403620819288328,1,False
2024,4,2024_04_MIN_GB,GB,MIN,29.0,31.0,-2.0,0.5451546305065461,0,False
2024,4,2024_04_JAX_HOU,HOU,JAX,24.0,20.0,4.0,0.619693841438464,1,False
2024,4,2024_04_PIT_IND,IND,PIT,27.0,24.0,3.0,0.4287388889432171,1,False
2024,4,2024_04_DEN_NYJ,NYJ,DEN,9.0,10.0,-1.0,0.582591467011375,0,False
2024,4,2024_04_PHI_TB,TB,PHI,33.0,16.0,17.0,0.5217591241975457,1,False
2024,4,2024_04_WAS_ARI,ARI,WAS,14.0,42.0,-28.0,0.5934662638582338,0,False
2024,4,2024_04_NE_SF,SF,NE,30.0,13.0,17.0,0.7696114200172314,1,False
2024,4,2024_04_KC_LAC,LAC,KC,10.0,17.0,-7.0,0.4123501494534245,0,False
2024,4,2024_04_CLE_LV,LV,CLE,20.0,16.0,4.0,0.5280918140772691,1,False
2024,4,2024_04_BUF_BAL,BAL,BUF,35.0,10.0,25.0,0.4895085909432835,1,False
2024,4,2024_04_TEN_MIA,MIA,TEN,12.0,31.0,-19.0,0.7018101696880457,0,False
2024,4,2024_04_SEA_DET,DET,SEA,42.0,29.0,13.0,0.5867935291082345,1,False
2024,5,2024_05_TB_ATL,ATL,TB,36.0,30.0,6.0,0.44309948176616704,1,False
2024,5,2024_05_NYJ_MIN,MIN,NYJ,23.0,17.0,6.0,0.6219405170161948,1,True
2024,5,2024_05_CAR_CHI,CHI,CAR,36.0,10.0,26.0,0.7108747617427775,1,False
2024,5,2024_05_BAL_CIN,CIN,BAL,38.0,41.0,-3.0,0.4102526230331818,0,False
2024,5,2024_05_BUF_HOU,HOU,BUF,23.0,20.0,3.0,0.4148402292397122,1,False
2024,5,2024_05_IND_JAX,JAX,IND,37.0,34.0,3.0,0.5130586454223844,1,False
2024,5,2024_05_MIA_NE,NE,MIA,10.0,15.0,-5.0,0.480937865558826,0,False
2024,5,2024_05_CLE_WAS,WAS,CLE,34.0,13.0,21.0,0.5434416109903122,1,False
2024,5,2024_05_LV_DEN,DEN,LV,34.0,18.0,16.0,0.5875571143470313,1,False
2024,5,2024_05_ARI_SF,SF,ARI,23.0,24.0,-1.0,0.7864323417849013,0,False
2024,5,2024_05_GB_LA,LA,GB,19.0,24.0,-5.0,0.47084217586663024,0,False
2024,5,2024_05_NYG_SEA,SEA,NYG,20.0,29.0,-9.0,0.6919039850622958,0,False
2024,5,2024_05_DAL_PIT,PIT,DAL,17.0,20.0,-3.0,0.5579180108384592,0,False
2024,5,2024_05_NO_KC,KC,NO,26.0,13.0,13.0,0.659792988087019,1,False
2024,6,2024_06_SF_SEA,SEA,SF,24.0,36.0,-12.0,0.4565259006443112,0,False
2024,6,2024_06_JAX_CHI,CHI,JAX,35.0,16.0,19.0,0.5558685407980563,1,True
2024,6,2024_06_WAS_BAL,BAL,WAS,30.0,23.0,7.0,0.7465720377256915,1,False
2024,6,2024_06_ARI_GB,GB,ARI,34.0,13.0,21.0,0.7272712103076311,1,False
2024,6,2024_06_HOU_NE,NE,HOU,21.0,41.0,-20.0,0.4041613985457663,0,False
2024,6,2024_06_TB_NO,NO,TB,27.0,51.0,-24.0,0.5796967556647203,0,False
2024,6,2024_06_CLE_PHI,PHI,CLE,20.0,16.0,4.0,0.6646078507649846,1,False
2024,6,2024_06_IND_TEN,TEN,IND,17.0,20.0,-3.0,0.5247352932730529,0,False
2024,6,2024_06_LAC_DEN,DEN,LAC,16.0,23.0,-7.0,0.6240440618119445,0,False
2024,6,2024_06_PIT_LV,LV,PIT,13.0,32.0,-19.0,0.4442688743487487,0,False
2024,6,2024_06_ATL_CAR,CAR,ATL,20.0,38.0,-18.0,0.4072376231634158,0,False
2024,6,2024_06_DET_DAL,DAL,DET,9.0,47.0,-38.0,0.562647855369863,0,False
2024,6,2024_06_CIN_NYG,NYG,CIN,7.0,17.0,-10.0,0.5250797475859575,0,False
2024,6,2024_06_BUF_NYJ,NYJ,BUF,20.0,23.0,-3.0,0.39750886483873543,0,False
2024,7,2024_07_DEN_NO,NO,DEN,10.0,33.0,-23.0,0.5800231090166557,0,False
2024,7,2024_07_NE_JAX,JAX,NE,32.0,16.0,16.0,0.5740713946996125,1,True
2024,7,2024_07_SEA_ATL,ATL,SEA,14.0,34.0,-20.0,0.5627322010801714,0,False
2024,7,2024_07_TEN_BUF,BUF,TEN,34.0,10.0,24.0,0.7835704929708162,1,False
2024,7,2024_07_CIN_CLE,CLE,CIN,14.0,21.0,-7.0,0.4707378327594362,0,False
2024,7,2024_07_HOU_GB,GB,HOU,24.0,22.0,2.0,0.6144350678990825,1,False
2024,7,2024_07_MIA_IND,IND,MIA,16.0,10.0,6.0,0.5667313897406318,1,False
2024,7,2024_07_DET_MIN,MIN,DET,29.0,31.0,-2.0,0.5326797349759007,0,False
2024,7,2024_07_PHI_NYG,NYG,PHI,3.0,28.0,-25.0,0.4492743144445239,0,False
2024,7,2024_07_LV_LA,LA,LV,20.0,15.0,5.0,0.5954044348983598,1,False
2024,7,2024_07_CAR_WAS,WAS,CAR,40.0,7.0,33.0,0.7462949100319906,1,False
2024,7,2024_07_KC_SF,SF,KC,18.0,28.0,-10.0,0.5414881675742153,0,False
2024,7,2024_07_NYJ_PIT,PIT,NYJ,37.0,15.0,22.0,0.6968836387722288,1,False
2024,7,2024_07_BAL_TB,TB,BAL,31.0,41.0,-10.0,0.4442635515059424,0,False
2024,7,2024_07_LAC_ARI,ARI,LAC,17.0,15.0,2.0,0.4576864245044334,1,False
2024,8,2024_08_MIN_LA,LA,MIN,30.0,20.0,10.0,0.4197607254949353,1,False
2024,8,2024_08_PHI_CIN,CIN,PHI,17.0,37.0,-20.0,0.5363675259180786,0,False
2024,8,2024_08_BAL_CLE,CLE,BAL,29.0,24.0,5.0,0.2763727175053413,1,False
2024,8,2024_08_TEN_DET,DET,TEN,52.0,14.0,38.0,0.809692239602233,1,False
2024,8,2024_08_IND_HOU,HOU,IND,23.0,20.0,3.0,0.6085303138905599,1,False
2024,8,2024_08_GB_JAX,JAX,GB,27.0,30.0,-3.0,0.4051092705590456,0,False
2024,8,2024_08_ARI_MIA,MIA,ARI,27.0,28.0,-1.0,0.6359017219807126,0,False
2024,8,2024_08_NYJ_NE,NE,NYJ,25.0,22.0,3.0,0.45079321093869273,1,False
2024,8,2024_08_ATL_TB,TB,ATL,26.0,31.0,-5.0,0.6662947892411372,0,False
2024,8,2024_08_NO_LAC,LAC,NO,26.0,8.0,18.0,0.58298407758132,1,False
2024,8,2024_08_BUF_SEA,SEA,BUF,10.0,31.0,-21.0,0.42637016134034555,0,False
2024,8,2024_08_CAR_DEN,DEN,CAR,28.0,14.0,14.0,0.8042776566324261,1,False
2024,8,2024_08_KC_LV,LV,KC,20.0,27.0,-7.0,0.2780251231349456,0,False
2024,8,2024_08_CHI_WAS,WAS,CHI,18.0,15.0,3.0,0.5376304208603928,1,False
2024,8,2024_08_DAL_SF,SF,DAL,30.0,24.0,6.0,0.6225800238882231,1,False
2024,8,2024_08_NYG_PIT,PIT,NYG,26.0,18.0,8.0,0.7617170415181799,1,False
2024,9,2024_09_HOU_NYJ,NYJ,HOU,21.0,13.0,8.0,0.4289993822263928,1,False
2024,9,2024_09_DAL_ATL,ATL,DAL,27.0,21.0,6.0,0.49325754630280716,1,False
2024,9,2024_09_DEN_BAL,BAL,DEN,41.0,10.0,31.0,0.6973897927224016,1,False
2024,9,2024_09_MIA_BUF,BUF,MIA,30.0,27.0,3.0,0.7796288612535687,1,False
2024,9,2024_09_NO_CAR,CAR,NO,23.0,22.0,1.0,0.37796383181354753,1,False
2024,9,2024_09_LV_CIN,CIN,LV,41.0,24.0,17.0,0.6861921351794815,1,False
2024,9,2024_09_LAC_CLE,CLE,LAC,10.0,27.0,-17.0,0.5024630649225378,0,False
2024,9,2024_09_WAS_NYG,NYG,WAS,22.0,27.0,-5.0,0.44690684038442524,0,False
2024,9,2024_09_NE_TEN,TEN,NE,20.0,17.0,3.0,0.6058303911379329,1,False
2024,9,2024_09_CHI_ARI,ARI,CHI,29.0,9.0,20.0,0.4638211441740459,1,False
2024,9,2024_09_JAX_PHI,PHI,JAX,28.0,23.0,5.0,0.7333420669912359,1,False
2024,9,2024_09_DET_GB,GB,DET,14.0,24.0,-10.0,0.49615329782328316,0,False
2024,9,2024_09_LA_SEA,SEA,LA,20.0,26.0,-6.0,0.5750842462099043,0,False
2024,9,2024_09_IND_MIN,MIN,IND,21.0,13.0,8.0,0.6546236762415768,1,False
2024,9,2024_09_TB_KC,KC,TB,30.0,24.0,6.0,0.7428643602542594,1,False
2024,10,2024_10_CIN_BAL,BAL,CIN,35.0,34.0,1.0,0.7283431077310252,1,False
2024,10,2024_10_NYG_CAR,CAR,NYG,20.0,17.0,3.0,0.37771591251811126,1,True
2024,10,2024_10_NE_CHI,CHI,NE,3.0,19.0,-16.0,0.7092086920335658,0,False
2024,10,2024_10_BUF_IND,IND,BUF,20.0,30.0,-10.0,0.3405239301716494,0,False
2024,10,2024_10_MIN_JAX,JAX,MIN,7.0,12.0,-5.0,0.3944957557093806,0,False
2024,10,2024_10_DEN_KC,KC,DEN,16.0,14.0,2.0,0.7581942192140831,1,False
2024,10,2024_10_ATL_NO,NO,ATL,20.0,17.0,3.0,0.4915081835495288,1,False
2024,10,2024_10_SF_TB,TB,SF,20.0,23.0,-3.0,0.43749130558760513,0,False
2024,10,2024_10_PIT_WAS,WAS,PIT,27.0,28.0,-1.0,0.4657981077805141,0,False
2024,10,2024_10_TEN_LAC,LAC,TEN,27.0,17.0,10.0,0.7133308915191596,1,False
2024,10,2024_10_NYJ_ARI,ARI,NYJ,31.0,6.0,25.0,0.5734114766850125,1,False
2024,10,2024_10_PHI_DAL,DAL,PHI,6.0,34.0,-28.0,0.47478384164282156,0,False
2024,10,2024_10_DET_HOU,HOU,DET,23.0,26.0,-3.0,0.37885422682933023,0,False
2024,10,2024_10_MIA_LA,LA,MIA,15.0,23.0,-8.0,0.6438797408835496,0,False
2024,11,2024_11_WAS_PHI,PHI,WAS,26.0,18.0,8.0,0.6940549926669838,1,False
2024,11,2024_11_GB_CHI,CHI,GB,19.0,20.0,-1.0,0.4015174758324706,0,False
2024,11,2024_11_JAX_DET,DET,JAX,52.0,6.0,46.0,0.8287297765719492,1,False
2024,11,2024_11_LV_MIA,MIA,LV,34.0,19.0,15.0,0.6756667694089525,1,False
2024,11,2024_11_LA_NE,NE,LA,22.0,28.0,-6.0,0.44262800768391064,0,False
2024,11,2024_11_CLE_NO,NO,CLE,35.0,14.0,21.0,0.5977813965876896,1,False
2024,11,2024_11_IND_NYJ,NYJ,IND,27.0,28.0,-1.0,0.5271709547630367,0,False
2024,11,2024_11_BAL_PIT,PIT,BAL,18.0,16.0,2.0,0.49672367928265926,1,False
2024,11,2024_11_MIN_TEN,TEN,MIN,13.0,23.0,-10.0,0.333140807174232,0,False
2024,11,2024_11_ATL_DEN,DEN,ATL,38.0,6.0,32.0,0.5986755224506236,1,False
2024,11,2024_11_SEA_SF,SF,SEA,17.0,20.0,-3.0,0.730620781698467,0,False
2024,11,2024_11_KC_BUF,BUF,KC,30.0,21.0,9.0,0.5531922963363464,1,False
2024,11,2024_11_CIN_LAC,LAC,CIN,34.0,27.0,7.0,0.5968061512206294,1,False
2024,11,2024_11_HOU_DAL,DAL,HOU,10.0,34.0,-24.0,0.5556216309404399,0,False
2024,12,2024_12_PIT_CLE,CLE,PIT,24.0,19.0,5.0,0.3069331141898273,1,False
2024,12,2024_12_KC_CAR,CAR,KC,27.0,30.0,-3.0,0.18529806354782677,0,False
2024,12,2024_12_MIN_CHI,CHI,MIN,27.0,30.0,-3.0,0.3706475561725667,0,False
2024,12,2024_12_TEN_HOU,HOU,TEN,27.0,32.0,-5.0,0.746599760535414,0,False
2024,12,2024_12_DET_IND,IND,DET,6.0,24.0,-18.0,0.3002872120838134,0,False
2024,12,2024_12_NE_MIA,MIA,NE,34.0,15.0,19.0,0.711143498607434,1,False
2024,12,2024_12_TB_NYG,NYG,TB,7.0,30.0,-23.0,0.4244626919208291,0,False
2024,12,2024_12_DAL_WAS,WAS,DAL,26.0,34.0,-8.0,0.6128347251815969,0,False
2024,12,2024_12_DEN_LV,LV,DEN,19.0,29.0,-10.0,0.36667176065606094,0,False
2024,12,2024_12_SF_GB,GB,SF,38.0,10.0,28.0,0.5383015118491731,1,False
2024,12,2024_12_ARI_SEA,SEA,ARI,16.0,6.0,10.0,0.5878010471430778,1,False
2024,12,2024_12_PHI_LA,LA,PHI,20.0,37.0,-17.0,0.4080944632431769,0,False
2024,12,2024_12_BAL_LAC,LAC,BAL,23.0,30.0,-7.0,0.45094891808595255,0,False
2024,13,2024_13_CHI_DET,DET,CHI,23.0,20.0,3.0,0.8437150035276941,1,False
2024,13,2024_13_NYG_DAL,DAL,NYG,27.0,20.0,7.0,0.7179892041875516,1,False
2024,13,2024_13_MIA_GB,GB,MIA,30.0,17.0,13.0,0.6836076189144926,1,False
2024,13,2024_13_LV_KC,KC,LV,19.0,17.0,2.0,0.8643004550957778,1,False
2024,13,2024_13_LAC_ATL,ATL,LAC,13.0,17.0,-4.0,0.4550689664084062,0,False
2024,13,2024_13_PIT_CIN,CIN,PIT,38.0,44.0,-6.0,0.4591541981299032,0,False
2024,13,2024_13_HOU_JAX,JAX,HOU,20.0,23.0,-3.0,0.44167503990932805,0,False
2024,13,2024_13_ARI_MIN,MIN,ARI,23.0,22.0,1.0,0.7274691644591559,1,False
2024,13,2024_13_IND_NE,NE,IND,24.0,25.0,-1.0,0.4490106507660455,0,False
2024,13,2024_13_SEA_NYJ,NYJ,SEA,21.0,26.0,-5.0,0.44504153433871346,0,False
2024,13,2024_13_TEN_WAS,WAS,TEN,42.0,19.0,23.0,0.6614037849429952,1,False
2024,13,2024_13_TB_CAR,CAR,TB,23.0,26.0,-3.0,0.31990553138207295,0,False
2024,13,2024_13_LA_NO,NO,LA,14.0,21.0,-7.0,0.5589338696868595,0,False
2024,13,2024_13_PHI_BAL,BAL,PHI,19.0,24.0,-5.0,0.5947701443830469,0,False
2024,13,2024_13_SF_BUF,BUF,SF,35.0,10.0,25.0,0.7121590210161196,1,False
2024,13,2024_13_CLE_DEN,DEN,CLE,41.0,32.0,9.0,0.7087732996920348,1,False
2024,14,2024_14_GB_DET,DET,GB,34.0,31.0,3.0,0.6655348935898232,1,False
2024,14,2024_14_NYJ_MIA,MIA,NYJ,32.0,26.0,6.0,0.6768574856795876,1,False
2024,14,2024_14_ATL_MIN,MIN,ATL,42.0,21.0,21.0,0.7530802555774254,1,False
2024,14,2024_14_NO_NYG,NYG,NO,11.0,14.0,-3.0,0.4336779003587954,0,False
2024,14,2024_14_CAR_PHI,PHI,CAR,22.0,16.0,6.0,0.8932531313353399,1,False
2024,14,2024_14_CLE_PIT,PIT,CLE,27.0,14.0,13.0,0.7786353574438872,1,False
2024,14,2024_14_LV_TB,TB,LV,28.0,13.0,15.0,0.7574102699151215,1,False
2024,14,2024_14_JAX_TEN,TEN,JAX,6.0,10.0,-4.0,0.5473684822943439,0,False
2024,14,2024_14_SEA_ARI,ARI,SEA,18.0,30.0,-12.0,0.48218058133335334,0,False
2024,14,2024_14_BUF_LA,LA,BUF,44.0,42.0,2.0,0.3175869155013664,1,False
2024,14,2024_14_CHI_SF,SF,CHI,38.0,13.0,25.0,0.7194470542925385,1,False
2024,14,2024_14_LAC_KC,KC,LAC,19.0,17.0,2.0,0.7027400654405298,1,False
2024,14,2024_14_CIN_DAL,DAL,CIN,20.0,27.0,-7.0,0.5841449869020333,0,False
2024,15,2024_15_LA_SF,SF,LA,6.0,12.0,-6.0,0.631315238792157,0,False
2024,15,2024_15_DAL_CAR,CAR,DAL,14.0,30.0,-16.0,0.34848847219602797,0,False
2024,15,2024_15_KC_CLE,CLE,KC,7.0,21.0,-14.0,0.24938756765192147,0,False
2024,15,2024_15_MIA_HOU,HOU,MIA,20.0,12.0,8.0,0.5838515270738913,1,False
2024,15,2024_15_NYJ_JAX,JAX,NYJ,25.0,32.0,-7.0,0.5941703254625591,0,False
2024,15,2024_15_WAS_NO,NO,WAS,19.0,20.0,-1.0,0.5284182991204699,0,False
2024,15,2024_15_BAL_NYG,NYG,BAL,14.0,35.0,-21.0,0.2147829681806378,0,False
2024,15,2024_15_CIN_TEN,TEN,CIN,27.0,37.0,-10.0,0.3918084858777158,0,False
2024,15,2024_15_NE_ARI,ARI,NE,30.0,17.0,13.0,0.677521459916421,1,False
2024,15,2024_15_IND_DEN,DEN,IND,31.0,13.0,18.0,0.6916173874222996,1,False
2024,15,2024_15_BUF_DET,DET,BUF,42.0,48.0,-6.0,0.5964714419573244,0,False
2024,15,2024_15_TB_LAC,LAC,TB,17.0,40.0,-23.0,0.5873121700052362,0,False
2024,15,2024_15_PIT_PHI,PHI,PIT,27.0,13.0,14.0,0.6362194333366751,1,False
2024,15,2024_15_GB_SEA,SEA,GB,13.0,30.0,-17.0,0.48670626324768096,0,False
2024,15,2024_15_CHI_MIN,MIN,CHI,30.0,12.0,18.0,0.8022527338942932,1,False
2024,15,2024_15_ATL_LV,LV,ATL,9.0,15.0,-6.0,0.4634040505457203,0,False
2024,16,2024_16_DEN_LAC,LAC,DEN,34.0,27.0,7.0,0.4947771701831918,1,False
2024,16,2024_16_HOU_KC,KC,HOU,27.0,19.0,8.0,0.7361403925537019,1,False
2024,16,2024_16_PIT_BAL,BAL,PIT,34.0,17.0,17.0,0.6474464496553739,1,False
2024,16,2024_16_NYG_ATL,ATL,NYG,34.0,7.0,27.0,0.6985969227474489,1,False
2024,16,2024_16_ARI_CAR,CAR,ARI,36.0,30.0,6.0,0.3566396649721899,1,False
2024,16,2024_16_DET_CHI,CHI,DET,17.0,34.0,-17.0,0.21925676825178567,0,False
2024,16,2024_16_CLE_CIN,CIN,CLE,24.0,6.0,18.0,0.7201306496339751,1,False
2024,16,2024_16_TEN_IND,IND,TEN,38.0,30.0,8.0,0.6745792991184903,1,False
2024,16,2024_16_LA_NYJ,NYJ,LA,9.0,19.0,-10.0,0.41289857704543675,0,False
2024,16,2024_16_PHI_WAS,WAS,PHI,36.0,33.0,3.0,0.3418329507950876,1,False
2024,16,2024_16_MIN_SEA,SEA,MIN,24.0,27.0,-3.0,0.4393967640664912,0,False
2024,16,2024_16_NE_BUF,BUF,NE,24.0,21.0,3.0,0.90151395124464,1,False
2024,16,2024_16_JAX_LV,LV,JAX,19.0,14.0,5.0,0.4886136156573038,1,False
2024,16,2024_16_SF_MIA,MIA,SF,29.0,17.0,12.0,0.49762948218289554,1,False
2024,16,2024_16_TB_DAL,DAL,TB,26.0,24.0,2.0,0.48061862369497743,1,False
2024,16,2024_16_NO_GB,GB,NO,34.0,0.0,34.0,0.7668950000859479,1,False
2024,17,2024_17_KC_PIT,PIT,KC,10.0,29.0,-19.0,0.4183902674573273,0,False
2024,17,2024_17_BAL_HOU,HOU,BAL,2.0,31.0,-29.0,0.3786452426427629,0,False
2024,17,2024_17_SEA_CHI,CHI,SEA,3.0,6.0,-3.0,0.3982958563542568,0,False
2024,17,2024_17_LAC_NE,NE,LAC,7.0,40.0,-33.0,0.31475977748524053,0,False
2024,17,2024_17_DEN_CIN,CIN,DEN,30.0,24.0,6.0,0.5491728275308894,1,False
2024,17,2024_17_ARI_LA,LA,ARI,13.0,9.0,4.0,0.711912358539777,1,False
2024,17,2024_17_NYJ_BUF,BUF,NYJ,40.0,14.0,26.0,0.8693950597795108,1,False
2024,17,2024_17_TEN_JAX,JAX,TEN,20.0,13.0,7.0,0.6154750263250444,1,False
2024,17,2024_17_LV_NO,NO,LV,10.0,25.0,-15.0,0.6850435807890655,0,False
2024,17,2024_17_IND_NYG,NYG,IND,45.0,33.0,12.0,0.38983138595402733,1,False
2024,17,2024_17_DAL_PHI,PHI,DAL,41.0,7.0,34.0,0.7556721016969293,1,False
2024,17,2024_17_CAR_TB,TB,CAR,48.0,14.0,34.0,0.8188454342006273,1,False
2024,17,2024_17_MIA_CLE,CLE,MIA,3.0,20.0,-17.0,0.393423588244927,0,False
2024,17,2024_17_GB_MIN,MIN,GB,27.0,25.0,2.0,0.5547770997734425,1,False
2024,17,2024_17_ATL_WAS,WAS,ATL,30.0,24.0,6.0,0.6494644758327272,1,False
2024,17,2024_17_DET_SF,SF,DET,34.0,40.0,-6.0,0.34478847050258754,0,False
2024,18,2024_18_CLE_BAL,BAL,CLE,35.0,10.0,25.0,0.8821805851472554,1,False
2024,18,2024_18_CIN_PIT,PIT,CIN,17.0,19.0,-2.0,0.5695457254431341,0,False
2024,18,2024_18_CAR_ATL,ATL,CAR,38.0,44.0,-6.0,0.7367465090334023,0,False
2024,18,2024_18_WAS_DAL,DAL,WAS,19.0,23.0,-4.0,0.5063299783575276,0,False
2024,18,2024_18_CHI_GB,GB,CHI,22.0,24.0,-2.0,0.841008755466001,0,False
2024,18,2024_18_JAX_IND,IND,JAX,26.0,23.0,3.0,0.6092447936194366,1,False
2024,18,2024_18_BUF_NE,NE,BUF,23.0,16.0,7.0,0.14326812120171634,1,False
2024,18,2024_18_NYG_PHI,PHI,NYG,20.0,13.0,7.0,0.8861103058383354,1,False
2024,18,2024_18_NO_TB,TB,NO,27.0,19.0,8.0,0.7474390537009694,1,False
2024,18,2024_18_HOU_TEN,TEN,HOU,14.0,23.0,-9.0,0.3390201798709347,0,False
2024,18,2024_18_SF_ARI,ARI,SF,47.0,24.0,23.0,0.458990463246052,1,False
2024,18,2024_18_KC_DEN,DEN,KC,38.0,0.0,38.0,0.3533997229627544,1,False
2024,18,2024_18_SEA_LA,LA,SEA,25.0,30.0,-5.0,0.6163823871482066,0,False
2024,18,2024_18_LAC_LV,LV,LAC,20.0,34.0,-14.0,0.35116814879020536,0,False
2024,18,2024_18_MIA_NYJ,NYJ,MIA,32.0,20.0,12.0,0.39223386521538095,1,False
2024,18,2024_18_MIN_DET,DET,MIN,31.0,9.0,22.0,0.6457079691536317,1,False
