season,week,game_id,home_team,away_team,home_score,away_score,point_diff,pred_home,home_win,neutral
2010,1,2010_01_MIN_NO,NO,MIN,14.0,9.0,5.0,0.6742549650953387,1,False
2010,1,2010_01_MIA_BUF,BUF,MIA,10.0,15.0,-5.0,0.46634287412813646,0,False
2010,1,2010_01_DET_CHI,CHI,DET,19.0,14.0,5.0,0.7677410591378533,1,False
2010,1,2010_01_IND_HOU,HOU,IND,34.0,24.0,10.0,0.4834471597627806,1,False
2010,1,2010_01_DEN_JAX,JAX,DEN,24.0,17.0,7.0,0.5847450746090462,1,False
2010,1,2010_01_CIN_NE,NE,CIN,38.0,24.0,14.0,0.6694182826846907,1,False
2010,1,2010_01_CAR_NYG,NYG,CAR,31.0,18.0,13.0,0.595938294243548,1,False
2010,1,2010_01_ATL_PIT,PIT,ATL,15.0,9.0,6.0,0.5273444904561377,1,False
2010,1,2010_01_CLE_TB,TB,CLE,17.0,14.0,3.0,0.6484816627172151,1,False
2010,1,2010_01_OAK_TEN,TEN,OAK,38.0,13.0,25.0,0.7600205204987601,1,False
2010,1,2010_01_GB_PHI,PHI,GB,20.0,27.0,-7.0,0.48034308279935123,0,False
2010,1,2010_01_SF_SEA,SEA,SF,31.0,6.0,25.0,0.410768990763768,1,False
2010,1,2010_01_ARI_STL,STL,ARI,13.0,17.0,-4.0,0.33607377036043495,0,False
2010,1,2010_01_DAL_WAS,WAS,DAL,13.0,7.0,6.0,0.35067178782649894,1,False
2010,1,2010_01_BAL_NYJ,NYJ,BAL,9.0,10.0,-1.0,0.5918678242227613,0,False
2010,1,2010_01_SD_KC,KC,SD,21.0,14.0,7.0,0.3272561114320651,1,False
2010,2,2010_02_ARI_ATL,ATL,ARI,41.0,7.0,34.0,0.7025886156661741,1,False
2010,2,2010_02_TB_CAR,CAR,TB,7.0,20.0,-13.0,0.6653672655377252,0,False
2010,2,2010_02_BAL_CIN,CIN,BAL,15.0,10.0,5.0,0.4336926959502446,1,False
2010,2,2010_02_KC_CLE,CLE,KC,14.0,16.0,-2.0,0.5696526882006262,0,False
2010,2,2010_02_CHI_DAL,DAL,CHI,20.0,27.0,-7.0,0.6606890364896589,0,False
2010,2,2010_02_PHI_DET,DET,PHI,32.0,35.0,-3.0,0.28846060822987885,0,False
2010,2,2010_02_BUF_GB,GB,BUF,34.0,7.0,27.0,0.7549999159543853,1,False
2010,2,2010_02_MIA_MIN,MIN,MIA,10.0,14.0,-4.0,0.7135081137876573,0,False
2010,2,2010_02_PIT_TEN,TEN,PIT,11.0,19.0,-8.0,0.6927854941755016,0,False
2010,2,2010_02_SEA_DEN,DEN,SEA,31.0,14.0,17.0,0.6335424068210943,1,False
2010,2,2010_02_STL_OAK,OAK,STL,16.0,14.0,2.0,0.6785955601107478,1,False
2010,2,2010_02_NE_NYJ,NYJ,NE,28.0,14.0,14.0,0.45101917965463356,1,False
2010,2,2010_02_JAX_SD,SD,JAX,38.0,13.0,25.0,0.6998837519559715,1,False
2010,2,2010_02_HOU_WAS,WAS,HOU,27.0,30.0,-3.0,0.36872490776794103,0,False
2010,2,2010_02_NYG_IND,IND,NYG,38.0,14.0,24.0,0.6816780558794517,1,False
2010,2,2010_02_NO_SF,SF,NO,22.0,25.0,-3.0,0.32206434544330187,0,False
2010,3,2010_03_CLE_BAL,BAL,CLE,24.0,17.0,7.0,0.7476969876828234,1,False
2010,3,2010_03_CIN_CAR,CAR,CIN,7.0,20.0,-13.0,0.4672273353778903,0,False
2010,3,2010_03_DAL_HOU,HOU,DAL,13.0,27.0,-14.0,0.6367654311834783,0,False
2010,3,2010_03_SF_KC,KC,SF,31.0,10.0,21.0,0.5175480379015589,1,False
2010,3,2010_03_DET_MIN,MIN,DET,24.0,10.0,14.0,0.8258794100903979,1,False
2010,3,2010_03_BUF_NE,NE,BUF,38.0,30.0,8.0,0.7600147309800444,1,False
2010,3,2010_03_ATL_NO,NO,ATL,24.0,27.0,-3.0,0.6456865850818668,0,False
2010,3,2010_03_TEN_NYG,NYG,TEN,10.0,29.0,-19.0,0.5856506434147052,0,False
2010,3,2010_03_PIT_TB,TB,PIT,13.0,38.0,-25.0,0.4488938197686389,0,False
2010,3,2010_03_PHI_JAX,JAX,PHI,3.0,28.0,-25.0,0.4316417967832276,0,False
2010,3,2010_03_WAS_STL,STL,WAS,30.0,16.0,14.0,0.32544180341904777,1,False
2010,3,2010_03_OAK_ARI,ARI,OAK,24.0,23.0,1.0,0.7036693538674067,1,False
2010,3,2010_03_IND_DEN,DEN,IND,13.0,27.0,-14.0,0.33840611569127355,0,False
2010,3,2010_03_SD_SEA,SEA,SD,27.0,20.0,7.0,0.35867846549446725,1,False
2010,3,2010_03_NYJ_MIA,MIA,NYJ,23.0,31.0,-8.0,0.5097967856313467,0,False
2010,3,2010_03_GB_CHI,CHI,GB,20.0,17.0,3.0,0.392845899648761,1,False
2010,4,2010_04_SF_ATL,ATL,SF,16.0,14.0,2.0,0.7305621696223398,1,False
2010,4,2010_04_NYJ_BUF,BUF,NYJ,14.0,38.0,-24.0,0.2799973856084913,0,False
2010,4,2010_04_CIN_CLE,CLE,CIN,23.0,20.0,3.0,0.39070336878030526,1,False
2010,4,2010_04_DET_GB,GB,DET,28.0,26.0,2.0,0.8530197020215163,1,False
2010,4,2010_04_CAR_NO,NO,CAR,16.0,14.0,2.0,0.7469820319799606,1,False
2010,4,2010_04_BAL_PIT,PIT,BAL,14.0,17.0,-3.0,0.6239235174757162,0,False
2010,4,2010_04_SEA_STL,STL,SEA,20.0,3.0,17.0,0.42168196791024276,1,False
2010,4,2010_04_DEN_TEN,TEN,DEN,20.0,26.0,-6.0,0.6827675595041237,0,False
2010,4,2010_04_IND_JAX,JAX,IND,31.0,28.0,3.0,0.3411194713782573,1,False
2010,4,2010_04_HOU_OAK,OAK,HOU,24.0,31.0,-7.0,0.3294455509054086,0,False
2010,4,2010_04_WAS_PHI,PHI,WAS,12.0,17.0,-5.0,0.7485659860888881,0,False
2010,4,2010_04_ARI_SD,SD,ARI,41.0,10.0,31.0,0.6470106413406767,1,False
2010,4,2010_04_CHI_NYG,NYG,CHI,17.0,3.0,14.0,0.570824742539231,1,False
2010,4,2010_04_NE_MIA,MIA,NE,14.0,41.0,-27.0,0.47626817910374236,0,False
2010,5,2010_05_DEN_BAL,BAL,DEN,31.0,17.0,14.0,0.6703060700321178,1,False
2010,5,2010_05_JAX_BUF,BUF,JAX,26.0,36.0,-10.0,0.532205809021333,0,False
2010,5,2010_05_CHI_CAR,CAR,CHI,6.0,23.0,-17.0,0.5768945271741933,0,False
2010,5,2010_05_TB_CIN,CIN,TB,21.0,24.0,-3.0,0.7336264566473295,0,False
2010,5,2010_05_ATL_CLE,CLE,ATL,10.0,20.0,-10.0,0.3371234777876799,0,False
2010,5,2010_05_STL_DET,DET,STL,44.0,6.0,38.0,0.5141483890338082,1,False
2010,5,2010_05_NYG_HOU,HOU,NYG,10.0,34.0,-24.0,0.6781310912913661,0,False
2010,5,2010_05_KC_IND,IND,KC,19.0,9.0,10.0,0.7062919058731233,1,False
2010,5,2010_05_GB_WAS,WAS,GB,16.0,13.0,3.0,0.34307455683256816,1,False
2010,5,2010_05_NO_ARI,ARI,NO,30.0,20.0,10.0,0.27435970641422586,1,False
2010,5,2010_05_TEN_DAL,DAL,TEN,27.0,34.0,-7.0,0.7094487519543831,0,False
2010,5,2010_05_SD_OAK,OAK,SD,35.0,27.0,8.0,0.2670212537100894,1,False
2010,5,2010_05_PHI_SF,SF,PHI,24.0,27.0,-3.0,0.4917076261176807,0,False
2010,5,2010_05_MIN_NYJ,NYJ,MIN,29.0,20.0,9.0,0.6545414002101247,1,False
2010,6,2010_06_SEA_CHI,CHI,SEA,20.0,23.0,-3.0,0.6924781192115101,0,False
2010,6,2010_06_MIA_GB,GB,MIA,20.0,23.0,-3.0,0.6905300832428474,0,False
2010,6,2010_06_KC_HOU,HOU,KC,35.0,31.0,4.0,0.6461967024345482,1,False
2010,6,2010_06_BAL_NE,NE,BAL,23.0,20.0,3.0,0.6514416216804776,1,False
2010,6,2010_06_DET_NYG,NYG,DET,28.0,20.0,8.0,0.7827865147174606,1,False
2010,6,2010_06_ATL_PHI,PHI,ATL,31.0,17.0,14.0,0.5214528718468693,1,False
2010,6,2010_06_CLE_PIT,PIT,CLE,28.0,10.0,18.0,0.7684198816747766,1,False
2010,6,2010_06_SD_STL,STL,SD,20.0,17.0,3.0,0.3111259994006972,1,False
2010,6,2010_06_NO_TB,TB,NO,6.0,31.0,-25.0,0.3523877595866394,0,False
2010,6,2010_06_NYJ_DEN,DEN,NYJ,20.0,24.0,-4.0,0.31380233305355204,0,False
2010,6,2010_06_OAK_SF,SF,OAK,17.0,9.0,8.0,0.7542968397810973,1,False
2010,6,2010_06_DAL_MIN,MIN,DAL,24.0,21.0,3.0,0.5665916020604269,1,False
2010,6,2010_06_IND_WAS,WAS,IND,24.0,27.0,-3.0,0.3476854386948666,0,False
2010,6,2010_06_TEN_JAX,JAX,TEN,3.0,30.0,-27.0,0.40511661264453547,0,False
2010,7,2010_07_CIN_ATL,ATL,CIN,39.0,32.0,7.0,0.645689111500208,1,False
2010,7,2010_07_BUF_BAL,BAL,BUF,37.0,34.0,3.0,0.7715987560314072,1,False
2010,7,2010_07_SF_CAR,CAR,SF,23.0,20.0,3.0,0.5280287675632429,1,False
2010,7,2010_07_WAS_CHI,CHI,WAS,14.0,17.0,-3.0,0.6761486953309697,0,False
2010,7,2010_07_JAX_KC,KC,JAX,42.0,20.0,22.0,0.7535098851140247,1,False
2010,7,2010_07_PIT_MIA,MIA,PIT,22.0,23.0,-1.0,0.42588392559602356,0,False
2010,7,2010_07_CLE_NO,NO,CLE,17.0,30.0,-13.0,0.8138267263319839,0,False
2010,7,2010_07_STL_TB,TB,STL,18.0,17.0,1.0,0.6716865907104155,1,False
2010,7,2010_07_PHI_TEN,TEN,PHI,37.0,19.0,18.0,0.6041218220250015,1,False
2010,7,2010_07_ARI_SEA,SEA,ARI,22.0,10.0,12.0,0.6314601228732786,1,False
2010,7,2010_07_OAK_DEN,DEN,OAK,14.0,59.0,-45.0,0.6972366841815235,0,False
2010,7,2010_07_NE_SD,SD,NE,20.0,23.0,-3.0,0.506592546863976,0,False
2010,7,2010_07_MIN_GB,GB,MIN,28.0,24.0,4.0,0.6408384001565023,1,False
2010,7,2010_07_NYG_DAL,DAL,NYG,35.0,41.0,-6.0,0.6075303425609377,0,False
2010,8,2010_08_MIA_CIN,CIN,MIA,14.0,22.0,-8.0,0.5437911300865101,0,False
2010,8,2010_08_JAX_DAL,DAL,JAX,17.0,35.0,-18.0,0.6526012972239823,0,False
2010,8,2010_08_WAS_DET,DET,WAS,37.0,25.0,12.0,0.3569507508473095,1,False
2010,8,2010_08_BUF_KC,KC,BUF,13.0,10.0,3.0,0.6777784004218194,1,False
2010,8,2010_08_GB_NYJ,NYJ,GB,0.0,9.0,-9.0,0.6449954842483079,0,False
2010,8,2010_08_DEN_SF,SF,DEN,24.0,16.0,8.0,0.4957091971378572,1,True
2010,8,2010_08_CAR_STL,STL,CAR,20.0,10.0,10.0,0.5384554668084777,1,False
2010,8,2010_08_TEN_SD,SD,TEN,33.0,25.0,8.0,0.5787532251008192,1,False
2010,8,2010_08_TB_ARI,ARI,TB,35.0,38.0,-3.0,0.6091846297304948,0,False
2010,8,2010_08_MIN_NE,NE,MIN,28.0,18.0,10.0,0.6971855375065728,1,False
2010,8,2010_08_SEA_OAK,OAK,SEA,33.0,3.0,30.0,0.5082547514195558,1,False
2010,8,2010_08_PIT_NO,NO,PIT,20.0,10.0,10.0,0.5673957581143343,1,False
2010,8,2010_08_HOU_IND,IND,HOU,30.0,17.0,13.0,0.6664728975956216,1,False
2010,9,2010_09_TB_ATL,ATL,TB,27.0,21.0,6.0,0.6946502619611143,1,False
2010,9,2010_09_MIA_BAL,BAL,MIA,26.0,10.0,16.0,0.6581039881891144,1,False
2010,9,2010_09_CHI_BUF,BUF,CHI,19.0,22.0,-3.0,0.37724593408121315,0,False
2010,9,2010_09_NO_CAR,CAR,NO,3.0,34.0,-31.0,0.3395894257707843,0,False
2010,9,2010_09_NE_CLE,CLE,NE,34.0,14.0,20.0,0.2728947813080145,1,False
2010,9,2010_09_NYJ_DET,DET,NYJ,20.0,23.0,-3.0,0.24282763270667868,0,False
2010,9,2010_09_SD_HOU,HOU,SD,23.0,29.0,-6.0,0.4710432524097997,0,False
2010,9,2010_09_ARI_MIN,MIN,ARI,27.0,24.0,3.0,0.6655230354393792,1,False
2010,9,2010_09_NYG_SEA,SEA,NYG,7.0,41.0,-34.0,0.35864617823722794,0,False
2010,9,2010_09_KC_OAK,OAK,KC,23.0,20.0,3.0,0.5247590448591526,1,False
2010,9,2010_09_IND_PHI,PHI,IND,26.0,24.0,2.0,0.5026659140118227,1,False
2010,9,2010_09_DAL_GB,GB,DAL,45.0,7.0,38.0,0.7466161647213866,1,False
2010,9,2010_09_PIT_CIN,CIN,PIT,21.0,27.0,-6.0,0.33876276157612895,0,False
2010,10,2010_10_BAL_ATL,ATL,BAL,26.0,21.0,5.0,0.569083949533795,1,False
2010,10,2010_10_DET_BUF,BUF,DET,14.0,12.0,2.0,0.6042873037412494,1,False
2010,10,2010_10_MIN_CHI,CHI,MIN,27.0,13.0,14.0,0.5603593831982957,1,False
2010,10,2010_10_NYJ_CLE,CLE,NYJ,20.0,26.0,-6.0,0.34035913492007464,0,False
2010,10,2010_10_CIN_IND,IND,CIN,23.0,17.0,6.0,0.7590196721793143,1,False
2010,10,2010_10_HOU_JAX,JAX,HOU,31.0,24.0,7.0,0.5236012601047932,1,False
2010,10,2010_10_TEN_MIA,MIA,TEN,29.0,17.0,12.0,0.47339742576139726,1,False
2010,10,2010_10_CAR_TB,TB,CAR,31.0,16.0,15.0,0.6680166498492579,1,False
2010,10,2010_10_KC_DEN,DEN,KC,49.0,29.0,20.0,0.45886619260960426,1,False
2010,10,2010_10_SEA_ARI,ARI,SEA,18.0,36.0,-18.0,0.6444062095923173,0,False
2010,10,2010_10_DAL_NYG,NYG,DAL,20.0,33.0,-13.0,0.753169728128327,0,False
2010,10,2010_10_STL_SF,SF,STL,23.0,20.0,3.0,0.6625072474813765,1,False
2010,10,2010_10_NE_PIT,PIT,NE,26.0,39.0,-13.0,0.6345002862571738,0,False
2010,10,2010_10_PHI_WAS,WAS,PHI,28.0,59.0,-31.0,0.3836190656167382,0,False
2010,11,2010_11_CHI_MIA,MIA,CHI,0.0,16.0,-16.0,0.5630548918622551,0,False
2010,11,2010_11_BAL_CAR,CAR,BAL,13.0,37.0,-24.0,0.29157735096228304,0,False
2010,11,2010_11_BUF_CIN,CIN,BUF,31.0,49.0,-18.0,0.6477237725767067,0,False
2010,11,2010_11_DET_DAL,DAL,DET,35.0,19.0,16.0,0.7297181706484237,1,False
2010,11,2010_11_CLE_JAX,JAX,CLE,24.0,20.0,4.0,0.6151323518132517,1,False
2010,11,2010_11_ARI_KC,KC,ARI,31.0,13.0,18.0,0.7327312611894032,1,False
2010,11,2010_11_GB_MIN,MIN,GB,3.0,31.0,-28.0,0.3614645021626233,0,False
2010,11,2010_11_HOU_NYJ,NYJ,HOU,30.0,27.0,3.0,0.7422843518931297,1,False
2010,11,2010_11_OAK_PIT,PIT,OAK,35.0,3.0,32.0,0.6852710184131362,1,False
2010,11,2010_11_WAS_TEN,TEN,WAS,16.0,19.0,-3.0,0.7223767590599276,0,False
2010,11,2010_11_SEA_NO,NO,SEA,34.0,19.0,15.0,0.7518937215452931,1,False
2010,11,2010_11_TB_SF,SF,TB,0.0,21.0,-21.0,0.5523178983543118,0,False
2010,11,2010_11_ATL_STL,STL,ATL,17.0,34.0,-17.0,0.29851257360499717,0,False
2010,11,2010_11_IND_NE,NE,IND,31.0,28.0,3.0,0.6345043723589058,1,False
2010,11,2010_11_NYG_PHI,PHI,NYG,27.0,17.0,10.0,0.6392841096728178,1,False
2010,11,2010_11_DEN_SD,SD,DEN,35.0,14.0,21.0,0.7304690127236535,1,False
2010,12,2010_12_NE_DET,DET,NE,24.0,45.0,-21.0,0.19307421847356798,0,False
2010,12,2010_12_NO_DAL,DAL,NO,27.0,30.0,-3.0,0.360419214599427,0,False
2010,12,2010_12_CIN_NYJ,NYJ,CIN,26.0,10.0,16.0,0.8091416539330657,1,False
2010,12,2010_12_GB_ATL,ATL,GB,20.0,17.0,3.0,0.5788131039391046,1,False
2010,12,2010_12_PIT_BUF,BUF,PIT,16.0,19.0,-3.0,0.3422893729692143,0,False
2010,12,2010_12_CAR_CLE,CLE,CAR,24.0,23.0,1.0,0.6666442219871277,1,False
2010,12,2010_12_TEN_HOU,HOU,TEN,20.0,0.0,20.0,0.6188080039903273,1,False
2010,12,2010_12_JAX_NYG,NYG,JAX,24.0,20.0,4.0,0.7492214210816145,1,False
2010,12,2010_12_MIN_WAS,WAS,MIN,13.0,17.0,-4.0,0.5051299370026254,0,False
2010,12,2010_12_MIA_OAK,OAK,MIA,17.0,33.0,-16.0,0.5270181849140311,0,False
2010,12,2010_12_KC_SEA,SEA,KC,24.0,42.0,-18.0,0.5054652659250497,0,False
2010,12,2010_12_TB_BAL,BAL,TB,17.0,10.0,7.0,0.6844797598898136,1,False
2010,12,2010_12_PHI_CHI,CHI,PHI,31.0,26.0,5.0,0.43958094914904194,1,False
2010,12,2010_12_STL_DEN,DEN,STL,33.0,36.0,-3.0,0.6732395168589265,0,False
2010,12,2010_12_SD_IND,IND,SD,14.0,36.0,-22.0,0.6407477901435209,0,False
2010,12,2010_12_SF_ARI,ARI,SF,6.0,27.0,-21.0,0.5232834922542724,0,False
2010,13,2010_13_HOU_PHI,PHI,HOU,34.0,24.0,10.0,0.6806048090293937,1,False
2010,13,2010_13_NO_CIN,CIN,NO,30.0,34.0,-4.0,0.2972201324207828,0,False
2010,13,2010_13_CHI_DET,DET,CHI,20.0,24.0,-4.0,0.24576570279521226,0,False
2010,13,2010_13_SF_GB,GB,SF,34.0,16.0,18.0,0.7689856606769887,1,False
2010,13,2010_13_DEN_KC,KC,DEN,10.0,6.0,4.0,0.6769475903115979,1,False
2010,13,2010_13_CLE_MIA,MIA,CLE,10.0,13.0,-3.0,0.6804997503194791,0,False
2010,13,2010_13_BUF_MIN,MIN,BUF,38.0,14.0,24.0,0.6738006514004466,1,False
2010,13,2010_13_WAS_NYG,NYG,WAS,31.0,7.0,24.0,0.713083148791148,1,False
2010,13,2010_13_JAX_TEN,TEN,JAX,6.0,17.0,-11.0,0.6153750370819387,0,False
2010,13,2010_13_OAK_SD,SD,OAK,13.0,28.0,-15.0,0.7767692285496037,0,False
2010,13,2010_13_STL_ARI,ARI,STL,6.0,19.0,-13.0,0.5093671659649885,0,False
2010,13,2010_13_DAL_IND,IND,DAL,35.0,38.0,-3.0,0.6760525746697726,0,False
2010,13,2010_13_CAR_SEA,SEA,CAR,31.0,14.0,17.0,0.6818326824415059,1,False
2010,13,2010_13_ATL_TB,TB,ATL,24.0,28.0,-4.0,0.3487453984261148,0,False
2010,13,2010_13_PIT_BAL,BAL,PIT,10.0,13.0,-3.0,0.6363834661390271,0,False
2010,13,2010_13_NYJ_NE,NE,NYJ,45.0,3.0,42.0,0.6381335747684468,1,False
2010,14,2010_14_IND_TEN,TEN,IND,28.0,30.0,-2.0,0.4020422153355392,0,False
2010,14,2010_14_CLE_BUF,BUF,CLE,13.0,6.0,7.0,0.515113527907423,1,False
2010,14,2010_14_ATL_CAR,CAR,ATL,10.0,31.0,-21.0,0.230997431341721,0,False
2010,14,2010_14_GB_DET,DET,GB,7.0,3.0,4.0,0.1783179020355601,1,False
2010,14,2010_14_OAK_JAX,JAX,OAK,38.0,31.0,7.0,0.6614436304066926,1,False
2010,14,2010_14_CIN_PIT,PIT,CIN,23.0,7.0,16.0,0.805281223787581,1,False
2010,14,2010_14_TB_WAS,WAS,TB,16.0,17.0,-1.0,0.4573748783385952,0,False
2010,14,2010_14_STL_NO,NO,STL,31.0,13.0,18.0,0.8072084785312978,1,False
2010,14,2010_14_SEA_SF,SF,SEA,40.0,21.0,19.0,0.6182951981797479,1,False
2010,14,2010_14_DEN_ARI,ARI,DEN,43.0,13.0,30.0,0.41333476642685935,1,False
2010,14,2010_14_NE_CHI,CHI,NE,7.0,36.0,-29.0,0.38699989083944175,0,False
2010,14,2010_14_MIA_NYJ,NYJ,MIA,6.0,10.0,-4.0,0.702337369561264,0,False
2010,14,2010_14_KC_SD,SD,KC,31.0,0.0,31.0,0.7047097410282979,1,False
2010,14,2010_14_PHI_DAL,DAL,PHI,27.0,30.0,-3.0,0.3812032620400458,0,False
2010,14,2010_14_NYG_MIN,MIN,NYG,3.0,21.0,-18.0,0.3180779459369541,0,True
2010,14,2010_14_BAL_HOU,HOU,BAL,28.0,34.0,-6.0,0.37795035664574933,0,False
2010,15,2010_15_SF_SD,SD,SF,34.0,7.0,27.0,0.764246141811047,1,False
2010,15,2010_15_NO_BAL,BAL,NO,30.0,24.0,6.0,0.5519401584064934,1,False
2010,15,2010_15_ARI_CAR,CAR,ARI,19.0,12.0,7.0,0.5951765102353311,1,False
2010,15,2010_15_CLE_CIN,CIN,CLE,19.0,17.0,2.0,0.5446138369925837,1,False
2010,15,2010_15_WAS_DAL,DAL,WAS,33.0,30.0,3.0,0.7298357947972889,1,False
2010,15,2010_15_JAX_IND,IND,JAX,34.0,24.0,10.0,0.6487600126577382,1,False
2010,15,2010_15_BUF_MIA,MIA,BUF,14.0,17.0,-3.0,0.706699604334961,0,False
2010,15,2010_15_PHI_NYG,NYG,PHI,31.0,38.0,-7.0,0.582254534498182,0,False
2010,15,2010_15_KC_STL,STL,KC,13.0,27.0,-14.0,0.5215409091645781,0,False
2010,15,2010_15_DET_TB,TB,DET,20.0,23.0,-3.0,0.7608795248079439,0,False
2010,15,2010_15_HOU_TEN,TEN,HOU,31.0,17.0,14.0,0.597661853433742,1,False
2010,15,2010_15_ATL_SEA,SEA,ATL,18.0,34.0,-16.0,0.2732721545026412,0,False
2010,15,2010_15_DEN_OAK,OAK,DEN,39.0,23.0,16.0,0.7233323550006313,1,False
2010,15,2010_15_NYJ_PIT,PIT,NYJ,17.0,22.0,-5.0,0.6655466259447257,0,False
2010,15,2010_15_GB_NE,NE,GB,31.0,27.0,4.0,0.7127300863880616,1,False
2010,15,2010_15_CHI_MIN,MIN,CHI,14.0,40.0,-26.0,0.3948093520003813,0,False
2010,16,2010_16_CAR_PIT,PIT,CAR,27.0,3.0,24.0,0.8264599591093214,1,False
2010,16,2010_16_DAL_ARI,ARI,DAL,27.0,26.0,1.0,0.3429867023288679,1,False
2010,16,2010_16_NE_BUF,BUF,NE,3.0,34.0,-31.0,0.2307092541582377,0,False
2010,16,2010_16_NYJ_CHI,CHI,NYJ,38.0,34.0,4.0,0.5551722020733885,1,False
2010,16,2010_16_BAL_CLE,CLE,BAL,10.0,20.0,-10.0,0.2938817431608272,0,False
2010,16,2010_16_WAS_JAX,JAX,WAS,17.0,20.0,-3.0,0.729725552785292,0,False
2010,16,2010_16_TEN_KC,KC,TEN,34.0,14.0,20.0,0.636179886935104,1,False
2010,16,2010_16_DET_MIA,MIA,DET,27.0,34.0,-7.0,0.7611083350936301,0,False
2010,16,2010_16_SF_STL,STL,SF,25.0,17.0,8.0,0.518878531747466,1,False
2010,16,2010_16_SD_CIN,CIN,SD,34.0,20.0,14.0,0.29328801823974926,1,False
2010,16,2010_16_HOU_DEN,DEN,HOU,24.0,23.0,1.0,0.3517120408375343,1,False
2010,16,2010_16_IND_OAK,OAK,IND,26.0,31.0,-5.0,0.39678620890108374,0,False
2010,16,2010_16_NYG_GB,GB,NYG,45.0,17.0,28.0,0.6608392544322921,1,False
2010,16,2010_16_SEA_TB,TB,SEA,38.0,15.0,23.0,0.6672750491901853,1,False
2010,16,2010_16_NO_ATL,ATL,NO,14.0,17.0,-3.0,0.6463903744813003,0,False
2010,16,2010_16_MIN_PHI,PHI,MIN,14.0,24.0,-10.0,0.7927123189115274,0,False
2010,17,2010_17_CAR_ATL,ATL,CAR,31.0,10.0,21.0,0.8585041249857388,1,False
2010,17,2010_17_CIN_BAL,BAL,CIN,13.0,7.0,6.0,0.7947784727015362,1,False
2010,17,2010_17_PIT_CLE,CLE,PIT,9.0,41.0,-32.0,0.29565462487933225,0,False
2010,17,2010_17_MIN_DET,DET,MIN,20.0,13.0,7.0,0.5004414947917252,1,False
2010,17,2010_17_OAK_KC,KC,OAK,10.0,31.0,-21.0,0.6455437665723158,0,False
2010,17,2010_17_MIA_NE,NE,MIA,38.0,7.0,31.0,0.8247121246601102,1,False
2010,17,2010_17_TB_NO,NO,TB,13.0,23.0,-10.0,0.7369191540645637,0,False
2010,17,2010_17_BUF_NYJ,NYJ,BUF,38.0,7.0,31.0,0.7732179930324294,1,False
2010,17,2010_17_SD_DEN,DEN,SD,28.0,33.0,-5.0,0.2508533898617829,0,False
2010,17,2010_17_CHI_GB,GB,CHI,10.0,3.0,7.0,0.7756426596898417,1,False
2010,17,2010_17_JAX_HOU,HOU,JAX,34.0,17.0,17.0,0.6409481570546107,1,False
2010,17,2010_17_TEN_IND,IND,TEN,23.0,20.0,3.0,0.7307393357737294,1,False
2010,17,2010_17_DAL_PHI,PHI,DAL,13.0,14.0,-1.0,0.6893108280564173,0,False
2010,17,2010_17_ARI_SF,SF,ARI,38.0,7.0,31.0,0.6833455268762142,1,False
2010,17,2010_17_NYG_WAS,WAS,NYG,14.0,17.0,-3.0,0.35923577091440484,0,False
2010,17,2010_17_STL_SEA,SEA,STL,16.0,6.0,10.0,0.4360680632905055,1,False
2011,1,2011_01_NO_GB,GB,NO,42.0,34.0,8.0,0.6754110408334572,1,False
2011,1,2011_01_PIT_BAL,BAL,PIT,35.0,7.0,28.0,0.5999138592106074,1,False
2011,1,2011_01_ATL_CHI,CHI,ATL,30.0,12.0,18.0,0.497556903481003,1,False
2011,1,2011_01_CIN_CLE,CLE,CIN,17.0,27.0,-10.0,0.7035496603432886,0,False
2011,1,2011_01_IND_HOU,HOU,IND,34.0,7.0,27.0,0.6559395426129271,1,False
2011,1,2011_01_TEN_JAX,JAX,TEN,16.0,14.0,2.0,0.5481866447196682,1,False
2011,1,2011_01_BUF_KC,KC,BUF,7.0,41.0,-34.0,0.6923163607320717,0,False
2011,1,2011_01_PHI_STL,STL,PHI,13.0,31.0,-18.0,0.34739108267121427,0,False
2011,1,2011_01_DET_TB,TB,DET,20.0,27.0,-7.0,0.6850661017333114,0,False
2011,1,2011_01_CAR_ARI,ARI,CAR,28.0,21.0,7.0,0.6817328938815704,1,False
2011,1,2011_01_MIN_SD,SD,MIN,24.0,17.0,7.0,0.6921250228005498,1,False
2011,1,2011_01_SEA_SF,SF,SEA,33.0,17.0,16.0,0.6532544446847282,1,False
2011,1,2011_01_NYG_WAS,WAS,NYG,28.0,14.0,14.0,0.4388229646793181,1,False
2011,1,2011_01_DAL_NYJ,NYJ,DAL,27.0,24.0,3.0,0.6825213795323364,1,False
2011,1,2011_01_NE_MIA,MIA,NE,24.0,38.0,-14.0,0.2632544352442599,0,False
2011,1,2011_01_OAK_DEN,DEN,OAK,20.0,23.0,-3.0,0.46130363629066906,0,False
2011,2,2011_02_OAK_BUF,BUF,OAK,38.0,35.0,3.0,0.5930950574220674,1,False
2011,2,2011_02_GB_CAR,CAR,GB,23.0,30.0,-7.0,0.26382594925062375,0,False
2011,2,2011_02_KC_DET,DET,KC,48.0,3.0,45.0,0.6965049469505122,1,False
2011,2,2011_02_CLE_IND,IND,CLE,19.0,27.0,-8.0,0.6572095992990384,0,False
2011,2,2011_02_TB_MIN,MIN,TB,20.0,24.0,-4.0,0.5174921744334279,0,False
2011,2,2011_02_CHI_NO,NO,CHI,30.0,13.0,17.0,0.6071485294099365,1,False
2011,2,2011_02_JAX_NYJ,NYJ,JAX,32.0,3.0,29.0,0.7227213361551702,1,False
2011,2,2011_02_SEA_PIT,PIT,SEA,24.0,0.0,24.0,0.7643682799242271,1,False
2011,2,2011_02_BAL_TEN,TEN,BAL,26.0,13.0,13.0,0.337259296880219,1,False
2011,2,2011_02_ARI_WAS,WAS,ARI,22.0,21.0,1.0,0.6662005021866096,1,False
2011,2,2011_02_DAL_SF,SF,DAL,24.0,27.0,-3.0,0.5552692231525975,0,False
2011,2,2011_02_CIN_DEN,DEN,CIN,24.0,22.0,2.0,0.5257243424003111,1,False
2011,2,2011_02_HOU_MIA,MIA,HOU,13.0,23.0,-10.0,0.45011713400996084,0,False
2011,2,2011_02_SD_NE,NE,SD,35.0,21.0,14.0,0.6774912256617993,1,False
2011,2,2011_02_PHI_ATL,ATL,PHI,35.0,31.0,4.0,0.5117353205814329,1,False
2011,2,2011_02_STL_NYG,NYG,STL,28.0,16.0,12.0,0.6804869442387946,1,False
2011,3,2011_03_NE_BUF,BUF,NE,34.0,31.0,3.0,0.34007634323086783,1,False
2011,3,2011_03_JAX_CAR,CAR,JAX,16.0,10.0,6.0,0.5275470342682523,1,False
2011,3,2011_03_SF_CIN,CIN,SF,8.0,13.0,-5.0,0.5269011774179723,0,False
2011,3,2011_03_MIA_CLE,CLE,MIA,17.0,16.0,1.0,0.559902365462611,1,False
2011,3,2011_03_DET_MIN,MIN,DET,23.0,26.0,-3.0,0.45503834664733517,0,False
2011,3,2011_03_HOU_NO,NO,HOU,40.0,33.0,7.0,0.6699026449500238,1,False
2011,3,2011_03_NYG_PHI,PHI,NYG,16.0,29.0,-13.0,0.7552222139764423,0,False
2011,3,2011_03_DEN_TEN,TEN,DEN,17.0,14.0,3.0,0.6840578440956574,1,False
2011,3,2011_03_NYJ_OAK,OAK,NYJ,34.0,24.0,10.0,0.4164097248785139,1,False
2011,3,2011_03_KC_SD,SD,KC,20.0,17.0,3.0,0.7178566488880077,1,False
2011,3,2011_03_BAL_STL,STL,BAL,7.0,37.0,-30.0,0.33115513130175367,0,False
2011,3,2011_03_GB_CHI,CHI,GB,17.0,27.0,-10.0,0.41715657345506807,0,False
2011,3,2011_03_ARI_SEA,SEA,ARI,13.0,10.0,3.0,0.5283174851152694,1,False
2011,3,2011_03_ATL_TB,TB,ATL,16.0,13.0,3.0,0.4975121560955713,1,False
2011,3,2011_03_PIT_IND,IND,PIT,20.0,23.0,-3.0,0.2800588029771536,0,False
2011,3,2011_03_WAS_DAL,DAL,WAS,18.0,16.0,2.0,0.6677103278151114,1,False
2011,4,2011_04_CAR_CHI,CHI,CAR,34.0,29.0,5.0,0.7245831321065712,1,False
2011,4,2011_04_BUF_CIN,CIN,BUF,23.0,20.0,3.0,0.444476169149811,1,False
2011,4,2011_04_TEN_CLE,CLE,TEN,13.0,31.0,-18.0,0.523253226597553,0,False
2011,4,2011_04_DET_DAL,DAL,DET,30.0,34.0,-4.0,0.6151536392961624,0,False
2011,4,2011_04_PIT_HOU,HOU,PIT,17.0,10.0,7.0,0.5665371317086666,1,False
2011,4,2011_04_NO_JAX,JAX,NO,10.0,23.0,-13.0,0.33800733918464937,0,False
2011,4,2011_04_MIN_KC,KC,MIN,22.0,17.0,5.0,0.48167725894471347,1,False
2011,4,2011_04_SF_PHI,PHI,SF,23.0,24.0,-1.0,0.757743481308441,0,False
2011,4,2011_04_WAS_STL,STL,WAS,10.0,17.0,-7.0,0.403696527260701,0,False
2011,4,2011_04_NYG_ARI,ARI,NYG,27.0,31.0,-4.0,0.38224878481467656,0,False
2011,4,2011_04_ATL_SEA,SEA,ATL,28.0,30.0,-2.0,0.2858656084787666,0,False
2011,4,2011_04_DEN_GB,GB,DEN,49.0,23.0,26.0,0.8176418732857594,1,False
2011,4,2011_04_NE_OAK,OAK,NE,19.0,31.0,-12.0,0.30633558231546704,0,False
2011,4,2011_04_MIA_SD,SD,MIA,26.0,16.0,10.0,0.707096185044749,1,False
2011,4,2011_04_NYJ_BAL,BAL,NYJ,34.0,17.0,17.0,0.6863303313798155,1,False
2011,4,2011_04_IND_TB,TB,IND,24.0,17.0,7.0,0.6439190041691664,1,False
2011,5,2011_05_PHI_BUF,BUF,PHI,31.0,24.0,7.0,0.47850750600763914,1,False
2011,5,2011_05_NO_CAR,CAR,NO,27.0,30.0,-3.0,0.30589583758146466,0,False
2011,5,2011_05_OAK_HOU,HOU,OAK,20.0,25.0,-5.0,0.6889499882963519,0,False
2011,5,2011_05_KC_IND,IND,KC,24.0,28.0,-4.0,0.6017097861500776,0,False
2011,5,2011_05_CIN_JAX,JAX,CIN,20.0,30.0,-10.0,0.45908761036842965,0,False
2011,5,2011_05_ARI_MIN,MIN,ARI,34.0,10.0,24.0,0.6630876750423772,1,False
2011,5,2011_05_SEA_NYG,NYG,SEA,25.0,36.0,-11.0,0.7435993692369071,0,False
2011,5,2011_05_TEN_PIT,PIT,TEN,38.0,17.0,21.0,0.6517810011057298,1,False
2011,5,2011_05_TB_SF,SF,TB,48.0,3.0,45.0,0.5689354204101711,1,False
2011,5,2011_05_SD_DEN,DEN,SD,24.0,29.0,-5.0,0.337649459352761,0,False
2011,5,2011_05_NYJ_NE,NE,NYJ,30.0,21.0,9.0,0.7134849244141158,1,False
2011,5,2011_05_GB_ATL,ATL,GB,14.0,25.0,-11.0,0.37068064367653314,0,False
2011,5,2011_05_CHI_DET,DET,CHI,24.0,13.0,11.0,0.6653637729687832,1,False
2011,6,2011_06_CAR_ATL,ATL,CAR,31.0,17.0,14.0,0.7586447650528688,1,False
2011,6,2011_06_IND_CIN,CIN,IND,27.0,17.0,10.0,0.7147535868414531,1,False
2011,6,2011_06_SF_DET,DET,SF,19.0,25.0,-6.0,0.6779051063577234,0,False
2011,6,2011_06_STL_GB,GB,STL,24.0,3.0,21.0,0.8615901474107541,1,False
2011,6,2011_06_BUF_NYG,NYG,BUF,27.0,24.0,3.0,0.6291795012087282,1,False
2011,6,2011_06_JAX_PIT,PIT,JAX,17.0,13.0,4.0,0.7701662757088829,1,False
2011,6,2011_06_PHI_WAS,WAS,PHI,13.0,20.0,-7.0,0.48995030564108066,0,False
2011,6,2011_06_HOU_BAL,BAL,HOU,29.0,14.0,15.0,0.6883156795244092,1,False
2011,6,2011_06_CLE_OAK,OAK,CLE,24.0,17.0,7.0,0.6766313309780847,1,False
2011,6,2011_06_DAL_NE,NE,DAL,20.0,16.0,4.0,0.7694200238691847,1,False
2011,6,2011_06_NO_TB,TB,NO,26.0,20.0,6.0,0.33318496858924757,1,False
2011,6,2011_06_MIN_CHI,CHI,MIN,39.0,10.0,29.0,0.6497900755524934,1,False
2011,6,2011_06_MIA_NYJ,NYJ,MIA,24.0,6.0,18.0,0.7328128744912649,1,False
2011,7,2011_07_WAS_CAR,CAR,WAS,33.0,20.0,13.0,0.5184686105186384,1,False
2011,7,2011_07_SEA_CLE,CLE,SEA,6.0,3.0,3.0,0.6463091242690348,1,False
2011,7,2011_07_ATL_DET,DET,ATL,16.0,23.0,-7.0,0.6130759693163864,0,False
2011,7,2011_07_DEN_MIA,MIA,DEN,15.0,18.0,-3.0,0.5948229979656754,0,False
2011,7,2011_07_SD_NYJ,NYJ,SD,27.0,21.0,6.0,0.5190683532929758,1,False
2011,7,2011_07_CHI_TB,TB,CHI,18.0,24.0,-6.0,0.44781815176561257,0,True
2011,7,2011_07_HOU_TEN,TEN,HOU,7.0,41.0,-34.0,0.6195272642901278,0,False
2011,7,2011_07_PIT_ARI,ARI,PIT,20.0,32.0,-12.0,0.30267985212341425,0,False
2011,7,2011_07_KC_OAK,OAK,KC,0.0,28.0,-28.0,0.6923481816548538,0,False
2011,7,2011_07_STL_DAL,DAL,STL,34.0,7.0,27.0,0.7672324898937255,1,False
2011,7,2011_07_GB_MIN,MIN,GB,27.0,33.0,-6.0,0.24431501395225458,0,False
2011,7,2011_07_IND_NO,NO,IND,62.0,7.0,55.0,0.7381473599667913,1,False
2011,7,2011_07_BAL_JAX,JAX,BAL,12.0,7.0,5.0,0.2739306021867179,1,False
2011,8,2011_08_ARI_BAL,BAL,ARI,30.0,27.0,3.0,0.8296462458271521,1,False
2011,8,2011_08_MIN_CAR,CAR,MIN,21.0,24.0,-3.0,0.6348651115390875,0,False
2011,8,2011_08_JAX_HOU,HOU,JAX,24.0,14.0,10.0,0.7070706472410896,1,False
2011,8,2011_08_MIA_NYG,NYG,MIA,20.0,17.0,3.0,0.7629339292059534,1,False
2011,8,2011_08_NO_STL,STL,NO,31.0,21.0,10.0,0.21670552224249845,1,False
2011,8,2011_08_IND_TEN,TEN,IND,27.0,10.0,17.0,0.767936789823218,1,False
2011,8,2011_08_WAS_BUF,BUF,WAS,23.0,0.0,23.0,0.6917363371050025,1,False
2011,8,2011_08_DET_DEN,DEN,DET,10.0,45.0,-35.0,0.3196009547727696,0,False
2011,8,2011_08_NE_PIT,PIT,NE,25.0,17.0,8.0,0.40675085823779666,1,False
2011,8,2011_08_CIN_SEA,SEA,CIN,12.0,34.0,-22.0,0.4081036457050483,0,False
2011,8,2011_08_CLE_SF,SF,CLE,20.0,10.0,10.0,0.7152348555928345,1,False
2011,8,2011_08_DAL_PHI,PHI,DAL,34.0,7.0,27.0,0.6308791214807867,1,False
2011,8,2011_08_SD_KC,KC,SD,23.0,20.0,3.0,0.4258873044741779,1,False
2011,9,2011_09_NYJ_BUF,BUF,NYJ,11.0,27.0,-16.0,0.5552740199948303,0,False
2011,9,2011_09_SEA_DAL,DAL,SEA,23.0,13.0,10.0,0.6746055973113294,1,False
2011,9,2011_09_CLE_HOU,HOU,CLE,30.0,12.0,18.0,0.7261431464074853,1,False
2011,9,2011_09_ATL_IND,IND,ATL,7.0,31.0,-24.0,0.34205967962227407,0,False
2011,9,2011_09_MIA_KC,KC,MIA,3.0,31.0,-28.0,0.7069916857799313,0,False
2011,9,2011_09_TB_NO,NO,TB,27.0,16.0,11.0,0.6486105255345013,1,False
2011,9,2011_09_SF_WAS,WAS,SF,11.0,19.0,-8.0,0.329309232557483,0,False
2011,9,2011_09_DEN_OAK,OAK,DEN,24.0,38.0,-14.0,0.7221741367902531,0,False
2011,9,2011_09_CIN_TEN,TEN,CIN,17.0,24.0,-7.0,0.5615686309617939,0,False
2011,9,2011_09_STL_ARI,ARI,STL,19.0,13.0,6.0,0.5239139738405217,1,False
2011,9,2011_09_NYG_NE,NE,NYG,20.0,24.0,-4.0,0.7169972046417132,0,False
2011,9,2011_09_GB_SD,SD,GB,38.0,45.0,-7.0,0.31580998605904914,0,False
2011,9,2011_09_BAL_PIT,PIT,BAL,20.0,23.0,-3.0,0.6380661759370447,0,False
2011,9,2011_09_CHI_PHI,PHI,CHI,24.0,30.0,-6.0,0.7049382570006646,0,False
2011,10,2011_10_OAK_SD,SD,OAK,17.0,24.0,-7.0,0.6929278500653315,0,False
2011,10,2011_10_NO_ATL,ATL,NO,23.0,26.0,-3.0,0.5979400099447142,0,False
2011,10,2011_10_TEN_CAR,CAR,TEN,3.0,30.0,-27.0,0.5153547673236851,0,False
2011,10,2011_10_PIT_CIN,CIN,PIT,17.0,24.0,-7.0,0.41954784127473377,0,False
2011,10,2011_10_STL_CLE,CLE,STL,12.0,13.0,-1.0,0.669226699838353,0,False
2011,10,2011_10_BUF_DAL,DAL,BUF,44.0,7.0,37.0,0.6444035980012639,1,False
2011,10,2011_10_JAX_IND,IND,JAX,3.0,17.0,-14.0,0.4848341581578025,0,False
2011,10,2011_10_DEN_KC,KC,DEN,10.0,17.0,-7.0,0.6431628027318977,0,False
2011,10,2011_10_WAS_MIA,MIA,WAS,20.0,9.0,11.0,0.6466141451111542,1,False
2011,10,2011_10_ARI_PHI,PHI,ARI,17.0,21.0,-4.0,0.782341820870305,0,False
2011,10,2011_10_HOU_TB,TB,HOU,9.0,37.0,-28.0,0.40604230478985126,0,False
2011,10,2011_10_BAL_SEA,SEA,BAL,22.0,17.0,5.0,0.27146471144282236,1,False
2011,10,2011_10_DET_CHI,CHI,DET,37.0,13.0,24.0,0.6568331960146838,1,False
2011,10,2011_10_NYG_SF,SF,NYG,27.0,20.0,7.0,0.6641177040885287,1,False
2011,10,2011_10_NE_NYJ,NYJ,NE,16.0,37.0,-21.0,0.5477494249022036,0,False
2011,10,2011_10_MIN_GB,GB,MIN,45.0,7.0,38.0,0.8556040776271862,1,False
2011,11,2011_11_NYJ_DEN,DEN,NYJ,17.0,13.0,4.0,0.28819012381039116,1,False
2011,11,2011_11_CIN_BAL,BAL,CIN,31.0,24.0,7.0,0.6646613157565363,1,False
2011,11,2011_11_JAX_CLE,CLE,JAX,14.0,10.0,4.0,0.5438601674501832,1,False
2011,11,2011_11_CAR_DET,DET,CAR,49.0,35.0,14.0,0.7405710350496438,1,False
2011,11,2011_11_TB_GB,GB,TB,35.0,26.0,9.0,0.819166049767498,1,False
2011,11,2011_11_BUF_MIA,MIA,BUF,35.0,8.0,27.0,0.5946294550073727,1,False
2011,11,2011_11_OAK_MIN,MIN,OAK,21.0,27.0,-6.0,0.5036028270554462,0,False
2011,11,2011_11_DAL_WAS,WAS,DAL,24.0,27.0,-3.0,0.33576400572262144,0,False
2011,11,2011_11_ARI_SF,SF,ARI,23.0,7.0,16.0,0.8186084460394045,1,False
2011,11,2011_11_SEA_STL,STL,SEA,7.0,24.0,-17.0,0.5614575573077695,0,False
2011,11,2011_11_TEN_ATL,ATL,TEN,23.0,17.0,6.0,0.6693869392759428,1,False
2011,11,2011_11_SD_CHI,CHI,SD,31.0,20.0,11.0,0.6801707937697992,1,False
2011,11,2011_11_PHI_NYG,NYG,PHI,10.0,17.0,-7.0,0.6483704323323842,0,False
2011,11,2011_11_KC_NE,NE,KC,34.0,3.0,31.0,0.8372906490491284,1,False
2011,12,2011_12_GB_DET,DET,GB,15.0,27.0,-12.0,0.3427154983075301,0,False
2011,12,2011_12_MIA_DAL,DAL,MIA,20.0,19.0,1.0,0.6468606587395894,1,False
2011,12,2011_12_SF_BAL,BAL,SF,16.0,6.0,10.0,0.6279314328391999,1,False
2011,12,2011_12_MIN_ATL,ATL,MIN,24.0,14.0,10.0,0.7789362863192205,1,False
2011,12,2011_12_CLE_CIN,CIN,CLE,23.0,20.0,3.0,0.6899363656359163,1,False
2011,12,2011_12_CAR_IND,IND,CAR,19.0,27.0,-8.0,0.5221265376777355,0,False
2011,12,2011_12_HOU_JAX,JAX,HOU,13.0,20.0,-7.0,0.2953780488173725,0,False
2011,12,2011_12_BUF_NYJ,NYJ,BUF,28.0,24.0,4.0,0.7018215856866006,1,False
2011,12,2011_12_ARI_STL,STL,ARI,20.0,23.0,-3.0,0.5328604073140404,0,False
2011,12,2011_12_TB_TEN,TEN,TB,23.0,17.0,6.0,0.658816674679853,1,False
2011,12,2011_12_CHI_OAK,OAK,CHI,25.0,20.0,5.0,0.5166304059080333,1,False
2011,12,2011_12_WAS_SEA,SEA,WAS,17.0,23.0,-6.0,0.684987529757978,0,False
2011,12,2011_12_NE_PHI,PHI,NE,20.0,38.0,-18.0,0.3434359534327403,0,False
2011,12,2011_12_DEN_SD,SD,DEN,13.0,16.0,-3.0,0.7008032206064367,0,False
2011,12,2011_12_PIT_KC,KC,PIT,9.0,13.0,-4.0,0.28437648552002304,0,False
2011,12,2011_12_NYG_NO,NO,NYG,49.0,24.0,25.0,0.6652349789358624,1,False
2011,13,2011_13_PHI_SEA,SEA,PHI,31.0,14.0,17.0,0.429013530256034,1,False
2011,13,2011_13_TEN_BUF,BUF,TEN,17.0,23.0,-6.0,0.49218595801603443,0,False
2011,13,2011_13_KC_CHI,CHI,KC,3.0,10.0,-7.0,0.7686637291381724,0,False
2011,13,2011_13_ATL_HOU,HOU,ATL,17.0,10.0,7.0,0.5074626850669541,1,False
2011,13,2011_13_OAK_MIA,MIA,OAK,34.0,14.0,20.0,0.569492620331571,1,False
2011,13,2011_13_DEN_MIN,MIN,DEN,32.0,35.0,-3.0,0.5069962979148867,0,False
2011,13,2011_13_IND_NE,NE,IND,31.0,24.0,7.0,0.9091780250203848,1,False
2011,13,2011_13_CIN_PIT,PIT,CIN,35.0,7.0,28.0,0.7057896802946625,1,False
2011,13,2011_13_CAR_TB,TB,CAR,19.0,38.0,-19.0,0.5987394650652462,0,False
2011,13,2011_13_NYJ_WAS,WAS,NYJ,19.0,34.0,-15.0,0.31603462367805657,0,False
2011,13,2011_13_BAL_CLE,CLE,BAL,10.0,24.0,-14.0,0.28404514427733346,0,False
2011,13,2011_13_DAL_ARI,ARI,DAL,19.0,13.0,6.0,0.340128660608444,1,False
2011,13,2011_13_GB_NYG,NYG,GB,35.0,38.0,-3.0,0.29724489911202656,0,False
2011,13,2011_13_STL_SF,SF,STL,26.0,0.0,26.0,0.8587054355413001,1,False
2011,13,2011_13_DET_NO,NO,DET,31.0,17.0,14.0,0.697363277318985,1,False
2011,13,2011_13_SD_JAX,JAX,SD,14.0,38.0,-24.0,0.4246691319590798,0,False
2011,14,2011_14_CLE_PIT,PIT,CLE,14.0,3.0,11.0,0.8371378005853077,1,False
2011,14,2011_14_IND_BAL,BAL,IND,24.0,10.0,14.0,0.8886559761812075,1,False
2011,14,2011_14_ATL_CAR,CAR,ATL,23.0,31.0,-8.0,0.3410027717735306,0,False
2011,14,2011_14_HOU_CIN,CIN,HOU,19.0,20.0,-1.0,0.5012673166917949,0,False
2011,14,2011_14_MIN_DET,DET,MIN,34.0,28.0,6.0,0.7051345569059961,1,False
2011,14,2011_14_TB_JAX,JAX,TB,41.0,14.0,27.0,0.4882509537025576,1,False
2011,14,2011_14_PHI_MIA,MIA,PHI,10.0,26.0,-16.0,0.640173594543925,0,False
2011,14,2011_14_KC_NYJ,NYJ,KC,37.0,10.0,27.0,0.7167662693135857,1,False
2011,14,2011_14_NO_TEN,TEN,NO,17.0,22.0,-5.0,0.3580114834535824,0,False
2011,14,2011_14_NE_WAS,WAS,NE,27.0,34.0,-7.0,0.2017918685990442,0,False
2011,14,2011_14_SF_ARI,ARI,SF,21.0,19.0,2.0,0.3061452314355764,1,False
2011,14,2011_14_CHI_DEN,DEN,CHI,13.0,10.0,3.0,0.5492313522783021,1,False
2011,14,2011_14_OAK_GB,GB,OAK,46.0,16.0,30.0,0.8180930433625231,1,False
2011,14,2011_14_BUF_SD,SD,BUF,37.0,10.0,27.0,0.6778030297428025,1,False
2011,14,2011_14_NYG_DAL,DAL,NYG,34.0,37.0,-3.0,0.6765002242988873,0,False
2011,14,2011_14_STL_SEA,SEA,STL,30.0,13.0,17.0,0.720399832141131,1,False
2011,15,2011_15_JAX_ATL,ATL,JAX,41.0,14.0,27.0,0.7736884579347558,1,False
2011,15,2011_15_DAL_TB,TB,DAL,15.0,31.0,-16.0,0.29422847913414835,0,False
2011,15,2011_15_MIA_BUF,BUF,MIA,23.0,30.0,-7.0,0.44322254426360047,0,False
2011,15,2011_15_SEA_CHI,CHI,SEA,14.0,38.0,-24.0,0.677263491504486,0,False
2011,15,2011_15_CAR_HOU,HOU,CAR,13.0,28.0,-15.0,0.8153869933365671,0,False
2011,15,2011_15_TEN_IND,IND,TEN,27.0,13.0,14.0,0.30904819582524673,1,False
2011,15,2011_15_GB_KC,KC,GB,19.0,14.0,5.0,0.1831989100823695,1,False
2011,15,2011_15_NO_MIN,MIN,NO,20.0,42.0,-22.0,0.24334499340486634,0,False
2011,15,2011_15_WAS_NYG,NYG,WAS,10.0,23.0,-13.0,0.726577426231283,0,False
2011,15,2011_15_CIN_STL,STL,CIN,13.0,20.0,-7.0,0.2927328128978247,0,False
2011,15,2011_15_DET_OAK,OAK,DET,27.0,28.0,-1.0,0.5135651367508519,0,False
2011,15,2011_15_CLE_ARI,ARI,CLE,20.0,17.0,3.0,0.6734694120598397,1,False
2011,15,2011_15_NE_DEN,DEN,NE,23.0,41.0,-18.0,0.29932268243603527,0,False
2011,15,2011_15_NYJ_PHI,PHI,NYJ,45.0,19.0,26.0,0.47597863790793,1,False
2011,15,2011_15_BAL_SD,SD,BAL,34.0,14.0,20.0,0.38824309466490664,1,False
2011,15,2011_15_PIT_SF,SF,PIT,20.0,3.0,17.0,0.5251060060140207,1,False
2011,16,2011_16_HOU_IND,IND,HOU,19.0,16.0,3.0,0.30167274965653734,1,False
2011,16,2011_16_CLE_BAL,BAL,CLE,20.0,14.0,6.0,0.8474417378913767,1,False
2011,16,2011_16_DEN_BUF,BUF,DEN,40.0,14.0,26.0,0.3978011351192393,1,False
2011,16,2011_16_TB_CAR,CAR,TB,48.0,16.0,32.0,0.6636195735736966,1,False
2011,16,2011_16_ARI_CIN,CIN,ARI,23.0,16.0,7.0,0.6432795061102641,1,False
2011,16,2011_16_OAK_KC,KC,OAK,13.0,16.0,-3.0,0.5613285582305702,0,False
2011,16,2011_16_MIA_NE,NE,MIA,27.0,24.0,3.0,0.8101464476950991,1,False
2011,16,2011_16_NYG_NYJ,NYJ,NYG,14.0,29.0,-15.0,0.6689854735798563,0,False
2011,16,2011_16_STL_PIT,PIT,STL,27.0,0.0,27.0,0.8840710824373783,1,False
2011,16,2011_16_JAX_TEN,TEN,JAX,23.0,17.0,6.0,0.6561937120397914,1,False
2011,16,2011_16_MIN_WAS,WAS,MIN,26.0,33.0,-7.0,0.7155868034097977,0,False
2011,16,2011_16_SD_DET,DET,SD,38.0,10.0,28.0,0.49465069554385743,1,False
2011,16,2011_16_PHI_DAL,DAL,PHI,7.0,20.0,-13.0,0.5588390054747937,0,False
2011,16,2011_16_SF_SEA,SEA,SF,17.0,19.0,-2.0,0.39503643697765084,0,False
2011,16,2011_16_CHI_GB,GB,CHI,35.0,21.0,14.0,0.8122418759285934,1,False
2011,16,2011_16_ATL_NO,NO,ATL,45.0,16.0,29.0,0.7330634817926498,1,False
2011,17,2011_17_DET_GB,GB,DET,45.0,41.0,4.0,0.7304349648530385,1,False
2011,17,2011_17_TEN_HOU,HOU,TEN,22.0,23.0,-1.0,0.6131469677152738,0,False
2011,17,2011_17_IND_JAX,JAX,IND,19.0,13.0,6.0,0.6210626681067868,1,False
2011,17,2011_17_NYJ_MIA,MIA,NYJ,19.0,17.0,2.0,0.5505026326624295,1,False
2011,17,2011_17_CHI_MIN,MIN,CHI,13.0,17.0,-4.0,0.4459376250317707,0,False
2011,17,2011_17_BUF_NE,NE,BUF,49.0,21.0,28.0,0.8668853868682523,1,False
2011,17,2011_17_CAR_NO,NO,CAR,45.0,17.0,28.0,0.8102464243772903,1,False
2011,17,2011_17_WAS_PHI,PHI,WAS,34.0,10.0,24.0,0.774209256751612,1,False
2011,17,2011_17_SF_STL,STL,SF,27.0,34.0,-7.0,0.18788965676744307,0,False
2011,17,2011_17_SEA_ARI,ARI,SEA,23.0,20.0,3.0,0.49158996697672197,1,False
2011,17,2011_17_TB_ATL,ATL,TB,45.0,24.0,21.0,0.8299767116051691,1,False
2011,17,2011_17_BAL_CIN,CIN,BAL,16.0,24.0,-8.0,0.3960869656005651,0,False
2011,17,2011_17_PIT_CLE,CLE,PIT,9.0,13.0,-4.0,0.21654728079595753,0,False
2011,17,2011_17_KC_DEN,DEN,KC,3.0,7.0,-4.0,0.6162874034663879,0,False
2011,17,2011_17_SD_OAK,OAK,SD,26.0,38.0,-12.0,0.5587431804548352,0,False
2011,17,2011_17_DAL_NYG,NYG,DAL,31.0,14.0,17.0,0.6252247796302124,1,False
2012,1,2012_01_DAL_NYG,NYG,DAL,17.0,24.0,-7.0,0.6677031189710996,0,False
2012,1,2012_01_IND_CHI,CHI,IND,41.0,21.0,20.0,0.6757781057593621,1,False
2012,1,2012_01_PHI_CLE,CLE,PHI,16.0,17.0,-1.0,0.23281074313421782,0,False
2012,1,2012_01_STL_DET,DET,STL,27.0,23.0,4.0,0.7811701339071614,1,False
2012,1,2012_01_MIA_HOU,HOU,MIA,30.0,10.0,20.0,0.79629985411002,1,False
2012,1,2012_01_ATL_KC,KC,ATL,24.0,40.0,-16.0,0.40677570320801915,0,False
2012,1,2012_01_JAX_MIN,MIN,JAX,26.0,23.0,3.0,0.6092772363371847,1,False
2012,1,2012_01_WAS_NO,NO,WAS,32.0,40.0,-8.0,0.8138541193455013,0,False
2012,1,2012_01_BUF_NYJ,NYJ,BUF,48.0,28.0,20.0,0.649237120267676,1,False
2012,1,2012_01_NE_TEN,TEN,NE,13.0,34.0,-21.0,0.34658677348221895,0,False
2012,1,2012_01_SEA_ARI,ARI,SEA,20.0,16.0,4.0,0.5719204955441971,1,False
2012,1,2012_01_SF_GB,GB,SF,22.0,30.0,-8.0,0.6449032695656874,0,False
2012,1,2012_01_CAR_TB,TB,CAR,16.0,10.0,6.0,0.4259803304605325,1,False
2012,1,2012_01_PIT_DEN,DEN,PIT,31.0,19.0,12.0,0.40150088105436976,1,False
2012,1,2012_01_CIN_BAL,BAL,CIN,44.0,13.0,31.0,0.6672829008113887,1,False
2012,1,2012_01_SD_OAK,OAK,SD,14.0,22.0,-8.0,0.524609486758863,0,False
2012,2,2012_02_CHI_GB,GB,CHI,23.0,10.0,13.0,0.7122847181611439,1,False
2012,2,2012_02_KC_BUF,BUF,KC,35.0,17.0,18.0,0.6194002899850894,1,False
2012,2,2012_02_NO_CAR,CAR,NO,35.0,27.0,8.0,0.3436663826904774,1,False
2012,2,2012_02_CLE_CIN,CIN,CLE,34.0,27.0,7.0,0.6908158535358305,1,False
2012,2,2012_02_MIN_IND,IND,MIN,23.0,20.0,3.0,0.42886619640091006,1,False
2012,2,2012_02_HOU_JAX,JAX,HOU,7.0,27.0,-20.0,0.3421454852609573,0,False
2012,2,2012_02_OAK_MIA,MIA,OAK,35.0,13.0,22.0,0.5270823236265421,1,False
2012,2,2012_02_ARI_NE,NE,ARI,18.0,20.0,-2.0,0.7950990639439244,0,False
2012,2,2012_02_TB_NYG,NYG,TB,41.0,34.0,7.0,0.6705241987470086,1,False
2012,2,2012_02_BAL_PHI,PHI,BAL,24.0,23.0,1.0,0.5555308266769702,1,False
2012,2,2012_02_DAL_SEA,SEA,DAL,27.0,7.0,20.0,0.43343401732309733,1,False
2012,2,2012_02_WAS_STL,STL,WAS,31.0,28.0,3.0,0.392280118679684,1,False
2012,2,2012_02_NYJ_PIT,PIT,NYJ,27.0,10.0,17.0,0.6734550843410007,1,False
2012,2,2012_02_TEN_SD,SD,TEN,38.0,10.0,28.0,0.6927762469856793,1,False
2012,2,2012_02_DET_SF,SF,DET,27.0,19.0,8.0,0.6532670490182071,1,False
2012,2,2012_02_DEN_ATL,ATL,DEN,27.0,21.0,6.0,0.718525264051877,1,False
2012,3,2012_03_NYG_CAR,CAR,NYG,7.0,36.0,-29.0,0.566776482031408,0,False
2012,3,2012_03_STL_CHI,CHI,STL,23.0,6.0,17.0,0.7273037088786364,1,False
2012,3,2012_03_BUF_CLE,CLE,BUF,14.0,24.0,-10.0,0.4184100361929256,0,False
2012,3,2012_03_TB_DAL,DAL,TB,16.0,10.0,6.0,0.661828577182702,1,False
2012,3,2012_03_JAX_IND,IND,JAX,17.0,22.0,-5.0,0.5837721815292715,0,False
2012,3,2012_03_NYJ_MIA,MIA,NYJ,20.0,23.0,-3.0,0.4797367392628151,0,False
2012,3,2012_03_SF_MIN,MIN,SF,24.0,13.0,11.0,0.3307366498306594,1,False
2012,3,2012_03_KC_NO,NO,KC,24.0,27.0,-3.0,0.7578069537049874,0,False
2012,3,2012_03_DET_TEN,TEN,DET,44.0,41.0,3.0,0.38683908084553004,1,False
2012,3,2012_03_CIN_WAS,WAS,CIN,31.0,38.0,-7.0,0.5069435337107839,0,False
2012,3,2012_03_PHI_ARI,ARI,PHI,27.0,6.0,21.0,0.3963082793998291,1,False
2012,3,2012_03_ATL_SD,SD,ATL,3.0,27.0,-24.0,0.595997538577224,0,False
2012,3,2012_03_HOU_DEN,DEN,HOU,25.0,31.0,-6.0,0.381472726699149,0,False
2012,3,2012_03_PIT_OAK,OAK,PIT,34.0,31.0,3.0,0.33390199451879626,1,False
2012,3,2012_03_NE_BAL,BAL,NE,31.0,30.0,1.0,0.56129772875924,1,False
2012,3,2012_03_GB_SEA,SEA,GB,14.0,12.0,2.0,0.3176909152305781,1,False
2012,4,2012_04_CLE_BAL,BAL,CLE,23.0,16.0,7.0,0.8109404382390497,1,False
2012,4,2012_04_CAR_ATL,ATL,CAR,30.0,28.0,2.0,0.7620143484208444,1,False
2012,4,2012_04_NE_BUF,BUF,NE,28.0,52.0,-24.0,0.3088024670098303,0,False
2012,4,2012_04_MIN_DET,DET,MIN,13.0,20.0,-7.0,0.6804342471863505,0,False
2012,4,2012_04_TEN_HOU,HOU,TEN,38.0,14.0,24.0,0.711668082740025,1,False
2012,4,2012_04_SD_KC,KC,SD,20.0,37.0,-17.0,0.40391252170054465,0,False
2012,4,2012_04_SF_NYJ,NYJ,SF,0.0,34.0,-34.0,0.4300592325288638,0,False
2012,4,2012_04_SEA_STL,STL,SEA,19.0,13.0,6.0,0.3417855475543295,1,False
2012,4,2012_04_MIA_ARI,ARI,MIA,24.0,21.0,3.0,0.6468089712257796,1,False
2012,4,2012_04_OAK_DEN,DEN,OAK,37.0,6.0,31.0,0.6843064575567317,1,False
2012,4,2012_04_CIN_JAX,JAX,CIN,10.0,27.0,-17.0,0.4820553055482881,0,False
2012,4,2012_04_NO_GB,GB,NO,28.0,27.0,1.0,0.6638272211496161,1,False
2012,4,2012_04_WAS_TB,TB,WAS,22.0,24.0,-2.0,0.5533679124354695,0,False
2012,4,2012_04_NYG_PHI,PHI,NYG,19.0,17.0,2.0,0.5833052475803344,1,False
2012,4,2012_04_CHI_DAL,DAL,CHI,18.0,34.0,-16.0,0.5756320798874284,0,False
2012,5,2012_05_ARI_STL,STL,ARI,17.0,3.0,14.0,0.3572610336246141,1,False
2012,5,2012_05_MIA_CIN,CIN,MIA,13.0,17.0,-4.0,0.681853656083818,0,False
2012,5,2012_05_GB_IND,IND,GB,30.0,27.0,3.0,0.2943895039913895,1,False
2012,5,2012_05_BAL_KC,KC,BAL,6.0,9.0,-3.0,0.33563053171891005,0,False
2012,5,2012_05_CLE_NYG,NYG,CLE,41.0,27.0,14.0,0.7496514192515961,1,False
2012,5,2012_05_PHI_PIT,PIT,PHI,16.0,14.0,2.0,0.6629770739960368,1,False
2012,5,2012_05_ATL_WAS,WAS,ATL,17.0,24.0,-7.0,0.33138799833343746,0,False
2012,5,2012_05_SEA_CAR,CAR,SEA,12.0,16.0,-4.0,0.5278594152443601,0,False
2012,5,2012_05_CHI_JAX,JAX,CHI,3.0,41.0,-38.0,0.298061016771097,0,False
2012,5,2012_05_TEN_MIN,MIN,TEN,30.0,7.0,23.0,0.6509310242419106,1,False
2012,5,2012_05_DEN_NE,NE,DEN,31.0,21.0,10.0,0.7526039250163192,1,False
2012,5,2012_05_BUF_SF,SF,BUF,45.0,3.0,42.0,0.7474339864405412,1,False
2012,5,2012_05_SD_NO,NO,SD,31.0,24.0,7.0,0.5998808189639901,1,False
2012,5,2012_05_HOU_NYJ,NYJ,HOU,17.0,23.0,-6.0,0.2770103788871381,0,False
2012,6,2012_06_PIT_TEN,TEN,PIT,26.0,23.0,3.0,0.3453796859261037,1,False
2012,6,2012_06_OAK_ATL,ATL,OAK,23.0,20.0,3.0,0.7971754643144817,1,False
2012,6,2012_06_DAL_BAL,BAL,DAL,31.0,29.0,2.0,0.7468695259035851,1,False
2012,6,2012_06_CIN_CLE,CLE,CIN,34.0,24.0,10.0,0.35836749444850713,1,False
2012,6,2012_06_STL_MIA,MIA,STL,17.0,14.0,3.0,0.6614297641405774,1,False
2012,6,2012_06_IND_NYJ,NYJ,IND,35.0,9.0,26.0,0.6468610388997595,1,False
2012,6,2012_06_DET_PHI,PHI,DET,23.0,26.0,-3.0,0.6840431898230216,0,False
2012,6,2012_06_KC_TB,TB,KC,38.0,10.0,28.0,0.6442383865140677,1,False
2012,6,2012_06_BUF_ARI,ARI,BUF,16.0,19.0,-3.0,0.6594754484479086,0,False
2012,6,2012_06_NE_SEA,SEA,NE,24.0,23.0,1.0,0.314163853950208,1,False
2012,6,2012_06_NYG_SF,SF,NYG,3.0,26.0,-23.0,0.6731155775490872,0,False
2012,6,2012_06_MIN_WAS,WAS,MIN,38.0,26.0,12.0,0.4374930302214077,1,False
2012,6,2012_06_GB_HOU,HOU,GB,24.0,42.0,-18.0,0.6562770037429754,0,False
2012,6,2012_06_DEN_SD,SD,DEN,24.0,35.0,-11.0,0.6492535127875351,0,False
2012,7,2012_07_SEA_SF,SF,SEA,13.0,6.0,7.0,0.6682729554659844,1,False
2012,7,2012_07_TEN_BUF,BUF,TEN,34.0,35.0,-1.0,0.6845797440609465,0,False
2012,7,2012_07_DAL_CAR,CAR,DAL,14.0,19.0,-5.0,0.4883671084354414,0,False
2012,7,2012_07_BAL_HOU,HOU,BAL,43.0,13.0,30.0,0.6346804664405162,1,False
2012,7,2012_07_CLE_IND,IND,CLE,17.0,13.0,4.0,0.5944877373433604,1,False
2012,7,2012_07_ARI_MIN,MIN,ARI,21.0,14.0,7.0,0.7059809541614811,1,False
2012,7,2012_07_WAS_NYG,NYG,WAS,27.0,23.0,4.0,0.7207664047161456,1,False
2012,7,2012_07_GB_STL,STL,GB,20.0,30.0,-10.0,0.3011350901851466,0,False
2012,7,2012_07_NO_TB,TB,NO,28.0,35.0,-7.0,0.3712680443306807,0,False
2012,7,2012_07_NYJ_NE,NE,NYJ,29.0,26.0,3.0,0.7418444603573574,1,False
2012,7,2012_07_JAX_OAK,OAK,JAX,26.0,23.0,3.0,0.7015272590691208,1,False
2012,7,2012_07_PIT_CIN,CIN,PIT,17.0,24.0,-7.0,0.46487320175063923,0,False
2012,7,2012_07_DET_CHI,CHI,DET,13.0,7.0,6.0,0.6600028438380047,1,False
2012,8,2012_08_TB_MIN,MIN,TB,17.0,36.0,-19.0,0.6852919143362055,0,False
2012,8,2012_08_CAR_CHI,CHI,CAR,23.0,22.0,1.0,0.759797934502988,1,False
2012,8,2012_08_SD_CLE,CLE,SD,7.0,6.0,1.0,0.3529645207141547,1,False
2012,8,2012_08_SEA_DET,DET,SEA,28.0,24.0,4.0,0.6034838894160786,1,False
2012,8,2012_08_JAX_GB,GB,JAX,24.0,15.0,9.0,0.8385315061875757,1,False
2012,8,2012_08_MIA_NYJ,NYJ,MIA,9.0,30.0,-21.0,0.5789133245016705,0,False
2012,8,2012_08_ATL_PHI,PHI,ATL,17.0,30.0,-13.0,0.4396656061354561,0,False
2012,8,2012_08_WAS_PIT,PIT,WAS,27.0,12.0,15.0,0.7177632036659255,1,False
2012,8,2012_08_NE_STL,STL,NE,7.0,45.0,-38.0,0.20793557189461406,0,True
2012,8,2012_08_IND_TEN,TEN,IND,13.0,19.0,-6.0,0.6745688659001188,0,False
2012,8,2012_08_OAK_KC,KC,OAK,16.0,26.0,-10.0,0.4920900695441087,0,False
2012,8,2012_08_NYG_DAL,DAL,NYG,24.0,29.0,-5.0,0.40281301950426474,0,False
2012,8,2012_08_NO_DEN,DEN,NO,34.0,14.0,20.0,0.591912210694955,1,False
2012,8,2012_08_SF_ARI,ARI,SF,3.0,24.0,-21.0,0.3592232019625093,0,False
2012,9,2012_09_KC_SD,SD,KC,31.0,13.0,18.0,0.7318338997587491,1,False
2012,9,2012_09_DEN_CIN,CIN,DEN,23.0,31.0,-8.0,0.39669207144162594,0,False
2012,9,2012_09_BAL_CLE,CLE,BAL,15.0,25.0,-10.0,0.31268223911256093,0,False
2012,9,2012_09_ARI_GB,GB,ARI,31.0,17.0,14.0,0.8112648033890586,1,False
2012,9,2012_09_BUF_HOU,HOU,BUF,21.0,9.0,12.0,0.7739886484101628,1,False
2012,9,2012_09_MIA_IND,IND,MIA,23.0,20.0,3.0,0.3969146107989374,1,False
2012,9,2012_09_DET_JAX,JAX,DET,14.0,31.0,-17.0,0.3116386036693159,0,False
2012,9,2012_09_CHI_TEN,TEN,CHI,20.0,51.0,-31.0,0.3015799858465156,0,False
2012,9,2012_09_CAR_WAS,WAS,CAR,13.0,21.0,-8.0,0.6369633259493865,0,False
2012,9,2012_09_TB_OAK,OAK,TB,32.0,42.0,-10.0,0.6018532731987792,0,False
2012,9,2012_09_MIN_SEA,SEA,MIN,30.0,20.0,10.0,0.6686054838503127,1,False
2012,9,2012_09_PIT_NYG,NYG,PIT,20.0,24.0,-4.0,0.6487597073353166,0,False
2012,9,2012_09_DAL_ATL,ATL,DAL,19.0,13.0,6.0,0.7792949992599366,1,False
2012,9,2012_09_PHI_NO,NO,PHI,28.0,13.0,15.0,0.6568942096601944,1,False
2012,10,2012_10_IND_JAX,JAX,IND,10.0,27.0,-17.0,0.40207963191291896,0,False
2012,10,2012_10_OAK_BAL,BAL,OAK,55.0,20.0,35.0,0.769498821040859,1,False
2012,10,2012_10_DEN_CAR,CAR,DEN,14.0,36.0,-22.0,0.3600863970261761,0,False
2012,10,2012_10_NYG_CIN,CIN,NYG,31.0,13.0,18.0,0.345888215716042,1,False
2012,10,2012_10_TEN_MIA,MIA,TEN,3.0,37.0,-34.0,0.7315916754653712,0,False
2012,10,2012_10_DET_MIN,MIN,DET,34.0,24.0,10.0,0.4275106070698164,1,False
2012,10,2012_10_BUF_NE,NE,BUF,37.0,31.0,6.0,0.8235546527012446,1,False
2012,10,2012_10_ATL_NO,NO,ATL,31.0,27.0,4.0,0.4210698215428295,1,False
2012,10,2012_10_SD_TB,TB,SD,34.0,24.0,10.0,0.5404324351108885,1,False
2012,10,2012_10_NYJ_SEA,SEA,NYJ,28.0,7.0,21.0,0.6898050045120772,1,False
2012,10,2012_10_DAL_PHI,PHI,DAL,23.0,38.0,-15.0,0.5816934959175556,0,False
2012,10,2012_10_STL_SF,SF,STL,24.0,24.0,0.0,0.8168512525718078,0,False
2012,10,2012_10_HOU_CHI,CHI,HOU,6.0,13.0,-7.0,0.5468313999661264,0,False
2012,10,2012_10_KC_PIT,PIT,KC,16.0,13.0,3.0,0.8261677597017211,1,False
2012,11,2012_11_MIA_BUF,BUF,MIA,19.0,14.0,5.0,0.5244723575170125,1,False
2012,11,2012_11_ARI_ATL,ATL,ARI,23.0,19.0,4.0,0.7905829901274566,1,False
2012,11,2012_11_TB_CAR,CAR,TB,21.0,27.0,-6.0,0.4643445359942606,0,False
2012,11,2012_11_CLE_DAL,DAL,CLE,23.0,20.0,3.0,0.6995898414972713,1,False
2012,11,2012_11_GB_DET,DET,GB,20.0,24.0,-4.0,0.35542100512261043,0,False
2012,11,2012_11_JAX_HOU,HOU,JAX,43.0,37.0,6.0,0.8746580408767626,1,False
2012,11,2012_11_CIN_KC,KC,CIN,6.0,28.0,-22.0,0.35047646449768866,0,False
2012,11,2012_11_NYJ_STL,STL,NYJ,13.0,27.0,-14.0,0.573259627253918,0,False
2012,11,2012_11_PHI_WAS,WAS,PHI,31.0,6.0,25.0,0.6135878740800987,1,False
2012,11,2012_11_NO_OAK,OAK,NO,17.0,38.0,-21.0,0.35759555303297935,0,False
2012,11,2012_11_SD_DEN,DEN,SD,30.0,23.0,7.0,0.6617200922913181,1,False
2012,11,2012_11_IND_NE,NE,IND,59.0,24.0,35.0,0.8029856206616441,1,False
2012,11,2012_11_BAL_PIT,PIT,BAL,10.0,13.0,-3.0,0.45483141976937974,0,False
2012,11,2012_11_CHI_SF,SF,CHI,32.0,7.0,25.0,0.6593120441697302,1,False
2012,12,2012_12_HOU_DET,DET,HOU,31.0,34.0,-3.0,0.347035920887084,0,False
2012,12,2012_12_WAS_DAL,DAL,WAS,31.0,38.0,-7.0,0.6907702802864784,0,False
2012,12,2012_12_NE_NYJ,NYJ,NE,19.0,49.0,-30.0,0.29098374486228096,0,False
2012,12,2012_12_MIN_CHI,CHI,MIN,28.0,10.0,18.0,0.6822228715209804,1,False
2012,12,2012_12_OAK_CIN,CIN,OAK,34.0,10.0,24.0,0.7046491189509713,1,False
2012,12,2012_12_PIT_CLE,CLE,PIT,20.0,14.0,6.0,0.3315428632271592,1,False
2012,12,2012_12_BUF_IND,IND,BUF,20.0,13.0,7.0,0.6140026815962384,1,False
2012,12,2012_12_TEN_JAX,JAX,TEN,24.0,19.0,5.0,0.35558946421755566,1,False
2012,12,2012_12_DEN_KC,KC,DEN,9.0,17.0,-8.0,0.22970640086003616,0,False
2012,12,2012_12_SEA_MIA,MIA,SEA,24.0,21.0,3.0,0.427329655084001,1,False
2012,12,2012_12_ATL_TB,TB,ATL,23.0,24.0,-1.0,0.36144871191960365,0,False
2012,12,2012_12_BAL_SD,SD,BAL,13.0,16.0,-3.0,0.36585390313498484,0,False
2012,12,2012_12_STL_ARI,ARI,STL,17.0,31.0,-14.0,0.6162389942493163,0,False
2012,12,2012_12_SF_NO,NO,SF,21.0,31.0,-10.0,0.536998699056673,0,False
2012,12,2012_12_GB_NYG,NYG,GB,38.0,10.0,28.0,0.4344335922238807,1,False
2012,12,2012_12_CAR_PHI,PHI,CAR,22.0,30.0,-8.0,0.5003035556227908,0,False
2012,13,2012_13_NO_ATL,ATL,NO,23.0,13.0,10.0,0.6683875663993151,1,False
2012,13,2012_13_JAX_BUF,BUF,JAX,34.0,18.0,16.0,0.6983271312497219,1,False
2012,13,2012_13_SEA_CHI,CHI,SEA,17.0,23.0,-6.0,0.6540615511923843,0,False
2012,13,2012_13_IND_DET,DET,IND,33.0,35.0,-2.0,0.6910858234579083,0,False
2012,13,2012_13_MIN_GB,GB,MIN,23.0,14.0,9.0,0.768998607865794,1,False
2012,13,2012_13_CAR_KC,KC,CAR,27.0,21.0,6.0,0.3229773970037423,1,False
2012,13,2012_13_NE_MIA,MIA,NE,16.0,23.0,-7.0,0.28119330973148265,0,False
2012,13,2012_13_ARI_NYJ,NYJ,ARI,7.0,6.0,1.0,0.668126996635936,1,False
2012,13,2012_13_SF_STL,STL,SF,16.0,13.0,3.0,0.30271206987659244,1,False
2012,13,2012_13_HOU_TEN,TEN,HOU,10.0,24.0,-14.0,0.25014445668132096,0,False
2012,13,2012_13_TB_DEN,DEN,TB,31.0,23.0,8.0,0.6901412663646326,1,False
2012,13,2012_13_PIT_BAL,BAL,PIT,20.0,23.0,-3.0,0.702483195015053,0,False
2012,13,2012_13_CLE_OAK,OAK,CLE,17.0,20.0,-3.0,0.5007000495409198,0,False
2012,13,2012_13_CIN_SD,SD,CIN,13.0,20.0,-7.0,0.5247286389040846,0,False
2012,13,2012_13_PHI_DAL,DAL,PHI,38.0,33.0,5.0,0.6969124671547088,1,False
2012,13,2012_13_NYG_WAS,WAS,NYG,17.0,16.0,1.0,0.36627688715782253,1,False
2012,14,2012_14_DEN_OAK,OAK,DEN,13.0,26.0,-13.0,0.2724428961132344,0,False
2012,14,2012_14_STL_BUF,BUF,STL,12.0,15.0,-3.0,0.6469171781855373,0,False
2012,14,2012_14_ATL_CAR,CAR,ATL,30.0,20.0,10.0,0.2462653372884,1,False
2012,14,2012_14_DAL_CIN,CIN,DAL,19.0,20.0,-1.0,0.6437744323756031,0,False
2012,14,2012_14_KC_CLE,CLE,KC,30.0,7.0,23.0,0.6857701861461889,1,False
2012,14,2012_14_TEN_IND,IND,TEN,27.0,23.0,4.0,0.6417459081635518,1,False
2012,14,2012_14_NYJ_JAX,JAX,NYJ,10.0,17.0,-7.0,0.32003923442694243,0,False
2012,14,2012_14_CHI_MIN,MIN,CHI,21.0,14.0,7.0,0.3998199236590453,1,False
2012,14,2012_14_SD_PIT,PIT,SD,24.0,34.0,-10.0,0.6731000009494401,0,False
2012,14,2012_14_PHI_TB,TB,PHI,21.0,23.0,-2.0,0.6856098428976485,0,False
2012,14,2012_14_BAL_WAS,WAS,BAL,31.0,28.0,3.0,0.39027554606493847,1,False
2012,14,2012_14_MIA_SF,SF,MIA,27.0,13.0,14.0,0.7659861184708516,1,False
2012,14,2012_14_NO_NYG,NYG,NO,52.0,27.0,25.0,0.6630676789440786,1,False
2012,14,2012_14_ARI_SEA,SEA,ARI,58.0,0.0,58.0,0.7248139341201377,1,False
2012,14,2012_14_DET_GB,GB,DET,27.0,20.0,7.0,0.7653054356767884,1,False
2012,14,2012_14_HOU_NE,NE,HOU,42.0,14.0,28.0,0.7057468279057689,1,False
2012,15,2012_15_CIN_PHI,PHI,CIN,13.0,34.0,-21.0,0.3258600138414594,0,False
2012,15,2012_15_NYG_ATL,ATL,NYG,34.0,0.0,34.0,0.6195298141134582,1,False
2012,15,2012_15_DEN_BAL,BAL,DEN,17.0,34.0,-17.0,0.5052185395726566,0,False
2012,15,2012_15_GB_CHI,CHI,GB,13.0,21.0,-8.0,0.3762309342501373,0,False
2012,15,2012_15_WAS_CLE,CLE,WAS,21.0,38.0,-17.0,0.609371834867889,0,False
2012,15,2012_15_IND_HOU,HOU,IND,29.0,17.0,12.0,0.752379624115578,1,False
2012,15,2012_15_JAX_MIA,MIA,JAX,24.0,3.0,21.0,0.7241013923965395,1,False
2012,15,2012_15_TB_NO,NO,TB,41.0,0.0,41.0,0.6485849594561304,1,False
2012,15,2012_15_MIN_STL,STL,MIN,22.0,36.0,-14.0,0.5610597693398008,0,False
2012,15,2012_15_DET_ARI,ARI,DET,38.0,10.0,28.0,0.34183542517873117,1,False
2012,15,2012_15_SEA_BUF,BUF,SEA,17.0,50.0,-33.0,0.3379518771439081,0,False
2012,15,2012_15_CAR_SD,SD,CAR,7.0,31.0,-24.0,0.6818369463467222,0,False
2012,15,2012_15_PIT_DAL,DAL,PIT,27.0,24.0,3.0,0.5224086219825583,1,False
2012,15,2012_15_KC_OAK,OAK,KC,15.0,0.0,15.0,0.6810194345463185,1,False
2012,15,2012_15_SF_NE,NE,SF,34.0,41.0,-7.0,0.6824084279414951,0,False
2012,15,2012_15_NYJ_TEN,TEN,NYJ,14.0,10.0,4.0,0.5088457055489466,1,False
2012,16,2012_16_ATL_DET,DET,ATL,18.0,31.0,-13.0,0.2740720005654244,0,False
2012,16,2012_16_OAK_CAR,CAR,OAK,17.0,6.0,11.0,0.6856188028355541,1,False
2012,16,2012_16_NO_DAL,DAL,NO,31.0,34.0,-3.0,0.5200812743084888,0,False
2012,16,2012_16_TEN_GB,GB,TEN,55.0,7.0,48.0,0.81794728433985,1,False
2012,16,2012_16_MIN_HOU,HOU,MIN,6.0,23.0,-17.0,0.7678137938381627,0,False
2012,16,2012_16_NE_JAX,JAX,NE,16.0,23.0,-7.0,0.13385040199698922,0,False
2012,16,2012_16_IND_KC,KC,IND,13.0,20.0,-7.0,0.34805319072985885,0,False
2012,16,2012_16_BUF_MIA,MIA,BUF,24.0,10.0,14.0,0.6415016476458618,1,False
2012,16,2012_16_SD_NYJ,NYJ,SD,17.0,27.0,-10.0,0.5774171954941621,0,False
2012,16,2012_16_WAS_PHI,PHI,WAS,20.0,27.0,-7.0,0.3512477458426516,0,False
2012,16,2012_16_CIN_PIT,PIT,CIN,10.0,13.0,-3.0,0.5659911219267568,0,False
2012,16,2012_16_STL_TB,TB,STL,13.0,28.0,-15.0,0.6464551518338784,0,False
2012,16,2012_16_CLE_DEN,DEN,CLE,34.0,12.0,22.0,0.8167088564975501,1,False
2012,16,2012_16_CHI_ARI,ARI,CHI,13.0,28.0,-15.0,0.323461877142846,0,False
2012,16,2012_16_NYG_BAL,BAL,NYG,33.0,14.0,19.0,0.5586917212961642,1,False
2012,16,2012_16_SF_SEA,SEA,SF,42.0,13.0,29.0,0.49083123132934353,1,False
2012,17,2012_17_TB_ATL,ATL,TB,17.0,22.0,-5.0,0.8339396314546589,0,False
2012,17,2012_17_NYJ_BUF,BUF,NYJ,28.0,9.0,19.0,0.5773992336531447,1,False
2012,17,2012_17_BAL_CIN,CIN,BAL,23.0,17.0,6.0,0.6484406865185092,1,False
2012,17,2012_17_CHI_DET,DET,CHI,24.0,26.0,-2.0,0.35623261985759064,0,False
2012,17,2012_17_HOU_IND,IND,HOU,28.0,16.0,12.0,0.2963818371318036,1,False
2012,17,2012_17_CAR_NO,NO,CAR,38.0,44.0,-6.0,0.6705195253134231,0,False
2012,17,2012_17_PHI_NYG,NYG,PHI,42.0,7.0,35.0,0.8027325736657209,1,False
2012,17,2012_17_CLE_PIT,PIT,CLE,24.0,10.0,14.0,0.7515397143069376,1,False
2012,17,2012_17_JAX_TEN,TEN,JAX,38.0,20.0,18.0,0.7053846027379456,1,False
2012,17,2012_17_KC_DEN,DEN,KC,38.0,3.0,35.0,0.8976083803810381,1,False
2012,17,2012_17_GB_MIN,MIN,GB,37.0,34.0,3.0,0.33381239264093665,1,False
2012,17,2012_17_MIA_NE,NE,MIA,28.0,0.0,28.0,0.817084051813916,1,False
2012,17,2012_17_OAK_SD,SD,OAK,24.0,21.0,3.0,0.7445733868690145,1,False
2012,17,2012_17_STL_SEA,SEA,STL,20.0,13.0,7.0,0.7630655534317518,1,False
2012,17,2012_17_ARI_SF,SF,ARI,27.0,13.0,14.0,0.8429579414587749,1,False
2012,17,2012_17_DAL_WAS,WAS,DAL,28.0,18.0,10.0,0.6526929361111221,1,False
2013,1,2013_01_BAL_DEN,DEN,BAL,49.0,27.0,22.0,0.7377273771371486,1,False
2013,1,2013_01_NE_BUF,BUF,NE,21.0,23.0,-2.0,0.29791247449529246,0,False
2013,1,2013_01_SEA_CAR,CAR,SEA,7.0,12.0,-5.0,0.42887487792387613,0,False
2013,1,2013_01_CIN_CHI,CHI,CIN,24.0,21.0,3.0,0.5927827651859393,1,False
2013,1,2013_01_MIA_CLE,CLE,MIA,10.0,23.0,-13.0,0.5422839877772268,0,False
2013,1,2013_01_MIN_DET,DET,MIN,34.0,24.0,10.0,0.53066857378405,1,False
2013,1,2013_01_OAK_IND,IND,OAK,21.0,17.0,4.0,0.7274236770206537,1,False
2013,1,2013_01_KC_JAX,JAX,KC,2.0,28.0,-26.0,0.5098103301678015,0,False
2013,1,2013_01_ATL_NO,NO,ATL,23.0,17.0,6.0,0.5577218051685184,1,False
2013,1,2013_01_TB_NYJ,NYJ,TB,18.0,17.0,1.0,0.42910994205053593,1,False
2013,1,2013_01_TEN_PIT,PIT,TEN,9.0,16.0,-7.0,0.651325108699275,0,False
2013,1,2013_01_GB_SF,SF,GB,34.0,28.0,6.0,0.6440800310562429,1,False
2013,1,2013_01_ARI_STL,STL,ARI,27.0,24.0,3.0,0.6474940903145591,1,False
2013,1,2013_01_NYG_DAL,DAL,NYG,36.0,31.0,5.0,0.5596576361942829,1,False
2013,1,2013_01_PHI_WAS,WAS,PHI,27.0,33.0,-6.0,0.7395262919649704,0,False
2013,1,2013_01_HOU_SD,SD,HOU,28.0,31.0,-3.0,0.40545439942708156,0,False
2013,2,2013_02_NYJ_NE,NE,NYJ,13.0,10.0,3.0,0.8146704160587013,1,False
2013,2,2013_02_STL_ATL,ATL,STL,31.0,24.0,7.0,0.6826213937053651,1,False
2013,2,2013_02_CLE_BAL,BAL,CLE,14.0,6.0,8.0,0.7117479372648495,1,False
2013,2,2013_02_CAR_BUF,BUF,CAR,24.0,23.0,1.0,0.41124364036730876,1,False
2013,2,2013_02_MIN_CHI,CHI,MIN,31.0,30.0,1.0,0.7131873955285525,1,False
2013,2,2013_02_WAS_GB,GB,WAS,38.0,20.0,18.0,0.6637522723435699,1,False
2013,2,2013_02_TEN_HOU,HOU,TEN,30.0,24.0,6.0,0.6736096984896286,1,False
2013,2,2013_02_MIA_IND,IND,MIA,20.0,24.0,-4.0,0.6092277667998847,0,False
2013,2,2013_02_DAL_KC,KC,DAL,17.0,16.0,1.0,0.44551780541981,1,False
2013,2,2013_02_SD_PHI,PHI,SD,30.0,33.0,-3.0,0.5969420538866216,0,False
2013,2,2013_02_DET_ARI,ARI,DET,25.0,21.0,4.0,0.4518373732765968,1,False
2013,2,2013_02_NO_TB,TB,NO,14.0,16.0,-2.0,0.4056172317364206,0,False
2013,2,2013_02_DEN_NYG,NYG,DEN,23.0,41.0,-18.0,0.3855424404890678,0,False
2013,2,2013_02_JAX_OAK,OAK,JAX,19.0,9.0,10.0,0.6625002216521815,1,False
2013,2,2013_02_SF_SEA,SEA,SF,29.0,3.0,26.0,0.6021214947694115,1,False
2013,2,2013_02_PIT_CIN,CIN,PIT,20.0,10.0,10.0,0.7225835231681432,1,False
2013,3,2013_03_KC_PHI,PHI,KC,16.0,26.0,-10.0,0.6805498705057876,0,False
2013,3,2013_03_HOU_BAL,BAL,HOU,30.0,9.0,21.0,0.5425967011204702,1,False
2013,3,2013_03_NYG_CAR,CAR,NYG,38.0,0.0,38.0,0.5315965717038138,1,False
2013,3,2013_03_GB_CIN,CIN,GB,34.0,30.0,4.0,0.46653778429127274,1,False
2013,3,2013_03_STL_DAL,DAL,STL,31.0,7.0,24.0,0.6716944870396784,1,False
2013,3,2013_03_CLE_MIN,MIN,CLE,27.0,31.0,-4.0,0.7245081686398981,0,False
2013,3,2013_03_TB_NE,NE,TB,23.0,3.0,20.0,0.7893739471273212,1,False
2013,3,2013_03_ARI_NO,NO,ARI,31.0,7.0,24.0,0.7102186757604628,1,False
2013,3,2013_03_SD_TEN,TEN,SD,20.0,17.0,3.0,0.5902035192653465,1,False
2013,3,2013_03_DET_WAS,WAS,DET,20.0,27.0,-7.0,0.5906644949949194,0,False
2013,3,2013_03_ATL_MIA,MIA,ATL,27.0,23.0,4.0,0.5471844823334904,1,False
2013,3,2013_03_BUF_NYJ,NYJ,BUF,27.0,20.0,7.0,0.6386365146352171,1,False
2013,3,2013_03_JAX_SEA,SEA,JAX,45.0,17.0,28.0,0.8616642361830839,1,False
2013,3,2013_03_IND_SF,SF,IND,7.0,27.0,-20.0,0.6535050915704799,0,False
2013,3,2013_03_CHI_PIT,PIT,CHI,23.0,40.0,-17.0,0.446525415929225,0,False
2013,3,2013_03_OAK_DEN,DEN,OAK,37.0,21.0,16.0,0.8078749548542618,1,False
2013,4,2013_04_SF_STL,STL,SF,11.0,35.0,-24.0,0.38351937176729206,0,False
2013,4,2013_04_BAL_BUF,BUF,BAL,23.0,20.0,3.0,0.33286416732473645,1,False
2013,4,2013_04_CIN_CLE,CLE,CIN,17.0,6.0,11.0,0.3325038759482748,1,False
2013,4,2013_04_CHI_DET,DET,CHI,40.0,32.0,8.0,0.5016212425456211,1,False
2013,4,2013_04_SEA_HOU,HOU,SEA,20.0,23.0,-3.0,0.4488461204885815,0,False
2013,4,2013_04_IND_JAX,JAX,IND,3.0,37.0,-34.0,0.2572853647800023,0,False
2013,4,2013_04_NYG_KC,KC,NYG,31.0,7.0,24.0,0.580671936109382,1,False
2013,4,2013_04_PIT_MIN,MIN,PIT,34.0,27.0,7.0,0.4248719242028779,1,True
2013,4,2013_04_ARI_TB,TB,ARI,10.0,13.0,-3.0,0.5962710254643778,0,False
2013,4,2013_04_NYJ_TEN,TEN,NYJ,38.0,13.0,25.0,0.6515095791680053,1,False
2013,4,2013_04_PHI_DEN,DEN,PHI,52.0,20.0,32.0,0.8289832909190092,1,False
2013,4,2013_04_WAS_OAK,OAK,WAS,14.0,24.0,-10.0,0.40066259372906277,0,False
2013,4,2013_04_DAL_SD,SD,DAL,30.0,21.0,9.0,0.5000014878382921,1,False
2013,4,2013_04_NE_ATL,ATL,NE,23.0,30.0,-7.0,0.4910711437566102,0,False
2013,4,2013_04_MIA_NO,NO,MIA,38.0,17.0,21.0,0.7249978154541806,1,False
2013,5,2013_05_BUF_CLE,CLE,BUF,37.0,24.0,13.0,0.5816440785639316,1,False
2013,5,2013_05_NO_CHI,CHI,NO,18.0,26.0,-8.0,0.5136612461231036,0,False
2013,5,2013_05_NE_CIN,CIN,NE,13.0,6.0,7.0,0.3616342516873621,1,False
2013,5,2013_05_DET_GB,GB,DET,22.0,9.0,13.0,0.6730858458540876,1,False
2013,5,2013_05_SEA_IND,IND,SEA,34.0,28.0,6.0,0.4106688460730854,1,False
2013,5,2013_05_BAL_MIA,MIA,BAL,23.0,26.0,-3.0,0.5603909528331641,0,False
2013,5,2013_05_PHI_NYG,NYG,PHI,21.0,36.0,-15.0,0.6138631421526959,0,False
2013,5,2013_05_JAX_STL,STL,JAX,34.0,20.0,14.0,0.7076199855308254,1,False
2013,5,2013_05_KC_TEN,TEN,KC,17.0,26.0,-9.0,0.5448472802788866,0,False
2013,5,2013_05_CAR_ARI,ARI,CAR,22.0,6.0,16.0,0.40765191025724845,1,False
2013,5,2013_05_DEN_DAL,DAL,DEN,48.0,51.0,-3.0,0.2522518559157616,0,False
2013,5,2013_05_HOU_SF,SF,HOU,34.0,3.0,31.0,0.6650572053623319,1,False
2013,5,2013_05_SD_OAK,OAK,SD,27.0,17.0,10.0,0.32942510237325795,1,False
2013,5,2013_05_NYJ_ATL,ATL,NYJ,28.0,30.0,-2.0,0.7072818490739299,0,False
2013,6,2013_06_NYG_CHI,CHI,NYG,27.0,21.0,6.0,0.708760326642653,1,False
2013,6,2013_06_GB_BAL,BAL,GB,17.0,19.0,-2.0,0.5112395756816172,0,False
2013,6,2013_06_CIN_BUF,BUF,CIN,24.0,27.0,-3.0,0.3564690314861608,0,False
2013,6,2013_06_DET_CLE,CLE,DET,17.0,31.0,-14.0,0.5014661148018218,0,False
2013,6,2013_06_STL_HOU,HOU,STL,13.0,38.0,-25.0,0.6671475914443611,0,False
2013,6,2013_06_OAK_KC,KC,OAK,24.0,7.0,17.0,0.6538419850976502,1,False
2013,6,2013_06_CAR_MIN,MIN,CAR,10.0,35.0,-25.0,0.5782788202015188,0,False
2013,6,2013_06_PIT_NYJ,NYJ,PIT,6.0,19.0,-13.0,0.5600450718788297,0,False
2013,6,2013_06_PHI_TB,TB,PHI,20.0,31.0,-11.0,0.5388769939451746,0,False
2013,6,2013_06_JAX_DEN,DEN,JAX,35.0,19.0,16.0,0.9085222783212359,1,False
2013,6,2013_06_TEN_SEA,SEA,TEN,20.0,13.0,7.0,0.7587186276848844,1,False
2013,6,2013_06_NO_NE,NE,NO,30.0,27.0,3.0,0.6559625759568829,1,False
2013,6,2013_06_ARI_SF,SF,ARI,32.0,20.0,12.0,0.7187606232123838,1,False
2013,6,2013_06_WAS_DAL,DAL,WAS,31.0,16.0,15.0,0.6754876883329715,1,False
2013,6,2013_06_IND_SD,SD,IND,19.0,9.0,10.0,0.4236626871490765,1,False
2013,7,2013_07_SEA_ARI,ARI,SEA,22.0,34.0,-12.0,0.345441435414183,0,False
2013,7,2013_07_TB_ATL,ATL,TB,31.0,23.0,8.0,0.759044428782581,1,False
2013,7,2013_07_STL_CAR,CAR,STL,30.0,15.0,15.0,0.7513095593447963,1,False
2013,7,2013_07_CIN_DET,DET,CIN,24.0,27.0,-3.0,0.5240437785915989,0,False
2013,7,2013_07_SD_JAX,JAX,SD,6.0,24.0,-18.0,0.2949424695262601,0,False
2013,7,2013_07_BUF_MIA,MIA,BUF,21.0,23.0,-2.0,0.7059676179785754,0,False
2013,7,2013_07_NE_NYJ,NYJ,NE,30.0,27.0,3.0,0.2791130527212825,1,False
2013,7,2013_07_DAL_PHI,PHI,DAL,3.0,17.0,-14.0,0.4845024203239569,0,False
2013,7,2013_07_CHI_WAS,WAS,CHI,45.0,41.0,4.0,0.44875793302503564,1,False
2013,7,2013_07_SF_TEN,TEN,SF,17.0,31.0,-14.0,0.3534378380850941,0,False
2013,7,2013_07_CLE_GB,GB,CLE,31.0,13.0,18.0,0.7836750818485242,1,False
2013,7,2013_07_HOU_KC,KC,HOU,17.0,16.0,1.0,0.6525461275776941,1,False
2013,7,2013_07_BAL_PIT,PIT,BAL,19.0,16.0,3.0,0.4989945091000574,1,False
2013,7,2013_07_DEN_IND,IND,DEN,39.0,33.0,6.0,0.31178705821318864,1,False
2013,7,2013_07_MIN_NYG,NYG,MIN,23.0,7.0,16.0,0.596518972711206,1,False
2013,8,2013_08_CAR_TB,TB,CAR,13.0,31.0,-18.0,0.2838382846466987,0,False
2013,8,2013_08_DAL_DET,DET,DAL,31.0,30.0,1.0,0.5706890515107768,1,False
2013,8,2013_08_SF_JAX,JAX,SF,10.0,42.0,-32.0,0.1185176485171325,0,True
2013,8,2013_08_CLE_KC,KC,CLE,23.0,17.0,6.0,0.7037725772472563,1,False
2013,8,2013_08_MIA_NE,NE,MIA,27.0,17.0,10.0,0.7453138836181845,1,False
2013,8,2013_08_BUF_NO,NO,BUF,35.0,17.0,18.0,0.7935353857434273,1,False
2013,8,2013_08_NYG_PHI,PHI,NYG,7.0,15.0,-8.0,0.6542055240503947,0,False
2013,8,2013_08_NYJ_CIN,CIN,NYJ,49.0,9.0,40.0,0.7317601092279805,1,False
2013,8,2013_08_PIT_OAK,OAK,PIT,21.0,18.0,3.0,0.4188335910449584,1,False
2013,8,2013_08_ATL_ARI,ARI,ATL,27.0,13.0,14.0,0.47146138110934854,1,False
2013,8,2013_08_WAS_DEN,DEN,WAS,45.0,21.0,24.0,0.7707870061173135,1,False
2013,8,2013_08_GB_MIN,MIN,GB,31.0,44.0,-13.0,0.296424438991682,0,False
2013,8,2013_08_SEA_STL,STL,SEA,9.0,14.0,-5.0,0.29001631901682395,0,False
2013,9,2013_09_CIN_MIA,MIA,CIN,22.0,20.0,2.0,0.36005410469796945,1,False
2013,9,2013_09_KC_BUF,BUF,KC,13.0,23.0,-10.0,0.32273302637463064,0,False
2013,9,2013_09_ATL_CAR,CAR,ATL,34.0,10.0,24.0,0.7642143742720366,1,False
2013,9,2013_09_MIN_DAL,DAL,MIN,27.0,23.0,4.0,0.7320253771268244,1,False
2013,9,2013_09_NO_NYJ,NYJ,NO,26.0,20.0,6.0,0.32730159360788663,1,False
2013,9,2013_09_TEN_STL,STL,TEN,21.0,28.0,-7.0,0.45148881650056794,0,False
2013,9,2013_09_SD_WAS,WAS,SD,30.0,24.0,6.0,0.5177832503777736,1,False
2013,9,2013_09_PHI_OAK,OAK,PHI,20.0,49.0,-29.0,0.6093272880500004,0,False
2013,9,2013_09_TB_SEA,SEA,TB,27.0,24.0,3.0,0.8458350209925379,1,False
2013,9,2013_09_BAL_CLE,CLE,BAL,24.0,18.0,6.0,0.35863803645225023,1,False
2013,9,2013_09_PIT_NE,NE,PIT,55.0,31.0,24.0,0.7782439419606098,1,False
2013,9,2013_09_IND_HOU,HOU,IND,24.0,27.0,-3.0,0.3797641974118416,0,False
2013,9,2013_09_CHI_GB,GB,CHI,20.0,27.0,-7.0,0.7427672722891627,0,False
2013,10,2013_10_WAS_MIN,MIN,WAS,34.0,27.0,7.0,0.4691662199117368,1,False
2013,10,2013_10_SEA_ATL,ATL,SEA,10.0,33.0,-23.0,0.3115285087173583,0,False
2013,10,2013_10_CIN_BAL,BAL,CIN,20.0,17.0,3.0,0.4948306624242656,1,False
2013,10,2013_10_DET_CHI,CHI,DET,19.0,21.0,-2.0,0.6095971633216181,0,False
2013,10,2013_10_PHI_GB,GB,PHI,13.0,27.0,-14.0,0.7361788643711593,0,False
2013,10,2013_10_STL_IND,IND,STL,8.0,38.0,-30.0,0.7838248133199189,0,False
2013,10,2013_10_OAK_NYG,NYG,OAK,24.0,20.0,4.0,0.6514129502887884,1,False
2013,10,2013_10_BUF_PIT,PIT,BUF,23.0,10.0,13.0,0.6702022856143443,1,False
2013,10,2013_10_JAX_TEN,TEN,JAX,27.0,29.0,-2.0,0.7746317712568547,0,False
2013,10,2013_10_CAR_SF,SF,CAR,9.0,10.0,-1.0,0.7212830822299985,0,False
2013,10,2013_10_HOU_ARI,ARI,HOU,27.0,24.0,3.0,0.6884720484392933,1,False
2013,10,2013_10_DEN_SD,SD,DEN,20.0,28.0,-8.0,0.3513809904987718,0,False
2013,10,2013_10_DAL_NO,NO,DAL,49.0,17.0,32.0,0.7281233743257407,1,False
2013,10,2013_10_MIA_TB,TB,MIA,22.0,19.0,3.0,0.4009081194414198,1,False
2013,11,2013_11_IND_TEN,TEN,IND,27.0,30.0,-3.0,0.3892299759668456,0,False
2013,11,2013_11_NYJ_BUF,BUF,NYJ,37.0,14.0,23.0,0.42448695203786635,1,False
2013,11,2013_11_BAL_CHI,CHI,BAL,23.0,20.0,3.0,0.5973107716323782,1,False
2013,11,2013_11_CLE_CIN,CIN,CLE,41.0,20.0,21.0,0.7579551742964111,1,False
2013,11,2013_11_OAK_HOU,HOU,OAK,23.0,28.0,-5.0,0.7023667312426626,0,False
2013,11,2013_11_ARI_JAX,JAX,ARI,14.0,27.0,-13.0,0.3135164039925658,0,False
2013,11,2013_11_WAS_PHI,PHI,WAS,24.0,16.0,8.0,0.6631177208990292,1,False
2013,11,2013_11_DET_PIT,PIT,DET,37.0,27.0,10.0,0.47031184586460734,1,False
2013,11,2013_11_ATL_TB,TB,ATL,41.0,28.0,13.0,0.47668891798196766,1,False
2013,11,2013_11_SD_MIA,MIA,SD,20.0,16.0,4.0,0.5181683090798377,1,False
2013,11,2013_11_SF_NO,NO,SF,23.0,20.0,3.0,0.6260356776332071,1,False
2013,11,2013_11_GB_NYG,NYG,GB,27.0,13.0,14.0,0.5276174980827344,1,False
2013,11,2013_11_MIN_SEA,SEA,MIN,41.0,20.0,21.0,0.8180840549396386,1,False
2013,11,2013_11_KC_DEN,DEN,KC,27.0,17.0,10.0,0.7306980951775934,1,False
2013,11,2013_11_NE_CAR,CAR,NE,24.0,20.0,4.0,0.5175866744612133,1,False
2013,12,2013_12_NO_ATL,ATL,NO,13.0,17.0,-4.0,0.33817342144931417,0,False
2013,12,2013_12_NYJ_BAL,BAL,NYJ,19.0,3.0,16.0,0.6935199608586049,1,False
2013,12,2013_12_PIT_CLE,CLE,PIT,11.0,27.0,-16.0,0.5238990544477845,0,False
2013,12,2013_12_TB_DET,DET,TB,21.0,24.0,-3.0,0.6570188912299245,0,False
2013,12,2013_12_MIN_GB,GB,MIN,26.0,26.0,0.0,0.6735743860118011,0,False
2013,12,2013_12_JAX_HOU,HOU,JAX,6.0,13.0,-7.0,0.756744172100244,0,False
2013,12,2013_12_SD_KC,KC,SD,38.0,41.0,-3.0,0.6443900010729493,0,False
2013,12,2013_12_CAR_MIA,MIA,CAR,16.0,20.0,-4.0,0.34883144704144725,0,False
2013,12,2013_12_CHI_STL,STL,CHI,42.0,21.0,21.0,0.5292503624162921,1,False
2013,12,2013_12_IND_ARI,ARI,IND,40.0,11.0,29.0,0.5654391318591246,1,False
2013,12,2013_12_TEN_OAK,OAK,TEN,19.0,23.0,-4.0,0.45228875082476544,0,False
2013,12,2013_12_DAL_NYG,NYG,DAL,21.0,24.0,-3.0,0.5630693069093704,0,False
2013,12,2013_12_DEN_NE,NE,DEN,34.0,31.0,3.0,0.5379069638133096,1,False
2013,12,2013_12_SF_WAS,WAS,SF,6.0,27.0,-21.0,0.3546611410901211,0,False
2013,13,2013_13_GB_DET,DET,GB,40.0,10.0,30.0,0.6540658049448596,1,False
2013,13,2013_13_OAK_DAL,DAL,OAK,31.0,24.0,7.0,0.7701934503119742,1,False
2013,13,2013_13_PIT_BAL,BAL,PIT,22.0,20.0,2.0,0.6469746311527902,1,False
2013,13,2013_13_TB_CAR,CAR,TB,27.0,6.0,21.0,0.7737188050229655,1,False
2013,13,2013_13_JAX_CLE,CLE,JAX,28.0,32.0,-4.0,0.6701215156005272,0,False
2013,13,2013_13_NE_HOU,HOU,NE,31.0,34.0,-3.0,0.2525390102434724,0,False
2013,13,2013_13_TEN_IND,IND,TEN,22.0,14.0,8.0,0.6705737214690275,1,False
2013,13,2013_13_CHI_MIN,MIN,CHI,23.0,20.0,3.0,0.5113774977324648,1,False
2013,13,2013_13_MIA_NYJ,NYJ,MIA,3.0,23.0,-20.0,0.4527728175103852,0,False
2013,13,2013_13_ARI_PHI,PHI,ARI,24.0,21.0,3.0,0.5821879353035829,1,False
2013,13,2013_13_ATL_BUF,BUF,ATL,31.0,34.0,-3.0,0.5612855603374569,0,True
2013,13,2013_13_STL_SF,SF,STL,23.0,13.0,10.0,0.7163920684266704,1,False
2013,13,2013_13_DEN_KC,KC,DEN,28.0,35.0,-7.0,0.2870835527657045,0,False
2013,13,2013_13_CIN_SD,SD,CIN,10.0,17.0,-7.0,0.38739999024869354,0,False
2013,13,2013_13_NYG_WAS,WAS,NYG,17.0,24.0,-7.0,0.5149218576879502,0,False
2013,13,2013_13_NO_SEA,SEA,NO,34.0,7.0,27.0,0.7226026514130851,1,False
2013,14,2013_14_HOU_JAX,JAX,HOU,27.0,20.0,7.0,0.4120036172047059,1,False
2013,14,2013_14_MIN_BAL,BAL,MIN,29.0,26.0,3.0,0.7277083068036598,1,False
2013,14,2013_14_IND_CIN,CIN,IND,42.0,28.0,14.0,0.6681257853897598,1,False
2013,14,2013_14_ATL_GB,GB,ATL,22.0,21.0,1.0,0.6450896098821739,1,False
2013,14,2013_14_CLE_NE,NE,CLE,27.0,26.0,1.0,0.8520011796128573,1,False
2013,14,2013_14_OAK_NYJ,NYJ,OAK,37.0,27.0,10.0,0.6362836021785604,1,False
2013,14,2013_14_DET_PHI,PHI,DET,34.0,20.0,14.0,0.6065632087979596,1,False
2013,14,2013_14_MIA_PIT,PIT,MIA,28.0,34.0,-6.0,0.6306082322078688,0,False
2013,14,2013_14_BUF_TB,TB,BUF,27.0,6.0,21.0,0.6348775004602445,1,False
2013,14,2013_14_KC_WAS,WAS,KC,10.0,45.0,-35.0,0.3901880311932868,0,False
2013,14,2013_14_TEN_DEN,DEN,TEN,51.0,28.0,23.0,0.8243169954598468,1,False
2013,14,2013_14_STL_ARI,ARI,STL,30.0,10.0,20.0,0.6703707223597467,1,False
2013,14,2013_14_NYG_SD,SD,NYG,37.0,14.0,23.0,0.6144946656908442,1,False
2013,14,2013_14_SEA_SF,SF,SEA,19.0,17.0,2.0,0.5258277433455336,1,False
2013,14,2013_14_CAR_NO,NO,CAR,31.0,13.0,18.0,0.6004112629508291,1,False
2013,14,2013_14_DAL_CHI,CHI,DAL,45.0,28.0,17.0,0.5570242822385093,1,False
2013,15,2013_15_SD_DEN,DEN,SD,20.0,27.0,-7.0,0.7886299433953766,0,False
2013,15,2013_15_WAS_ATL,ATL,WAS,27.0,26.0,1.0,0.6844850892713513,1,False
2013,15,2013_15_CHI_CLE,CLE,CHI,31.0,38.0,-7.0,0.4516200414105248,0,False
2013,15,2013_15_HOU_IND,IND,HOU,25.0,3.0,22.0,0.729054780369441,1,False
2013,15,2013_15_BUF_JAX,JAX,BUF,20.0,27.0,-7.0,0.4431938176681823,0,False
2013,15,2013_15_NE_MIA,MIA,NE,24.0,20.0,4.0,0.41693599714241314,1,False
2013,15,2013_15_PHI_MIN,MIN,PHI,48.0,30.0,18.0,0.3097821623903921,1,False
2013,15,2013_15_SEA_NYG,NYG,SEA,0.0,23.0,-23.0,0.2884064133006732,0,False
2013,15,2013_15_SF_TB,TB,SF,14.0,33.0,-19.0,0.3164198822388861,0,False
2013,15,2013_15_NYJ_CAR,CAR,NYJ,30.0,20.0,10.0,0.7910658969836606,1,False
2013,15,2013_15_KC_OAK,OAK,KC,31.0,56.0,-25.0,0.3456557750206563,0,False
2013,15,2013_15_GB_DAL,DAL,GB,36.0,37.0,-1.0,0.6808192295541262,0,False
2013,15,2013_15_NO_STL,STL,NO,27.0,16.0,11.0,0.346296234050138,1,False
2013,15,2013_15_ARI_TEN,TEN,ARI,34.0,37.0,-3.0,0.38490575230201496,0,False
2013,15,2013_15_CIN_PIT,PIT,CIN,30.0,20.0,10.0,0.3669168203251609,1,False
2013,15,2013_15_BAL_DET,DET,BAL,16.0,18.0,-2.0,0.5563443385674568,0,False
2013,16,2013_16_MIA_BUF,BUF,MIA,19.0,0.0,19.0,0.3494243755646678,1,False
2013,16,2013_16_NO_CAR,CAR,NO,17.0,13.0,4.0,0.6369652434646567,1,False
2013,16,2013_16_MIN_CIN,CIN,MIN,42.0,14.0,28.0,0.7498222986100576,1,False
2013,16,2013_16_DEN_HOU,HOU,DEN,13.0,37.0,-24.0,0.1804654701158463,0,False
2013,16,2013_16_TEN_JAX,JAX,TEN,16.0,20.0,-4.0,0.36885776590088143,0,False
2013,16,2013_16_IND_KC,KC,IND,7.0,23.0,-16.0,0.7080699364970736,0,False
2013,16,2013_16_CLE_NYJ,NYJ,CLE,24.0,13.0,11.0,0.6327938538902635,1,False
2013,16,2013_16_TB_STL,STL,TB,23.0,13.0,10.0,0.648926691640689,1,False
2013,16,2013_16_DAL_WAS,WAS,DAL,23.0,24.0,-1.0,0.3281582985358173,0,False
2013,16,2013_16_NYG_DET,DET,NYG,20.0,23.0,-3.0,0.7443375513891121,0,False
2013,16,2013_16_ARI_SEA,SEA,ARI,10.0,17.0,-7.0,0.7523327417804069,0,False
2013,16,2013_16_NE_BAL,BAL,NE,7.0,41.0,-34.0,0.44304208532081346,0,False
2013,16,2013_16_PIT_GB,GB,PIT,31.0,38.0,-7.0,0.5382966951805134,0,False
2013,16,2013_16_OAK_SD,SD,OAK,26.0,13.0,13.0,0.7884576442503476,1,False
2013,16,2013_16_CHI_PHI,PHI,CHI,54.0,11.0,43.0,0.6030284492625002,1,False
2013,16,2013_16_ATL_SF,SF,ATL,34.0,24.0,10.0,0.800448622778171,1,False
2013,17,2013_17_CAR_ATL,ATL,CAR,20.0,21.0,-1.0,0.3370440761208998,0,False
2013,17,2013_17_BAL_CIN,CIN,BAL,34.0,17.0,17.0,0.6614197200935815,1,False
2013,17,2013_17_JAX_IND,IND,JAX,30.0,10.0,20.0,0.8245073240348235,1,False
2013,17,2013_17_NYJ_MIA,MIA,NYJ,7.0,20.0,-13.0,0.6799279122158421,0,False
2013,17,2013_17_DET_MIN,MIN,DET,14.0,13.0,1.0,0.5132988608362161,1,False
2013,17,2013_17_WAS_NYG,NYG,WAS,20.0,6.0,14.0,0.7178256469991156,1,False
2013,17,2013_17_CLE_PIT,PIT,CLE,20.0,7.0,13.0,0.7770546766655824,1,False
2013,17,2013_17_HOU_TEN,TEN,HOU,16.0,10.0,6.0,0.7143990300224475,1,False
2013,17,2013_17_SF_ARI,ARI,SF,20.0,23.0,-3.0,0.4986960100986627,0,False
2013,17,2013_17_GB_CHI,CHI,GB,28.0,33.0,-5.0,0.5309904928780477,0,False
2013,17,2013_17_BUF_NE,NE,BUF,34.0,20.0,14.0,0.8455756206830531,1,False
2013,17,2013_17_TB_NO,NO,TB,42.0,17.0,25.0,0.7688203209197668,1,False
2013,17,2013_17_DEN_OAK,OAK,DEN,14.0,34.0,-20.0,0.1497247900644815,0,False
2013,17,2013_17_KC_SD,SD,KC,27.0,24.0,3.0,0.6455313374024434,1,False
2013,17,2013_17_STL_SEA,SEA,STL,27.0,9.0,18.0,0.7594029995485573,1,False
2013,17,2013_17_PHI_DAL,DAL,PHI,22.0,24.0,-2.0,0.36483674039015457,0,False
2014,1,2014_01_GB_SEA,SEA,GB,36.0,16.0,20.0,0.7395056304631477,1,False
2014,1,2014_01_NO_ATL,ATL,NO,37.0,34.0,3.0,0.389586501152887,1,False
2014,1,2014_01_CIN_BAL,BAL,CIN,16.0,23.0,-7.0,0.5005026160940499,0,False
2014,1,2014_01_BUF_CHI,CHI,BUF,20.0,23.0,-3.0,0.7207120138031602,0,False
2014,1,2014_01_WAS_HOU,HOU,WAS,17.0,6.0,11.0,0.6040795885271977,1,False
2014,1,2014_01_TEN_KC,KC,TEN,10.0,26.0,-16.0,0.6532157506004875,0,False
2014,1,2014_01_NE_MIA,MIA,NE,33.0,20.0,13.0,0.350426738328609,1,False
2014,1,2014_01_OAK_NYJ,NYJ,OAK,19.0,14.0,5.0,0.7018669046212321,1,False
2014,1,2014_01_JAX_PHI,PHI,JAX,34.0,17.0,17.0,0.7399843969041004,1,False
2014,1,2014_01_CLE_PIT,PIT,CLE,30.0,27.0,3.0,0.7525012738478049,1,False
2014,1,2014_01_MIN_STL,STL,MIN,6.0,34.0,-28.0,0.6101203210295806,0,False
2014,1,2014_01_SF_DAL,DAL,SF,17.0,28.0,-11.0,0.36976634402646713,0,False
2014,1,2014_01_CAR_TB,TB,CAR,14.0,20.0,-6.0,0.4886816086602288,0,False
2014,1,2014_01_IND_DEN,DEN,IND,31.0,24.0,7.0,0.6603401226245601,1,False
2014,1,2014_01_NYG_DET,DET,NYG,35.0,14.0,21.0,0.6579496845691639,1,False
2014,1,2014_01_SD_ARI,ARI,SD,18.0,17.0,1.0,0.6313398102253891,1,False
2014,2,2014_02_PIT_BAL,BAL,PIT,26.0,6.0,20.0,0.5618344755551536,1,False
2014,2,2014_02_MIA_BUF,BUF,MIA,29.0,10.0,19.0,0.5290190312340761,1,False
2014,2,2014_02_DET_CAR,CAR,DET,24.0,7.0,17.0,0.6744664307660387,1,False
2014,2,2014_02_ATL_CIN,CIN,ATL,24.0,10.0,14.0,0.7100046246913099,1,False
2014,2,2014_02_NO_CLE,CLE,NO,26.0,24.0,2.0,0.33839408930051174,1,False
2014,2,2014_02_NE_MIN,MIN,NE,7.0,30.0,-23.0,0.42036041026455273,0,False
2014,2,2014_02_ARI_NYG,NYG,ARI,14.0,25.0,-11.0,0.523156612654567,0,False
2014,2,2014_02_DAL_TEN,TEN,DAL,10.0,26.0,-16.0,0.5983533977248533,0,False
2014,2,2014_02_JAX_WAS,WAS,JAX,41.0,10.0,31.0,0.6468780287979258,1,False
2014,2,2014_02_SEA_SD,SD,SEA,30.0,21.0,9.0,0.3567902593341739,1,False
2014,2,2014_02_STL_TB,TB,STL,17.0,19.0,-2.0,0.5909180477549031,0,False
2014,2,2014_02_KC_DEN,DEN,KC,24.0,17.0,7.0,0.7444152691895286,1,False
2014,2,2014_02_NYJ_GB,GB,NYJ,31.0,24.0,7.0,0.6551505472691012,1,False
2014,2,2014_02_HOU_OAK,OAK,HOU,14.0,30.0,-16.0,0.45880878591865093,0,False
2014,2,2014_02_CHI_SF,SF,CHI,20.0,28.0,-8.0,0.7416836956448373,0,False
2014,2,2014_02_PHI_IND,IND,PHI,27.0,30.0,-3.0,0.5997594587065919,0,False
2014,3,2014_03_TB_ATL,ATL,TB,56.0,14.0,42.0,0.6628479097869181,1,False
2014,3,2014_03_SD_BUF,BUF,SD,10.0,22.0,-12.0,0.502366683413825,0,False
2014,3,2014_03_TEN_CIN,CIN,TEN,33.0,7.0,26.0,0.767550524515962,1,False
2014,3,2014_03_BAL_CLE,CLE,BAL,21.0,23.0,-2.0,0.3476546619542019,0,False
2014,3,2014_03_GB_DET,DET,GB,19.0,7.0,12.0,0.571997492855629,1,False
2014,3,2014_03_IND_JAX,JAX,IND,17.0,44.0,-27.0,0.3484620157307168,0,False
2014,3,2014_03_OAK_NE,NE,OAK,16.0,9.0,7.0,0.8269130755425408,1,False
2014,3,2014_03_MIN_NO,NO,MIN,20.0,9.0,11.0,0.774427911084331,1,False
2014,3,2014_03_HOU_NYG,NYG,HOU,30.0,17.0,13.0,0.6292915659613156,1,False
2014,3,2014_03_WAS_PHI,PHI,WAS,37.0,34.0,3.0,0.7262088553158732,1,False
2014,3,2014_03_DAL_STL,STL,DAL,31.0,34.0,-3.0,0.46122300027216273,0,False
2014,3,2014_03_SF_ARI,ARI,SF,23.0,14.0,9.0,0.4350102598184938,1,False
2014,3,2014_03_KC_MIA,MIA,KC,15.0,34.0,-19.0,0.6930407760564249,0,False
2014,3,2014_03_DEN_SEA,SEA,DEN,26.0,20.0,6.0,0.6028517279726153,1,False
2014,3,2014_03_PIT_CAR,CAR,PIT,19.0,37.0,-18.0,0.6911228515831414,0,False
2014,3,2014_03_CHI_NYJ,NYJ,CHI,19.0,27.0,-8.0,0.539338919386533,0,False
2014,4,2014_04_NYG_WAS,WAS,NYG,14.0,45.0,-31.0,0.5501972907352166,0,False
2014,4,2014_04_CAR_BAL,BAL,CAR,38.0,10.0,28.0,0.5809471458670122,1,False
2014,4,2014_04_GB_CHI,CHI,GB,17.0,38.0,-21.0,0.5906077501825459,0,False
2014,4,2014_04_BUF_HOU,HOU,BUF,23.0,17.0,6.0,0.5477753188785665,1,False
2014,4,2014_04_TEN_IND,IND,TEN,41.0,17.0,24.0,0.7004630242346884,1,False
2014,4,2014_04_DET_NYJ,NYJ,DET,17.0,24.0,-7.0,0.5211533097401928,0,False
2014,4,2014_04_MIA_OAK,OAK,MIA,14.0,38.0,-24.0,0.30051188666165124,0,True
2014,4,2014_04_TB_PIT,PIT,TB,24.0,27.0,-3.0,0.7759984519457567,0,False
2014,4,2014_04_JAX_SD,SD,JAX,33.0,14.0,19.0,0.8546257410273442,1,False
2014,4,2014_04_ATL_MIN,MIN,ATL,41.0,28.0,13.0,0.40180488672280834,1,False
2014,4,2014_04_PHI_SF,SF,PHI,26.0,21.0,5.0,0.6448051970427975,1,False
2014,4,2014_04_NO_DAL,DAL,NO,38.0,17.0,21.0,0.47661052788283453,1,False
2014,4,2014_04_NE_KC,KC,NE,41.0,14.0,27.0,0.37261923949525666,1,False
2014,5,2014_05_MIN_GB,GB,MIN,42.0,10.0,32.0,0.7590222899505354,1,False
2014,5,2014_05_CHI_CAR,CAR,CHI,31.0,24.0,7.0,0.657053543345613,1,False
2014,5,2014_05_HOU_DAL,DAL,HOU,20.0,17.0,3.0,0.699471495493609,1,False
2014,5,2014_05_BUF_DET,DET,BUF,14.0,17.0,-3.0,0.6874784728475902,0,False
2014,5,2014_05_BAL_IND,IND,BAL,20.0,13.0,7.0,0.5904380731583745,1,False
2014,5,2014_05_PIT_JAX,JAX,PIT,9.0,17.0,-8.0,0.2690945803799775,0,False
2014,5,2014_05_TB_NO,NO,TB,37.0,31.0,6.0,0.7402905275371947,1,False
2014,5,2014_05_ATL_NYG,NYG,ATL,30.0,20.0,10.0,0.670135343048542,1,False
2014,5,2014_05_STL_PHI,PHI,STL,34.0,28.0,6.0,0.6688579120663541,1,False
2014,5,2014_05_CLE_TEN,TEN,CLE,28.0,29.0,-1.0,0.5867762786596395,0,False
2014,5,2014_05_ARI_DEN,DEN,ARI,41.0,20.0,21.0,0.6516060105279378,1,False
2014,5,2014_05_NYJ_SD,SD,NYJ,31.0,0.0,31.0,0.748861581752347,1,False
2014,5,2014_05_KC_SF,SF,KC,22.0,17.0,5.0,0.6410432762053003,1,False
2014,5,2014_05_CIN_NE,NE,CIN,43.0,17.0,26.0,0.44854070457926926,1,False
2014,5,2014_05_SEA_WAS,WAS,SEA,17.0,27.0,-10.0,0.2440336068246471,0,False
2014,6,2014_06_IND_HOU,HOU,IND,28.0,33.0,-5.0,0.35694891196974965,0,False
2014,6,2014_06_NE_BUF,BUF,NE,22.0,37.0,-15.0,0.38237478043102224,0,False
2014,6,2014_06_CAR_CIN,CIN,CAR,37.0,37.0,0.0,0.7257883390373787,0,False
2014,6,2014_06_PIT_CLE,CLE,PIT,31.0,10.0,21.0,0.4571340971679727,1,False
2014,6,2014_06_GB_MIA,MIA,GB,24.0,27.0,-3.0,0.4642961082383521,0,False
2014,6,2014_06_DET_MIN,MIN,DET,3.0,17.0,-14.0,0.4857860341685392,0,False
2014,6,2014_06_DEN_NYJ,NYJ,DEN,17.0,31.0,-14.0,0.28528588746966205,0,False
2014,6,2014_06_BAL_TB,TB,BAL,17.0,48.0,-31.0,0.3390653809528316,0,False
2014,6,2014_06_JAX_TEN,TEN,JAX,16.0,14.0,2.0,0.7160246036856808,1,False
2014,6,2014_06_SD_OAK,OAK,SD,28.0,31.0,-3.0,0.24446583022302823,0,False
2014,6,2014_06_WAS_ARI,ARI,WAS,30.0,20.0,10.0,0.7433672418975359,1,False
2014,6,2014_06_CHI_ATL,ATL,CHI,13.0,27.0,-14.0,0.5952503946671348,0,False
2014,6,2014_06_DAL_SEA,SEA,DAL,23.0,30.0,-7.0,0.6653651849379432,0,False
2014,6,2014_06_NYG_PHI,PHI,NYG,27.0,0.0,27.0,0.6427019333183325,1,False
2014,6,2014_06_SF_STL,STL,SF,17.0,31.0,-14.0,0.3246474967684202,0,False
2014,7,2014_07_NYJ_NE,NE,NYJ,27.0,25.0,2.0,0.8059387499366379,1,False
2014,7,2014_07_ATL_BAL,BAL,ATL,29.0,7.0,22.0,0.7357675666894239,1,False
2014,7,2014_07_MIN_BUF,BUF,MIN,17.0,16.0,1.0,0.6658561510938987,1,False
2014,7,2014_07_MIA_CHI,CHI,MIA,14.0,27.0,-13.0,0.6572838450715948,0,False
2014,7,2014_07_NO_DET,DET,NO,24.0,23.0,1.0,0.59007256286151,1,False
2014,7,2014_07_CAR_GB,GB,CAR,38.0,17.0,21.0,0.6612058671373767,1,False
2014,7,2014_07_CIN_IND,IND,CIN,27.0,0.0,27.0,0.6104445746835491,1,False
2014,7,2014_07_CLE_JAX,JAX,CLE,24.0,6.0,18.0,0.31187714426089763,1,False
2014,7,2014_07_SEA_STL,STL,SEA,28.0,26.0,2.0,0.3497584300634144,1,False
2014,7,2014_07_TEN_WAS,WAS,TEN,19.0,17.0,2.0,0.6334842810197918,1,False
2014,7,2014_07_KC_SD,SD,KC,20.0,23.0,-3.0,0.6757264745937761,0,False
2014,7,2014_07_NYG_DAL,DAL,NYG,31.0,21.0,10.0,0.6834173600848411,1,False
2014,7,2014_07_ARI_OAK,OAK,ARI,13.0,24.0,-11.0,0.3040585124109885,0,False
2014,7,2014_07_SF_DEN,DEN,SF,42.0,17.0,25.0,0.7230933548101101,1,False
2014,7,2014_07_HOU_PIT,PIT,HOU,30.0,23.0,7.0,0.6592810490329672,1,False
2014,8,2014_08_SD_DEN,DEN,SD,35.0,21.0,14.0,0.6788533426415162,1,False
2014,8,2014_08_DET_ATL,ATL,DET,21.0,22.0,-1.0,0.3402124967205576,0,True
2014,8,2014_08_SEA_CAR,CAR,SEA,9.0,13.0,-4.0,0.38856962865971906,0,False
2014,8,2014_08_BAL_CIN,CIN,BAL,27.0,24.0,3.0,0.49496564827780776,1,False
2014,8,2014_08_MIA_JAX,JAX,MIA,13.0,27.0,-14.0,0.2644692240727391,0,False
2014,8,2014_08_STL_KC,KC,STL,34.0,7.0,27.0,0.6711395850459498,1,False
2014,8,2014_08_CHI_NE,NE,CHI,51.0,23.0,28.0,0.7455057974678191,1,False
2014,8,2014_08_BUF_NYJ,NYJ,BUF,23.0,43.0,-20.0,0.5336656262615486,0,False
2014,8,2014_08_MIN_TB,TB,MIN,13.0,19.0,-6.0,0.5167706764718928,0,False
2014,8,2014_08_HOU_TEN,TEN,HOU,16.0,30.0,-14.0,0.4802402973288146,0,False
2014,8,2014_08_PHI_ARI,ARI,PHI,24.0,20.0,4.0,0.5411351270231964,1,False
2014,8,2014_08_OAK_CLE,CLE,OAK,23.0,13.0,10.0,0.6867933328325538,1,False
2014,8,2014_08_IND_PIT,PIT,IND,51.0,34.0,17.0,0.3602725996468823,1,False
2014,8,2014_08_GB_NO,NO,GB,44.0,23.0,21.0,0.5414309388721813,1,False
2014,8,2014_08_WAS_DAL,DAL,WAS,17.0,20.0,-3.0,0.8310830781905656,0,False
2014,9,2014_09_NO_CAR,CAR,NO,10.0,28.0,-18.0,0.4720215149797423,0,False
2014,9,2014_09_JAX_CIN,CIN,JAX,33.0,23.0,10.0,0.831345911699133,1,False
2014,9,2014_09_TB_CLE,CLE,TB,22.0,17.0,5.0,0.6463978292494925,1,False
2014,9,2014_09_ARI_DAL,DAL,ARI,17.0,28.0,-11.0,0.5306812028091531,0,False
2014,9,2014_09_PHI_HOU,HOU,PHI,21.0,31.0,-10.0,0.37281239521007037,0,False
2014,9,2014_09_NYJ_KC,KC,NYJ,24.0,10.0,14.0,0.8040655157894911,1,False
2014,9,2014_09_SD_MIA,MIA,SD,37.0,0.0,37.0,0.5388512049389058,1,False
2014,9,2014_09_WAS_MIN,MIN,WAS,29.0,26.0,3.0,0.6738974916667763,1,False
2014,9,2014_09_STL_SF,SF,STL,10.0,13.0,-3.0,0.7539809986834927,0,False
2014,9,2014_09_DEN_NE,NE,DEN,43.0,21.0,22.0,0.4482682651065702,1,False
2014,9,2014_09_OAK_SEA,SEA,OAK,30.0,24.0,6.0,0.8694425210154443,1,False
2014,9,2014_09_BAL_PIT,PIT,BAL,43.0,23.0,20.0,0.5794630651489067,1,False
2014,9,2014_09_IND_NYG,NYG,IND,24.0,40.0,-16.0,0.3876658057123967,0,False
2014,10,2014_10_CLE_CIN,CIN,CLE,3.0,24.0,-21.0,0.7340672459247258,0,False
2014,10,2014_10_TEN_BAL,BAL,TEN,21.0,7.0,14.0,0.7733465455097165,1,False
2014,10,2014_10_KC_BUF,BUF,KC,13.0,17.0,-4.0,0.498556437228131,0,False
2014,10,2014_10_MIA_DET,DET,MIA,20.0,16.0,4.0,0.6149351564723119,1,False
2014,10,2014_10_DAL_JAX,JAX,DAL,17.0,31.0,-14.0,0.21947095338885267,0,True
2014,10,2014_10_SF_NO,NO,SF,24.0,27.0,-3.0,0.6816639051518091,0,False
2014,10,2014_10_PIT_NYJ,NYJ,PIT,20.0,13.0,7.0,0.272284663197209,1,False
2014,10,2014_10_ATL_TB,TB,ATL,17.0,27.0,-10.0,0.40238873121445934,0,False
2014,10,2014_10_DEN_OAK,OAK,DEN,17.0,41.0,-24.0,0.163946636268141,0,False
2014,10,2014_10_STL_ARI,ARI,STL,31.0,14.0,17.0,0.7607236609119978,1,False
2014,10,2014_10_NYG_SEA,SEA,NYG,38.0,17.0,21.0,0.7530984553991549,1,False
2014,10,2014_10_CHI_GB,GB,CHI,55.0,14.0,41.0,0.683753666867301,1,False
2014,10,2014_10_CAR_PHI,PHI,CAR,45.0,21.0,24.0,0.7371611557155615,1,False
2014,11,2014_11_BUF_MIA,MIA,BUF,22.0,9.0,13.0,0.7002867968779778,1,False
2014,11,2014_11_ATL_CAR,CAR,ATL,17.0,19.0,-2.0,0.6404671534803804,0,False
2014,11,2014_11_MIN_CHI,CHI,MIN,21.0,13.0,8.0,0.5741315643305798,1,False
2014,11,2014_11_HOU_CLE,CLE,HOU,7.0,23.0,-16.0,0.6815074926359003,0,False
2014,11,2014_11_SEA_KC,KC,SEA,24.0,20.0,4.0,0.4904314861182709,1,False
2014,11,2014_11_CIN_NO,NO,CIN,10.0,27.0,-17.0,0.7374705434474618,0,False
2014,11,2014_11_SF_NYG,NYG,SF,10.0,16.0,-6.0,0.3223282114830825,0,False
2014,11,2014_11_DEN_STL,STL,DEN,22.0,7.0,15.0,0.24806113002259278,1,False
2014,11,2014_11_TB_WAS,WAS,TB,7.0,27.0,-20.0,0.7346975054750053,0,False
2014,11,2014_11_OAK_SD,SD,OAK,13.0,6.0,7.0,0.8261788942834124,1,False
2014,11,2014_11_DET_ARI,ARI,DET,14.0,6.0,8.0,0.6080045297949624,1,False
2014,11,2014_11_PHI_GB,GB,PHI,53.0,20.0,33.0,0.6450801340322659,1,False
2014,11,2014_11_NE_IND,IND,NE,20.0,42.0,-22.0,0.5211725929314752,0,False
2014,11,2014_11_PIT_TEN,TEN,PIT,24.0,27.0,-3.0,0.3246699807373433,0,False
2014,12,2014_12_KC_OAK,OAK,KC,24.0,20.0,4.0,0.20518593956355072,1,False
2014,12,2014_12_CLE_ATL,ATL,CLE,24.0,26.0,-2.0,0.6024009915199516,0,False
2014,12,2014_12_TB_CHI,CHI,TB,21.0,13.0,8.0,0.7113004109694411,1,False
2014,12,2014_12_CIN_HOU,HOU,CIN,13.0,22.0,-9.0,0.42802911707959074,0,False
2014,12,2014_12_JAX_IND,IND,JAX,23.0,3.0,20.0,0.8448541310154527,1,False
2014,12,2014_12_GB_MIN,MIN,GB,21.0,24.0,-3.0,0.35977423228415506,0,False
2014,12,2014_12_DET_NE,NE,DET,34.0,9.0,25.0,0.7495045772587807,1,False
2014,12,2014_12_TEN_PHI,PHI,TEN,43.0,24.0,19.0,0.7580173235969203,1,False
2014,12,2014_12_STL_SD,SD,STL,27.0,24.0,3.0,0.6883181648713388,1,False
2014,12,2014_12_ARI_SEA,SEA,ARI,19.0,3.0,16.0,0.6931332161828972,1,False
2014,12,2014_12_MIA_DEN,DEN,MIA,39.0,36.0,3.0,0.6663743756618964,1,False
2014,12,2014_12_WAS_SF,SF,WAS,17.0,13.0,4.0,0.8210155528258711,1,False
2014,12,2014_12_DAL_NYG,NYG,DAL,28.0,31.0,-3.0,0.33271765525135244,0,False
2014,12,2014_12_NYJ_BUF,BUF,NYJ,38.0,3.0,35.0,0.6634083292802853,1,True
2014,12,2014_12_BAL_NO,NO,BAL,27.0,34.0,-7.0,0.5966558502097363,0,False
2014,13,2014_13_CHI_DET,DET,CHI,34.0,17.0,17.0,0.6415299422067734,1,False
2014,13,2014_13_PHI_DAL,DAL,PHI,10.0,33.0,-23.0,0.608481848281744,0,False
2014,13,2014_13_SEA_SF,SF,SEA,3.0,19.0,-16.0,0.5370296667044726,0,False
2014,13,2014_13_SD_BAL,BAL,SD,33.0,34.0,-1.0,0.7023584166811204,0,False
2014,13,2014_13_CLE_BUF,BUF,CLE,26.0,10.0,16.0,0.6495959899316281,1,False
2014,13,2014_13_TEN_HOU,HOU,TEN,45.0,21.0,24.0,0.6654308207235984,1,False
2014,13,2014_13_WAS_IND,IND,WAS,49.0,27.0,22.0,0.8401503256240835,1,False
2014,13,2014_13_NYG_JAX,JAX,NYG,25.0,24.0,1.0,0.35664407682073784,1,False
2014,13,2014_13_CAR_MIN,MIN,CAR,31.0,13.0,18.0,0.5703793554806171,1,False
2014,13,2014_13_NO_PIT,PIT,NO,32.0,35.0,-3.0,0.6588030203822658,0,False
2014,13,2014_13_OAK_STL,STL,OAK,52.0,0.0,52.0,0.7182765471790586,1,False
2014,13,2014_13_CIN_TB,TB,CIN,13.0,14.0,-1.0,0.2868786798847112,0,False
2014,13,2014_13_ARI_ATL,ATL,ARI,29.0,18.0,11.0,0.34380569595451105,1,False
2014,13,2014_13_NE_GB,GB,NE,26.0,21.0,5.0,0.4955247706741815,1,False
2014,13,2014_13_DEN_KC,KC,DEN,16.0,29.0,-13.0,0.5010032442918569,0,False
2014,13,2014_13_MIA_NYJ,NYJ,MIA,13.0,16.0,-3.0,0.3118709743916172,0,False
2014,14,2014_14_DAL_CHI,CHI,DAL,28.0,41.0,-13.0,0.38217821942600433,0,False
2014,14,2014_14_PIT_CIN,CIN,PIT,21.0,42.0,-21.0,0.6780525931518149,0,False
2014,14,2014_14_IND_CLE,CLE,IND,24.0,25.0,-1.0,0.3218548521681397,0,False
2014,14,2014_14_TB_DET,DET,TB,34.0,17.0,17.0,0.7859883195935438,1,False
2014,14,2014_14_HOU_JAX,JAX,HOU,13.0,27.0,-14.0,0.2724302357153446,0,False
2014,14,2014_14_BAL_MIA,MIA,BAL,13.0,28.0,-15.0,0.5966942851580451,0,False
2014,14,2014_14_NYJ_MIN,MIN,NYJ,30.0,24.0,6.0,0.729100203256605,1,False
2014,14,2014_14_CAR_NO,NO,CAR,10.0,41.0,-31.0,0.6918645190162458,0,False
2014,14,2014_14_NYG_TEN,TEN,NYG,7.0,36.0,-29.0,0.42309414809169793,0,False
2014,14,2014_14_STL_WAS,WAS,STL,0.0,24.0,-24.0,0.34348033851423293,0,False
2014,14,2014_14_KC_ARI,ARI,KC,17.0,14.0,3.0,0.5697243573516002,1,False
2014,14,2014_14_BUF_DEN,DEN,BUF,24.0,17.0,7.0,0.7449811601242075,1,False
2014,14,2014_14_SF_OAK,OAK,SF,24.0,13.0,11.0,0.22753667019655258,1,False
2014,14,2014_14_SEA_PHI,PHI,SEA,14.0,24.0,-10.0,0.47769476038618575,0,False
2014,14,2014_14_NE_SD,SD,NE,14.0,23.0,-9.0,0.3354356676340133,0,False
2014,14,2014_14_ATL_GB,GB,ATL,43.0,37.0,6.0,0.766894548150044,1,False
2014,15,2014_15_ARI_STL,STL,ARI,6.0,12.0,-6.0,0.5583604064491773,0,False
2014,15,2014_15_PIT_ATL,ATL,PIT,20.0,27.0,-7.0,0.3703020844706336,0,False
2014,15,2014_15_JAX_BAL,BAL,JAX,20.0,12.0,8.0,0.8655849734055712,1,False
2014,15,2014_15_GB_BUF,BUF,GB,21.0,13.0,8.0,0.3265229288262337,1,False
2014,15,2014_15_TB_CAR,CAR,TB,19.0,17.0,2.0,0.7012330002381959,1,False
2014,15,2014_15_CIN_CLE,CLE,CIN,0.0,30.0,-30.0,0.414828176019138,0,False
2014,15,2014_15_HOU_IND,IND,HOU,17.0,10.0,7.0,0.7519135827372102,1,False
2014,15,2014_15_OAK_KC,KC,OAK,31.0,13.0,18.0,0.7991766829359214,1,False
2014,15,2014_15_MIA_NE,NE,MIA,41.0,13.0,28.0,0.77207539674062,1,False
2014,15,2014_15_WAS_NYG,NYG,WAS,24.0,13.0,11.0,0.7411033784763114,1,False
2014,15,2014_15_DEN_SD,SD,DEN,10.0,22.0,-12.0,0.34788994284722374,0,False
2014,15,2014_15_NYJ_TEN,TEN,NYJ,11.0,16.0,-5.0,0.4683669767986532,0,False
2014,15,2014_15_MIN_DET,DET,MIN,16.0,14.0,2.0,0.6719613776232218,1,False
2014,15,2014_15_SF_SEA,SEA,SF,17.0,7.0,10.0,0.7374255094177535,1,False
2014,15,2014_15_DAL_PHI,PHI,DAL,27.0,38.0,-11.0,0.6653496440614516,0,False
2014,15,2014_15_NO_CHI,CHI,NO,15.0,31.0,-16.0,0.4292177587307105,0,False
2014,16,2014_16_TEN_JAX,JAX,TEN,21.0,13.0,8.0,0.6549198145107599,1,False
2014,16,2014_16_PHI_WAS,WAS,PHI,27.0,24.0,3.0,0.22430495456190375,1,False
2014,16,2014_16_SD_SF,SF,SD,35.0,38.0,-3.0,0.599885556880439,0,False
2014,16,2014_16_CLE_CAR,CAR,CLE,17.0,13.0,4.0,0.6980561488219527,1,False
2014,16,2014_16_DET_CHI,CHI,DET,14.0,20.0,-6.0,0.3326927706602259,0,False
2014,16,2014_16_BAL_HOU,HOU,BAL,25.0,13.0,12.0,0.3569361244257992,1,False
2014,16,2014_16_MIN_MIA,MIA,MIN,37.0,35.0,2.0,0.693669211285564,1,False
2014,16,2014_16_ATL_NO,NO,ATL,14.0,30.0,-16.0,0.6691300474633978,0,False
2014,16,2014_16_NE_NYJ,NYJ,NE,16.0,17.0,-1.0,0.1721652796331496,0,False
2014,16,2014_16_KC_PIT,PIT,KC,20.0,12.0,8.0,0.6477694040245117,1,False
2014,16,2014_16_GB_TB,TB,GB,3.0,20.0,-17.0,0.23353962412837617,0,False
2014,16,2014_16_NYG_STL,STL,NYG,27.0,37.0,-10.0,0.7264086397437972,0,False
2014,16,2014_16_IND_DAL,DAL,IND,42.0,7.0,35.0,0.6008713984265887,1,False
2014,16,2014_16_BUF_OAK,OAK,BUF,26.0,24.0,2.0,0.314190074266298,1,False
2014,16,2014_16_SEA_ARI,ARI,SEA,6.0,35.0,-29.0,0.2696566972742048,0,False
2014,16,2014_16_DEN_CIN,CIN,DEN,37.0,28.0,9.0,0.37307784189558024,1,False
2014,17,2014_17_CLE_BAL,BAL,CLE,20.0,10.0,10.0,0.7877725880924434,1,False
2014,17,2014_17_JAX_HOU,HOU,JAX,23.0,17.0,6.0,0.7517968991423982,1,False
2014,17,2014_17_SD_KC,KC,SD,19.0,7.0,12.0,0.5706361726080181,1,False
2014,17,2014_17_NYJ_MIA,MIA,NYJ,24.0,37.0,-13.0,0.7507083152127003,0,False
2014,17,2014_17_CHI_MIN,MIN,CHI,13.0,9.0,4.0,0.6456692283869382,1,False
2014,17,2014_17_BUF_NE,NE,BUF,9.0,17.0,-8.0,0.7730610171343076,0,False
2014,17,2014_17_PHI_NYG,NYG,PHI,26.0,34.0,-8.0,0.4619013529682859,0,False
2014,17,2014_17_NO_TB,TB,NO,20.0,23.0,-3.0,0.27198977622123144,0,False
2014,17,2014_17_IND_TEN,TEN,IND,10.0,27.0,-17.0,0.19387368328847793,0,False
2014,17,2014_17_DAL_WAS,WAS,DAL,17.0,44.0,-27.0,0.19844375356151722,0,False
2014,17,2014_17_CAR_ATL,ATL,CAR,3.0,34.0,-31.0,0.5803995584676582,0,False
2014,17,2014_17_OAK_DEN,DEN,OAK,47.0,14.0,33.0,0.8765408323452166,1,False
2014,17,2014_17_DET_GB,GB,DET,30.0,20.0,10.0,0.7621274217507775,1,False
2014,17,2014_17_STL_SEA,SEA,STL,20.0,6.0,14.0,0.8299217828821073,1,False
2014,17,2014_17_ARI_SF,SF,ARI,20.0,17.0,3.0,0.6237314753447755,1,False
2014,17,2014_17_CIN_PIT,PIT,CIN,27.0,17.0,10.0,0.6183443233980719,1,False
2015,1,2015_01_PIT_NE,NE,PIT,28.0,21.0,7.0,0.7351871478439086,1,False
2015,1,2015_01_IND_BUF,BUF,IND,27.0,14.0,13.0,0.4767801421115956,1,False
2015,1,2015_01_GB_CHI,CHI,GB,23.0,31.0,-8.0,0.291668808456302,0,False
2015,1,2015_01_KC_HOU,HOU,KC,20.0,27.0,-7.0,0.46827916115981255,0,False
2015,1,2015_01_CAR_JAX,JAX,CAR,9.0,20.0,-11.0,0.34566565881921213,0,False
2015,1,2015_01_CLE_NYJ,NYJ,CLE,31.0,10.0,21.0,0.6341426576205279,1,False
2015,1,2015_01_SEA_STL,STL,SEA,34.0,31.0,3.0,0.327064728777041,1,False
2015,1,2015_01_MIA_WAS,WAS,MIA,10.0,17.0,-7.0,0.3391463401435819,0,False
2015,1,2015_01_NO_ARI,ARI,NO,31.0,19.0,12.0,0.6197287989267724,1,False
2015,1,2015_01_DET_SD,SD,DET,33.0,28.0,5.0,0.6016274156294915,1,False
2015,1,2015_01_BAL_DEN,DEN,BAL,19.0,13.0,6.0,0.7051542348014753,1,False
2015,1,2015_01_CIN_OAK,OAK,CIN,13.0,33.0,-20.0,0.3287068805094932,0,False
2015,1,2015_01_TEN_TB,TB,TEN,14.0,42.0,-28.0,0.6527624934277877,0,False
2015,1,2015_01_NYG_DAL,DAL,NYG,27.0,26.0,1.0,0.6938503491550893,1,False
2015,1,2015_01_PHI_ATL,ATL,PHI,26.0,24.0,2.0,0.4602132165428702,1,False
2015,1,2015_01_MIN_SF,SF,MIN,20.0,3.0,17.0,0.5736478982096593,1,False
2015,2,2015_02_DEN_KC,KC,DEN,24.0,31.0,-7.0,0.5433189018541837,0,False
2015,2,2015_02_NE_BUF,BUF,NE,32.0,40.0,-8.0,0.4587267646047959,0,False
2015,2,2015_02_HOU_CAR,CAR,HOU,24.0,17.0,7.0,0.66524883284956,1,False
2015,2,2015_02_ARI_CHI,CHI,ARI,23.0,48.0,-25.0,0.39891359556835065,0,False
2015,2,2015_02_SD_CIN,CIN,SD,24.0,19.0,5.0,0.6713597457428382,1,False
2015,2,2015_02_TEN_CLE,CLE,TEN,28.0,14.0,14.0,0.6426241598046631,1,False
2015,2,2015_02_DET_MIN,MIN,DET,26.0,16.0,10.0,0.5402132212918227,1,False
2015,2,2015_02_TB_NO,NO,TB,19.0,26.0,-7.0,0.7470621872758794,0,False
2015,2,2015_02_ATL_NYG,NYG,ATL,20.0,24.0,-4.0,0.5987951199395224,0,False
2015,2,2015_02_SF_PIT,PIT,SF,43.0,18.0,25.0,0.6867180848246213,1,False
2015,2,2015_02_STL_WAS,WAS,STL,24.0,10.0,14.0,0.37436761682944747,1,False
2015,2,2015_02_MIA_JAX,JAX,MIA,23.0,20.0,3.0,0.31272130060848363,1,False
2015,2,2015_02_BAL_OAK,OAK,BAL,37.0,33.0,4.0,0.28548016436336454,1,False
2015,2,2015_02_DAL_PHI,PHI,DAL,10.0,20.0,-10.0,0.5751471807787445,0,False
2015,2,2015_02_SEA_GB,GB,SEA,27.0,17.0,10.0,0.6032173371059004,1,False
2015,2,2015_02_NYJ_IND,IND,NYJ,7.0,20.0,-13.0,0.6850600818734273,0,False
2015,3,2015_03_WAS_NYG,NYG,WAS,32.0,21.0,11.0,0.6684713396178784,1,False
2015,3,2015_03_CIN_BAL,BAL,CIN,24.0,28.0,-4.0,0.5274370220422875,0,False
2015,3,2015_03_NO_CAR,CAR,NO,27.0,22.0,5.0,0.7195668146394437,1,False
2015,3,2015_03_OAK_CLE,CLE,OAK,20.0,27.0,-7.0,0.6247440688382989,0,False
2015,3,2015_03_ATL_DAL,DAL,ATL,28.0,39.0,-11.0,0.6647185536864874,0,False
2015,3,2015_03_TB_HOU,HOU,TB,19.0,9.0,10.0,0.6762776982591248,1,False
2015,3,2015_03_SD_MIN,MIN,SD,31.0,14.0,17.0,0.5758963896329041,1,False
2015,3,2015_03_JAX_NE,NE,JAX,51.0,17.0,34.0,0.840489976350184,1,False
2015,3,2015_03_PHI_NYJ,NYJ,PHI,17.0,24.0,-7.0,0.6016017111888301,0,False
2015,3,2015_03_PIT_STL,STL,PIT,6.0,12.0,-6.0,0.39706905376076357,0,False
2015,3,2015_03_IND_TEN,TEN,IND,33.0,35.0,-2.0,0.322121355259222,0,False
2015,3,2015_03_SF_ARI,ARI,SF,47.0,7.0,40.0,0.7201413250865843,1,False
2015,3,2015_03_BUF_MIA,MIA,BUF,14.0,41.0,-27.0,0.5687546265612435,0,False
2015,3,2015_03_CHI_SEA,SEA,CHI,26.0,0.0,26.0,0.8114430979947047,1,False
2015,3,2015_03_DEN_DET,DET,DEN,12.0,24.0,-12.0,0.3478683532389807,0,False
2015,3,2015_03_KC_GB,GB,KC,38.0,28.0,10.0,0.6722526813088199,1,False
2015,4,2015_04_BAL_PIT,PIT,BAL,20.0,23.0,-3.0,0.648696250502171,0,False
2015,4,2015_04_NYJ_MIA,MIA,NYJ,14.0,27.0,-13.0,0.4384689545989436,0,True
2015,4,2015_04_HOU_ATL,ATL,HOU,48.0,21.0,27.0,0.6790658836848139,1,False
2015,4,2015_04_NYG_BUF,BUF,NYG,10.0,24.0,-14.0,0.6719457578577063,0,False
2015,4,2015_04_OAK_CHI,CHI,OAK,22.0,20.0,2.0,0.47872623919713875,1,False
2015,4,2015_04_KC_CIN,CIN,KC,36.0,21.0,15.0,0.6566528307527157,1,False
2015,4,2015_04_JAX_IND,IND,JAX,16.0,13.0,3.0,0.6936600347368164,1,False
2015,4,2015_04_CAR_TB,TB,CAR,23.0,37.0,-14.0,0.3322334063178347,0,False
2015,4,2015_04_PHI_WAS,WAS,PHI,23.0,20.0,3.0,0.3517987750951162,1,False
2015,4,2015_04_CLE_SD,SD,CLE,30.0,27.0,3.0,0.6649983428692808,1,False
2015,4,2015_04_STL_ARI,ARI,STL,22.0,24.0,-2.0,0.7501361975418932,0,False
2015,4,2015_04_MIN_DEN,DEN,MIN,23.0,20.0,3.0,0.7241197518508389,1,False
2015,4,2015_04_GB_SF,SF,GB,3.0,17.0,-14.0,0.2678493722723491,0,False
2015,4,2015_04_DAL_NO,NO,DAL,26.0,20.0,6.0,0.49670523512686066,1,False
2015,4,2015_04_DET_SEA,SEA,DET,13.0,10.0,3.0,0.7259421900177516,1,False
2015,5,2015_05_IND_HOU,HOU,IND,20.0,27.0,-7.0,0.6210792169334155,0,False
2015,5,2015_05_WAS_ATL,ATL,WAS,25.0,19.0,6.0,0.7309227936566762,1,False
2015,5,2015_05_CLE_BAL,BAL,CLE,30.0,33.0,-3.0,0.7079337291936029,0,False
2015,5,2015_05_SEA_CIN,CIN,SEA,27.0,24.0,3.0,0.6108902095583547,1,False
2015,5,2015_05_STL_GB,GB,STL,24.0,10.0,14.0,0.7775743630299463,1,False
2015,5,2015_05_CHI_KC,KC,CHI,17.0,18.0,-1.0,0.6930975800904303,0,False
2015,5,2015_05_NO_PHI,PHI,NO,39.0,17.0,22.0,0.7243845278313379,1,False
2015,5,2015_05_JAX_TB,TB,JAX,38.0,31.0,7.0,0.5796345824375466,1,False
2015,5,2015_05_BUF_TEN,TEN,BUF,13.0,14.0,-1.0,0.3790768236529252,0,False
2015,5,2015_05_ARI_DET,DET,ARI,17.0,42.0,-25.0,0.3418924718794604,0,False
2015,5,2015_05_NE_DAL,DAL,NE,6.0,30.0,-24.0,0.26780052168528073,0,False
2015,5,2015_05_DEN_OAK,OAK,DEN,10.0,16.0,-6.0,0.2761959089433987,0,False
2015,5,2015_05_SF_NYG,NYG,SF,30.0,27.0,3.0,0.7288807195698945,1,False
2015,5,2015_05_PIT_SD,SD,PIT,20.0,24.0,-4.0,0.5753617640515443,0,False
2015,6,2015_06_ATL_NO,NO,ATL,31.0,21.0,10.0,0.37048350278850345,1,False
2015,6,2015_06_CIN_BUF,BUF,CIN,21.0,34.0,-13.0,0.3650954540211602,0,False
2015,6,2015_06_DEN_CLE,CLE,DEN,23.0,26.0,-3.0,0.2762155912430434,0,False
2015,6,2015_06_CHI_DET,DET,CHI,37.0,34.0,3.0,0.6805932682509477,1,False
2015,6,2015_06_HOU_JAX,JAX,HOU,20.0,31.0,-11.0,0.527767019478726,0,False
2015,6,2015_06_KC_MIN,MIN,KC,16.0,10.0,6.0,0.6437765173034026,1,False
2015,6,2015_06_WAS_NYJ,NYJ,WAS,34.0,20.0,14.0,0.6892118077521997,1,False
2015,6,2015_06_ARI_PIT,PIT,ARI,25.0,13.0,12.0,0.40796093208054857,1,False
2015,6,2015_06_MIA_TEN,TEN,MIA,10.0,38.0,-28.0,0.5170109036527627,0,False
2015,6,2015_06_CAR_SEA,SEA,CAR,23.0,27.0,-4.0,0.7235689066794493,0,False
2015,6,2015_06_SD_GB,GB,SD,27.0,20.0,7.0,0.7699503758695365,1,False
2015,6,2015_06_BAL_SF,SF,BAL,25.0,20.0,5.0,0.48012218326915457,1,False
2015,6,2015_06_NE_IND,IND,NE,27.0,34.0,-7.0,0.26158638713053417,0,False
2015,6,2015_06_NYG_PHI,PHI,NYG,27.0,7.0,20.0,0.6467864841537978,1,False
2015,7,2015_07_SEA_SF,SF,SEA,3.0,20.0,-17.0,0.3239481211220935,0,False
2015,7,2015_07_BUF_JAX,JAX,BUF,34.0,31.0,3.0,0.3081329941568749,1,True
2015,7,2015_07_MIN_DET,DET,MIN,19.0,28.0,-9.0,0.5119434736191874,0,False
2015,7,2015_07_NO_IND,IND,NO,21.0,27.0,-6.0,0.7136887773327535,0,False
2015,7,2015_07_PIT_KC,KC,PIT,23.0,13.0,10.0,0.504595722870093,1,False
2015,7,2015_07_HOU_MIA,MIA,HOU,44.0,26.0,18.0,0.6868448451001063,1,False
2015,7,2015_07_NYJ_NE,NE,NYJ,30.0,23.0,7.0,0.7657808581877874,1,False
2015,7,2015_07_CLE_STL,STL,CLE,24.0,6.0,18.0,0.7202310772032942,1,False
2015,7,2015_07_ATL_TEN,TEN,ATL,7.0,10.0,-3.0,0.2952286471340116,0,False
2015,7,2015_07_TB_WAS,WAS,TB,31.0,30.0,1.0,0.6319287641144085,1,False
2015,7,2015_07_OAK_SD,SD,OAK,29.0,37.0,-8.0,0.6601834567382495,0,False
2015,7,2015_07_DAL_NYG,NYG,DAL,27.0,20.0,7.0,0.6192994368569843,1,False
2015,7,2015_07_PHI_CAR,CAR,PHI,27.0,16.0,11.0,0.6521606759112003,1,False
2015,7,2015_07_BAL_ARI,ARI,BAL,26.0,18.0,8.0,0.6979366735859175,1,False
2015,8,2015_08_MIA_NE,NE,MIA,36.0,7.0,29.0,0.7986765995707737,1,False
2015,8,2015_08_DET_KC,KC,DET,45.0,10.0,35.0,0.6286403253417976,1,True
2015,8,2015_08_TB_ATL,ATL,TB,20.0,23.0,-3.0,0.7612322723048224,0,False
2015,8,2015_08_SD_BAL,BAL,SD,29.0,26.0,3.0,0.6638465387841176,1,False
2015,8,2015_08_MIN_CHI,CHI,MIN,20.0,23.0,-3.0,0.37374569616111064,0,False
2015,8,2015_08_ARI_CLE,CLE,ARI,20.0,34.0,-14.0,0.3076945740660676,0,False
2015,8,2015_08_TEN_HOU,HOU,TEN,20.0,6.0,14.0,0.6913573360542635,1,False
2015,8,2015_08_NYG_NO,NO,NYG,52.0,49.0,3.0,0.5916553548594938,1,False
2015,8,2015_08_CIN_PIT,PIT,CIN,10.0,16.0,-6.0,0.4740741691410067,0,False
2015,8,2015_08_SF_STL,STL,SF,27.0,6.0,21.0,0.713555196274634,1,False
2015,8,2015_08_NYJ_OAK,OAK,NYJ,34.0,20.0,14.0,0.41951549119388,1,False
2015,8,2015_08_SEA_DAL,DAL,SEA,12.0,13.0,-1.0,0.3284184737932916,0,False
2015,8,2015_08_GB_DEN,DEN,GB,29.0,10.0,19.0,0.5166333019541213,1,False
2015,8,2015_08_IND_CAR,CAR,IND,29.0,26.0,3.0,0.7351886100637514,1,False
2015,9,2015_09_CLE_CIN,CIN,CLE,31.0,10.0,21.0,0.8693034194845316,1,False
2015,9,2015_09_MIA_BUF,BUF,MIA,33.0,17.0,16.0,0.6644748268387131,1,False
2015,9,2015_09_GB_CAR,CAR,GB,37.0,29.0,8.0,0.4966128660633907,1,False
2015,9,2015_09_STL_MIN,MIN,STL,21.0,18.0,3.0,0.6584225003273544,1,False
2015,9,2015_09_WAS_NE,NE,WAS,27.0,10.0,17.0,0.8772496549490784,1,False
2015,9,2015_09_TEN_NO,NO,TEN,28.0,34.0,-6.0,0.7782965036928291,0,False
2015,9,2015_09_JAX_NYJ,NYJ,JAX,28.0,23.0,5.0,0.7224386170872646,1,False
2015,9,2015_09_OAK_PIT,PIT,OAK,38.0,35.0,3.0,0.6688310592477514,1,False
2015,9,2015_09_ATL_SF,SF,ATL,17.0,16.0,1.0,0.27583113808019977,1,False
2015,9,2015_09_NYG_TB,TB,NYG,18.0,32.0,-14.0,0.39965597639528994,0,False
2015,9,2015_09_DEN_IND,IND,DEN,27.0,24.0,3.0,0.318648964541533,1,False
2015,9,2015_09_PHI_DAL,DAL,PHI,27.0,33.0,-6.0,0.43103256883155455,0,False
2015,9,2015_09_CHI_SD,SD,CHI,19.0,22.0,-3.0,0.6884055056936795,0,False
2015,10,2015_10_BUF_NYJ,NYJ,BUF,17.0,22.0,-5.0,0.5697003662311975,0,False
2015,10,2015_10_JAX_BAL,BAL,JAX,20.0,22.0,-2.0,0.7370163243096615,0,False
2015,10,2015_10_DET_GB,GB,DET,16.0,18.0,-2.0,0.7942143021021604,0,False
2015,10,2015_10_MIA_PHI,PHI,MIA,19.0,20.0,-1.0,0.6956563689984163,0,False
2015,10,2015_10_CLE_PIT,PIT,CLE,30.0,9.0,21.0,0.7984649900189584,1,False
2015,10,2015_10_CHI_STL,STL,CHI,13.0,37.0,-24.0,0.67731245912224,0,False
2015,10,2015_10_DAL_TB,TB,DAL,10.0,6.0,4.0,0.40322232020376625,1,False
2015,10,2015_10_CAR_TEN,TEN,CAR,10.0,27.0,-17.0,0.22663564113003257,0,False
2015,10,2015_10_NO_WAS,WAS,NO,47.0,14.0,33.0,0.4327939039789403,1,False
2015,10,2015_10_MIN_OAK,OAK,MIN,14.0,30.0,-16.0,0.4831033517603095,0,False
2015,10,2015_10_KC_DEN,DEN,KC,13.0,29.0,-16.0,0.7317058707300379,0,False
2015,10,2015_10_NE_NYG,NYG,NE,26.0,27.0,-1.0,0.3180264707637279,0,False
2015,10,2015_10_ARI_SEA,SEA,ARI,32.0,39.0,-7.0,0.6213609662260005,0,False
2015,10,2015_10_HOU_CIN,CIN,HOU,6.0,10.0,-4.0,0.8014882108748702,0,False
2015,11,2015_11_TEN_JAX,JAX,TEN,19.0,13.0,6.0,0.6785664324620176,1,False
2015,11,2015_11_IND_ATL,ATL,IND,21.0,24.0,-3.0,0.669549851492795,0,False
2015,11,2015_11_STL_BAL,BAL,STL,16.0,13.0,3.0,0.6730832652554755,1,False
2015,11,2015_11_WAS_CAR,CAR,WAS,44.0,16.0,28.0,0.8082980658272823,1,False
2015,11,2015_11_DEN_CHI,CHI,DEN,15.0,17.0,-2.0,0.3264138694657458,0,False
2015,11,2015_11_OAK_DET,DET,OAK,18.0,13.0,5.0,0.5425425056469401,1,False
2015,11,2015_11_NYJ_HOU,HOU,NYJ,24.0,17.0,7.0,0.4633384946662615,1,False
2015,11,2015_11_DAL_MIA,MIA,DAL,14.0,24.0,-10.0,0.5591801779123472,0,False
2015,11,2015_11_TB_PHI,PHI,TB,17.0,45.0,-28.0,0.7168137940436593,0,False
2015,11,2015_11_KC_SD,SD,KC,3.0,33.0,-30.0,0.34071721217772466,0,False
2015,11,2015_11_GB_MIN,MIN,GB,13.0,30.0,-17.0,0.5108332896626381,0,False
2015,11,2015_11_SF_SEA,SEA,SF,29.0,13.0,16.0,0.775924604831464,1,False
2015,11,2015_11_CIN_ARI,ARI,CIN,34.0,31.0,3.0,0.625275499887671,1,False
2015,11,2015_11_BUF_NE,NE,BUF,20.0,13.0,7.0,0.8074160981786743,1,False
2015,12,2015_12_PHI_DET,DET,PHI,45.0,14.0,31.0,0.5991538955466655,1,False
2015,12,2015_12_CAR_DAL,DAL,CAR,14.0,33.0,-19.0,0.31960879857454516,0,False
2015,12,2015_12_CHI_GB,GB,CHI,13.0,17.0,-4.0,0.7867761934673668,0,False
2015,12,2015_12_MIN_ATL,ATL,MIN,10.0,20.0,-10.0,0.5360345049736195,0,False
2015,12,2015_12_STL_CIN,CIN,STL,31.0,7.0,24.0,0.7768140873200577,1,False
2015,12,2015_12_NO_HOU,HOU,NO,24.0,6.0,18.0,0.6421044380260222,1,False
2015,12,2015_12_TB_IND,IND,TB,25.0,12.0,13.0,0.68463644886781,1,False
2015,12,2015_12_SD_JAX,JAX,SD,25.0,31.0,-6.0,0.6040927799757121,0,False
2015,12,2015_12_BUF_KC,KC,BUF,30.0,22.0,8.0,0.6480184105395277,1,False
2015,12,2015_12_MIA_NYJ,NYJ,MIA,38.0,20.0,18.0,0.6631098387210067,1,False
2015,12,2015_12_OAK_TEN,TEN,OAK,21.0,24.0,-3.0,0.4296416310694667,0,False
2015,12,2015_12_NYG_WAS,WAS,NYG,20.0,14.0,6.0,0.4189905432354914,1,False
2015,12,2015_12_ARI_SF,SF,ARI,13.0,19.0,-6.0,0.268812778638476,0,False
2015,12,2015_12_PIT_SEA,SEA,PIT,39.0,30.0,9.0,0.6807436885797388,1,False
2015,12,2015_12_NE_DEN,DEN,NE,30.0,24.0,6.0,0.3698301542313023,1,False
2015,12,2015_12_BAL_CLE,CLE,BAL,27.0,33.0,-6.0,0.5610480294289173,0,False
2015,13,2015_13_GB_DET,DET,GB,23.0,27.0,-4.0,0.3731545011338951,0,False
2015,13,2015_13_HOU_BUF,BUF,HOU,30.0,21.0,9.0,0.6151827076467361,1,False
2015,13,2015_13_SF_CHI,CHI,SF,20.0,26.0,-6.0,0.7104607557306964,0,False
2015,13,2015_13_CIN_CLE,CLE,CIN,3.0,37.0,-34.0,0.19287950415846125,0,False
2015,13,2015_13_BAL_MIA,MIA,BAL,15.0,13.0,2.0,0.5766884591336993,1,False
2015,13,2015_13_SEA_MIN,MIN,SEA,7.0,38.0,-31.0,0.4527931735743712,0,False
2015,13,2015_13_NYJ_NYG,NYG,NYJ,20.0,23.0,-3.0,0.5538294699725245,0,False
2015,13,2015_13_ARI_STL,STL,ARI,3.0,27.0,-24.0,0.2956791294863312,0,False
2015,13,2015_13_ATL_TB,TB,ATL,23.0,19.0,4.0,0.5074758426432678,1,False
2015,13,2015_13_JAX_TEN,TEN,JAX,42.0,39.0,3.0,0.5688511135693313,1,False
2015,13,2015_13_KC_OAK,OAK,KC,20.0,34.0,-14.0,0.34491197089681275,0,False
2015,13,2015_13_DEN_SD,SD,DEN,3.0,17.0,-14.0,0.31399139837882334,0,False
2015,13,2015_13_PHI_NE,NE,PHI,28.0,35.0,-7.0,0.8246784801345991,0,False
2015,13,2015_13_CAR_NO,NO,CAR,38.0,41.0,-3.0,0.25913254090857096,0,False
2015,13,2015_13_IND_PIT,PIT,IND,45.0,10.0,35.0,0.6533053291160495,1,False
2015,13,2015_13_DAL_WAS,WAS,DAL,16.0,19.0,-3.0,0.5507400896745966,0,False
2015,14,2015_14_MIN_ARI,ARI,MIN,23.0,20.0,3.0,0.7129276251941549,1,False
2015,14,2015_14_SEA_BAL,BAL,SEA,6.0,35.0,-29.0,0.3096882892483659,0,False
2015,14,2015_14_ATL_CAR,CAR,ATL,38.0,0.0,38.0,0.80184405292747,1,False
2015,14,2015_14_WAS_CHI,CHI,WAS,21.0,24.0,-3.0,0.6587997737759705,0,False
2015,14,2015_14_PIT_CIN,CIN,PIT,20.0,33.0,-13.0,0.6516340047497949,0,False
2015,14,2015_14_SF_CLE,CLE,SF,24.0,10.0,14.0,0.47906656419251736,1,False
2015,14,2015_14_IND_JAX,JAX,IND,51.0,16.0,35.0,0.35311317492967564,1,False
2015,14,2015_14_SD_KC,KC,SD,10.0,3.0,7.0,0.792840057814408,1,False
2015,14,2015_14_TEN_NYJ,NYJ,TEN,30.0,8.0,22.0,0.7606005862362012,1,False
2015,14,2015_14_BUF_PHI,PHI,BUF,23.0,20.0,3.0,0.5480699858089706,1,False
2015,14,2015_14_DET_STL,STL,DET,21.0,14.0,7.0,0.3990579677877734,1,False
2015,14,2015_14_NO_TB,TB,NO,17.0,24.0,-7.0,0.6960112460394925,0,False
2015,14,2015_14_OAK_DEN,DEN,OAK,12.0,15.0,-3.0,0.8372911983077,0,False
2015,14,2015_14_DAL_GB,GB,DAL,28.0,7.0,21.0,0.7266170539437331,1,False
2015,14,2015_14_NE_HOU,HOU,NE,6.0,27.0,-21.0,0.33925199147513196,0,False
2015,14,2015_14_NYG_MIA,MIA,NYG,24.0,31.0,-7.0,0.4600453472273106,0,False
2015,15,2015_15_TB_STL,STL,TB,31.0,23.0,8.0,0.6184636744707365,1,False
2015,15,2015_15_NYJ_DAL,DAL,NYJ,16.0,19.0,-3.0,0.4274114569013147,0,False
2015,15,2015_15_KC_BAL,BAL,KC,14.0,34.0,-20.0,0.32374612537562836,0,False
2015,15,2015_15_HOU_IND,IND,HOU,10.0,16.0,-6.0,0.6318112313458832,0,False
2015,15,2015_15_ATL_JAX,JAX,ATL,17.0,23.0,-6.0,0.527355697406565,0,False
2015,15,2015_15_CHI_MIN,MIN,CHI,38.0,17.0,21.0,0.7021356655564713,1,False
2015,15,2015_15_TEN_NE,NE,TEN,33.0,16.0,17.0,0.907013502031912,1,False
2015,15,2015_15_CAR_NYG,NYG,CAR,35.0,38.0,-3.0,0.32401853581963064,0,False
2015,15,2015_15_BUF_WAS,WAS,BUF,35.0,25.0,10.0,0.4219381508813775,1,False
2015,15,2015_15_GB_OAK,OAK,GB,20.0,30.0,-10.0,0.3187278019176575,0,False
2015,15,2015_15_CLE_SEA,SEA,CLE,30.0,13.0,17.0,0.8653204341993671,1,False
2015,15,2015_15_DEN_PIT,PIT,DEN,34.0,27.0,7.0,0.666098226562031,1,False
2015,15,2015_15_MIA_SD,SD,MIA,30.0,14.0,16.0,0.581474589869965,1,False
2015,15,2015_15_CIN_SF,SF,CIN,14.0,24.0,-10.0,0.3388709249316266,0,False
2015,15,2015_15_ARI_PHI,PHI,ARI,17.0,40.0,-23.0,0.328565244475441,0,False
2015,15,2015_15_DET_NO,NO,DET,27.0,35.0,-8.0,0.5802965671534488,0,False
2015,16,2015_16_SD_OAK,OAK,SD,23.0,20.0,3.0,0.629763480624421,1,False
2015,16,2015_16_WAS_PHI,PHI,WAS,24.0,38.0,-14.0,0.6711805068812341,0,False
2015,16,2015_16_CAR_ATL,ATL,CAR,20.0,13.0,7.0,0.28220857347782474,1,False
2015,16,2015_16_PIT_BAL,BAL,PIT,20.0,17.0,3.0,0.28243462856387574,1,False
2015,16,2015_16_DAL_BUF,BUF,DAL,16.0,6.0,10.0,0.6529797725023212,1,False
2015,16,2015_16_SF_DET,DET,SF,32.0,17.0,15.0,0.6627501527728735,1,False
2015,16,2015_16_CLE_KC,KC,CLE,17.0,13.0,4.0,0.8516547428198868,1,False
2015,16,2015_16_IND_MIA,MIA,IND,12.0,18.0,-6.0,0.535797789320989,0,False
2015,16,2015_16_NE_NYJ,NYJ,NE,26.0,20.0,6.0,0.3440718551568023,1,False
2015,16,2015_16_CHI_TB,TB,CHI,21.0,26.0,-5.0,0.6071354972820012,0,False
2015,16,2015_16_HOU_TEN,TEN,HOU,6.0,34.0,-28.0,0.32895911133882005,0,False
2015,16,2015_16_JAX_NO,NO,JAX,38.0,27.0,11.0,0.6594490208372364,1,False
2015,16,2015_16_GB_ARI,ARI,GB,38.0,8.0,30.0,0.7154364716990634,1,False
2015,16,2015_16_STL_SEA,SEA,STL,17.0,23.0,-6.0,0.8334521157140136,0,False
2015,16,2015_16_NYG_MIN,MIN,NYG,49.0,17.0,32.0,0.6535673547395459,1,False
2015,16,2015_16_CIN_DEN,DEN,CIN,20.0,17.0,3.0,0.6633152088485448,1,False
2015,17,2015_17_NO_ATL,ATL,NO,17.0,20.0,-3.0,0.6487752085725395,0,False
2015,17,2015_17_NYJ_BUF,BUF,NYJ,22.0,17.0,5.0,0.4835251349424251,1,False
2015,17,2015_17_DET_CHI,CHI,DET,20.0,24.0,-4.0,0.4381122990120787,0,False
2015,17,2015_17_BAL_CIN,CIN,BAL,24.0,16.0,8.0,0.7507599217246927,1,False
2015,17,2015_17_PIT_CLE,CLE,PIT,12.0,28.0,-16.0,0.21326666428706248,0,False
2015,17,2015_17_WAS_DAL,DAL,WAS,23.0,34.0,-11.0,0.5164618175443517,0,False
2015,17,2015_17_JAX_HOU,HOU,JAX,30.0,6.0,24.0,0.7516651526627219,1,False
2015,17,2015_17_TEN_IND,IND,TEN,30.0,24.0,6.0,0.7643425116069005,1,False
2015,17,2015_17_NE_MIA,MIA,NE,20.0,10.0,10.0,0.219013840193888,1,False
2015,17,2015_17_PHI_NYG,NYG,PHI,30.0,35.0,-5.0,0.6295655675370495,0,False
2015,17,2015_17_SEA_ARI,ARI,SEA,6.0,36.0,-30.0,0.6525953996607038,0,False
2015,17,2015_17_TB_CAR,CAR,TB,38.0,10.0,28.0,0.8543118373158067,1,False
2015,17,2015_17_SD_DEN,DEN,SD,27.0,20.0,7.0,0.81135384900311,1,False
2015,17,2015_17_OAK_KC,KC,OAK,23.0,17.0,6.0,0.7977682192663834,1,False
2015,17,2015_17_STL_SF,SF,STL,19.0,16.0,3.0,0.3851626082752315,1,False
2015,17,2015_17_MIN_GB,GB,MIN,13.0,20.0,-7.0,0.6679679434697394,0,False
2016,1,2016_01_CAR_DEN,DEN,CAR,21.0,20.0,1.0,0.4579785499374231,1,False
2016,1,2016_01_TB_ATL,ATL,TB,24.0,31.0,-7.0,0.6514130145019663,0,False
2016,1,2016_01_BUF_BAL,BAL,BUF,13.0,7.0,6.0,0.5241895943606335,1,False
2016,1,2016_01_CHI_HOU,HOU,CHI,23.0,14.0,9.0,0.7019898141453352,1,False
2016,1,2016_01_GB_JAX,JAX,GB,23.0,27.0,-4.0,0.3165423959202803,0,False
2016,1,2016_01_SD_KC,KC,SD,33.0,27.0,6.0,0.7401611315378689,1,False
2016,1,2016_01_OAK_NO,NO,OAK,34.0,35.0,-1.0,0.625751031873445,0,False
2016,1,2016_01_CIN_NYJ,NYJ,CIN,22.0,23.0,-1.0,0.5486730096887699,0,False
2016,1,2016_01_CLE_PHI,PHI,CLE,29.0,10.0,19.0,0.673238560922956,1,False
2016,1,2016_01_MIN_TEN,TEN,MIN,16.0,25.0,-9.0,0.32877277929642473,0,False
2016,1,2016_01_MIA_SEA,SEA,MIA,12.0,10.0,2.0,0.7586084522584787,1,False
2016,1,2016_01_NYG_DAL,DAL,NYG,19.0,20.0,-1.0,0.5239398679049547,0,False
2016,1,2016_01_DET_IND,IND,DET,35.0,39.0,-4.0,0.5445356668731001,0,False
2016,1,2016_01_NE_ARI,ARI,NE,21.0,23.0,-2.0,0.6477997161954648,0,False
2016,1,2016_01_PIT_WAS,WAS,PIT,16.0,38.0,-22.0,0.42768518670809696,0,False
2016,1,2016_01_LA_SF,SF,LA,28.0,0.0,28.0,0.4456032395849135,1,False
2016,2,2016_02_NYJ_BUF,BUF,NYJ,31.0,37.0,-6.0,0.578543336778182,0,False
2016,2,2016_02_TB_ARI,ARI,TB,40.0,7.0,33.0,0.7458424005716637,1,False
2016,2,2016_02_SF_CAR,CAR,SF,46.0,27.0,19.0,0.7192267632455366,1,False
2016,2,2016_02_BAL_CLE,CLE,BAL,20.0,25.0,-5.0,0.3694485058552323,0,False
2016,2,2016_02_TEN_DET,DET,TEN,15.0,16.0,-1.0,0.752341804437168,0,False
2016,2,2016_02_KC_HOU,HOU,KC,19.0,12.0,7.0,0.42186063943665136,1,False
2016,2,2016_02_MIA_NE,NE,MIA,31.0,24.0,7.0,0.7076890321309346,1,False
2016,2,2016_02_NO_NYG,NYG,NO,16.0,13.0,3.0,0.6455217794925434,1,False
2016,2,2016_02_CIN_PIT,PIT,CIN,24.0,16.0,8.0,0.6817896720499802,1,False
2016,2,2016_02_DAL_WAS,WAS,DAL,23.0,27.0,-4.0,0.6570735413542896,0,False
2016,2,2016_02_SEA_LA,LA,SEA,9.0,3.0,6.0,0.29424623310932596,1,False
2016,2,2016_02_IND_DEN,DEN,IND,34.0,20.0,14.0,0.72265039345003,1,False
2016,2,2016_02_ATL_OAK,OAK,ATL,28.0,35.0,-7.0,0.6351067137583511,0,False
2016,2,2016_02_JAX_SD,SD,JAX,38.0,14.0,24.0,0.6705750109227149,1,False
2016,2,2016_02_GB_MIN,MIN,GB,17.0,14.0,3.0,0.5069729555582471,1,False
2016,2,2016_02_PHI_CHI,CHI,PHI,14.0,29.0,-15.0,0.5616736453244178,0,False
2016,3,2016_03_HOU_NE,NE,HOU,27.0,0.0,27.0,0.6026757462909826,1,False
2016,3,2016_03_ARI_BUF,BUF,ARI,33.0,18.0,15.0,0.3194284459359595,1,False
2016,3,2016_03_MIN_CAR,CAR,MIN,10.0,22.0,-12.0,0.6535410588069571,0,False
2016,3,2016_03_DEN_CIN,CIN,DEN,17.0,29.0,-12.0,0.5727888011669828,0,False
2016,3,2016_03_DET_GB,GB,DET,34.0,27.0,7.0,0.7219105920795608,1,False
2016,3,2016_03_BAL_JAX,JAX,BAL,17.0,19.0,-2.0,0.42354945384005827,0,False
2016,3,2016_03_CLE_MIA,MIA,CLE,30.0,24.0,6.0,0.6769171205285244,1,False
2016,3,2016_03_WAS_NYG,NYG,WAS,27.0,29.0,-2.0,0.6530433029707416,0,False
2016,3,2016_03_OAK_TEN,TEN,OAK,10.0,17.0,-7.0,0.44436139452746093,0,False
2016,3,2016_03_SF_SEA,SEA,SF,37.0,18.0,19.0,0.7294258890387465,1,False
2016,3,2016_03_LA_TB,TB,LA,32.0,37.0,-5.0,0.5476528609599347,0,False
2016,3,2016_03_SD_IND,IND,SD,26.0,22.0,4.0,0.5868555560627202,1,False
2016,3,2016_03_NYJ_KC,KC,NYJ,24.0,3.0,21.0,0.6828515666014212,1,False
2016,3,2016_03_PIT_PHI,PHI,PIT,34.0,3.0,31.0,0.35356561878350384,1,False
2016,3,2016_03_CHI_DAL,DAL,CHI,31.0,17.0,14.0,0.7303034078495879,1,False
2016,3,2016_03_ATL_NO,NO,ATL,32.0,45.0,-13.0,0.5699806784030583,0,False
2016,4,2016_04_MIA_CIN,CIN,MIA,22.0,7.0,15.0,0.6948017019983298,1,False
2016,4,2016_04_IND_JAX,JAX,IND,30.0,27.0,3.0,0.3836556414468817,1,True
2016,4,2016_04_CAR_ATL,ATL,CAR,48.0,33.0,15.0,0.41713288736918874,1,False
2016,4,2016_04_OAK_BAL,BAL,OAK,27.0,28.0,-1.0,0.6881164424270289,0,False
2016,4,2016_04_DET_CHI,CHI,DET,17.0,14.0,3.0,0.35197461299953964,1,False
2016,4,2016_04_TEN_HOU,HOU,TEN,27.0,20.0,7.0,0.7700122901730444,1,False
2016,4,2016_04_BUF_NE,NE,BUF,0.0,16.0,-16.0,0.6658503542350739,0,False
2016,4,2016_04_SEA_NYJ,NYJ,SEA,17.0,27.0,-10.0,0.42064847742895484,0,False
2016,4,2016_04_CLE_WAS,WAS,CLE,31.0,20.0,11.0,0.7424850526801949,1,False
2016,4,2016_04_DEN_TB,TB,DEN,7.0,27.0,-20.0,0.2995200659732395,0,False
2016,4,2016_04_LA_ARI,ARI,LA,13.0,17.0,-4.0,0.6641377821045666,0,False
2016,4,2016_04_NO_SD,SD,NO,34.0,35.0,-1.0,0.6583830165635838,0,False
2016,4,2016_04_DAL_SF,SF,DAL,17.0,24.0,-7.0,0.4991481407528886,0,False
2016,4,2016_04_KC_PIT,PIT,KC,43.0,14.0,29.0,0.5959002046246331,1,False
2016,4,2016_04_NYG_MIN,MIN,NYG,24.0,10.0,14.0,0.7256935256721667,1,False
2016,5,2016_05_ARI_SF,SF,ARI,21.0,33.0,-12.0,0.37653255432922805,0,False
2016,5,2016_05_WAS_BAL,BAL,WAS,10.0,16.0,-6.0,0.6504150073023747,0,False
2016,5,2016_05_NE_CLE,CLE,NE,13.0,33.0,-20.0,0.3071575230280158,0,False
2016,5,2016_05_PHI_DET,DET,PHI,24.0,23.0,1.0,0.39030024122890294,1,False
2016,5,2016_05_CHI_IND,IND,CHI,29.0,23.0,6.0,0.6655353196093063,1,False
2016,5,2016_05_TEN_MIA,MIA,TEN,17.0,30.0,-13.0,0.6740392811785377,0,False
2016,5,2016_05_HOU_MIN,MIN,HOU,31.0,13.0,18.0,0.6732535301628144,1,False
2016,5,2016_05_NYJ_PIT,PIT,NYJ,31.0,13.0,18.0,0.7188005731187532,1,False
2016,5,2016_05_ATL_DEN,DEN,ATL,16.0,23.0,-7.0,0.6634657386424663,0,False
2016,5,2016_05_CIN_DAL,DAL,CIN,28.0,14.0,14.0,0.44263043163014065,1,False
2016,5,2016_05_BUF_LA,LA,BUF,19.0,30.0,-11.0,0.4938604422076433,0,False
2016,5,2016_05_SD_OAK,OAK,SD,34.0,31.0,3.0,0.6614487074242102,1,False
2016,5,2016_05_NYG_GB,GB,NYG,23.0,16.0,7.0,0.7029326181602865,1,False
2016,5,2016_05_TB_CAR,CAR,TB,14.0,17.0,-3.0,0.7191406522813009,0,False
2016,6,2016_06_DEN_SD,SD,DEN,21.0,13.0,8.0,0.3302188665126783,1,False
2016,6,2016_06_SF_BUF,BUF,SF,45.0,16.0,29.0,0.7842039476748436,1,False
2016,6,2016_06_JAX_CHI,CHI,JAX,16.0,17.0,-1.0,0.6293166168169118,0,False
2016,6,2016_06_LA_DET,DET,LA,31.0,28.0,3.0,0.5899260896312668,1,False
2016,6,2016_06_PIT_MIA,MIA,PIT,30.0,15.0,15.0,0.283178880871561,1,False
2016,6,2016_06_CIN_NE,NE,CIN,35.0,17.0,18.0,0.7271029868438167,1,False
2016,6,2016_06_CAR_NO,NO,CAR,41.0,38.0,3.0,0.39141609630525065,1,False
2016,6,2016_06_BAL_NYG,NYG,BAL,27.0,23.0,4.0,0.5837450027533645,1,False
2016,6,2016_06_CLE_TEN,TEN,CLE,28.0,26.0,2.0,0.7297115026158741,1,False
2016,6,2016_06_PHI_WAS,WAS,PHI,27.0,20.0,7.0,0.4524982623334433,1,False
2016,6,2016_06_KC_OAK,OAK,KC,10.0,26.0,-16.0,0.43375296840512456,0,False
2016,6,2016_06_DAL_GB,GB,DAL,16.0,30.0,-14.0,0.6415285637429249,0,False
2016,6,2016_06_ATL_SEA,SEA,ATL,26.0,24.0,2.0,0.6489106676645795,1,False
2016,6,2016_06_IND_HOU,HOU,IND,26.0,23.0,3.0,0.6840157199041473,1,False
2016,6,2016_06_NYJ_ARI,ARI,NYJ,28.0,3.0,25.0,0.6960622359220301,1,False
2016,7,2016_07_CHI_GB,GB,CHI,26.0,10.0,16.0,0.7630695730140751,1,False
2016,7,2016_07_NYG_LA,LA,NYG,10.0,17.0,-7.0,0.4802828083682544,0,True
2016,7,2016_07_CLE_CIN,CIN,CLE,31.0,17.0,14.0,0.7794175431911339,1,False
2016,7,2016_07_WAS_DET,DET,WAS,20.0,17.0,3.0,0.5091642294726981,1,False
2016,7,2016_07_OAK_JAX,JAX,OAK,16.0,33.0,-17.0,0.5019099463303256,0,False
2016,7,2016_07_NO_KC,KC,NO,27.0,21.0,6.0,0.73254491184238,1,False
2016,7,2016_07_BUF_MIA,MIA,BUF,28.0,25.0,3.0,0.3437184414897879,1,False
2016,7,2016_07_BAL_NYJ,NYJ,BAL,24.0,16.0,8.0,0.5412370427926336,1,False
2016,7,2016_07_MIN_PHI,PHI,MIN,21.0,10.0,11.0,0.3970860840938915,1,False
2016,7,2016_07_IND_TEN,TEN,IND,26.0,34.0,-8.0,0.5434529090326513,0,False
2016,7,2016_07_SD_ATL,ATL,SD,30.0,33.0,-3.0,0.6841676178936433,0,False
2016,7,2016_07_TB_SF,SF,TB,17.0,34.0,-17.0,0.5102893440020517,0,False
2016,7,2016_07_NE_PIT,PIT,NE,16.0,27.0,-11.0,0.39975236276814835,0,False
2016,7,2016_07_SEA_ARI,ARI,SEA,6.0,6.0,0.0,0.5701545601468727,0,False
2016,7,2016_07_HOU_DEN,DEN,HOU,27.0,9.0,18.0,0.6443062764298787,1,False
2016,8,2016_08_JAX_TEN,TEN,JAX,36.0,22.0,14.0,0.6215115949998835,1,False
2016,8,2016_08_WAS_CIN,CIN,WAS,27.0,27.0,0.0,0.5641066153581469,0,True
2016,8,2016_08_NE_BUF,BUF,NE,25.0,41.0,-16.0,0.38161422221862595,0,False
2016,8,2016_08_ARI_CAR,CAR,ARI,30.0,20.0,10.0,0.5295238304722415,1,False
2016,8,2016_08_NYJ_CLE,CLE,NYJ,28.0,31.0,-3.0,0.33119124062067234,0,False
2016,8,2016_08_DET_HOU,HOU,DET,20.0,13.0,7.0,0.5867668906841252,1,False
2016,8,2016_08_KC_IND,IND,KC,14.0,30.0,-16.0,0.35642453658662754,0,False
2016,8,2016_08_SEA_NO,NO,SEA,25.0,20.0,5.0,0.3247327776005794,1,False
2016,8,2016_08_OAK_TB,TB,OAK,24.0,30.0,-6.0,0.5418867234325351,0,False
2016,8,2016_08_SD_DEN,DEN,SD,27.0,19.0,8.0,0.7295316397093262,1,False
2016,8,2016_08_GB_ATL,ATL,GB,33.0,32.0,1.0,0.5804844687686871,1,False
2016,8,2016_08_PHI_DAL,DAL,PHI,29.0,23.0,6.0,0.6365454416634104,1,False
2016,8,2016_08_MIN_CHI,CHI,MIN,20.0,10.0,10.0,0.24213857708832717,1,False
2016,9,2016_09_ATL_TB,TB,ATL,28.0,43.0,-15.0,0.34890781398114273,0,False
2016,9,2016_09_PIT_BAL,BAL,PIT,21.0,14.0,7.0,0.35779630758133646,1,False
2016,9,2016_09_DAL_CLE,CLE,DAL,10.0,35.0,-25.0,0.2515163886952872,0,False
2016,9,2016_09_JAX_KC,KC,JAX,19.0,14.0,5.0,0.8241046241587341,1,False
2016,9,2016_09_NYJ_MIA,MIA,NYJ,27.0,23.0,4.0,0.6020355613341065,1,False
2016,9,2016_09_DET_MIN,MIN,DET,16.0,22.0,-6.0,0.6760807547015338,0,False
2016,9,2016_09_PHI_NYG,NYG,PHI,28.0,23.0,5.0,0.5357717635140273,1,False
2016,9,2016_09_CAR_LA,LA,CAR,10.0,13.0,-3.0,0.4141109626885362,0,False
2016,9,2016_09_NO_SF,SF,NO,23.0,41.0,-18.0,0.32400118600548944,0,False
2016,9,2016_09_IND_GB,GB,IND,26.0,31.0,-5.0,0.7000334465303473,0,False
2016,9,2016_09_TEN_SD,SD,TEN,43.0,35.0,8.0,0.6610568370399168,1,False
2016,9,2016_09_DEN_OAK,OAK,DEN,30.0,20.0,10.0,0.4238627530093544,1,False
2016,9,2016_09_BUF_SEA,SEA,BUF,31.0,25.0,6.0,0.6486913063686975,1,False
2016,10,2016_10_CLE_BAL,BAL,CLE,28.0,7.0,21.0,0.7691878476945523,1,False
2016,10,2016_10_KC_CAR,CAR,KC,17.0,20.0,-3.0,0.5437672728246752,0,False
2016,10,2016_10_HOU_JAX,JAX,HOU,21.0,24.0,-3.0,0.3308509749006905,0,False
2016,10,2016_10_DEN_NO,NO,DEN,23.0,25.0,-2.0,0.4830004013092248,0,False
2016,10,2016_10_LA_NYJ,NYJ,LA,6.0,9.0,-3.0,0.5179902890123801,0,False
2016,10,2016_10_ATL_PHI,PHI,ATL,24.0,15.0,9.0,0.5699399343302253,1,False
2016,10,2016_10_CHI_TB,TB,CHI,36.0,10.0,26.0,0.5742646095460098,1,False
2016,10,2016_10_GB_TEN,TEN,GB,47.0,25.0,22.0,0.3585429266348298,1,False
2016,10,2016_10_MIN_WAS,WAS,MIN,26.0,20.0,6.0,0.5733754761357255,1,False
2016,10,2016_10_MIA_SD,SD,MIA,24.0,31.0,-7.0,0.64392905729337,0,False
2016,10,2016_10_SF_ARI,ARI,SF,23.0,20.0,3.0,0.8039290126969355,1,False
2016,10,2016_10_DAL_PIT,PIT,DAL,30.0,35.0,-5.0,0.5723688378971107,0,False
2016,10,2016_10_SEA_NE,NE,SEA,24.0,31.0,-7.0,0.7314679799339165,0,False
2016,10,2016_10_CIN_NYG,NYG,CIN,21.0,20.0,1.0,0.5314054330695369,1,False
2016,11,2016_11_NO_CAR,CAR,NO,23.0,20.0,3.0,0.660212309494068,1,False
2016,11,2016_11_BUF_CIN,CIN,BUF,12.0,16.0,-4.0,0.5878633811285958,0,False
2016,11,2016_11_PIT_CLE,CLE,PIT,9.0,24.0,-15.0,0.26916742714292197,0,False
2016,11,2016_11_BAL_DAL,DAL,BAL,27.0,17.0,10.0,0.7018901708474747,1,False
2016,11,2016_11_JAX_DET,DET,JAX,26.0,19.0,7.0,0.7754670141747728,1,False
2016,11,2016_11_TEN_IND,IND,TEN,24.0,17.0,7.0,0.6454175713072816,1,False
2016,11,2016_11_TB_KC,KC,TB,17.0,19.0,-2.0,0.7832695820430053,0,False
2016,11,2016_11_ARI_MIN,MIN,ARI,30.0,24.0,6.0,0.5608644881351003,1,False
2016,11,2016_11_CHI_NYG,NYG,CHI,22.0,16.0,6.0,0.7564079408779932,1,False
2016,11,2016_11_MIA_LA,LA,MIA,10.0,14.0,-4.0,0.520771076668784,0,False
2016,11,2016_11_PHI_SEA,SEA,PHI,26.0,15.0,11.0,0.6821951276676922,1,False
2016,11,2016_11_NE_SF,SF,NE,17.0,30.0,-13.0,0.22044678470369172,0,False
2016,11,2016_11_GB_WAS,WAS,GB,42.0,24.0,18.0,0.6647787831827547,1,False
2016,11,2016_11_HOU_OAK,OAK,HOU,27.0,20.0,7.0,0.5999226143584573,1,True
2016,12,2016_12_MIN_DET,DET,MIN,16.0,13.0,3.0,0.5630298975314775,1,False
2016,12,2016_12_WAS_DAL,DAL,WAS,31.0,26.0,5.0,0.7136166145455838,1,False
2016,12,2016_12_PIT_IND,IND,PIT,7.0,28.0,-21.0,0.3336142630046396,0,False
2016,12,2016_12_ARI_ATL,ATL,ARI,38.0,19.0,19.0,0.6117219503673136,1,False
2016,12,2016_12_CIN_BAL,BAL,CIN,19.0,14.0,5.0,0.5959305540015534,1,False
2016,12,2016_12_JAX_BUF,BUF,JAX,28.0,21.0,7.0,0.8133161600379728,1,False
2016,12,2016_12_TEN_CHI,CHI,TEN,21.0,27.0,-6.0,0.3773250916858499,0,False
2016,12,2016_12_NYG_CLE,CLE,NYG,13.0,27.0,-14.0,0.23706871625694448,0,False
2016,12,2016_12_SD_HOU,HOU,SD,13.0,21.0,-8.0,0.5985987254511744,0,False
2016,12,2016_12_SF_MIA,MIA,SF,31.0,24.0,7.0,0.7613759258558106,1,False
2016,12,2016_12_LA_NO,NO,LA,49.0,21.0,28.0,0.7368023637457892,1,False
2016,12,2016_12_SEA_TB,TB,SEA,14.0,5.0,9.0,0.31305577769156684,1,False
2016,12,2016_12_NE_NYJ,NYJ,NE,17.0,22.0,-5.0,0.3227901052489044,0,False
2016,12,2016_12_CAR_OAK,OAK,CAR,35.0,32.0,3.0,0.6089781405550381,1,False
2016,12,2016_12_KC_DEN,DEN,KC,27.0,30.0,-3.0,0.6088405417439956,0,False
2016,12,2016_12_GB_PHI,PHI,GB,13.0,27.0,-14.0,0.6472366319743046,0,False
2016,13,2016_13_DAL_MIN,MIN,DAL,15.0,17.0,-2.0,0.4117066579772249,0,False
2016,13,2016_13_KC_ATL,ATL,KC,28.0,29.0,-1.0,0.5762802806041616,0,False
2016,13,2016_13_MIA_BAL,BAL,MIA,38.0,6.0,32.0,0.5998818183660037,1,False
2016,13,2016_13_SF_CHI,CHI,SF,26.0,6.0,20.0,0.5629424058916794,1,False
2016,13,2016_13_PHI_CIN,CIN,PHI,32.0,14.0,18.0,0.5554024977067614,1,False
2016,13,2016_13_HOU_GB,GB,HOU,21.0,13.0,8.0,0.6991832732844203,1,False
2016,13,2016_13_DEN_JAX,JAX,DEN,10.0,20.0,-10.0,0.2742550877019085,0,False
2016,13,2016_13_LA_NE,NE,LA,26.0,10.0,16.0,0.8383753785558018,1,False
2016,13,2016_13_DET_NO,NO,DET,13.0,28.0,-15.0,0.6307891603983347,0,False
2016,13,2016_13_BUF_OAK,OAK,BUF,38.0,24.0,14.0,0.6218405958149964,1,False
2016,13,2016_13_WAS_ARI,ARI,WAS,31.0,23.0,8.0,0.5792660451128737,1,False
2016,13,2016_13_NYG_PIT,PIT,NYG,24.0,14.0,10.0,0.7205526326108963,1,False
2016,13,2016_13_TB_SD,SD,TB,21.0,28.0,-7.0,0.6211188871912849,0,False
2016,13,2016_13_CAR_SEA,SEA,CAR,40.0,7.0,33.0,0.6710613135926087,1,False
2016,13,2016_13_IND_NYJ,NYJ,IND,10.0,41.0,-31.0,0.5582236566928322,0,False
2016,14,2016_14_OAK_KC,KC,OAK,21.0,13.0,8.0,0.6910341575829066,1,False
2016,14,2016_14_PIT_BUF,BUF,PIT,20.0,27.0,-7.0,0.4885256111438962,0,False
2016,14,2016_14_SD_CAR,CAR,SD,28.0,16.0,12.0,0.6447040024302721,1,False
2016,14,2016_14_CIN_CLE,CLE,CIN,10.0,23.0,-13.0,0.2362462037651426,0,False
2016,14,2016_14_CHI_DET,DET,CHI,20.0,17.0,3.0,0.8011599706631815,1,False
2016,14,2016_14_HOU_IND,IND,HOU,17.0,22.0,-5.0,0.7026986560957407,0,False
2016,14,2016_14_MIN_JAX,JAX,MIN,16.0,25.0,-9.0,0.28779239302779114,0,False
2016,14,2016_14_ARI_MIA,MIA,ARI,26.0,23.0,3.0,0.4544018570333579,1,False
2016,14,2016_14_WAS_PHI,PHI,WAS,22.0,27.0,-5.0,0.482152166846867,0,False
2016,14,2016_14_DEN_TEN,TEN,DEN,13.0,10.0,3.0,0.34485447202403374,1,False
2016,14,2016_14_NYJ_SF,SF,NYJ,17.0,23.0,-6.0,0.5191130613793675,0,False
2016,14,2016_14_SEA_GB,GB,SEA,38.0,10.0,28.0,0.3566472890447252,1,False
2016,14,2016_14_ATL_LA,LA,ATL,14.0,42.0,-28.0,0.3186310669430846,0,False
2016,14,2016_14_NO_TB,TB,NO,16.0,11.0,5.0,0.6432520094519303,1,False
2016,14,2016_14_DAL_NYG,NYG,DAL,10.0,7.0,3.0,0.35607535017934255,1,False
2016,14,2016_14_BAL_NE,NE,BAL,30.0,23.0,7.0,0.7383034880501825,1,False
2016,15,2016_15_LA_SEA,SEA,LA,24.0,3.0,21.0,0.7994504833999125,1,False
2016,15,2016_15_MIA_NYJ,NYJ,MIA,13.0,34.0,-21.0,0.4823304549544333,0,False
2016,15,2016_15_PHI_BAL,BAL,PHI,27.0,26.0,1.0,0.7043210252191427,1,False
2016,15,2016_15_CLE_BUF,BUF,CLE,33.0,13.0,20.0,0.8605014199642796,1,False
2016,15,2016_15_GB_CHI,CHI,GB,27.0,30.0,-3.0,0.3274464598053136,0,False
2016,15,2016_15_PIT_CIN,CIN,PIT,20.0,24.0,-4.0,0.420170889717118,0,False
2016,15,2016_15_JAX_HOU,HOU,JAX,21.0,20.0,1.0,0.7846720057077141,1,False
2016,15,2016_15_TEN_KC,KC,TEN,17.0,19.0,-2.0,0.8022484164425995,0,False
2016,15,2016_15_IND_MIN,MIN,IND,6.0,34.0,-28.0,0.6502633223277408,0,False
2016,15,2016_15_DET_NYG,NYG,DET,17.0,6.0,11.0,0.5926149181162248,1,False
2016,15,2016_15_NO_ARI,ARI,NO,41.0,48.0,-7.0,0.6573181200157825,0,False
2016,15,2016_15_SF_ATL,ATL,SF,41.0,13.0,28.0,0.8566857061916017,1,False
2016,15,2016_15_NE_DEN,DEN,NE,3.0,16.0,-13.0,0.38816850554958365,0,False
2016,15,2016_15_OAK_SD,SD,OAK,16.0,19.0,-3.0,0.3772108795162152,0,False
2016,15,2016_15_TB_DAL,DAL,TB,26.0,20.0,6.0,0.6864546746469363,1,False
2016,15,2016_15_CAR_WAS,WAS,CAR,15.0,26.0,-11.0,0.6862107087857324,0,False
2016,16,2016_16_NYG_PHI,PHI,NYG,24.0,19.0,5.0,0.4900376892115295,1,False
2016,16,2016_16_MIA_BUF,BUF,MIA,31.0,34.0,-3.0,0.69262910188523,0,False
2016,16,2016_16_ATL_CAR,CAR,ATL,16.0,33.0,-17.0,0.4885614003713814,0,False
2016,16,2016_16_WAS_CHI,CHI,WAS,21.0,41.0,-20.0,0.3246417945065148,0,False
2016,16,2016_16_SD_CLE,CLE,SD,20.0,17.0,3.0,0.32936777486841246,1,False
2016,16,2016_16_MIN_GB,GB,MIN,38.0,25.0,13.0,0.6502988368480833,1,False
2016,16,2016_16_TEN_JAX,JAX,TEN,38.0,17.0,21.0,0.307425803082698,1,False
2016,16,2016_16_NYJ_NE,NE,NYJ,41.0,3.0,38.0,0.8777079623574348,1,False
2016,16,2016_16_IND_OAK,OAK,IND,33.0,25.0,8.0,0.6419708764056933,1,False
2016,16,2016_16_SF_LA,LA,SF,21.0,22.0,-1.0,0.6997621518944042,0,False
2016,16,2016_16_TB_NO,NO,TB,31.0,24.0,7.0,0.5898876270772063,1,False
2016,16,2016_16_ARI_SEA,SEA,ARI,31.0,34.0,-3.0,0.7081993938121004,0,False
2016,16,2016_16_CIN_HOU,HOU,CIN,12.0,10.0,2.0,0.5579639307478079,1,False
2016,16,2016_16_BAL_PIT,PIT,BAL,31.0,27.0,4.0,0.6817902912291478,1,False
2016,16,2016_16_DEN_KC,KC,DEN,33.0,10.0,23.0,0.6617400183123632,1,False
2016,16,2016_16_DET_DAL,DAL,DET,42.0,21.0,21.0,0.6799199315119394,1,False
2016,17,2016_17_BAL_CIN,CIN,BAL,27.0,10.0,17.0,0.5182699052779958,1,False
2016,17,2016_17_JAX_IND,IND,JAX,24.0,20.0,4.0,0.7585754850092965,1,False
2016,17,2016_17_NE_MIA,MIA,NE,14.0,35.0,-21.0,0.3104235091776861,0,False
2016,17,2016_17_CHI_MIN,MIN,CHI,38.0,10.0,28.0,0.7326633300229578,1,False
2016,17,2016_17_BUF_NYJ,NYJ,BUF,30.0,10.0,20.0,0.3611282321510717,1,False
2016,17,2016_17_DAL_PHI,PHI,DAL,27.0,13.0,14.0,0.5105970770966813,1,False
2016,17,2016_17_CLE_PIT,PIT,CLE,27.0,24.0,3.0,0.877017373071675,1,False
2016,17,2016_17_CAR_TB,TB,CAR,17.0,16.0,1.0,0.565007621032508,1,False
2016,17,2016_17_HOU_TEN,TEN,HOU,24.0,17.0,7.0,0.46113372862777285,1,False
2016,17,2016_17_NO_ATL,ATL,NO,38.0,32.0,6.0,0.7015148789258121,1,False
2016,17,2016_17_OAK_DEN,DEN,OAK,24.0,6.0,18.0,0.5663593254736619,1,False
2016,17,2016_17_ARI_LA,LA,ARI,6.0,44.0,-38.0,0.278427838755478,0,False
2016,17,2016_17_KC_SD,SD,KC,27.0,37.0,-10.0,0.27874316357038087,0,False
2016,17,2016_17_SEA_SF,SF,SEA,23.0,25.0,-2.0,0.20295049925198932,0,False
2016,17,2016_17_NYG_WAS,WAS,NYG,10.0,19.0,-9.0,0.7326907141033242,0,False
2016,17,2016_17_GB_DET,DET,GB,24.0,31.0,-7.0,0.4194755705237494,0,False
2017,1,2017_01_KC_NE,NE,KC,27.0,42.0,-15.0,0.7344476987941068,0,False
2017,1,2017_01_NYJ_BUF,BUF,NYJ,21.0,12.0,9.0,0.6458209826683744,1,False
2017,1,2017_01_ATL_CHI,CHI,ATL,17.0,23.0,-6.0,0.31053001316960555,0,False
2017,1,2017_01_BAL_CIN,CIN,BAL,0.0,20.0,-20.0,0.6454120742589291,0,False
2017,1,2017_01_PIT_CLE,CLE,PIT,18.0,21.0,-3.0,0.2664597774790307,0,False
2017,1,2017_01_ARI_DET,DET,ARI,35.0,23.0,12.0,0.497484306005958,1,False
2017,1,2017_01_JAX_HOU,HOU,JAX,7.0,29.0,-22.0,0.6441378942218859,0,False
2017,1,2017_01_OAK_TEN,TEN,OAK,16.0,26.0,-10.0,0.518818411062841,0,False
2017,1,2017_01_PHI_WAS,WAS,PHI,17.0,30.0,-13.0,0.5356491546503422,0,False
2017,1,2017_01_IND_LA,LA,IND,46.0,9.0,37.0,0.5609077423400042,1,False
2017,1,2017_01_SEA_GB,GB,SEA,17.0,9.0,8.0,0.6096843685469816,1,False
2017,1,2017_01_CAR_SF,SF,CAR,3.0,23.0,-20.0,0.34147319959400274,0,False
2017,1,2017_01_NYG_DAL,DAL,NYG,19.0,3.0,16.0,0.7092076117851944,1,False
2017,1,2017_01_NO_MIN,MIN,NO,29.0,19.0,10.0,0.6328112394846062,1,False
2017,1,2017_01_LAC_DEN,DEN,LAC,24.0,21.0,3.0,0.6683822036848085,1,False
2017,2,2017_02_HOU_CIN,CIN,HOU,9.0,13.0,-4.0,0.6546575717715927,0,False
2017,2,2017_02_CLE_BAL,BAL,CLE,24.0,10.0,14.0,0.790399965771178,1,False
2017,2,2017_02_BUF_CAR,CAR,BUF,9.0,3.0,6.0,0.7107928727324951,1,False
2017,2,2017_02_ARI_IND,IND,ARI,13.0,16.0,-3.0,0.36053352472372935,0,False
2017,2,2017_02_TEN_JAX,JAX,TEN,16.0,37.0,-21.0,0.5379275380588532,0,False
2017,2,2017_02_PHI_KC,KC,PHI,27.0,20.0,7.0,0.6816243649921259,1,False
2017,2,2017_02_NE_NO,NO,NE,20.0,36.0,-16.0,0.3153062328588073,0,False
2017,2,2017_02_MIN_PIT,PIT,MIN,26.0,9.0,17.0,0.6777489872749414,1,False
2017,2,2017_02_CHI_TB,TB,CHI,29.0,7.0,22.0,0.7352166177966525,1,False
2017,2,2017_02_MIA_LAC,LAC,MIA,17.0,19.0,-2.0,0.6459066506176716,0,False
2017,2,2017_02_NYJ_OAK,OAK,NYJ,45.0,20.0,25.0,0.7386116863416397,1,False
2017,2,2017_02_DAL_DEN,DEN,DAL,42.0,17.0,25.0,0.4783342829446728,1,False
2017,2,2017_02_WAS_LA,LA,WAS,20.0,27.0,-7.0,0.5842302116417037,0,False
2017,2,2017_02_SF_SEA,SEA,SF,12.0,9.0,3.0,0.8104138834998208,1,False
2017,2,2017_02_GB_ATL,ATL,GB,34.0,23.0,11.0,0.6305487715975401,1,False
2017,2,2017_02_DET_NYG,NYG,DET,10.0,24.0,-14.0,0.5990520295235551,0,False
2017,3,2017_03_LA_SF,SF,LA,39.0,41.0,-2.0,0.3624231952355725,0,False
2017,3,2017_03_DEN_BUF,BUF,DEN,26.0,16.0,10.0,0.39032696224953445,1,False
2017,3,2017_03_NO_CAR,CAR,NO,13.0,34.0,-21.0,0.684419340842082,0,False
2017,3,2017_03_PIT_CHI,CHI,PIT,23.0,17.0,6.0,0.25296889278188417,1,False
2017,3,2017_03_ATL_DET,DET,ATL,26.0,30.0,-4.0,0.447811298029077,0,False
2017,3,2017_03_CLE_IND,IND,CLE,31.0,28.0,3.0,0.7071554380407561,1,False
2017,3,2017_03_TB_MIN,MIN,TB,34.0,17.0,17.0,0.5111607911153415,1,False
2017,3,2017_03_HOU_NE,NE,HOU,36.0,33.0,3.0,0.7790817341999989,1,False
2017,3,2017_03_MIA_NYJ,NYJ,MIA,20.0,6.0,14.0,0.393898781527303,1,False
2017,3,2017_03_NYG_PHI,PHI,NYG,27.0,24.0,3.0,0.6927612497343304,1,False
2017,3,2017_03_SEA_TEN,TEN,SEA,33.0,27.0,6.0,0.49984648211073635,1,False
2017,3,2017_03_CIN_GB,GB,CIN,27.0,24.0,3.0,0.6806143070280218,1,False
2017,3,2017_03_KC_LAC,LAC,KC,10.0,24.0,-14.0,0.3224864478614494,0,False
2017,3,2017_03_OAK_WAS,WAS,OAK,27.0,10.0,17.0,0.42400220653304316,1,False
2017,3,2017_03_BAL_JAX,JAX,BAL,44.0,7.0,37.0,0.3413265198582587,1,True
2017,3,2017_03_DAL_ARI,ARI,DAL,17.0,28.0,-11.0,0.4620563667467934,0,False
2017,4,2017_04_CHI_GB,GB,CHI,35.0,14.0,21.0,0.7637060462251302,1,False
2017,4,2017_04_BUF_ATL,ATL,BUF,17.0,23.0,-6.0,0.6927130307845183,0,False
2017,4,2017_04_PIT_BAL,BAL,PIT,9.0,26.0,-17.0,0.4023248237604769,0,False
2017,4,2017_04_CIN_CLE,CLE,CIN,7.0,31.0,-24.0,0.35326183151181884,0,False
2017,4,2017_04_LA_DAL,DAL,LA,30.0,35.0,-5.0,0.7236103182477784,0,False
2017,4,2017_04_TEN_HOU,HOU,TEN,57.0,14.0,43.0,0.4879097845986726,1,False
2017,4,2017_04_DET_MIN,MIN,DET,7.0,14.0,-7.0,0.5613444050822332,0,False
2017,4,2017_04_CAR_NE,NE,CAR,30.0,33.0,-3.0,0.70506403579018,0,False
2017,4,2017_04_JAX_NYJ,NYJ,JAX,23.0,20.0,3.0,0.5055650879682368,1,False
2017,4,2017_04_SF_ARI,ARI,SF,18.0,15.0,3.0,0.7462548044288979,1,False
2017,4,2017_04_PHI_LAC,LAC,PHI,24.0,26.0,-2.0,0.513710824932846,0,False
2017,4,2017_04_NYG_TB,TB,NYG,25.0,23.0,2.0,0.631230932690313,1,False
2017,4,2017_04_OAK_DEN,DEN,OAK,16.0,10.0,6.0,0.6484839654635063,1,False
2017,4,2017_04_IND_SEA,SEA,IND,46.0,18.0,28.0,0.6577104286246567,1,False
2017,4,2017_04_NO_MIA,MIA,NO,0.0,20.0,-20.0,0.38247074431923644,0,True
2017,4,2017_04_WAS_KC,KC,WAS,29.0,20.0,9.0,0.711856028965209,1,False
2017,5,2017_05_NE_TB,TB,NE,14.0,19.0,-5.0,0.3683104081620547,0,False
2017,5,2017_05_BUF_CIN,CIN,BUF,20.0,16.0,4.0,0.5462310303674078,1,False
2017,5,2017_05_NYJ_CLE,CLE,NYJ,14.0,17.0,-3.0,0.3525228938238018,0,False
2017,5,2017_05_CAR_DET,DET,CAR,24.0,27.0,-3.0,0.6330461074945367,0,False
2017,5,2017_05_SF_IND,IND,SF,26.0,23.0,3.0,0.6938124275645158,1,False
2017,5,2017_05_TEN_MIA,MIA,TEN,16.0,10.0,6.0,0.6203512531620737,1,False
2017,5,2017_05_LAC_NYG,NYG,LAC,22.0,27.0,-5.0,0.6294595452186355,0,False
2017,5,2017_05_ARI_PHI,PHI,ARI,34.0,7.0,27.0,0.7115091069198921,1,False
2017,5,2017_05_JAX_PIT,PIT,JAX,9.0,30.0,-21.0,0.7475583681508516,0,False
2017,5,2017_05_SEA_LA,LA,SEA,10.0,16.0,-6.0,0.49604189145251115,0,False
2017,5,2017_05_BAL_OAK,OAK,BAL,17.0,30.0,-13.0,0.6497079406545497,0,False
2017,5,2017_05_GB_DAL,DAL,GB,31.0,35.0,-4.0,0.5756872387372647,0,False
2017,5,2017_05_KC_HOU,HOU,KC,34.0,42.0,-8.0,0.35586010978541277,0,False
2017,5,2017_05_MIN_CHI,CHI,MIN,17.0,20.0,-3.0,0.35070738539375096,0,False
2017,6,2017_06_PHI_CAR,CAR,PHI,23.0,28.0,-5.0,0.5964869335186085,0,False
2017,6,2017_06_MIA_ATL,ATL,MIA,17.0,20.0,-3.0,0.7100705198393306,0,False
2017,6,2017_06_CHI_BAL,BAL,CHI,24.0,27.0,-3.0,0.7452749105785645,0,False
2017,6,2017_06_CLE_HOU,HOU,CLE,33.0,17.0,16.0,0.8034408557805087,1,False
2017,6,2017_06_GB_MIN,MIN,GB,23.0,10.0,13.0,0.4196031522276035,1,False
2017,6,2017_06_DET_NO,NO,DET,52.0,38.0,14.0,0.6418576080055927,1,False
2017,6,2017_06_NE_NYJ,NYJ,NE,17.0,24.0,-7.0,0.24536938954385554,0,False
2017,6,2017_06_SF_WAS,WAS,SF,26.0,24.0,2.0,0.7858871727060771,1,False
2017,6,2017_06_TB_ARI,ARI,TB,38.0,33.0,5.0,0.5113275337638262,1,False
2017,6,2017_06_LA_JAX,JAX,LA,17.0,27.0,-10.0,0.6146562925388173,0,False
2017,6,2017_06_PIT_KC,KC,PIT,13.0,19.0,-6.0,0.7205093953402522,0,False
2017,6,2017_06_LAC_OAK,OAK,LAC,16.0,17.0,-1.0,0.6465775815932865,0,False
2017,6,2017_06_NYG_DEN,DEN,NYG,10.0,23.0,-13.0,0.716361061330329,0,False
2017,6,2017_06_IND_TEN,TEN,IND,36.0,22.0,14.0,0.675598001237315,1,False
2017,7,2017_07_KC_OAK,OAK,KC,31.0,30.0,1.0,0.3167246912339424,1,False
2017,7,2017_07_TB_BUF,BUF,TB,30.0,27.0,3.0,0.6804451881242973,1,False
2017,7,2017_07_CAR_CHI,CHI,CAR,17.0,3.0,14.0,0.35419128404704353,1,False
2017,7,2017_07_TEN_CLE,CLE,TEN,9.0,12.0,-3.0,0.35345807143624974,0,False
2017,7,2017_07_NO_GB,GB,NO,17.0,26.0,-9.0,0.49865432150625033,0,False
2017,7,2017_07_JAX_IND,IND,JAX,0.0,27.0,-27.0,0.4758541841973523,0,False
2017,7,2017_07_ARI_LA,LA,ARI,33.0,0.0,33.0,0.5354003347252732,1,True
2017,7,2017_07_NYJ_MIA,MIA,NYJ,31.0,28.0,3.0,0.6624222328944044,1,False
2017,7,2017_07_BAL_MIN,MIN,BAL,24.0,16.0,8.0,0.6585859498448716,1,False
2017,7,2017_07_DAL_SF,SF,DAL,10.0,40.0,-30.0,0.2626985963478381,0,False
2017,7,2017_07_DEN_LAC,LAC,DEN,21.0,0.0,21.0,0.47878316062145865,1,False
2017,7,2017_07_SEA_NYG,NYG,SEA,7.0,24.0,-17.0,0.3934313497170242,0,False
2017,7,2017_07_CIN_PIT,PIT,CIN,29.0,14.0,15.0,0.6668199767222444,1,False
2017,7,2017_07_ATL_NE,NE,ATL,23.0,7.0,16.0,0.6403128637810509,1,False
2017,7,2017_07_WAS_PHI,PHI,WAS,34.0,24.0,10.0,0.6400674237952945,1,False
2017,8,2017_08_MIA_BAL,BAL,MIA,40.0,0.0,40.0,0.6088541196039405,1,False
2017,8,2017_08_OAK_BUF,BUF,OAK,34.0,14.0,20.0,0.6535850406363681,1,False
2017,8,2017_08_IND_CIN,CIN,IND,24.0,23.0,1.0,0.6723904967023345,1,False
2017,8,2017_08_LAC_NE,NE,LAC,21.0,13.0,8.0,0.7345636387052349,1,False
2017,8,2017_08_CHI_NO,NO,CHI,20.0,12.0,8.0,0.7338880899950612,1,False
2017,8,2017_08_ATL_NYJ,NYJ,ATL,20.0,25.0,-5.0,0.3268370576178714,0,False
2017,8,2017_08_SF_PHI,PHI,SF,33.0,10.0,23.0,0.8779559053465003,1,False
2017,8,2017_08_CAR_TB,TB,CAR,3.0,17.0,-14.0,0.5517914696149622,0,False
2017,8,2017_08_HOU_SEA,SEA,HOU,41.0,38.0,3.0,0.6774015672431972,1,False
2017,8,2017_08_DAL_WAS,WAS,DAL,19.0,33.0,-14.0,0.4584607309756628,0,False
2017,8,2017_08_PIT_DET,DET,PIT,15.0,20.0,-5.0,0.42136022522461986,0,False
2017,8,2017_08_MIN_CLE,CLE,MIN,16.0,33.0,-17.0,0.18933069323188273,0,True
2017,8,2017_08_DEN_KC,KC,DEN,29.0,19.0,10.0,0.7299905775261315,1,False
2017,9,2017_09_BUF_NYJ,NYJ,BUF,34.0,21.0,13.0,0.3688191632902596,1,False
2017,9,2017_09_ATL_CAR,CAR,ATL,20.0,17.0,3.0,0.45551879053434824,1,False
2017,9,2017_09_IND_HOU,HOU,IND,14.0,20.0,-6.0,0.6543150465369402,0,False
2017,9,2017_09_CIN_JAX,JAX,CIN,23.0,7.0,16.0,0.6681756473994848,1,False
2017,9,2017_09_TB_NO,NO,TB,30.0,10.0,20.0,0.733287773449114,1,False
2017,9,2017_09_LA_NYG,NYG,LA,17.0,51.0,-34.0,0.41441331316718205,0,False
2017,9,2017_09_DEN_PHI,PHI,DEN,51.0,23.0,28.0,0.7403240012007092,1,False
2017,9,2017_09_BAL_TEN,TEN,BAL,23.0,20.0,3.0,0.5837137265599873,1,False
2017,9,2017_09_WAS_SEA,SEA,WAS,14.0,17.0,-3.0,0.7014423758706899,0,False
2017,9,2017_09_ARI_SF,SF,ARI,10.0,20.0,-10.0,0.32748930034114615,0,False
2017,9,2017_09_KC_DAL,DAL,KC,28.0,17.0,11.0,0.5006164674390914,1,False
2017,9,2017_09_OAK_MIA,MIA,OAK,24.0,27.0,-3.0,0.5117627914914881,0,False
2017,9,2017_09_DET_GB,GB,DET,17.0,30.0,-13.0,0.5404912065608193,0,False
2017,10,2017_10_SEA_ARI,ARI,SEA,16.0,22.0,-6.0,0.29676974761802055,0,False
2017,10,2017_10_NO_BUF,BUF,NO,10.0,47.0,-37.0,0.44548391864483466,0,False
2017,10,2017_10_GB_CHI,CHI,GB,16.0,23.0,-7.0,0.5561188189825372,0,False
2017,10,2017_10_CLE_DET,DET,CLE,38.0,24.0,14.0,0.8340423095759971,1,False
2017,10,2017_10_PIT_IND,IND,PIT,17.0,20.0,-3.0,0.3277219064760257,0,False
2017,10,2017_10_LAC_JAX,JAX,LAC,20.0,17.0,3.0,0.6583293022027525,1,False
2017,10,2017_10_NYJ_TB,TB,NYJ,15.0,10.0,5.0,0.48545681334161217,1,False
2017,10,2017_10_CIN_TEN,TEN,CIN,24.0,20.0,4.0,0.6755289382489795,1,False
2017,10,2017_10_MIN_WAS,WAS,MIN,30.0,38.0,-8.0,0.46450151883637886,0,False
2017,10,2017_10_HOU_LA,LA,HOU,33.0,7.0,26.0,0.6960005539819827,1,False
2017,10,2017_10_DAL_ATL,ATL,DAL,27.0,7.0,20.0,0.5677365833020513,1,False
2017,10,2017_10_NYG_SF,SF,NYG,31.0,21.0,10.0,0.3329994630114934,1,False
2017,10,2017_10_NE_DEN,DEN,NE,16.0,41.0,-25.0,0.29232020719709106,0,False
2017,10,2017_10_MIA_CAR,CAR,MIA,45.0,21.0,24.0,0.6645596506975439,1,False
2017,11,2017_11_TEN_PIT,PIT,TEN,40.0,17.0,23.0,0.7090919001518995,1,False
2017,11,2017_11_DET_CHI,CHI,DET,24.0,27.0,-3.0,0.3464669331500448,0,False
2017,11,2017_11_JAX_CLE,CLE,JAX,7.0,19.0,-12.0,0.2644749184367671,0,False
2017,11,2017_11_BAL_GB,GB,BAL,0.0,23.0,-23.0,0.5892970693169448,0,False
2017,11,2017_11_ARI_HOU,HOU,ARI,31.0,21.0,10.0,0.594739666074969,1,False
2017,11,2017_11_TB_MIA,MIA,TB,20.0,30.0,-10.0,0.5872833615291629,0,False
2017,11,2017_11_LA_MIN,MIN,LA,24.0,7.0,17.0,0.6215849431103146,1,False
2017,11,2017_11_WAS_NO,NO,WAS,34.0,31.0,3.0,0.7275416229203756,1,False
2017,11,2017_11_KC_NYG,NYG,KC,12.0,9.0,3.0,0.2926524691198226,1,False
2017,11,2017_11_BUF_LAC,LAC,BUF,54.0,24.0,30.0,0.7101670646869686,1,False
2017,11,2017_11_CIN_DEN,DEN,CIN,17.0,20.0,-3.0,0.592171409214656,0,False
2017,11,2017_11_NE_OAK,OAK,NE,8.0,33.0,-25.0,0.2670527784164117,0,True
2017,11,2017_11_PHI_DAL,DAL,PHI,9.0,37.0,-28.0,0.39734297426765114,0,False
2017,11,2017_11_ATL_SEA,SEA,ATL,31.0,34.0,-3.0,0.5965270028168502,0,False
2017,12,2017_12_MIN_DET,DET,MIN,23.0,30.0,-7.0,0.44541814249619516,0,False
2017,12,2017_12_LAC_DAL,DAL,LAC,6.0,28.0,-22.0,0.587517706753826,0,False
2017,12,2017_12_NYG_WAS,WAS,NYG,20.0,10.0,10.0,0.7419962670920198,1,False
2017,12,2017_12_TB_ATL,ATL,TB,34.0,20.0,14.0,0.7620101550876981,1,False
2017,12,2017_12_CLE_CIN,CIN,CLE,30.0,16.0,14.0,0.7892789238907173,1,False
2017,12,2017_12_TEN_IND,IND,TEN,16.0,20.0,-4.0,0.4287114424657639,0,False
2017,12,2017_12_BUF_KC,KC,BUF,10.0,16.0,-6.0,0.7351922007384164,0,False
2017,12,2017_12_MIA_NE,NE,MIA,35.0,17.0,18.0,0.8728863863511036,1,False
2017,12,2017_12_CAR_NYJ,NYJ,CAR,27.0,35.0,-8.0,0.34825358926017635,0,False
2017,12,2017_12_CHI_PHI,PHI,CHI,31.0,3.0,28.0,0.8362065480899858,1,False
2017,12,2017_12_SEA_SF,SF,SEA,13.0,24.0,-11.0,0.2550700148465885,0,False
2017,12,2017_12_JAX_ARI,ARI,JAX,27.0,24.0,3.0,0.30916204848426937,1,False
2017,12,2017_12_NO_LA,LA,NO,26.0,20.0,6.0,0.4966427186837112,1,False
2017,12,2017_12_DEN_OAK,OAK,DEN,21.0,14.0,7.0,0.6439687047295337,1,False
2017,12,2017_12_GB_PIT,PIT,GB,31.0,28.0,3.0,0.723555831595577,1,False
2017,12,2017_12_HOU_BAL,BAL,HOU,23.0,16.0,7.0,0.7454631903016566,1,False
2017,13,2017_13_WAS_DAL,DAL,WAS,38.0,14.0,24.0,0.5708210664882117,1,False
2017,13,2017_13_MIN_ATL,ATL,MIN,9.0,14.0,-5.0,0.5868944221147709,0,False
2017,13,2017_13_DET_BAL,BAL,DET,44.0,20.0,24.0,0.6146603087351554,1,False
2017,13,2017_13_NE_BUF,BUF,NE,3.0,23.0,-20.0,0.3077834832750382,0,False
2017,13,2017_13_SF_CHI,CHI,SF,14.0,15.0,-1.0,0.6998640691049636,0,False
2017,13,2017_13_TB_GB,GB,TB,26.0,20.0,6.0,0.6682287136671137,1,False
2017,13,2017_13_IND_JAX,JAX,IND,30.0,10.0,20.0,0.7101361450405979,1,False
2017,13,2017_13_DEN_MIA,MIA,DEN,35.0,9.0,26.0,0.5642330763047435,1,False
2017,13,2017_13_KC_NYJ,NYJ,KC,38.0,31.0,7.0,0.32851475052062756,1,False
2017,13,2017_13_HOU_TEN,TEN,HOU,24.0,13.0,11.0,0.7240602384047271,1,False
2017,13,2017_13_CLE_LAC,LAC,CLE,19.0,10.0,9.0,0.8669393507789588,1,False
2017,13,2017_13_LA_ARI,ARI,LA,16.0,32.0,-16.0,0.27663750204734905,0,False
2017,13,2017_13_CAR_NO,NO,CAR,31.0,21.0,10.0,0.7044873995151036,1,False
2017,13,2017_13_NYG_OAK,OAK,NYG,24.0,17.0,7.0,0.7083232438319927,1,False
2017,13,2017_13_PHI_SEA,SEA,PHI,24.0,10.0,14.0,0.41225481520381757,1,False
2017,13,2017_13_PIT_CIN,CIN,PIT,20.0,23.0,-3.0,0.35458592085877255,0,False
2017,14,2017_14_NO_ATL,ATL,NO,20.0,17.0,3.0,0.5773573897312917,1,False
2017,14,2017_14_IND_BUF,BUF,IND,13.0,7.0,6.0,0.658014193007635,1,False
2017,14,2017_14_MIN_CAR,CAR,MIN,31.0,24.0,7.0,0.40958464803185063,1,False
2017,14,2017_14_CHI_CIN,CIN,CHI,7.0,33.0,-26.0,0.6751571513083348,0,False
2017,14,2017_14_GB_CLE,CLE,GB,21.0,27.0,-6.0,0.24859916615485228,0,False
2017,14,2017_14_SF_HOU,HOU,SF,16.0,26.0,-10.0,0.7418644812518871,0,False
2017,14,2017_14_OAK_KC,KC,OAK,26.0,15.0,11.0,0.7067601248253725,1,False
2017,14,2017_14_DAL_NYG,NYG,DAL,10.0,30.0,-20.0,0.3158916311179162,0,False
2017,14,2017_14_DET_TB,TB,DET,21.0,24.0,-3.0,0.4355719866580932,0,False
2017,14,2017_14_TEN_ARI,ARI,TEN,12.0,7.0,5.0,0.4348782143800551,1,False
2017,14,2017_14_NYJ_DEN,DEN,NYJ,23.0,0.0,23.0,0.42612379279368584,1,False
2017,14,2017_14_WAS_LAC,LAC,WAS,30.0,13.0,17.0,0.6763575556925296,1,False
2017,14,2017_14_SEA_JAX,JAX,SEA,30.0,24.0,6.0,0.5108208813929187,1,False
2017,14,2017_14_PHI_LA,LA,PHI,35.0,43.0,-8.0,0.480692450213456,0,False
2017,14,2017_14_BAL_PIT,PIT,BAL,39.0,38.0,1.0,0.672578533068502,1,False
2017,14,2017_14_NE_MIA,MIA,NE,27.0,20.0,7.0,0.23676854888056434,1,False
2017,15,2017_15_DEN_IND,IND,DEN,13.0,25.0,-12.0,0.43215058525641065,0,False
2017,15,2017_15_CHI_DET,DET,CHI,20.0,10.0,10.0,0.6927629581891342,1,False
2017,15,2017_15_LAC_KC,KC,LAC,30.0,13.0,17.0,0.5875793166868706,1,False
2017,15,2017_15_MIA_BUF,BUF,MIA,24.0,16.0,8.0,0.6166975167119354,1,False
2017,15,2017_15_GB_CAR,CAR,GB,31.0,24.0,7.0,0.6828703733683307,1,False
2017,15,2017_15_BAL_CLE,CLE,BAL,10.0,27.0,-17.0,0.19855011867040592,0,False
2017,15,2017_15_HOU_JAX,JAX,HOU,45.0,7.0,38.0,0.7747970833210349,1,False
2017,15,2017_15_CIN_MIN,MIN,CIN,34.0,7.0,27.0,0.7851030287101721,1,False
2017,15,2017_15_NYJ_NO,NO,NYJ,31.0,19.0,12.0,0.8030085048482577,1,False
2017,15,2017_15_PHI_NYG,NYG,PHI,29.0,34.0,-5.0,0.2768281959201662,0,False
2017,15,2017_15_ARI_WAS,WAS,ARI,20.0,15.0,5.0,0.634036269745829,1,False
2017,15,2017_15_LA_SEA,SEA,LA,7.0,42.0,-35.0,0.5970840602114974,0,False
2017,15,2017_15_NE_PIT,PIT,NE,24.0,27.0,-3.0,0.48644431496564966,0,False
2017,15,2017_15_TEN_SF,SF,TEN,25.0,23.0,2.0,0.34823641808308853,1,False
2017,15,2017_15_DAL_OAK,OAK,DAL,17.0,20.0,-3.0,0.42320108869488154,0,False
2017,15,2017_15_ATL_TB,TB,ATL,21.0,24.0,-3.0,0.29671533543282863,0,False
2017,16,2017_16_IND_BAL,BAL,IND,23.0,16.0,7.0,0.8059399652004114,1,False
2017,16,2017_16_MIN_GB,GB,MIN,0.0,16.0,-16.0,0.2697511927896806,0,False
2017,16,2017_16_TB_CAR,CAR,TB,22.0,19.0,3.0,0.7655209974669432,1,False
2017,16,2017_16_CLE_CHI,CHI,CLE,20.0,3.0,17.0,0.7643782438593465,1,False
2017,16,2017_16_DET_CIN,CIN,DET,26.0,17.0,9.0,0.368429574113157,1,False
2017,16,2017_16_MIA_KC,KC,MIA,29.0,13.0,16.0,0.7444138770819118,1,False
2017,16,2017_16_BUF_NE,NE,BUF,37.0,16.0,21.0,0.7755021462587101,1,False
2017,16,2017_16_ATL_NO,NO,ATL,23.0,13.0,10.0,0.6696736147609915,1,False
2017,16,2017_16_LAC_NYJ,NYJ,LAC,7.0,14.0,-7.0,0.25168155341787507,0,False
2017,16,2017_16_LA_TEN,TEN,LA,23.0,27.0,-4.0,0.3259769571014213,0,False
2017,16,2017_16_DEN_WAS,WAS,DEN,27.0,11.0,16.0,0.6806491463240549,1,False
2017,16,2017_16_JAX_SF,SF,JAX,44.0,33.0,11.0,0.30764526986118734,1,False
2017,16,2017_16_NYG_ARI,ARI,NYG,23.0,0.0,23.0,0.6613110003579058,1,False
2017,16,2017_16_SEA_DAL,DAL,SEA,12.0,21.0,-9.0,0.6569380970936727,0,False
2017,16,2017_16_PIT_HOU,HOU,PIT,6.0,34.0,-28.0,0.22901370459214276,0,False
2017,16,2017_16_OAK_PHI,PHI,OAK,19.0,10.0,9.0,0.7417820701071145,1,False
2017,17,2017_17_GB_DET,DET,GB,35.0,11.0,24.0,0.7108321962103322,1,False
2017,17,2017_17_HOU_IND,IND,HOU,22.0,13.0,9.0,0.6600056623725419,1,False
2017,17,2017_17_CHI_MIN,MIN,CHI,23.0,10.0,13.0,0.8206560535454092,1,False
2017,17,2017_17_NYJ_NE,NE,NYJ,26.0,6.0,20.0,0.8832322587519054,1,False
2017,17,2017_17_WAS_NYG,NYG,WAS,18.0,10.0,8.0,0.31045281609745745,1,False
2017,17,2017_17_DAL_PHI,PHI,DAL,0.0,6.0,-6.0,0.6747279442276363,0,False
2017,17,2017_17_CLE_PIT,PIT,CLE,28.0,24.0,4.0,0.9160107717693895,1,False
2017,17,2017_17_CAR_ATL,ATL,CAR,22.0,10.0,12.0,0.6543493621729953,1,False
2017,17,2017_17_CIN_BAL,BAL,CIN,27.0,31.0,-4.0,0.729105520358613,0,False
2017,17,2017_17_KC_DEN,DEN,KC,24.0,27.0,-3.0,0.33205182189572086,0,False
2017,17,2017_17_SF_LA,LA,SF,13.0,34.0,-21.0,0.7697162365321457,0,False
2017,17,2017_17_OAK_LAC,LAC,OAK,30.0,10.0,20.0,0.6894103607735594,1,False
2017,17,2017_17_BUF_MIA,MIA,BUF,16.0,22.0,-6.0,0.4089586032594497,0,False
2017,17,2017_17_ARI_SEA,SEA,ARI,24.0,26.0,-2.0,0.7469717021012409,0,False
2017,17,2017_17_NO_TB,TB,NO,31.0,24.0,7.0,0.2815955422188177,1,False
2017,17,2017_17_JAX_TEN,TEN,JAX,15.0,10.0,5.0,0.5242092599381097,1,False
2018,1,2018_01_ATL_PHI,PHI,ATL,18.0,12.0,6.0,0.6067734489896949,1,False
2018,1,2018_01_BUF_BAL,BAL,BUF,47.0,3.0,44.0,0.6437338769635835,1,False
2018,1,2018_01_PIT_CLE,CLE,PIT,21.0,21.0,0.0,0.22037817930837642,0,False
2018,1,2018_01_CIN_IND,IND,CIN,23.0,34.0,-11.0,0.4358056526690743,0,False
2018,1,2018_01_TEN_MIA,MIA,TEN,27.0,20.0,7.0,0.46345547359984635,1,False
2018,1,2018_01_SF_MIN,MIN,SF,24.0,16.0,8.0,0.6888325650454074,1,False
2018,1,2018_01_HOU_NE,NE,HOU,27.0,20.0,7.0,0.8326365953415342,1,False
2018,1,2018_01_TB_NO,NO,TB,40.0,48.0,-8.0,0.7307670982882521,0,False
2018,1,2018_01_JAX_NYG,NYG,JAX,15.0,20.0,-5.0,0.4215236843504503,0,False
2018,1,2018_01_KC_LAC,LAC,KC,28.0,38.0,-10.0,0.6400603042427546,0,False
2018,1,2018_01_WAS_ARI,ARI,WAS,6.0,24.0,-18.0,0.6130723447099727,0,False
2018,1,2018_01_DAL_CAR,CAR,DAL,16.0,8.0,8.0,0.6133300598529517,1,False
2018,1,2018_01_SEA_DEN,DEN,SEA,27.0,24.0,3.0,0.4660601540186709,1,False
2018,1,2018_01_CHI_GB,GB,CHI,24.0,23.0,1.0,0.6754858145715434,1,False
2018,1,2018_01_NYJ_DET,DET,NYJ,17.0,48.0,-31.0,0.7034166932576621,0,False
2018,1,2018_01_LA_OAK,OAK,LA,13.0,33.0,-20.0,0.380580475801096,0,False
2018,2,2018_02_BAL_CIN,CIN,BAL,34.0,23.0,11.0,0.49855008132967304,1,False
2018,2,2018_02_CAR_ATL,ATL,CAR,31.0,24.0,7.0,0.6514222117761984,1,False
2018,2,2018_02_LAC_BUF,BUF,LAC,20.0,31.0,-11.0,0.33495376206294597,0,False
2018,2,2018_02_MIN_GB,GB,MIN,29.0,29.0,0.0,0.41479115041983833,0,False
2018,2,2018_02_CLE_NO,NO,CLE,21.0,18.0,3.0,0.8314495176692408,1,False
2018,2,2018_02_MIA_NYJ,NYJ,MIA,12.0,20.0,-8.0,0.6254752801099218,0,False
2018,2,2018_02_KC_PIT,PIT,KC,37.0,42.0,-5.0,0.684190396006506,0,False
2018,2,2018_02_PHI_TB,TB,PHI,27.0,21.0,6.0,0.3373198803112187,1,False
2018,2,2018_02_HOU_TEN,TEN,HOU,20.0,17.0,3.0,0.6555989890970058,1,False
2018,2,2018_02_IND_WAS,WAS,IND,9.0,21.0,-12.0,0.6990400296908493,0,False
2018,2,2018_02_ARI_LA,LA,ARI,34.0,0.0,34.0,0.7270916752429755,1,False
2018,2,2018_02_DET_SF,SF,DET,30.0,27.0,3.0,0.6369465046404997,1,False
2018,2,2018_02_OAK_DEN,DEN,OAK,20.0,19.0,1.0,0.6482546252477711,1,False
2018,2,2018_02_NE_JAX,JAX,NE,31.0,20.0,11.0,0.3879561449384996,1,False
2018,2,2018_02_NYG_DAL,DAL,NYG,20.0,13.0,7.0,0.7022434318402522,1,False
2018,2,2018_02_SEA_CHI,CHI,SEA,24.0,17.0,7.0,0.5422034521284897,1,False
2018,3,2018_03_NYJ_CLE,CLE,NYJ,21.0,17.0,4.0,0.44321095932095217,1,False
2018,3,2018_03_NO_ATL,ATL,NO,37.0,43.0,-6.0,0.6282993530787566,0,False
2018,3,2018_03_DEN_BAL,BAL,DEN,27.0,14.0,13.0,0.6483914924243385,1,False
2018,3,2018_03_CIN_CAR,CAR,CIN,31.0,21.0,10.0,0.6426460688099738,1,False
2018,3,2018_03_NYG_HOU,HOU,NYG,22.0,27.0,-5.0,0.6255747577116934,0,False
2018,3,2018_03_TEN_JAX,JAX,TEN,6.0,9.0,-3.0,0.696808567931694,0,False
2018,3,2018_03_SF_KC,KC,SF,38.0,27.0,11.0,0.7382250799312453,1,False
2018,3,2018_03_OAK_MIA,MIA,OAK,28.0,20.0,8.0,0.6844732434000712,1,False
2018,3,2018_03_BUF_MIN,MIN,BUF,6.0,27.0,-21.0,0.7488231392322199,0,False
2018,3,2018_03_IND_PHI,PHI,IND,20.0,16.0,4.0,0.7452495033150084,1,False
2018,3,2018_03_GB_WAS,WAS,GB,31.0,17.0,14.0,0.5277594587046742,1,False
2018,3,2018_03_LAC_LA,LA,LAC,35.0,23.0,12.0,0.7260717543512796,1,False
2018,3,2018_03_CHI_ARI,ARI,CHI,14.0,16.0,-2.0,0.3960422924895355,0,False
2018,3,2018_03_DAL_SEA,SEA,DAL,24.0,13.0,11.0,0.543427194210596,1,False
2018,3,2018_03_NE_DET,DET,NE,26.0,10.0,16.0,0.28173306429430434,1,False
2018,3,2018_03_PIT_TB,TB,PIT,27.0,30.0,-3.0,0.4625463516885701,0,False
2018,4,2018_04_MIN_LA,LA,MIN,38.0,31.0,7.0,0.7235980233674308,1,False
2018,4,2018_04_CIN_ATL,ATL,CIN,36.0,37.0,-1.0,0.6932958757252349,0,False
2018,4,2018_04_TB_CHI,CHI,TB,48.0,10.0,38.0,0.5772111315481914,1,False
2018,4,2018_04_DET_DAL,DAL,DET,26.0,24.0,2.0,0.6260544430878154,1,False
2018,4,2018_04_BUF_GB,GB,BUF,22.0,0.0,22.0,0.6540177694623532,1,False
2018,4,2018_04_HOU_IND,IND,HOU,34.0,37.0,-3.0,0.6094467802388236,0,False
2018,4,2018_04_NYJ_JAX,JAX,NYJ,31.0,12.0,19.0,0.6904865584494886,1,False
2018,4,2018_04_MIA_NE,NE,MIA,38.0,7.0,31.0,0.6478080541270577,1,False
2018,4,2018_04_PHI_TEN,TEN,PHI,26.0,23.0,3.0,0.4428049839203228,1,False
2018,4,2018_04_SEA_ARI,ARI,SEA,17.0,20.0,-3.0,0.3445930592926331,0,False
2018,4,2018_04_CLE_OAK,OAK,CLE,45.0,42.0,3.0,0.7109308047915017,1,False
2018,4,2018_04_SF_LAC,LAC,SF,29.0,27.0,2.0,0.7014465307478032,1,False
2018,4,2018_04_NO_NYG,NYG,NO,18.0,33.0,-15.0,0.32473243172756194,0,False
2018,4,2018_04_BAL_PIT,PIT,BAL,14.0,26.0,-12.0,0.6602905051689463,0,False
2018,4,2018_04_KC_DEN,DEN,KC,23.0,27.0,-4.0,0.3576167308530019,0,False
2018,5,2018_05_IND_NE,NE,IND,38.0,24.0,14.0,0.7827310288283845,1,False
2018,5,2018_05_TEN_BUF,BUF,TEN,13.0,12.0,1.0,0.4106247270306448,1,False
2018,5,2018_05_NYG_CAR,CAR,NYG,33.0,31.0,2.0,0.7553269679556988,1,False
2018,5,2018_05_MIA_CIN,CIN,MIA,27.0,17.0,10.0,0.6939412101303558,1,False
2018,5,2018_05_BAL_CLE,CLE,BAL,12.0,9.0,3.0,0.23375093204878247,1,False
2018,5,2018_05_GB_DET,DET,GB,31.0,23.0,8.0,0.5999835016609735,1,False
2018,5,2018_05_JAX_KC,KC,JAX,30.0,14.0,16.0,0.6633036485111408,1,False
2018,5,2018_05_DEN_NYJ,NYJ,DEN,34.0,16.0,18.0,0.5176877460242393,1,False
2018,5,2018_05_ATL_PIT,PIT,ATL,41.0,17.0,24.0,0.6473278076936031,1,False
2018,5,2018_05_OAK_LAC,LAC,OAK,26.0,10.0,16.0,0.6942866342303653,1,False
2018,5,2018_05_MIN_PHI,PHI,MIN,21.0,23.0,-2.0,0.6103279121178482,0,False
2018,5,2018_05_LA_SEA,SEA,LA,31.0,33.0,-2.0,0.34001951382262013,0,False
2018,5,2018_05_ARI_SF,SF,ARI,18.0,28.0,-10.0,0.6532067457732277,0,False
2018,5,2018_05_DAL_HOU,HOU,DAL,19.0,16.0,3.0,0.46159839542691256,1,False
2018,5,2018_05_WAS_NO,NO,WAS,43.0,19.0,24.0,0.6719019942322387,1,False
2018,6,2018_06_PHI_NYG,NYG,PHI,13.0,34.0,-21.0,0.3378363292840017,0,False
2018,6,2018_06_TB_ATL,ATL,TB,34.0,29.0,5.0,0.6761907253082922,1,False
2018,6,2018_06_PIT_CIN,CIN,PIT,21.0,28.0,-7.0,0.5073125233467419,0,False
2018,6,2018_06_LAC_CLE,CLE,LAC,14.0,38.0,-24.0,0.2820849110944677,0,False
2018,6,2018_06_BUF_HOU,HOU,BUF,20.0,13.0,7.0,0.6626842740850298,1,False
2018,6,2018_06_CHI_MIA,MIA,CHI,31.0,28.0,3.0,0.3528920484279949,1,False
2018,6,2018_06_ARI_MIN,MIN,ARI,27.0,17.0,10.0,0.7510991109852329,1,False
2018,6,2018_06_IND_NYJ,NYJ,IND,42.0,34.0,8.0,0.6758473851135282,1,False
2018,6,2018_06_SEA_OAK,OAK,SEA,3.0,27.0,-24.0,0.3580902718203258,0,True
2018,6,2018_06_CAR_WAS,WAS,CAR,23.0,17.0,6.0,0.4349308294688303,1,False
2018,6,2018_06_LA_DEN,DEN,LA,20.0,23.0,-3.0,0.31260847870951364,0,False
2018,6,2018_06_JAX_DAL,DAL,JAX,40.0,7.0,33.0,0.47941424291622226,1,False
2018,6,2018_06_BAL_TEN,TEN,BAL,0.0,21.0,-21.0,0.41489330828567267,0,False
2018,6,2018_06_KC_NE,NE,KC,43.0,40.0,3.0,0.5867724357067944,1,False
2018,6,2018_06_SF_GB,GB,SF,33.0,30.0,3.0,0.6643111467313599,1,False
2018,7,2018_07_DEN_ARI,ARI,DEN,10.0,45.0,-35.0,0.5724928466639057,0,False
2018,7,2018_07_NE_CHI,CHI,NE,31.0,38.0,-7.0,0.38462389738486363,0,False
2018,7,2018_07_BUF_IND,IND,BUF,37.0,5.0,32.0,0.6375930332243006,1,False
2018,7,2018_07_HOU_JAX,JAX,HOU,7.0,20.0,-13.0,0.6597525737240585,0,False
2018,7,2018_07_DET_MIA,MIA,DET,21.0,32.0,-11.0,0.4352128695993192,0,False
2018,7,2018_07_MIN_NYJ,NYJ,MIN,17.0,37.0,-20.0,0.36499036230727017,0,False
2018,7,2018_07_CAR_PHI,PHI,CAR,17.0,21.0,-4.0,0.6874574412214693,0,False
2018,7,2018_07_CLE_TB,TB,CLE,26.0,23.0,3.0,0.6729687779766778,1,False
2018,7,2018_07_NO_BAL,BAL,NO,23.0,24.0,-1.0,0.586642065131243,0,False
2018,7,2018_07_LA_SF,SF,LA,10.0,39.0,-29.0,0.2976460022399463,0,False
2018,7,2018_07_DAL_WAS,WAS,DAL,20.0,17.0,3.0,0.49453396422132856,1,False
2018,7,2018_07_CIN_KC,KC,CIN,45.0,10.0,35.0,0.7178911985770895,1,False
2018,7,2018_07_TEN_LAC,LAC,TEN,20.0,19.0,1.0,0.7101931785100732,1,True
2018,7,2018_07_NYG_ATL,ATL,NYG,23.0,20.0,3.0,0.7466517624589362,1,False
2018,8,2018_08_MIA_HOU,HOU,MIA,42.0,23.0,19.0,0.7260022323211964,1,False
2018,8,2018_08_BAL_CAR,CAR,BAL,36.0,21.0,15.0,0.5116316582971236,1,False
2018,8,2018_08_NYJ_CHI,CHI,NYJ,24.0,10.0,14.0,0.7410187084791655,1,False
2018,8,2018_08_TB_CIN,CIN,TB,37.0,34.0,3.0,0.6479714414349272,1,False
2018,8,2018_08_SEA_DET,DET,SEA,14.0,28.0,-14.0,0.601945220339294,0,False
2018,8,2018_08_DEN_KC,KC,DEN,30.0,23.0,7.0,0.8000434919366652,1,False
2018,8,2018_08_WAS_NYG,NYG,WAS,13.0,20.0,-7.0,0.3773184789127375,0,False
2018,8,2018_08_CLE_PIT,PIT,CLE,33.0,18.0,15.0,0.848379706884554,1,False
2018,8,2018_08_IND_OAK,OAK,IND,28.0,42.0,-14.0,0.485690165830139,0,False
2018,8,2018_08_SF_ARI,ARI,SF,18.0,15.0,3.0,0.5240673487793025,1,False
2018,8,2018_08_GB_LA,LA,GB,29.0,27.0,2.0,0.7631082344436478,1,False
2018,8,2018_08_NO_MIN,MIN,NO,20.0,30.0,-10.0,0.5132827707169149,0,False
2018,8,2018_08_PHI_JAX,JAX,PHI,18.0,24.0,-6.0,0.3238910354230553,0,True
2018,8,2018_08_NE_BUF,BUF,NE,6.0,25.0,-19.0,0.2612021389513057,0,False
2018,9,2018_09_OAK_SF,SF,OAK,34.0,3.0,31.0,0.5184103151841333,1,False
2018,9,2018_09_PIT_BAL,BAL,PIT,16.0,23.0,-7.0,0.5156193425617743,0,False
2018,9,2018_09_CHI_BUF,BUF,CHI,9.0,41.0,-32.0,0.24459578431508078,0,False
2018,9,2018_09_TB_CAR,CAR,TB,42.0,28.0,14.0,0.7636316473075944,1,False
2018,9,2018_09_KC_CLE,CLE,KC,21.0,37.0,-16.0,0.18173204629392922,0,False
2018,9,2018_09_NYJ_MIA,MIA,NYJ,13.0,6.0,7.0,0.6322880759121129,1,False
2018,9,2018_09_DET_MIN,MIN,DET,24.0,9.0,15.0,0.6550476907138917,1,False
2018,9,2018_09_ATL_WAS,WAS,ATL,14.0,38.0,-24.0,0.5750779520370379,0,False
2018,9,2018_09_HOU_DEN,DEN,HOU,17.0,19.0,-2.0,0.5275719742161555,0,False
2018,9,2018_09_LAC_SEA,SEA,LAC,17.0,25.0,-8.0,0.5861702437327546,0,False
2018,9,2018_09_LA_NO,NO,LA,45.0,35.0,10.0,0.5019674069019825,1,False
2018,9,2018_09_GB_NE,NE,GB,31.0,17.0,14.0,0.7697533595091322,1,False
2018,9,2018_09_TEN_DAL,DAL,TEN,14.0,28.0,-14.0,0.7011207066856764,0,False
2018,10,2018_10_CAR_PIT,PIT,CAR,52.0,21.0,31.0,0.6597044228306488,1,False
2018,10,2018_10_DET_CHI,CHI,DET,34.0,22.0,12.0,0.7276617610636412,1,False
2018,10,2018_10_NO_CIN,CIN,NO,14.0,51.0,-37.0,0.2957234318639246,0,False
2018,10,2018_10_ATL_CLE,CLE,ATL,28.0,16.0,12.0,0.26274512937844335,1,False
2018,10,2018_10_JAX_IND,IND,JAX,29.0,26.0,3.0,0.5937447156948458,1,False
2018,10,2018_10_ARI_KC,KC,ARI,26.0,14.0,12.0,0.8415185158246958,1,False
2018,10,2018_10_BUF_NYJ,NYJ,BUF,10.0,41.0,-31.0,0.7059943268382126,0,False
2018,10,2018_10_WAS_TB,TB,WAS,3.0,16.0,-13.0,0.5101702478369734,0,False
2018,10,2018_10_NE_TEN,TEN,NE,34.0,10.0,24.0,0.2820136967336198,1,False
2018,10,2018_10_LAC_OAK,OAK,LAC,6.0,20.0,-14.0,0.2692751153506431,0,False
2018,10,2018_10_MIA_GB,GB,MIA,31.0,12.0,19.0,0.7719751033570713,1,False
2018,10,2018_10_SEA_LA,LA,SEA,36.0,31.0,5.0,0.6654413764250596,1,False
2018,10,2018_10_DAL_PHI,PHI,DAL,20.0,27.0,-7.0,0.6655432152728757,0,False
2018,10,2018_10_NYG_SF,SF,NYG,23.0,27.0,-4.0,0.6434298213694082,0,False
2018,11,2018_11_GB_SEA,SEA,GB,27.0,24.0,3.0,0.6861305027269383,1,False
2018,11,2018_11_DAL_ATL,ATL,DAL,19.0,22.0,-3.0,0.6392959082368112,0,False
2018,11,2018_11_CIN_BAL,BAL,CIN,24.0,21.0,3.0,0.6972769455568008,1,False
2018,11,2018_11_CAR_DET,DET,CAR,20.0,19.0,1.0,0.36741642585981965,1,False
2018,11,2018_11_TEN_IND,IND,TEN,38.0,10.0,28.0,0.4833956581424097,1,False
2018,11,2018_11_PIT_JAX,JAX,PIT,16.0,20.0,-4.0,0.3091849224149518,0,False
2018,11,2018_11_TB_NYG,NYG,TB,38.0,35.0,3.0,0.6158651719697448,1,False
2018,11,2018_11_HOU_WAS,WAS,HOU,21.0,23.0,-2.0,0.5502451478017063,0,False
2018,11,2018_11_OAK_ARI,ARI,OAK,21.0,23.0,-2.0,0.650316134119201,0,False
2018,11,2018_11_DEN_LAC,LAC,DEN,22.0,23.0,-1.0,0.7645729583058517,0,False
2018,11,2018_11_PHI_NO,NO,PHI,48.0,7.0,41.0,0.7126093391018361,1,False
2018,11,2018_11_MIN_CHI,CHI,MIN,25.0,20.0,5.0,0.5461599646123071,1,False
2018,11,2018_11_KC_LA,LA,KC,54.0,51.0,3.0,0.5705931965145965,1,False
2018,12,2018_12_CHI_DET,DET,CHI,16.0,23.0,-7.0,0.45276385252168516,0,False
2018,12,2018_12_WAS_DAL,DAL,WAS,31.0,23.0,8.0,0.6455392441970741,1,False
2018,12,2018_12_ATL_NO,NO,ATL,31.0,17.0,14.0,0.770123431636277,1,False
2018,12,2018_12_OAK_BAL,BAL,OAK,34.0,17.0,17.0,0.7606180256708478,1,False
2018,12,2018_12_JAX_BUF,BUF,JAX,24.0,21.0,3.0,0.4400038417195953,1,False
2018,12,2018_12_SEA_CAR,CAR,SEA,27.0,30.0,-3.0,0.6435730887340158,0,False
2018,12,2018_12_CLE_CIN,CIN,CLE,20.0,35.0,-15.0,0.7116410286582825,0,False
2018,12,2018_12_NE_NYJ,NYJ,NE,13.0,27.0,-14.0,0.2391882073211775,0,False
2018,12,2018_12_NYG_PHI,PHI,NYG,25.0,22.0,3.0,0.7303867831404801,1,False
2018,12,2018_12_SF_TB,TB,SF,27.0,9.0,18.0,0.6034044881950902,1,False
2018,12,2018_12_ARI_LAC,LAC,ARI,45.0,10.0,35.0,0.7943307617857808,1,False
2018,12,2018_12_PIT_DEN,DEN,PIT,24.0,17.0,7.0,0.29239929668932163,1,False
2018,12,2018_12_MIA_IND,IND,MIA,27.0,24.0,3.0,0.6900190777534672,1,False
2018,12,2018_12_GB_MIN,MIN,GB,24.0,17.0,7.0,0.6972279372717263,1,False
2018,12,2018_12_TEN_HOU,HOU,TEN,34.0,17.0,17.0,0.6248742556872177,1,False
2018,13,2018_13_NO_DAL,DAL,NO,13.0,10.0,3.0,0.26858290031573884,1,False
2018,13,2018_13_BAL_ATL,ATL,BAL,16.0,26.0,-10.0,0.5858303371864999,0,False
2018,13,2018_13_DEN_CIN,CIN,DEN,10.0,24.0,-14.0,0.43001975338654,0,False
2018,13,2018_13_LA_DET,DET,LA,16.0,30.0,-14.0,0.33067370501057375,0,False
2018,13,2018_13_ARI_GB,GB,ARI,17.0,20.0,-3.0,0.6784899463738672,0,False
2018,13,2018_13_CLE_HOU,HOU,CLE,29.0,13.0,16.0,0.7354668023402313,1,False
2018,13,2018_13_IND_JAX,JAX,IND,6.0,0.0,6.0,0.36874879960152346,1,False
2018,13,2018_13_BUF_MIA,MIA,BUF,21.0,17.0,4.0,0.6161200105556156,1,False
2018,13,2018_13_CHI_NYG,NYG,CHI,30.0,27.0,3.0,0.3167999025501238,1,False
2018,13,2018_13_CAR_TB,TB,CAR,24.0,17.0,7.0,0.3154665631132944,1,False
2018,13,2018_13_KC_OAK,OAK,KC,33.0,40.0,-7.0,0.19092994841331332,0,False
2018,13,2018_13_NYJ_TEN,TEN,NYJ,26.0,22.0,4.0,0.7460596462350227,1,False
2018,13,2018_13_MIN_NE,NE,MIN,24.0,10.0,14.0,0.7087236669214944,1,False
2018,13,2018_13_SF_SEA,SEA,SF,43.0,16.0,27.0,0.7807143703223729,1,False
2018,13,2018_13_LAC_PIT,PIT,LAC,30.0,33.0,-3.0,0.6613178078468016,0,False
2018,13,2018_13_WAS_PHI,PHI,WAS,28.0,13.0,15.0,0.6716725548435254,1,False
2018,14,2018_14_JAX_TEN,TEN,JAX,30.0,9.0,21.0,0.6642874574061949,1,False
2018,14,2018_14_NYJ_BUF,BUF,NYJ,23.0,27.0,-4.0,0.6810294523908519,0,False
2018,14,2018_14_CAR_CLE,CLE,CAR,26.0,20.0,6.0,0.3566852609558015,1,False
2018,14,2018_14_ATL_GB,GB,ATL,34.0,20.0,14.0,0.5864542193311795,1,False
2018,14,2018_14_IND_HOU,HOU,IND,21.0,24.0,-3.0,0.6531106749534401,0,False
2018,14,2018_14_BAL_KC,KC,BAL,27.0,24.0,3.0,0.6863263808721748,1,False
2018,14,2018_14_NE_MIA,MIA,NE,34.0,33.0,1.0,0.2644988467665951,1,False
2018,14,2018_14_NO_TB,TB,NO,14.0,28.0,-14.0,0.2504743805211026,0,False
2018,14,2018_14_NYG_WAS,WAS,NYG,16.0,40.0,-24.0,0.5575018402414973,0,False
2018,14,2018_14_CIN_LAC,LAC,CIN,26.0,21.0,5.0,0.8187830230763324,1,False
2018,14,2018_14_DEN_SF,SF,DEN,20.0,14.0,6.0,0.35096723024876847,1,False
2018,14,2018_14_DET_ARI,ARI,DET,3.0,17.0,-14.0,0.44643573538894504,0,False
2018,14,2018_14_PHI_DAL,DAL,PHI,29.0,23.0,6.0,0.6421258604997678,1,False
2018,14,2018_14_PIT_OAK,OAK,PIT,24.0,21.0,3.0,0.22699503911669172,1,False
2018,14,2018_14_LA_CHI,CHI,LA,15.0,6.0,9.0,0.3803061520910387,1,False
2018,14,2018_14_MIN_SEA,SEA,MIN,21.0,7.0,14.0,0.6299429134182492,1,False
2018,15,2018_15_LAC_KC,KC,LAC,28.0,29.0,-1.0,0.6915356619809461,0,False
2018,15,2018_15_HOU_NYJ,NYJ,HOU,22.0,29.0,-7.0,0.32795178657887997,0,False
2018,15,2018_15_CLE_DEN,DEN,CLE,16.0,17.0,-1.0,0.6558020456346911,0,False
2018,15,2018_15_ARI_ATL,ATL,ARI,40.0,14.0,26.0,0.6814620634583923,1,False
2018,15,2018_15_TB_BAL,BAL,TB,20.0,12.0,8.0,0.7159598446122606,1,False
2018,15,2018_15_DET_BUF,BUF,DET,14.0,13.0,1.0,0.5160474437074125,1,False
2018,15,2018_15_GB_CHI,CHI,GB,24.0,17.0,7.0,0.7051401509593483,1,False
2018,15,2018_15_OAK_CIN,CIN,OAK,30.0,16.0,14.0,0.6520445090223488,1,False
2018,15,2018_15_DAL_IND,IND,DAL,23.0,0.0,23.0,0.5039096954098986,1,False
2018,15,2018_15_WAS_JAX,JAX,WAS,13.0,16.0,-3.0,0.6813393492079587,0,False
2018,15,2018_15_MIA_MIN,MIN,MIA,41.0,17.0,24.0,0.6986129722257652,1,False
2018,15,2018_15_TEN_NYG,NYG,TEN,0.0,17.0,-17.0,0.4304824839211488,0,False
2018,15,2018_15_SEA_SF,SF,SEA,26.0,23.0,3.0,0.3004942603611589,1,False
2018,15,2018_15_NE_PIT,PIT,NE,17.0,10.0,7.0,0.4753457019556021,1,False
2018,15,2018_15_PHI_LA,LA,PHI,23.0,30.0,-7.0,0.7237054191180962,0,False
2018,15,2018_15_NO_CAR,CAR,NO,9.0,12.0,-3.0,0.3262725415911996,0,False
2018,16,2018_16_WAS_TEN,TEN,WAS,25.0,16.0,9.0,0.7164912155581793,1,False
2018,16,2018_16_BAL_LAC,LAC,BAL,10.0,22.0,-12.0,0.6995443430796068,0,False
2018,16,2018_16_ATL_CAR,CAR,ATL,10.0,24.0,-14.0,0.5075682321601157,0,False
2018,16,2018_16_CIN_CLE,CLE,CIN,26.0,18.0,8.0,0.7011205645399363,1,False
2018,16,2018_16_TB_DAL,DAL,TB,27.0,20.0,7.0,0.7107951157413458,1,False
2018,16,2018_16_MIN_DET,DET,MIN,9.0,27.0,-18.0,0.33230900486101994,0,False
2018,16,2018_16_NYG_IND,IND,NYG,28.0,27.0,1.0,0.7031685945878442,1,False
2018,16,2018_16_JAX_MIA,MIA,JAX,7.0,17.0,-10.0,0.6297906918169306,0,False
2018,16,2018_16_BUF_NE,NE,BUF,24.0,12.0,12.0,0.8036272136941542,1,False
2018,16,2018_16_GB_NYJ,NYJ,GB,38.0,44.0,-6.0,0.3529069474034474,0,False
2018,16,2018_16_HOU_PHI,PHI,HOU,32.0,30.0,2.0,0.5777661975054706,1,False
2018,16,2018_16_LA_ARI,ARI,LA,9.0,31.0,-22.0,0.24817152174089604,0,False
2018,16,2018_16_CHI_SF,SF,CHI,9.0,14.0,-5.0,0.31252632752155496,0,False
2018,16,2018_16_PIT_NO,NO,PIT,31.0,28.0,3.0,0.676332823085728,1,False
2018,16,2018_16_KC_SEA,SEA,KC,38.0,31.0,7.0,0.433223261941907,1,False
2018,16,2018_16_DEN_OAK,OAK,DEN,27.0,14.0,13.0,0.36569636859200616,1,False
2018,17,2018_17_MIA_BUF,BUF,MIA,42.0,17.0,25.0,0.6532674850205819,1,False
2018,17,2018_17_DET_GB,GB,DET,0.0,31.0,-31.0,0.6841122916100264,0,False
2018,17,2018_17_JAX_HOU,HOU,JAX,20.0,3.0,17.0,0.7245983409237855,1,False
2018,17,2018_17_NYJ_NE,NE,NYJ,38.0,3.0,35.0,0.851258703624603,1,False
2018,17,2018_17_CAR_NO,NO,CAR,14.0,33.0,-19.0,0.8238804353696515,0,False
2018,17,2018_17_DAL_NYG,NYG,DAL,35.0,36.0,-1.0,0.5103501991659021,0,False
2018,17,2018_17_ATL_TB,TB,ATL,32.0,34.0,-2.0,0.41815782468026524,0,False
2018,17,2018_17_CLE_BAL,BAL,CLE,26.0,24.0,2.0,0.7724895755000951,1,False
2018,17,2018_17_LAC_DEN,DEN,LAC,9.0,23.0,-14.0,0.3427591376198344,0,False
2018,17,2018_17_OAK_KC,KC,OAK,35.0,3.0,32.0,0.8546158552861192,1,False
2018,17,2018_17_SF_LA,LA,SF,48.0,32.0,16.0,0.8150109017039754,1,False
2018,17,2018_17_CHI_MIN,MIN,CHI,10.0,24.0,-14.0,0.6455953880409055,0,False
2018,17,2018_17_CIN_PIT,PIT,CIN,16.0,13.0,3.0,0.7896338847281007,1,False
2018,17,2018_17_ARI_SEA,SEA,ARI,27.0,24.0,3.0,0.8425235979213589,1,False
2018,17,2018_17_PHI_WAS,WAS,PHI,0.0,24.0,-24.0,0.3306536824118048,0,False
2018,17,2018_17_IND_TEN,TEN,IND,17.0,33.0,-16.0,0.46376548781280097,0,False
2019,1,2019_01_GB_CHI,CHI,GB,3.0,10.0,-7.0,0.7061549077413622,0,False
2019,1,2019_01_LA_CAR,CAR,LA,27.0,30.0,-3.0,0.45456641088348987,0,False
2019,1,2019_01_TEN_CLE,CLE,TEN,13.0,43.0,-30.0,0.5863523661471967,0,False
2019,1,2019_01_KC_JAX,JAX,KC,26.0,40.0,-14.0,0.34387371505483233,0,False
2019,1,2019_01_BAL_MIA,MIA,BAL,10.0,59.0,-49.0,0.3444228706217826,0,False
2019,1,2019_01_ATL_MIN,MIN,ATL,28.0,12.0,16.0,0.664321488813568,1,False
2019,1,2019_01_BUF_NYJ,NYJ,BUF,16.0,17.0,-1.0,0.5493167363283423,0,False
2019,1,2019_01_WAS_PHI,PHI,WAS,32.0,27.0,5.0,0.6997784527300286,1,False
2019,1,2019_01_IND_LAC,LAC,IND,30.0,24.0,6.0,0.6564828996256037,1,False
2019,1,2019_01_CIN_SEA,SEA,CIN,21.0,20.0,1.0,0.7498896341636704,1,False
2019,1,2019_01_DET_ARI,ARI,DET,27.0,27.0,0.0,0.37468421871905766,0,False
2019,1,2019_01_NYG_DAL,DAL,NYG,35.0,17.0,18.0,0.6834068949552613,1,False
2019,1,2019_01_SF_TB,TB,SF,17.0,31.0,-14.0,0.6497894526825253,0,False
2019,1,2019_01_PIT_NE,NE,PIT,33.0,3.0,30.0,0.6775491063049363,1,False
2019,1,2019_01_HOU_NO,NO,HOU,30.0,28.0,2.0,0.6576786524410777,1,False
2019,1,2019_01_DEN_OAK,OAK,DEN,24.0,16.0,8.0,0.5160762226510085,1,False
2019,2,2019_02_TB_CAR,CAR,TB,14.0,20.0,-6.0,0.6674630056863253,0,False
2019,2,2019_02_ARI_BAL,BAL,ARI,23.0,17.0,6.0,0.8125293703159775,1,False
2019,2,2019_02_SF_CIN,CIN,SF,17.0,41.0,-24.0,0.5659187563348819,0,False
2019,2,2019_02_LAC_DET,DET,LAC,13.0,10.0,3.0,0.4296972726578489,1,False
2019,2,2019_02_MIN_GB,GB,MIN,21.0,16.0,5.0,0.5296112114100088,1,False
2019,2,2019_02_JAX_HOU,HOU,JAX,13.0,12.0,1.0,0.7139656611471995,1,False
2019,2,2019_02_NE_MIA,MIA,NE,0.0,43.0,-43.0,0.27166429905709,0,False
2019,2,2019_02_BUF_NYG,NYG,BUF,14.0,28.0,-14.0,0.5155465298146921,0,False
2019,2,2019_02_SEA_PIT,PIT,SEA,26.0,28.0,-2.0,0.6016485343459105,0,False
2019,2,2019_02_IND_TEN,TEN,IND,17.0,19.0,-2.0,0.6823084774359792,0,False
2019,2,2019_02_DAL_WAS,WAS,DAL,21.0,31.0,-10.0,0.2823199080230245,0,False
2019,2,2019_02_KC_OAK,OAK,KC,10.0,28.0,-18.0,0.34779960284633815,0,False
2019,2,2019_02_CHI_DEN,DEN,CHI,14.0,16.0,-2.0,0.3237049017366278,0,False
2019,2,2019_02_NO_LA,LA,NO,27.0,9.0,18.0,0.5831946256646057,1,False
2019,2,2019_02_PHI_ATL,ATL,PHI,24.0,20.0,4.0,0.4918820442179502,1,False
2019,2,2019_02_CLE_NYJ,NYJ,CLE,3.0,23.0,-20.0,0.3782737228730024,0,False
2019,3,2019_03_TEN_JAX,JAX,TEN,20.0,7.0,13.0,0.37728143987484936,1,False
2019,3,2019_03_CIN_BUF,BUF,CIN,21.0,17.0,4.0,0.6936073409832916,1,False
2019,3,2019_03_MIA_DAL,DAL,MIA,31.0,6.0,25.0,0.8079464009025443,1,False
2019,3,2019_03_DEN_GB,GB,DEN,27.0,16.0,11.0,0.7127172904034872,1,False
2019,3,2019_03_ATL_IND,IND,ATL,27.0,24.0,3.0,0.5823364573822467,1,False
2019,3,2019_03_BAL_KC,KC,BAL,33.0,28.0,5.0,0.6776542470793179,1,False
2019,3,2019_03_OAK_MIN,MIN,OAK,34.0,14.0,20.0,0.7138056897024965,1,False
2019,3,2019_03_NYJ_NE,NE,NYJ,30.0,14.0,16.0,0.8566016030464471,1,False
2019,3,2019_03_DET_PHI,PHI,DET,24.0,27.0,-3.0,0.6472499660470111,0,False
2019,3,2019_03_CAR_ARI,ARI,CAR,20.0,38.0,-18.0,0.49349483148709467,0,False
2019,3,2019_03_NYG_TB,TB,NYG,31.0,32.0,-1.0,0.6586501354021593,0,False
2019,3,2019_03_HOU_LAC,LAC,HOU,20.0,27.0,-7.0,0.6741146529834217,0,False
2019,3,2019_03_NO_SEA,SEA,NO,27.0,33.0,-6.0,0.687706446687398,0,False
2019,3,2019_03_PIT_SF,SF,PIT,24.0,20.0,4.0,0.6113177434118149,1,False
2019,3,2019_03_LA_CLE,CLE,LA,13.0,20.0,-7.0,0.29935732766523143,0,False
2019,3,2019_03_CHI_WAS,WAS,CHI,15.0,31.0,-16.0,0.35760841882568845,0,False
2019,4,2019_04_PHI_GB,GB,PHI,27.0,34.0,-7.0,0.6158614268572484,0,False
2019,4,2019_04_TEN_ATL,ATL,TEN,10.0,24.0,-14.0,0.6204974551298812,0,False
2019,4,2019_04_CLE_BAL,BAL,CLE,25.0,40.0,-15.0,0.7337216157572348,0,False
2019,4,2019_04_NE_BUF,BUF,NE,10.0,16.0,-6.0,0.2778829450688044,0,False
2019,4,2019_04_KC_DET,DET,KC,30.0,34.0,-4.0,0.3007817740347215,0,False
2019,4,2019_04_CAR_HOU,HOU,CAR,10.0,16.0,-6.0,0.7160048847608398,0,False
2019,4,2019_04_OAK_IND,IND,OAK,24.0,31.0,-7.0,0.7341988351405576,0,False
2019,4,2019_04_LAC_MIA,MIA,LAC,10.0,30.0,-20.0,0.3050472369624604,0,False
2019,4,2019_04_WAS_NYG,NYG,WAS,24.0,3.0,21.0,0.5870501819909144,1,False
2019,4,2019_04_SEA_ARI,ARI,SEA,10.0,27.0,-17.0,0.3274841815382963,0,False
2019,4,2019_04_TB_LA,LA,TB,40.0,55.0,-15.0,0.7833123261218197,0,False
2019,4,2019_04_MIN_CHI,CHI,MIN,16.0,6.0,10.0,0.5734100930293573,1,False
2019,4,2019_04_JAX_DEN,DEN,JAX,24.0,26.0,-2.0,0.5412460551282323,0,False
2019,4,2019_04_DAL_NO,NO,DAL,12.0,10.0,2.0,0.542348345442019,1,False
2019,4,2019_04_CIN_PIT,PIT,CIN,27.0,3.0,24.0,0.6707291529309384,1,False
2019,5,2019_05_LA_SEA,SEA,LA,30.0,29.0,1.0,0.575920719607104,1,False
2019,5,2019_05_JAX_CAR,CAR,JAX,34.0,27.0,7.0,0.6407887723296601,1,False
2019,5,2019_05_ARI_CIN,CIN,ARI,23.0,26.0,-3.0,0.6527320571376883,0,False
2019,5,2019_05_ATL_HOU,HOU,ATL,53.0,32.0,21.0,0.6459477049094222,1,False
2019,5,2019_05_TB_NO,NO,TB,31.0,24.0,7.0,0.6897696595893564,1,False
2019,5,2019_05_MIN_NYG,NYG,MIN,10.0,28.0,-18.0,0.31480254087365267,0,False
2019,5,2019_05_CHI_OAK,OAK,CHI,24.0,21.0,3.0,0.33511864545956804,1,True
2019,5,2019_05_NYJ_PHI,PHI,NYJ,31.0,6.0,25.0,0.8094768658228215,1,False
2019,5,2019_05_BAL_PIT,PIT,BAL,23.0,26.0,-3.0,0.451352107546329,0,False
2019,5,2019_05_BUF_TEN,TEN,BUF,7.0,14.0,-7.0,0.6781484634033953,0,False
2019,5,2019_05_NE_WAS,WAS,NE,7.0,33.0,-26.0,0.21843099521867093,0,False
2019,5,2019_05_DEN_LAC,LAC,DEN,13.0,20.0,-7.0,0.7622816893713293,0,False
2019,5,2019_05_GB_DAL,DAL,GB,24.0,34.0,-10.0,0.6599224604530233,0,False
2019,5,2019_05_IND_KC,KC,IND,13.0,19.0,-6.0,0.7263452104477992,0,False
2019,5,2019_05_CLE_SF,SF,CLE,31.0,3.0,28.0,0.6781525195581856,1,False
2019,6,2019_06_NYG_NE,NE,NYG,35.0,14.0,21.0,0.8206357286098247,1,False
2019,6,2019_06_CAR_TB,TB,CAR,26.0,37.0,-11.0,0.37682607595163786,0,True
2019,6,2019_06_CIN_BAL,BAL,CIN,23.0,17.0,6.0,0.7831487505896011,1,False
2019,6,2019_06_SEA_CLE,CLE,SEA,28.0,32.0,-4.0,0.4207602812156412,0,False
2019,6,2019_06_NO_JAX,JAX,NO,6.0,13.0,-7.0,0.40116596979535435,0,False
2019,6,2019_06_HOU_KC,KC,HOU,24.0,31.0,-7.0,0.6613276044290658,0,False
2019,6,2019_06_WAS_MIA,MIA,WAS,16.0,17.0,-1.0,0.40872568984583735,0,False
2019,6,2019_06_PHI_MIN,MIN,PHI,38.0,20.0,18.0,0.617166639649622,1,False
2019,6,2019_06_ATL_ARI,ARI,ATL,34.0,33.0,1.0,0.4194814578725042,1,False
2019,6,2019_06_SF_LA,LA,SF,7.0,20.0,-13.0,0.6411727434009392,0,False
2019,6,2019_06_TEN_DEN,DEN,TEN,16.0,0.0,16.0,0.4887617373781344,1,False
2019,6,2019_06_DAL_NYJ,NYJ,DAL,24.0,22.0,2.0,0.2800748140866274,1,False
2019,6,2019_06_PIT_LAC,LAC,PIT,17.0,24.0,-7.0,0.7217993468701076,0,False
2019,6,2019_06_DET_GB,GB,DET,23.0,22.0,1.0,0.6537796611402984,1,False
2019,7,2019_07_KC_DEN,DEN,KC,6.0,30.0,-24.0,0.3361237156806275,0,False
2019,7,2019_07_LA_ATL,ATL,LA,10.0,37.0,-27.0,0.36974665735493256,0,False
2019,7,2019_07_MIA_BUF,BUF,MIA,31.0,21.0,10.0,0.7766707347355343,1,False
2019,7,2019_07_JAX_CIN,CIN,JAX,17.0,27.0,-10.0,0.3943398135852711,0,False
2019,7,2019_07_MIN_DET,DET,MIN,30.0,42.0,-12.0,0.42749455925394975,0,False
2019,7,2019_07_OAK_GB,GB,OAK,42.0,24.0,18.0,0.680814958810236,1,False
2019,7,2019_07_HOU_IND,IND,HOU,30.0,23.0,7.0,0.5546445360698664,1,False
2019,7,2019_07_ARI_NYG,NYG,ARI,21.0,27.0,-6.0,0.6702422079567788,0,False
2019,7,2019_07_SF_WAS,WAS,SF,0.0,9.0,-9.0,0.3447734428853156,0,False
2019,7,2019_07_LAC_TEN,TEN,LAC,23.0,20.0,3.0,0.5190317430882866,1,False
2019,7,2019_07_NO_CHI,CHI,NO,25.0,36.0,-11.0,0.570223575312894,0,False
2019,7,2019_07_BAL_SEA,SEA,BAL,16.0,30.0,-14.0,0.6472857624333437,0,False
2019,7,2019_07_PHI_DAL,DAL,PHI,37.0,10.0,27.0,0.6164740905175877,1,False
2019,7,2019_07_NE_NYJ,NYJ,NE,0.0,33.0,-33.0,0.18672911288030242,0,False
2019,8,2019_08_WAS_MIN,MIN,WAS,19.0,9.0,10.0,0.8203383436320342,1,False
2019,8,2019_08_SEA_ATL,ATL,SEA,20.0,27.0,-7.0,0.3451951597129706,0,False
2019,8,2019_08_PHI_BUF,BUF,PHI,13.0,31.0,-18.0,0.5928684460211734,0,False
2019,8,2019_08_LAC_CHI,CHI,LAC,16.0,17.0,-1.0,0.6910722746957961,0,False
2019,8,2019_08_NYG_DET,DET,NYG,31.0,26.0,5.0,0.6888255808249296,1,False
2019,8,2019_08_DEN_IND,IND,DEN,15.0,13.0,2.0,0.7160144979044677,1,False
2019,8,2019_08_NYJ_JAX,JAX,NYJ,29.0,15.0,14.0,0.7319333043443438,1,False
2019,8,2019_08_CIN_LA,LA,CIN,24.0,10.0,14.0,0.7707960907592333,1,True
2019,8,2019_08_ARI_NO,NO,ARI,31.0,9.0,22.0,0.8075998907198608,1,False
2019,8,2019_08_TB_TEN,TEN,TB,27.0,23.0,4.0,0.6107044617909568,1,False
2019,8,2019_08_CAR_SF,SF,CAR,51.0,13.0,38.0,0.6610714860470626,1,False
2019,8,2019_08_OAK_HOU,HOU,OAK,27.0,24.0,3.0,0.7189146308412361,1,False
2019,8,2019_08_CLE_NE,NE,CLE,27.0,13.0,14.0,0.821436189642703,1,False
2019,8,2019_08_GB_KC,KC,GB,24.0,31.0,-7.0,0.5228044187917719,0,False
2019,8,2019_08_MIA_PIT,PIT,MIA,27.0,14.0,13.0,0.8202375054027565,1,False
2019,9,2019_09_SF_ARI,ARI,SF,25.0,28.0,-3.0,0.3060308904374931,0,False
2019,9,2019_09_HOU_JAX,JAX,HOU,3.0,26.0,-23.0,0.407902849036388,0,True
2019,9,2019_09_WAS_BUF,BUF,WAS,24.0,9.0,15.0,0.7585254997845996,1,False
2019,9,2019_09_TEN_CAR,CAR,TEN,30.0,20.0,10.0,0.641743709414966,1,False
2019,9,2019_09_MIN_KC,KC,MIN,26.0,23.0,3.0,0.4170992445006756,1,False
2019,9,2019_09_NYJ_MIA,MIA,NYJ,26.0,18.0,8.0,0.45404938080923046,1,False
2019,9,2019_09_CHI_PHI,PHI,CHI,22.0,14.0,8.0,0.6379456081218541,1,False
2019,9,2019_09_IND_PIT,PIT,IND,26.0,24.0,2.0,0.5696600988011044,1,False
2019,9,2019_09_DET_OAK,OAK,DET,31.0,24.0,7.0,0.5116150575540773,1,False
2019,9,2019_09_TB_SEA,SEA,TB,40.0,34.0,6.0,0.7346722045614434,1,False
2019,9,2019_09_CLE_DEN,DEN,CLE,24.0,19.0,5.0,0.46107650822782303,1,False
2019,9,2019_09_GB_LAC,LAC,GB,26.0,11.0,15.0,0.41533092009395073,1,False
2019,9,2019_09_NE_BAL,BAL,NE,37.0,20.0,17.0,0.3973411294552547,1,False
2019,9,2019_09_DAL_NYG,NYG,DAL,18.0,37.0,-19.0,0.335192720074951,0,False
2019,10,2019_10_LAC_OAK,OAK,LAC,26.0,24.0,2.0,0.4281728553687315,1,False
2019,10,2019_10_DET_CHI,CHI,DET,20.0,13.0,7.0,0.6758668111747609,1,False
2019,10,2019_10_BAL_CIN,CIN,BAL,13.0,49.0,-36.0,0.1959691065692719,0,False
2019,10,2019_10_BUF_CLE,CLE,BUF,19.0,16.0,3.0,0.5088746167128987,1,False
2019,10,2019_10_ATL_NO,NO,ATL,9.0,26.0,-17.0,0.805796373393012,0,False
2019,10,2019_10_NYG_NYJ,NYJ,NYG,34.0,27.0,7.0,0.4579882338018669,1,False
2019,10,2019_10_ARI_TB,TB,ARI,30.0,27.0,3.0,0.7117748765688013,1,False
2019,10,2019_10_KC_TEN,TEN,KC,35.0,32.0,3.0,0.3218705658167154,1,False
2019,10,2019_10_MIA_IND,IND,MIA,12.0,16.0,-4.0,0.7698116674545332,0,False
2019,10,2019_10_CAR_GB,GB,CAR,24.0,16.0,8.0,0.6634215229042957,1,False
2019,10,2019_10_LA_PIT,PIT,LA,17.0,12.0,5.0,0.47272818528504174,1,False
2019,10,2019_10_MIN_DAL,DAL,MIN,24.0,28.0,-4.0,0.6075109371579026,0,False
2019,10,2019_10_SEA_SF,SF,SEA,24.0,27.0,-3.0,0.6952304630314642,0,False
2019,11,2019_11_PIT_CLE,CLE,PIT,21.0,7.0,14.0,0.43057025557517964,1,False
2019,11,2019_11_HOU_BAL,BAL,HOU,41.0,7.0,34.0,0.6992494788885503,1,False
2019,11,2019_11_ATL_CAR,CAR,ATL,3.0,29.0,-26.0,0.6569223128395973,0,False
2019,11,2019_11_DAL_DET,DET,DAL,27.0,35.0,-8.0,0.2789367212723449,0,False
2019,11,2019_11_JAX_IND,IND,JAX,33.0,13.0,20.0,0.7045684386270186,1,False
2019,11,2019_11_BUF_MIA,MIA,BUF,20.0,37.0,-17.0,0.3086336800549017,0,False
2019,11,2019_11_DEN_MIN,MIN,DEN,27.0,23.0,4.0,0.7876088435799369,1,False
2019,11,2019_11_NO_TB,TB,NO,17.0,34.0,-17.0,0.30608397144162064,0,False
2019,11,2019_11_NYJ_WAS,WAS,NYJ,17.0,34.0,-17.0,0.5480468163152977,0,False
2019,11,2019_11_ARI_SF,SF,ARI,36.0,26.0,10.0,0.808600532164516,1,False
2019,11,2019_11_CIN_OAK,OAK,CIN,17.0,10.0,7.0,0.7601508791870242,1,False
2019,11,2019_11_NE_PHI,PHI,NE,10.0,17.0,-7.0,0.36940962036302094,0,False
2019,11,2019_11_CHI_LA,LA,CHI,17.0,7.0,10.0,0.6806831067813827,1,False
2019,11,2019_11_KC_LAC,LAC,KC,17.0,24.0,-7.0,0.32845112262084375,0,True
2019,12,2019_12_IND_HOU,HOU,IND,20.0,17.0,3.0,0.6312676107860509,1,False
2019,12,2019_12_TB_ATL,ATL,TB,22.0,35.0,-13.0,0.6536617468386365,0,False
2019,12,2019_12_DEN_BUF,BUF,DEN,20.0,3.0,17.0,0.6899999293555577,1,False
2019,12,2019_12_NYG_CHI,CHI,NYG,19.0,14.0,5.0,0.7733800167853884,1,False
2019,12,2019_12_PIT_CIN,CIN,PIT,10.0,16.0,-6.0,0.2494972940767164,0,False
2019,12,2019_12_MIA_CLE,CLE,MIA,41.0,24.0,17.0,0.7053054376102996,1,False
2019,12,2019_12_CAR_NO,NO,CAR,34.0,31.0,3.0,0.7350971461800624,1,False
2019,12,2019_12_OAK_NYJ,NYJ,OAK,34.0,3.0,31.0,0.38051579057786133,1,False
2019,12,2019_12_SEA_PHI,PHI,SEA,9.0,17.0,-8.0,0.4841498036569507,0,False
2019,12,2019_12_DET_WAS,WAS,DET,19.0,16.0,3.0,0.3366925204417656,1,False
2019,12,2019_12_JAX_TEN,TEN,JAX,42.0,20.0,22.0,0.6847434940837202,1,False
2019,12,2019_12_DAL_NE,NE,DAL,13.0,9.0,4.0,0.6790456980653699,1,False
2019,12,2019_12_GB_SF,SF,GB,37.0,8.0,29.0,0.6575624248856601,1,False
2019,12,2019_12_BAL_LA,LA,BAL,6.0,45.0,-39.0,0.4157515440086564,0,False
2019,13,2019_13_CHI_DET,DET,CHI,20.0,24.0,-4.0,0.3094632484342212,0,False
2019,13,2019_13_BUF_DAL,DAL,BUF,15.0,26.0,-11.0,0.7238818418660419,0,False
2019,13,2019_13_NO_ATL,ATL,NO,18.0,26.0,-8.0,0.34887229589319246,0,False
2019,13,2019_13_SF_BAL,BAL,SF,20.0,17.0,3.0,0.6487060172334786,1,False
2019,13,2019_13_WAS_CAR,CAR,WAS,21.0,29.0,-8.0,0.7406852150062333,0,False
2019,13,2019_13_NYJ_CIN,CIN,NYJ,22.0,6.0,16.0,0.35763950224882496,1,False
2019,13,2019_13_TEN_IND,IND,TEN,17.0,31.0,-14.0,0.5858233741024982,0,False
2019,13,2019_13_TB_JAX,JAX,TB,11.0,28.0,-17.0,0.4287295503966107,0,False
2019,13,2019_13_PHI_MIA,MIA,PHI,37.0,31.0,6.0,0.3296888609531796,1,False
2019,13,2019_13_GB_NYG,NYG,GB,13.0,31.0,-18.0,0.3152753529646809,0,False
2019,13,2019_13_CLE_PIT,PIT,CLE,20.0,13.0,7.0,0.5994682273294056,1,False
2019,13,2019_13_LA_ARI,ARI,LA,7.0,34.0,-27.0,0.31487490000820473,0,False
2019,13,2019_13_LAC_DEN,DEN,LAC,23.0,20.0,3.0,0.3351253308856723,1,False
2019,13,2019_13_OAK_KC,KC,OAK,40.0,9.0,31.0,0.741565802192106,1,False
2019,13,2019_13_NE_HOU,HOU,NE,28.0,22.0,6.0,0.3700911360291553,1,False
2019,13,2019_13_MIN_SEA,SEA,MIN,37.0,30.0,7.0,0.607330343330129,1,False
2019,14,2019_14_DAL_CHI,CHI,DAL,31.0,24.0,7.0,0.5192120605167182,1,False
2019,14,2019_14_CAR_ATL,ATL,CAR,40.0,20.0,20.0,0.6275267831331334,1,False
2019,14,2019_14_BAL_BUF,BUF,BAL,17.0,24.0,-7.0,0.28286840135829067,0,False
2019,14,2019_14_CIN_CLE,CLE,CIN,27.0,19.0,8.0,0.7588766283836397,1,False
2019,14,2019_14_WAS_GB,GB,WAS,20.0,15.0,5.0,0.7841841325103386,1,False
2019,14,2019_14_DEN_HOU,HOU,DEN,24.0,38.0,-14.0,0.7815944508285466,0,False
2019,14,2019_14_DET_MIN,MIN,DET,20.0,7.0,13.0,0.8019167027543576,1,False
2019,14,2019_14_SF_NO,NO,SF,46.0,48.0,-2.0,0.6244789533474417,0,False
2019,14,2019_14_MIA_NYJ,NYJ,MIA,22.0,21.0,1.0,0.6639281258204572,1,False
2019,14,2019_14_IND_TB,TB,IND,38.0,35.0,3.0,0.5650080730093335,1,False
2019,14,2019_14_LAC_JAX,JAX,LAC,10.0,45.0,-35.0,0.3336917753879111,0,False
2019,14,2019_14_PIT_ARI,ARI,PIT,17.0,23.0,-6.0,0.33264731514322604,0,False
2019,14,2019_14_KC_NE,NE,KC,16.0,23.0,-7.0,0.6604648115352474,0,False
2019,14,2019_14_TEN_OAK,OAK,TEN,21.0,42.0,-21.0,0.352262615470098,0,False
2019,14,2019_14_SEA_LA,LA,SEA,28.0,12.0,16.0,0.5161044568904052,1,False
2019,14,2019_14_NYG_PHI,PHI,NYG,23.0,17.0,6.0,0.7984230776826716,1,False
2019,15,2019_15_NYJ_BAL,BAL,NYJ,42.0,21.0,21.0,0.8819868721089363,1,False
2019,15,2019_15_SEA_CAR,CAR,SEA,24.0,30.0,-6.0,0.3429658336189215,0,False
2019,15,2019_15_NE_CIN,CIN,NE,13.0,34.0,-21.0,0.18141248147671726,0,False
2019,15,2019_15_TB_DET,DET,TB,17.0,38.0,-21.0,0.33878841961581424,0,False
2019,15,2019_15_CHI_GB,GB,CHI,21.0,13.0,8.0,0.6360822223441026,1,False
2019,15,2019_15_DEN_KC,KC,DEN,23.0,3.0,20.0,0.7961695576215335,1,False
2019,15,2019_15_MIA_NYG,NYG,MIA,36.0,20.0,16.0,0.534293978694566,1,False
2019,15,2019_15_HOU_TEN,TEN,HOU,21.0,24.0,-3.0,0.6272906446471868,0,False
2019,15,2019_15_PHI_WAS,WAS,PHI,27.0,37.0,-10.0,0.2667712105251837,0,False
2019,15,2019_15_CLE_ARI,ARI,CLE,38.0,24.0,14.0,0.33867591193776075,1,False
2019,15,2019_15_MIN_LAC,LAC,MIN,10.0,39.0,-29.0,0.43356222265846966,0,False
2019,15,2019_15_JAX_OAK,OAK,JAX,16.0,20.0,-4.0,0.6457460365785251,0,False
2019,15,2019_15_LA_DAL,DAL,LA,44.0,21.0,23.0,0.4504271040393149,1,False
2019,15,2019_15_ATL_SF,SF,ATL,22.0,29.0,-7.0,0.7446715202372269,0,False
2019,15,2019_15_BUF_PIT,PIT,BUF,10.0,17.0,-7.0,0.5898698079000928,0,False
2019,15,2019_15_IND_NO,NO,IND,34.0,7.0,27.0,0.7258830859581679,1,False
2019,16,2019_16_HOU_TB,TB,HOU,20.0,23.0,-3.0,0.4404307305821929,0,False
2019,16,2019_16_BUF_NE,NE,BUF,24.0,17.0,7.0,0.6736273588571147,1,False
2019,16,2019_16_LA_SF,SF,LA,34.0,31.0,3.0,0.7147801725771733,1,False
2019,16,2019_16_JAX_ATL,ATL,JAX,24.0,12.0,12.0,0.748272453057099,1,False
2019,16,2019_16_BAL_CLE,CLE,BAL,15.0,31.0,-16.0,0.24602088877287573,0,False
2019,16,2019_16_CAR_IND,IND,CAR,38.0,6.0,32.0,0.6946138988133187,1,False
2019,16,2019_16_CIN_MIA,MIA,CIN,38.0,35.0,3.0,0.562088544951766,1,False
2019,16,2019_16_PIT_NYJ,NYJ,PIT,16.0,10.0,6.0,0.3399252201682639,1,False
2019,16,2019_16_NO_TEN,TEN,NO,28.0,38.0,-10.0,0.37769077680028657,0,False
2019,16,2019_16_NYG_WAS,WAS,NYG,35.0,41.0,-6.0,0.5508088881848762,0,False
2019,16,2019_16_DET_DEN,DEN,DET,27.0,17.0,10.0,0.656409389205776,1,False
2019,16,2019_16_OAK_LAC,LAC,OAK,17.0,24.0,-7.0,0.712416777382645,0,False
2019,16,2019_16_DAL_PHI,PHI,DAL,17.0,9.0,8.0,0.4860417108960891,1,False
2019,16,2019_16_ARI_SEA,SEA,ARI,13.0,27.0,-14.0,0.8240288859613244,0,False
2019,16,2019_16_KC_CHI,CHI,KC,3.0,26.0,-23.0,0.31809363762799514,0,False
2019,16,2019_16_GB_MIN,MIN,GB,10.0,23.0,-13.0,0.6997376636117852,0,False
2019,17,2019_17_NYJ_BUF,BUF,NYJ,6.0,13.0,-7.0,0.7081738197523039,0,False
2019,17,2019_17_NO_CAR,CAR,NO,10.0,42.0,-32.0,0.2085924190342536,0,False
2019,17,2019_17_CLE_CIN,CIN,CLE,33.0,23.0,10.0,0.35977965052138045,1,False
2019,17,2019_17_GB_DET,DET,GB,20.0,23.0,-3.0,0.27873621743153165,0,False
2019,17,2019_17_LAC_KC,KC,LAC,31.0,21.0,10.0,0.7950514486765448,1,False
2019,17,2019_17_CHI_MIN,MIN,CHI,19.0,21.0,-2.0,0.5428082743344624,0,False
2019,17,2019_17_MIA_NE,NE,MIA,24.0,27.0,-3.0,0.8742209534427519,0,False
2019,17,2019_17_ATL_TB,TB,ATL,22.0,28.0,-6.0,0.5612835821586997,0,False
2019,17,2019_17_PIT_BAL,BAL,PIT,28.0,10.0,18.0,0.7593439669809636,1,False
2019,17,2019_17_WAS_DAL,DAL,WAS,47.0,16.0,31.0,0.8297895857035237,1,False
2019,17,2019_17_OAK_DEN,DEN,OAK,16.0,15.0,1.0,0.6568751058732196,1,False
2019,17,2019_17_TEN_HOU,HOU,TEN,14.0,35.0,-21.0,0.41543414182072,0,False
2019,17,2019_17_IND_JAX,JAX,IND,38.0,20.0,18.0,0.31135008834114586,1,False
2019,17,2019_17_ARI_LA,LA,ARI,31.0,24.0,7.0,0.7415239995900832,1,False
2019,17,2019_17_PHI_NYG,NYG,PHI,17.0,34.0,-17.0,0.339716296231027,0,False
2019,17,2019_17_SF_SEA,SEA,SF,21.0,26.0,-5.0,0.4602665756495132,0,False
2020,1,2020_01_HOU_KC,KC,HOU,34.0,20.0,14.0,0.6736734645240608,1,False
2020,1,2020_01_SEA_ATL,ATL,SEA,25.0,38.0,-13.0,0.5706811574103922,0,False
2020,1,2020_01_CLE_BAL,BAL,CLE,38.0,6.0,32.0,0.7893045154040416,1,False
2020,1,2020_01_NYJ_BUF,BUF,NYJ,27.0,17.0,10.0,0.6418282561180392,1,False
2020,1,2020_01_LV_CAR,CAR,LV,30.0,34.0,-4.0,0.384113876468094,0,False
2020,1,2020_01_CHI_DET,DET,CHI,23.0,27.0,-4.0,0.43870515095453055,0,False
2020,1,2020_01_IND_JAX,JAX,IND,27.0,20.0,7.0,0.4424696785509572,1,False
2020,1,2020_01_GB_MIN,MIN,GB,34.0,43.0,-9.0,0.5749631102845166,0,False
2020,1,2020_01_MIA_NE,NE,MIA,21.0,11.0,10.0,0.7226998339550682,1,False
2020,1,2020_01_PHI_WAS,WAS,PHI,27.0,17.0,10.0,0.2965984746179643,1,False
2020,1,2020_01_LAC_CIN,CIN,LAC,13.0,16.0,-3.0,0.42961985711768175,0,False
2020,1,2020_01_TB_NO,NO,TB,34.0,23.0,11.0,0.746256749900283,1,False
2020,1,2020_01_ARI_SF,SF,ARI,20.0,24.0,-4.0,0.7279329229031114,0,False
2020,1,2020_01_DAL_LA,LA,DAL,20.0,17.0,3.0,0.6017328564066265,1,False
2020,1,2020_01_PIT_NYG,NYG,PIT,16.0,26.0,-10.0,0.34329933501216325,0,False
2020,1,2020_01_TEN_DEN,DEN,TEN,14.0,16.0,-2.0,0.45252587339157196,0,False
2020,2,2020_02_CIN_CLE,CLE,CIN,35.0,30.0,5.0,0.6592963251700984,1,False
2020,2,2020_02_NYG_CHI,CHI,NYG,17.0,13.0,4.0,0.7327840632826722,1,False
2020,2,2020_02_ATL_DAL,DAL,ATL,40.0,39.0,1.0,0.6477057699526266,1,False
2020,2,2020_02_DET_GB,GB,DET,42.0,21.0,21.0,0.8006343725144054,1,False
2020,2,2020_02_MIN_IND,IND,MIN,28.0,11.0,17.0,0.4911277378585147,1,False
2020,2,2020_02_BUF_MIA,MIA,BUF,28.0,31.0,-3.0,0.3251475410262445,0,False
2020,2,2020_02_SF_NYJ,NYJ,SF,13.0,31.0,-18.0,0.30831519441819444,0,False
2020,2,2020_02_LA_PHI,PHI,LA,19.0,37.0,-18.0,0.5395497925513844,0,False
2020,2,2020_02_DEN_PIT,PIT,DEN,26.0,21.0,5.0,0.682574771327911,1,False
2020,2,2020_02_CAR_TB,TB,CAR,31.0,17.0,14.0,0.6426139165597361,1,False
2020,2,2020_02_JAX_TEN,TEN,JAX,33.0,30.0,3.0,0.6732504031640585,1,False
2020,2,2020_02_WAS_ARI,ARI,WAS,30.0,15.0,15.0,0.7383915421180498,1,False
2020,2,2020_02_BAL_HOU,HOU,BAL,16.0,33.0,-17.0,0.26907510501498505,0,False
2020,2,2020_02_KC_LAC,LAC,KC,20.0,23.0,-3.0,0.3468327504092336,0,False
2020,2,2020_02_NE_SEA,SEA,NE,35.0,30.0,5.0,0.6342926128635658,1,False
2020,2,2020_02_NO_LV,LV,NO,34.0,24.0,10.0,0.36319171508330783,1,False
2020,3,2020_03_MIA_JAX,JAX,MIA,13.0,31.0,-18.0,0.6402604865813224,0,False
2020,3,2020_03_CHI_ATL,ATL,CHI,26.0,30.0,-4.0,0.5523822023073877,0,False
2020,3,2020_03_LA_BUF,BUF,LA,35.0,32.0,3.0,0.5466449153770228,1,False
2020,3,2020_03_WAS_CLE,CLE,WAS,34.0,20.0,14.0,0.742050591032037,1,False
2020,3,2020_03_TEN_MIN,MIN,TEN,30.0,31.0,-1.0,0.4547778750852163,0,False
2020,3,2020_03_LV_NE,NE,LV,36.0,20.0,16.0,0.6855880953878791,1,False
2020,3,2020_03_SF_NYG,NYG,SF,9.0,36.0,-27.0,0.32634926517984414,0,False
2020,3,2020_03_CIN_PHI,PHI,CIN,23.0,23.0,0.0,0.7313131594648048,0,False
2020,3,2020_03_HOU_PIT,PIT,HOU,28.0,21.0,7.0,0.6486230583124633,1,False
2020,3,2020_03_NYJ_IND,IND,NYJ,36.0,7.0,29.0,0.7963124445627416,1,False
2020,3,2020_03_CAR_LAC,LAC,CAR,16.0,21.0,-5.0,0.6725569996402299,0,False
2020,3,2020_03_DET_ARI,ARI,DET,23.0,26.0,-3.0,0.7148626047106305,0,False
2020,3,2020_03_TB_DEN,DEN,TB,10.0,28.0,-18.0,0.43107379361054826,0,False
2020,3,2020_03_DAL_SEA,SEA,DAL,38.0,31.0,7.0,0.7151935708092614,1,False
2020,3,2020_03_GB_NO,NO,GB,30.0,37.0,-7.0,0.6191234337651774,0,False
2020,3,2020_03_KC_BAL,BAL,KC,20.0,34.0,-14.0,0.6710952704463664,0,False
2020,4,2020_04_DEN_NYJ,NYJ,DEN,28.0,37.0,-9.0,0.5734472418381871,0,False
2020,4,2020_04_ARI_CAR,CAR,ARI,31.0,21.0,10.0,0.454385760724597,1,False
2020,4,2020_04_JAX_CIN,CIN,JAX,33.0,25.0,8.0,0.5391659792069817,1,False
2020,4,2020_04_CLE_DAL,DAL,CLE,38.0,49.0,-11.0,0.6831691603777474,0,False
2020,4,2020_04_NO_DET,DET,NO,29.0,35.0,-6.0,0.314108038407686,0,False
2020,4,2020_04_MIN_HOU,HOU,MIN,23.0,31.0,-8.0,0.6024599467038781,0,False
2020,4,2020_04_SEA_MIA,MIA,SEA,23.0,31.0,-8.0,0.2970807233071287,0,False
2020,4,2020_04_LAC_TB,TB,LAC,38.0,31.0,7.0,0.6433212897730226,1,False
2020,4,2020_04_BAL_WAS,WAS,BAL,17.0,31.0,-14.0,0.24463885152467654,0,False
2020,4,2020_04_NYG_LA,LA,NYG,17.0,9.0,8.0,0.7849879269268983,1,False
2020,4,2020_04_IND_CHI,CHI,IND,11.0,19.0,-8.0,0.5144829194673892,0,False
2020,4,2020_04_BUF_LV,LV,BUF,23.0,30.0,-7.0,0.476746354706656,0,False
2020,4,2020_04_PHI_SF,SF,PHI,20.0,25.0,-5.0,0.6704245659766944,0,False
2020,4,2020_04_NE_KC,KC,NE,26.0,10.0,16.0,0.6920318504646245,1,False
2020,4,2020_04_ATL_GB,GB,ATL,30.0,16.0,14.0,0.7339135388277291,1,False
2020,5,2020_05_TB_CHI,CHI,TB,20.0,19.0,1.0,0.4663070563284072,1,False
2020,5,2020_05_CAR_ATL,ATL,CAR,16.0,23.0,-7.0,0.6430577899327397,0,False
2020,5,2020_05_CIN_BAL,BAL,CIN,27.0,3.0,24.0,0.8291846732126117,1,False
2020,5,2020_05_JAX_HOU,HOU,JAX,30.0,14.0,16.0,0.6442827258266987,1,False
2020,5,2020_05_LV_KC,KC,LV,32.0,40.0,-8.0,0.776124824118529,0,False
2020,5,2020_05_ARI_NYJ,NYJ,ARI,10.0,30.0,-20.0,0.3313676426388513,0,False
2020,5,2020_05_PHI_PIT,PIT,PHI,38.0,29.0,9.0,0.6448263440416414,1,False
2020,5,2020_05_LA_WAS,WAS,LA,10.0,30.0,-20.0,0.27733553912351666,0,False
2020,5,2020_05_MIA_SF,SF,MIA,17.0,43.0,-26.0,0.7420102417872829,0,False
2020,5,2020_05_IND_CLE,CLE,IND,32.0,23.0,9.0,0.524662872958228,1,False
2020,5,2020_05_NYG_DAL,DAL,NYG,37.0,34.0,3.0,0.718975551957445,1,False
2020,5,2020_05_MIN_SEA,SEA,MIN,27.0,26.0,1.0,0.671683752324401,1,False
2020,5,2020_05_LAC_NO,NO,LAC,30.0,27.0,3.0,0.7352228392894571,1,False
2020,5,2020_05_BUF_TEN,TEN,BUF,42.0,16.0,26.0,0.5121569802864822,1,False
2020,6,2020_06_CHI_CAR,CAR,CHI,16.0,23.0,-7.0,0.5496243251524952,0,False
2020,6,2020_06_CIN_IND,IND,CIN,31.0,27.0,4.0,0.7130215793599983,1,False
2020,6,2020_06_DET_JAX,JAX,DET,16.0,34.0,-18.0,0.4950168639989829,0,False
2020,6,2020_06_ATL_MIN,MIN,ATL,23.0,40.0,-17.0,0.6558531629748041,0,False
2020,6,2020_06_DEN_NE,NE,DEN,12.0,18.0,-6.0,0.712105727388686,0,False
2020,6,2020_06_WAS_NYG,NYG,WAS,20.0,19.0,1.0,0.6429834452014292,1,False
2020,6,2020_06_BAL_PHI,PHI,BAL,28.0,30.0,-2.0,0.3329607165255193,0,False
2020,6,2020_06_CLE_PIT,PIT,CLE,38.0,7.0,31.0,0.6430591741769366,1,False
2020,6,2020_06_HOU_TEN,TEN,HOU,42.0,36.0,6.0,0.7024934111641893,1,False
2020,6,2020_06_NYJ_MIA,MIA,NYJ,24.0,0.0,24.0,0.7315051543864063,1,False
2020,6,2020_06_GB_TB,TB,GB,38.0,10.0,28.0,0.38191707352286386,1,False
2020,6,2020_06_LA_SF,SF,LA,24.0,16.0,8.0,0.4570619377770943,1,False
2020,6,2020_06_KC_BUF,BUF,KC,17.0,26.0,-9.0,0.3323045744297103,0,False
2020,6,2020_06_ARI_DAL,DAL,ARI,10.0,38.0,-28.0,0.5824903321971666,0,False
2020,7,2020_07_NYG_PHI,PHI,NYG,22.0,21.0,1.0,0.7077748267648099,1,False
2020,7,2020_07_DET_ATL,ATL,DET,22.0,23.0,-1.0,0.6514923194843146,0,False
2020,7,2020_07_CLE_CIN,CIN,CLE,34.0,37.0,-3.0,0.36629544465681646,0,False
2020,7,2020_07_GB_HOU,HOU,GB,20.0,35.0,-15.0,0.3688711533166982,0,False
2020,7,2020_07_CAR_NO,NO,CAR,27.0,24.0,3.0,0.7407241935820238,1,False
2020,7,2020_07_BUF_NYJ,NYJ,BUF,10.0,18.0,-8.0,0.3339815494483664,0,False
2020,7,2020_07_PIT_TEN,TEN,PIT,24.0,27.0,-3.0,0.5973222032053428,0,False
2020,7,2020_07_DAL_WAS,WAS,DAL,25.0,3.0,22.0,0.4087238198044135,1,False
2020,7,2020_07_TB_LV,LV,TB,20.0,45.0,-25.0,0.4662824058555558,0,False
2020,7,2020_07_KC_DEN,DEN,KC,16.0,43.0,-27.0,0.336232818282266,0,False
2020,7,2020_07_JAX_LAC,LAC,JAX,39.0,29.0,10.0,0.6692414154083327,1,False
2020,7,2020_07_SF_NE,NE,SF,6.0,33.0,-27.0,0.669446692524958,0,False
2020,7,2020_07_SEA_ARI,ARI,SEA,37.0,34.0,3.0,0.37241314698894656,1,False
2020,7,2020_07_CHI_LA,LA,CHI,24.0,10.0,14.0,0.6880274647042355,1,False
2020,8,2020_08_ATL_CAR,CAR,ATL,17.0,25.0,-8.0,0.5577666568006145,0,False
2020,8,2020_08_PIT_BAL,BAL,PIT,24.0,28.0,-4.0,0.6489209693329384,0,False
2020,8,2020_08_NE_BUF,BUF,NE,24.0,21.0,3.0,0.6499218805339013,1,False
2020,8,2020_08_TEN_CIN,CIN,TEN,31.0,20.0,11.0,0.30552145854138235,1,False
2020,8,2020_08_LV_CLE,CLE,LV,6.0,16.0,-10.0,0.5759609848736823,0,False
2020,8,2020_08_IND_DET,DET,IND,21.0,41.0,-20.0,0.39255930838889525,0,False
2020,8,2020_08_MIN_GB,GB,MIN,22.0,28.0,-6.0,0.7214858204211732,0,False
2020,8,2020_08_NYJ_KC,KC,NYJ,35.0,9.0,26.0,0.8951342784354427,1,False
2020,8,2020_08_LA_MIA,MIA,LA,28.0,17.0,11.0,0.33818767467412425,1,False
2020,8,2020_08_LAC_DEN,DEN,LAC,31.0,30.0,1.0,0.5383220795156841,1,False
2020,8,2020_08_NO_CHI,CHI,NO,23.0,26.0,-3.0,0.3858991846738152,0,False
2020,8,2020_08_SF_SEA,SEA,SF,37.0,27.0,10.0,0.6043739031699534,1,False
2020,8,2020_08_DAL_PHI,PHI,DAL,23.0,9.0,14.0,0.6768967625523521,1,False
2020,8,2020_08_TB_NYG,NYG,TB,23.0,25.0,-2.0,0.2782591339407977,0,False
2020,9,2020_09_GB_SF,SF,GB,17.0,34.0,-17.0,0.3872397510872033,0,False
2020,9,2020_09_DEN_ATL,ATL,DEN,34.0,27.0,7.0,0.6621772781252875,1,False
2020,9,2020_09_SEA_BUF,BUF,SEA,44.0,34.0,10.0,0.43739320415682065,1,False
2020,9,2020_09_BAL_IND,IND,BAL,10.0,24.0,-14.0,0.44681178915710257,0,False
2020,9,2020_09_HOU_JAX,JAX,HOU,25.0,27.0,-2.0,0.2772153258204931,0,False
2020,9,2020_09_CAR_KC,KC,CAR,33.0,31.0,2.0,0.8438172449152019,1,False
2020,9,2020_09_DET_MIN,MIN,DET,34.0,20.0,14.0,0.6861602377148307,1,False
2020,9,2020_09_CHI_TEN,TEN,CHI,24.0,17.0,7.0,0.7155181402469041,1,False
2020,9,2020_09_NYG_WAS,WAS,NYG,20.0,23.0,-3.0,0.6633341927402235,0,False
2020,9,2020_09_LV_LAC,LAC,LV,26.0,31.0,-5.0,0.4518475208660878,0,False
2020,9,2020_09_MIA_ARI,ARI,MIA,31.0,34.0,-3.0,0.7094765641253509,0,False
2020,9,2020_09_PIT_DAL,DAL,PIT,19.0,24.0,-5.0,0.2605581637644694,0,False
2020,9,2020_09_NO_TB,TB,NO,3.0,38.0,-35.0,0.6045338620000604,0,False
2020,9,2020_09_NE_NYJ,NYJ,NE,27.0,30.0,-3.0,0.3290941953176148,0,False
2020,10,2020_10_IND_TEN,TEN,IND,17.0,34.0,-17.0,0.6085717352537178,0,False
2020,10,2020_10_TB_CAR,CAR,TB,23.0,46.0,-23.0,0.28969808084768056,0,False
2020,10,2020_10_HOU_CLE,CLE,HOU,10.0,7.0,3.0,0.6631545609242133,1,False
2020,10,2020_10_WAS_DET,DET,WAS,30.0,27.0,3.0,0.6416162724167455,1,False
2020,10,2020_10_JAX_GB,GB,JAX,24.0,20.0,4.0,0.8698426759661543,1,False
2020,10,2020_10_PHI_NYG,NYG,PHI,27.0,17.0,10.0,0.32779297950440706,1,False
2020,10,2020_10_BUF_ARI,ARI,BUF,32.0,30.0,2.0,0.5317961389111961,1,False
2020,10,2020_10_DEN_LV,LV,DEN,37.0,12.0,25.0,0.6728199732118845,1,False
2020,10,2020_10_LAC_MIA,MIA,LAC,29.0,21.0,8.0,0.6543042666633583,1,False
2020,10,2020_10_SEA_LA,LA,SEA,23.0,16.0,7.0,0.5860887310944942,1,False
2020,10,2020_10_SF_NO,NO,SF,27.0,13.0,14.0,0.7346599488237754,1,False
2020,10,2020_10_CIN_PIT,PIT,CIN,36.0,10.0,26.0,0.8062364826020528,1,False
2020,10,2020_10_BAL_NE,NE,BAL,23.0,17.0,6.0,0.2705913659539524,1,False
2020,10,2020_10_MIN_CHI,CHI,MIN,13.0,19.0,-6.0,0.4822718874431018,0,False
2020,11,2020_11_ARI_SEA,SEA,ARI,28.0,21.0,7.0,0.682515345391462,1,False
2020,11,2020_11_TEN_BAL,BAL,TEN,24.0,30.0,-6.0,0.6956814660341685,0,False
2020,11,2020_11_DET_CAR,CAR,DET,20.0,0.0,20.0,0.47019510886980703,1,False
2020,11,2020_11_PHI_CLE,CLE,PHI,22.0,17.0,5.0,0.6376017092712915,1,False
2020,11,2020_11_NE_HOU,HOU,NE,27.0,20.0,7.0,0.40669394304787326,1,False
2020,11,2020_11_PIT_JAX,JAX,PIT,3.0,27.0,-24.0,0.17754831688173595,0,False
2020,11,2020_11_ATL_NO,NO,ATL,24.0,9.0,15.0,0.7123020232632004,1,False
2020,11,2020_11_CIN_WAS,WAS,CIN,20.0,9.0,11.0,0.5102272091937373,1,False
2020,11,2020_11_MIA_DEN,DEN,MIA,20.0,13.0,7.0,0.37141466558939695,1,False
2020,11,2020_11_NYJ_LAC,LAC,NYJ,34.0,28.0,6.0,0.6992658285731378,1,False
2020,11,2020_11_GB_IND,IND,GB,34.0,31.0,3.0,0.5223217608886852,1,False
2020,11,2020_11_DAL_MIN,MIN,DAL,28.0,31.0,-3.0,0.7391507525203105,0,False
2020,11,2020_11_KC_LV,LV,KC,31.0,35.0,-4.0,0.28438808434814616,0,False
2020,11,2020_11_LA_TB,TB,LA,24.0,27.0,-3.0,0.6450088462855135,0,False
2020,12,2020_12_HOU_DET,DET,HOU,25.0,41.0,-16.0,0.39995778737781396,0,False
2020,12,2020_12_WAS_DAL,DAL,WAS,16.0,41.0,-25.0,0.6482946988409204,0,False
2020,12,2020_12_LV_ATL,ATL,LV,43.0,6.0,37.0,0.4325031305205522,1,False
2020,12,2020_12_LAC_BUF,BUF,LAC,27.0,17.0,10.0,0.7210997357569451,1,False
2020,12,2020_12_NYG_CIN,CIN,NYG,17.0,19.0,-2.0,0.3956238296141249,0,False
2020,12,2020_12_TEN_IND,IND,TEN,26.0,45.0,-19.0,0.6295937814942063,0,False
2020,12,2020_12_CLE_JAX,JAX,CLE,25.0,27.0,-2.0,0.3038958218558997,0,False
2020,12,2020_12_CAR_MIN,MIN,CAR,28.0,27.0,1.0,0.6858641473706872,1,False
2020,12,2020_12_ARI_NE,NE,ARI,20.0,17.0,3.0,0.5831289425944227,1,False
2020,12,2020_12_MIA_NYJ,NYJ,MIA,3.0,20.0,-17.0,0.3458413844423268,0,False
2020,12,2020_12_NO_DEN,DEN,NO,3.0,31.0,-28.0,0.30488552460696355,0,False
2020,12,2020_12_SF_LA,LA,SF,20.0,23.0,-3.0,0.6979193553422431,0,False
2020,12,2020_12_KC_TB,TB,KC,24.0,27.0,-3.0,0.3444506390604465,0,False
2020,12,2020_12_CHI_GB,GB,CHI,41.0,25.0,16.0,0.741878581490299,1,False
2020,12,2020_12_SEA_PHI,PHI,SEA,17.0,23.0,-6.0,0.3041934268836328,0,False
2020,12,2020_12_BAL_PIT,PIT,BAL,19.0,14.0,5.0,0.6503784472241038,1,False
2020,13,2020_13_NO_ATL,ATL,NO,16.0,21.0,-5.0,0.37163386633455414,0,False
2020,13,2020_13_DET_CHI,CHI,DET,30.0,34.0,-4.0,0.6639546370107181,0,False
2020,13,2020_13_IND_HOU,HOU,IND,20.0,26.0,-6.0,0.44188344412033004,0,False
2020,13,2020_13_CIN_MIA,MIA,CIN,19.0,7.0,12.0,0.7823468106495061,1,False
2020,13,2020_13_JAX_MIN,MIN,JAX,27.0,24.0,3.0,0.8269331657289837,1,False
2020,13,2020_13_LV_NYJ,NYJ,LV,28.0,31.0,-3.0,0.2940900914938657,0,False
2020,13,2020_13_CLE_TEN,TEN,CLE,35.0,41.0,-6.0,0.67445485130076,0,False
2020,13,2020_13_LA_ARI,ARI,LA,28.0,38.0,-10.0,0.41491299380050695,0,False
2020,13,2020_13_NYG_SEA,SEA,NYG,12.0,17.0,-5.0,0.8088179784880085,0,False
2020,13,2020_13_PHI_GB,GB,PHI,30.0,16.0,14.0,0.7697748926480861,1,False
2020,13,2020_13_NE_LAC,LAC,NE,0.0,45.0,-45.0,0.4691037821558012,0,False
2020,13,2020_13_DEN_KC,KC,DEN,22.0,16.0,6.0,0.8420310550907234,1,False
2020,13,2020_13_WAS_PIT,PIT,WAS,17.0,23.0,-6.0,0.8318243639574741,0,False
2020,13,2020_13_BUF_SF,SF,BUF,24.0,34.0,-10.0,0.4712731774219389,0,True
2020,13,2020_13_DAL_BAL,BAL,DAL,34.0,17.0,17.0,0.8121506482404721,1,False
2020,14,2020_14_NE_LA,LA,NE,24.0,3.0,21.0,0.6937897427380261,1,False
2020,14,2020_14_DEN_CAR,CAR,DEN,27.0,32.0,-5.0,0.6204305505633372,0,False
2020,14,2020_14_HOU_CHI,CHI,HOU,36.0,7.0,29.0,0.47771762719786137,1,False
2020,14,2020_14_DAL_CIN,CIN,DAL,7.0,30.0,-23.0,0.45429651245543773,0,False
2020,14,2020_14_TEN_JAX,JAX,TEN,10.0,31.0,-21.0,0.22470906566965568,0,False
2020,14,2020_14_KC_MIA,MIA,KC,27.0,33.0,-6.0,0.3440675809000363,0,False
2020,14,2020_14_ARI_NYG,NYG,ARI,7.0,26.0,-19.0,0.4654090953220984,0,False
2020,14,2020_14_MIN_TB,TB,MIN,26.0,14.0,12.0,0.7155855051264464,1,False
2020,14,2020_14_IND_LV,LV,IND,27.0,44.0,-17.0,0.4763446615838434,0,False
2020,14,2020_14_NYJ_SEA,SEA,NYJ,40.0,3.0,37.0,0.8729642053394534,1,False
2020,14,2020_14_GB_DET,DET,GB,24.0,31.0,-7.0,0.2654636171786907,0,False
2020,14,2020_14_ATL_LAC,LAC,ATL,20.0,17.0,3.0,0.42833803676014,1,False
2020,14,2020_14_NO_PHI,PHI,NO,24.0,21.0,3.0,0.21960970425195256,1,False
2020,14,2020_14_WAS_SF,SF,WAS,15.0,23.0,-8.0,0.6347027595883991,0,True
2020,14,2020_14_PIT_BUF,BUF,PIT,26.0,15.0,11.0,0.5467243499550402,1,False
2020,14,2020_14_BAL_CLE,CLE,BAL,42.0,47.0,-5.0,0.4034244093884114,0,False
2020,15,2020_15_LAC_LV,LV,LAC,27.0,30.0,-3.0,0.6733198150240965,0,False
2020,15,2020_15_BUF_DEN,DEN,BUF,19.0,48.0,-29.0,0.2798819371807104,0,False
2020,15,2020_15_CAR_GB,GB,CAR,24.0,16.0,8.0,0.8143423580084237,1,False
2020,15,2020_15_TB_ATL,ATL,TB,27.0,31.0,-4.0,0.36690820402711294,0,False
2020,15,2020_15_JAX_BAL,BAL,JAX,40.0,14.0,26.0,0.8989099310879152,1,False
2020,15,2020_15_SF_DAL,DAL,SF,41.0,33.0,8.0,0.3861177610301058,1,False
2020,15,2020_15_HOU_IND,IND,HOU,27.0,20.0,7.0,0.731973484357819,1,False
2020,15,2020_15_NE_MIA,MIA,NE,22.0,12.0,10.0,0.5441080566639594,1,False
2020,15,2020_15_CHI_MIN,MIN,CHI,27.0,33.0,-6.0,0.649213750520343,0,False
2020,15,2020_15_DET_TEN,TEN,DET,46.0,25.0,21.0,0.7972293733158118,1,False
2020,15,2020_15_SEA_WAS,WAS,SEA,15.0,20.0,-5.0,0.29785189916123517,0,False
2020,15,2020_15_PHI_ARI,ARI,PHI,33.0,26.0,7.0,0.66425291603033,1,False
2020,15,2020_15_NYJ_LA,LA,NYJ,20.0,23.0,-3.0,0.88694551896531,0,False
2020,15,2020_15_KC_NO,NO,KC,29.0,32.0,-3.0,0.4166673994644446,0,False
2020,15,2020_15_CLE_NYG,NYG,CLE,6.0,20.0,-14.0,0.29201035258725216,0,False
2020,15,2020_15_PIT_CIN,CIN,PIT,27.0,17.0,10.0,0.20252126512002738,1,False
2020,16,2020_16_MIN_NO,NO,MIN,52.0,33.0,19.0,0.7289531191753514,1,False
2020,16,2020_16_TB_DET,DET,TB,7.0,47.0,-40.0,0.2825844792881,0,False
2020,16,2020_16_SF_ARI,ARI,SF,12.0,20.0,-8.0,0.6665563772289345,0,False
2020,16,2020_16_MIA_LV,LV,MIA,25.0,26.0,-1.0,0.44800935760222177,0,False
2020,16,2020_16_NYG_BAL,BAL,NYG,27.0,13.0,14.0,0.8311525537658171,1,False
2020,16,2020_16_CIN_HOU,HOU,CIN,31.0,37.0,-6.0,0.6526805873460972,0,False
2020,16,2020_16_CHI_JAX,JAX,CHI,17.0,41.0,-24.0,0.3095562919218051,0,False
2020,16,2020_16_ATL_KC,KC,ATL,17.0,14.0,3.0,0.8262763790891103,1,False
2020,16,2020_16_CLE_NYJ,NYJ,CLE,23.0,16.0,7.0,0.2813780735301212,1,False
2020,16,2020_16_IND_PIT,PIT,IND,28.0,24.0,4.0,0.5293735984474455,1,False
2020,16,2020_16_DEN_LAC,LAC,DEN,19.0,16.0,3.0,0.6027428234745615,1,False
2020,16,2020_16_CAR_WAS,WAS,CAR,13.0,20.0,-7.0,0.5864881251140635,0,False
2020,16,2020_16_PHI_DAL,DAL,PHI,37.0,17.0,20.0,0.5484725002237677,1,False
2020,16,2020_16_LA_SEA,SEA,LA,20.0,9.0,11.0,0.5946486225979289,1,False
2020,16,2020_16_TEN_GB,GB,TEN,40.0,14.0,26.0,0.6835496751736068,1,False
2020,16,2020_16_BUF_NE,NE,BUF,9.0,38.0,-29.0,0.29965948294773453,0,False
2020,17,2020_17_MIA_BUF,BUF,MIA,56.0,26.0,30.0,0.6906094894852746,1,False
2020,17,2020_17_BAL_CIN,CIN,BAL,3.0,38.0,-35.0,0.2551929070149907,0,False
2020,17,2020_17_PIT_CLE,CLE,PIT,24.0,22.0,2.0,0.6758970853672226,1,False
2020,17,2020_17_MIN_DET,DET,MIN,35.0,37.0,-2.0,0.35154247058690596,0,False
2020,17,2020_17_NYJ_NE,NE,NYJ,28.0,14.0,14.0,0.7533957443902273,1,False
2020,17,2020_17_DAL_NYG,NYG,DAL,23.0,19.0,4.0,0.41013606182737344,1,False
2020,17,2020_17_ATL_TB,TB,ATL,44.0,27.0,17.0,0.7144516112073689,1,False
2020,17,2020_17_NO_CAR,CAR,NO,7.0,33.0,-26.0,0.2968832983187424,0,False
2020,17,2020_17_GB_CHI,CHI,GB,16.0,35.0,-19.0,0.30287123180361725,0,False
2020,17,2020_17_LV_DEN,DEN,LV,31.0,32.0,-1.0,0.46107228242659853,0,False
2020,17,2020_17_TEN_HOU,HOU,TEN,38.0,41.0,-3.0,0.26674229470636196,0,False
2020,17,2020_17_JAX_IND,IND,JAX,28.0,14.0,14.0,0.863399614869768,1,False
2020,17,2020_17_LAC_KC,KC,LAC,21.0,38.0,-17.0,0.8427081529558613,0,False
2020,17,2020_17_ARI_LA,LA,ARI,18.0,7.0,11.0,0.6698914094589115,1,False
2020,17,2020_17_SEA_SF,SF,SEA,23.0,26.0,-3.0,0.30651493501581917,0,True
2020,17,2020_17_WAS_PHI,PHI,WAS,14.0,20.0,-6.0,0.4204572785857773,0,False
2021,1,2021_01_DAL_TB,TB,DAL,31.0,29.0,2.0,0.7422201418836798,1,False
2021,1,2021_01_PHI_ATL,ATL,PHI,6.0,32.0,-26.0,0.6849287726651871,0,False
2021,1,2021_01_PIT_BUF,BUF,PIT,16.0,23.0,-7.0,0.6449803149560981,0,False
2021,1,2021_01_NYJ_CAR,CAR,NYJ,19.0,14.0,5.0,0.6422720018566422,1,False
2021,1,2021_01_MIN_CIN,CIN,MIN,27.0,24.0,3.0,0.3928921213433972,1,False
2021,1,2021_01_SF_DET,DET,SF,33.0,41.0,-8.0,0.30975063005151415,0,False
2021,1,2021_01_JAX_HOU,HOU,JAX,37.0,21.0,16.0,0.6689720558493499,1,False
2021,1,2021_01_SEA_IND,IND,SEA,16.0,28.0,-12.0,0.4513762183209929,0,False
2021,1,2021_01_ARI_TEN,TEN,ARI,13.0,38.0,-25.0,0.6494726432736758,0,False
2021,1,2021_01_LAC_WAS,WAS,LAC,16.0,20.0,-4.0,0.5437501766137232,0,False
2021,1,2021_01_CLE_KC,KC,CLE,33.0,29.0,4.0,0.6994627774816906,1,False
2021,1,2021_01_MIA_NE,NE,MIA,16.0,17.0,-1.0,0.565273561182592,0,False
2021,1,2021_01_GB_NO,NO,GB,38.0,3.0,35.0,0.39080294970884044,1,True
2021,1,2021_01_DEN_NYG,NYG,DEN,13.0,27.0,-14.0,0.5457687214631645,0,False
2021,1,2021_01_CHI_LA,LA,CHI,34.0,14.0,20.0,0.7702803357292808,1,False
2021,1,2021_01_BAL_LV,LV,BAL,33.0,27.0,6.0,0.3826670435627483,1,False
2021,2,2021_02_NYG_WAS,WAS,NYG,30.0,29.0,1.0,0.6498554839506502,1,False
2021,2,2021_02_NO_CAR,CAR,NO,26.0,7.0,19.0,0.3382716128581744,1,False
2021,2,2021_02_CIN_CHI,CHI,CIN,20.0,17.0,3.0,0.6495539386936273,1,False
2021,2,2021_02_HOU_CLE,CLE,HOU,31.0,21.0,10.0,0.6572164274889355,1,False
2021,2,2021_02_LA_IND,IND,LA,24.0,27.0,-3.0,0.44611795681462907,0,False
2021,2,2021_02_DEN_JAX,JAX,DEN,13.0,23.0,-10.0,0.3087408563619451,0,False
2021,2,2021_02_BUF_MIA,MIA,BUF,0.0,35.0,-35.0,0.43634132318912633,0,False
2021,2,2021_02_NE_NYJ,NYJ,NE,6.0,25.0,-19.0,0.3288525109727273,0,False
2021,2,2021_02_SF_PHI,PHI,SF,11.0,17.0,-6.0,0.5190162046682483,0,False
2021,2,2021_02_LV_PIT,PIT,LV,17.0,26.0,-9.0,0.6408994184500237,0,False
2021,2,2021_02_MIN_ARI,ARI,MIN,34.0,33.0,1.0,0.6840658754823069,1,False
2021,2,2021_02_ATL_TB,TB,ATL,48.0,25.0,23.0,0.7269729565166715,1,False
2021,2,2021_02_DAL_LAC,LAC,DAL,17.0,20.0,-3.0,0.6763013407027879,0,False
2021,2,2021_02_TEN_SEA,SEA,TEN,30.0,33.0,-3.0,0.6708403321975973,0,False
2021,2,2021_02_KC_BAL,BAL,KC,36.0,35.0,1.0,0.4435048316639073,1,False
2021,2,2021_02_DET_GB,GB,DET,35.0,17.0,18.0,0.8104880772484206,1,False
2021,3,2021_03_CAR_HOU,HOU,CAR,9.0,24.0,-15.0,0.36179113059384915,0,False
2021,3,2021_03_WAS_BUF,BUF,WAS,43.0,21.0,22.0,0.7722089786057792,1,False
2021,3,2021_03_CHI_CLE,CLE,CHI,26.0,6.0,20.0,0.6493186332735982,1,False
2021,3,2021_03_BAL_DET,DET,BAL,17.0,19.0,-2.0,0.2794634469067645,0,False
2021,3,2021_03_ARI_JAX,JAX,ARI,19.0,31.0,-12.0,0.29247731906001795,0,False
2021,3,2021_03_LAC_KC,KC,LAC,24.0,30.0,-6.0,0.7199215835789966,0,False
2021,3,2021_03_NO_NE,NE,NO,13.0,28.0,-15.0,0.5075907795100387,0,False
2021,3,2021_03_ATL_NYG,NYG,ATL,14.0,17.0,-3.0,0.5948391602429516,0,False
2021,3,2021_03_CIN_PIT,PIT,CIN,10.0,24.0,-14.0,0.7420749326049415,0,False
2021,3,2021_03_IND_TEN,TEN,IND,25.0,16.0,9.0,0.6916702070009456,1,False
2021,3,2021_03_NYJ_DEN,DEN,NYJ,26.0,0.0,26.0,0.7229902579454744,1,False
2021,3,2021_03_MIA_LV,LV,MIA,31.0,28.0,3.0,0.6569237517749543,1,False
2021,3,2021_03_TB_LA,LA,TB,34.0,24.0,10.0,0.5352751209815909,1,False
2021,3,2021_03_SEA_MIN,MIN,SEA,30.0,17.0,13.0,0.4008858556478203,1,False
2021,3,2021_03_GB_SF,SF,GB,28.0,30.0,-2.0,0.4909146637519842,0,False
2021,3,2021_03_PHI_DAL,DAL,PHI,41.0,21.0,20.0,0.6075082542429557,1,False
2021,4,2021_04_JAX_CIN,CIN,JAX,24.0,21.0,3.0,0.737128109511746,1,False
2021,4,2021_04_WAS_ATL,ATL,WAS,30.0,34.0,-4.0,0.5482908094637393,0,False
2021,4,2021_04_HOU_BUF,BUF,HOU,40.0,0.0,40.0,0.8206105550703572,1,False
2021,4,2021_04_DET_CHI,CHI,DET,24.0,14.0,10.0,0.6438553242227961,1,False
2021,4,2021_04_CAR_DAL,DAL,CAR,36.0,28.0,8.0,0.6110510110353307,1,False
2021,4,2021_04_IND_MIA,MIA,IND,17.0,27.0,-10.0,0.557282265567064,0,False
2021,4,2021_04_CLE_MIN,MIN,CLE,7.0,14.0,-7.0,0.5025230621699027,0,False
2021,4,2021_04_NYG_NO,NO,NYG,21.0,27.0,-6.0,0.8097486170519308,0,False
2021,4,2021_04_TEN_NYJ,NYJ,TEN,27.0,24.0,3.0,0.3131553720948596,1,False
2021,4,2021_04_KC_PHI,PHI,KC,30.0,42.0,-12.0,0.3576587830902119,0,False
2021,4,2021_04_ARI_LA,LA,ARI,20.0,37.0,-17.0,0.6612998422556114,0,False
2021,4,2021_04_SEA_SF,SF,SEA,21.0,28.0,-7.0,0.5675864751277973,0,False
2021,4,2021_04_BAL_DEN,DEN,BAL,7.0,23.0,-16.0,0.48722268044214867,0,False
2021,4,2021_04_PIT_GB,GB,PIT,27.0,17.0,10.0,0.6797574919016411,1,False
2021,4,2021_04_TB_NE,NE,TB,17.0,19.0,-2.0,0.3651604293678178,0,False
2021,4,2021_04_LV_LAC,LAC,LV,28.0,14.0,14.0,0.5837691821987053,1,False
2021,5,2021_05_LA_SEA,SEA,LA,17.0,26.0,-9.0,0.5122507539470942,0,False
2021,5,2021_05_NYJ_ATL,ATL,NYJ,27.0,20.0,7.0,0.6370566225267981,1,True
2021,5,2021_05_PHI_CAR,CAR,PHI,18.0,21.0,-3.0,0.6764371453287468,0,False
2021,5,2021_05_GB_CIN,CIN,GB,22.0,25.0,-3.0,0.35041569611195866,0,False
2021,5,2021_05_NE_HOU,HOU,NE,22.0,25.0,-3.0,0.2981127074733509,0,False
2021,5,2021_05_TEN_JAX,JAX,TEN,19.0,37.0,-18.0,0.3035036953485576,0,False
2021,5,2021_05_DET_MIN,MIN,DET,19.0,17.0,2.0,0.7239836138621543,1,False
2021,5,2021_05_DEN_PIT,PIT,DEN,27.0,19.0,8.0,0.5482478198849079,1,False
2021,5,2021_05_MIA_TB,TB,MIA,45.0,17.0,28.0,0.7443125556286029,1,False
2021,5,2021_05_NO_WAS,WAS,NO,22.0,33.0,-11.0,0.3620302961518874,0,False
2021,5,2021_05_CLE_LAC,LAC,CLE,47.0,42.0,5.0,0.5932814730770407,1,False
2021,5,2021_05_CHI_LV,LV,CHI,9.0,20.0,-11.0,0.6628409372808594,0,False
2021,5,2021_05_SF_ARI,ARI,SF,17.0,10.0,7.0,0.6965720971936399,1,False
2021,5,2021_05_NYG_DAL,DAL,NYG,44.0,20.0,24.0,0.6780354714620953,1,False
2021,5,2021_05_BUF_KC,KC,BUF,20.0,38.0,-18.0,0.5690835297988371,0,False
2021,5,2021_05_IND_BAL,BAL,IND,31.0,25.0,6.0,0.6742511935060127,1,False
2021,6,2021_06_TB_PHI,PHI,TB,22.0,28.0,-6.0,0.34937918339276397,0,False
2021,6,2021_06_MIA_JAX,JAX,MIA,23.0,20.0,3.0,0.3547564004685823,1,True
2021,6,2021_06_LAC_BAL,BAL,LAC,34.0,6.0,28.0,0.6435666535607959,1,False
2021,6,2021_06_MIN_CAR,CAR,MIN,28.0,34.0,-6.0,0.5196891343177499,0,False
2021,6,2021_06_GB_CHI,CHI,GB,14.0,24.0,-10.0,0.3279998204342894,0,False
2021,6,2021_06_CIN_DET,DET,CIN,11.0,34.0,-23.0,0.3688505543421661,0,False
2021,6,2021_06_HOU_IND,IND,HOU,31.0,3.0,28.0,0.7015606696418271,1,False
2021,6,2021_06_LA_NYG,NYG,LA,11.0,38.0,-27.0,0.3323997740732958,0,False
2021,6,2021_06_KC_WAS,WAS,KC,13.0,31.0,-18.0,0.3020133112866504,0,False
2021,6,2021_06_ARI_CLE,CLE,ARI,14.0,37.0,-23.0,0.5744784729679446,0,False
2021,6,2021_06_LV_DEN,DEN,LV,24.0,34.0,-10.0,0.6202822745505118,0,False
2021,6,2021_06_DAL_NE,NE,DAL,29.0,35.0,-6.0,0.46109842530698636,0,False
2021,6,2021_06_SEA_PIT,PIT,SEA,23.0,20.0,3.0,0.6664943422537417,1,False
2021,6,2021_06_BUF_TEN,TEN,BUF,34.0,31.0,3.0,0.3121721432012943,1,False
2021,7,2021_07_DEN_CLE,CLE,DEN,17.0,14.0,3.0,0.647470629181148,1,False
2021,7,2021_07_CIN_BAL,BAL,CIN,17.0,41.0,-24.0,0.7550988590290597,0,False
2021,7,2021_07_WAS_GB,GB,WAS,24.0,10.0,14.0,0.7965957262976052,1,False
2021,7,2021_07_ATL_MIA,MIA,ATL,28.0,30.0,-2.0,0.4856904128813478,0,False
2021,7,2021_07_NYJ_NE,NE,NYJ,54.0,13.0,41.0,0.7309069672692349,1,False
2021,7,2021_07_CAR_NYG,NYG,CAR,25.0,3.0,22.0,0.41986690533446636,1,False
2021,7,2021_07_KC_TEN,TEN,KC,27.0,3.0,24.0,0.44471732837738986,1,False
2021,7,2021_07_DET_LA,LA,DET,28.0,19.0,9.0,0.8508546489641036,1,False
2021,7,2021_07_PHI_LV,LV,PHI,33.0,22.0,11.0,0.6855255011929179,1,False
2021,7,2021_07_HOU_ARI,ARI,HOU,31.0,5.0,26.0,0.812985865321337,1,False
2021,7,2021_07_CHI_TB,TB,CHI,38.0,3.0,35.0,0.7179704282042503,1,False
2021,7,2021_07_IND_SF,SF,IND,18.0,30.0,-12.0,0.5687746103097856,0,False
2021,7,2021_07_NO_SEA,SEA,NO,10.0,13.0,-3.0,0.3323394021982764,0,False
2021,8,2021_08_GB_ARI,ARI,GB,21.0,24.0,-3.0,0.6384594075992704,0,False
2021,8,2021_08_CAR_ATL,ATL,CAR,13.0,19.0,-6.0,0.6356450368706955,0,False
2021,8,2021_08_MIA_BUF,BUF,MIA,26.0,11.0,15.0,0.8384609661403115,1,False
2021,8,2021_08_SF_CHI,CHI,SF,22.0,33.0,-11.0,0.5064914310497697,0,False
2021,8,2021_08_PIT_CLE,CLE,PIT,10.0,15.0,-5.0,0.6596276699969321,0,False
2021,8,2021_08_PHI_DET,DET,PHI,6.0,44.0,-38.0,0.41556876228974765,0,False
2021,8,2021_08_LA_HOU,HOU,LA,22.0,38.0,-16.0,0.26434981708490873,0,False
2021,8,2021_08_TEN_IND,IND,TEN,31.0,34.0,-3.0,0.5704167366075175,0,False
2021,8,2021_08_CIN_NYJ,NYJ,CIN,34.0,31.0,3.0,0.2848613099127368,1,False
2021,8,2021_08_NE_LAC,LAC,NE,24.0,27.0,-3.0,0.6671402815775688,0,False
2021,8,2021_08_JAX_SEA,SEA,JAX,31.0,7.0,24.0,0.7631090389024702,1,False
2021,8,2021_08_WAS_DEN,DEN,WAS,17.0,10.0,7.0,0.6601321975182987,1,False
2021,8,2021_08_TB_NO,NO,TB,36.0,27.0,9.0,0.47836678824545725,1,False
2021,8,2021_08_DAL_MIN,MIN,DAL,16.0,20.0,-4.0,0.6344860999125141,0,False
2021,8,2021_08_NYG_KC,KC,NYG,20.0,17.0,3.0,0.7368842902162969,1,False
2021,9,2021_09_NYJ_IND,IND,NYJ,45.0,30.0,15.0,0.8113032030564252,1,False
2021,9,2021_09_MIN_BAL,BAL,MIN,34.0,31.0,3.0,0.6950230378085965,1,False
2021,9,2021_09_NE_CAR,CAR,NE,6.0,24.0,-18.0,0.428841819346336,0,False
2021,9,2021_09_CLE_CIN,CIN,CLE,16.0,41.0,-25.0,0.6045031676064199,0,False
2021,9,2021_09_DEN_DAL,DAL,DEN,16.0,30.0,-14.0,0.7000196703823994,0,False
2021,9,2021_09_BUF_JAX,JAX,BUF,9.0,6.0,3.0,0.17362000608048392,1,False
2021,9,2021_09_HOU_MIA,MIA,HOU,17.0,9.0,8.0,0.7005777529710593,1,False
2021,9,2021_09_ATL_NO,NO,ATL,25.0,27.0,-2.0,0.7634960287757916,0,False
2021,9,2021_09_LV_NYG,NYG,LV,23.0,16.0,7.0,0.3751480442722519,1,False
2021,9,2021_09_LAC_PHI,PHI,LAC,24.0,27.0,-3.0,0.43591437133063804,0,False
2021,9,2021_09_GB_KC,KC,GB,13.0,7.0,6.0,0.6227370495038573,1,False
2021,9,2021_09_ARI_SF,SF,ARI,17.0,31.0,-14.0,0.5490384795287692,0,False
2021,9,2021_09_TEN_LA,LA,TEN,16.0,28.0,-12.0,0.7144198215878734,0,False
2021,9,2021_09_CHI_PIT,PIT,CHI,29.0,27.0,2.0,0.6888561990685822,1,False
2021,10,2021_10_BAL_MIA,MIA,BAL,22.0,10.0,12.0,0.3033408865867844,1,False
2021,10,2021_10_ATL_DAL,DAL,ATL,43.0,3.0,40.0,0.6712567813884233,1,False
2021,10,2021_10_JAX_IND,IND,JAX,23.0,17.0,6.0,0.8070930725955013,1,False
2021,10,2021_10_CLE_NE,NE,CLE,45.0,7.0,38.0,0.6108368837709145,1,False
2021,10,2021_10_BUF_NYJ,NYJ,BUF,17.0,45.0,-28.0,0.1889778513987206,0,False
2021,10,2021_10_DET_PIT,PIT,DET,16.0,16.0,0.0,0.8063693561950607,0,False
2021,10,2021_10_NO_TEN,TEN,NO,23.0,21.0,2.0,0.6626871233348529,1,False
2021,10,2021_10_TB_WAS,WAS,TB,29.0,19.0,10.0,0.30816199202618133,1,False
2021,10,2021_10_CAR_ARI,ARI,CAR,10.0,34.0,-24.0,0.7823380345350491,0,False
2021,10,2021_10_MIN_LAC,LAC,MIN,20.0,27.0,-7.0,0.6713936779572356,0,False
2021,10,2021_10_PHI_DEN,DEN,PHI,13.0,30.0,-17.0,0.6548624843778907,0,False
2021,10,2021_10_SEA_GB,GB,SEA,17.0,0.0,17.0,0.732241047896538,1,False
2021,10,2021_10_KC_LV,LV,KC,14.0,41.0,-27.0,0.4118577737588378,0,False
2021,10,2021_10_LA_SF,SF,LA,31.0,10.0,21.0,0.34111320611466417,1,False
2021,11,2021_11_NE_ATL,ATL,NE,0.0,25.0,-25.0,0.2787991567081109,0,False
2021,11,2021_11_IND_BUF,BUF,IND,15.0,41.0,-26.0,0.6773973515204395,0,False
2021,11,2021_11_WAS_CAR,CAR,WAS,21.0,27.0,-6.0,0.6362240004586004,0,False
2021,11,2021_11_BAL_CHI,CHI,BAL,13.0,16.0,-3.0,0.358840018328766,0,False
2021,11,2021_11_DET_CLE,CLE,DET,13.0,10.0,3.0,0.8154751889013957,1,False
2021,11,2021_11_SF_JAX,JAX,SF,10.0,30.0,-20.0,0.33846076741824754,0,False
2021,11,2021_11_GB_MIN,MIN,GB,34.0,31.0,3.0,0.3656880634320364,1,False
2021,11,2021_11_MIA_NYJ,NYJ,MIA,17.0,24.0,-7.0,0.35284414255051033,0,False
2021,11,2021_11_NO_PHI,PHI,NO,40.0,29.0,11.0,0.44951545584713487,1,False
2021,11,2021_11_HOU_TEN,TEN,HOU,13.0,22.0,-9.0,0.8797513670375686,0,False
2021,11,2021_11_CIN_LV,LV,CIN,13.0,32.0,-19.0,0.5656744229746564,0,False
2021,11,2021_11_DAL_KC,KC,DAL,19.0,9.0,10.0,0.647781424137904,1,False
2021,11,2021_11_ARI_SEA,SEA,ARI,13.0,23.0,-10.0,0.5361168051068281,0,False
2021,11,2021_11_PIT_LAC,LAC,PIT,41.0,37.0,4.0,0.624393571202264,1,False
2021,11,2021_11_NYG_TB,TB,NYG,30.0,10.0,20.0,0.7299635167084324,1,False
2021,12,2021_12_CHI_DET,DET,CHI,14.0,16.0,-2.0,0.4148877215896595,0,False
2021,12,2021_12_LV_DAL,DAL,LV,33.0,36.0,-3.0,0.6717806294535111,0,False
2021,12,2021_12_BUF_NO,NO,BUF,6.0,31.0,-25.0,0.4164216784519754,0,False
2021,12,2021_12_PIT_CIN,CIN,PIT,41.0,10.0,31.0,0.6030170410217428,1,False
2021,12,2021_12_NYJ_HOU,HOU,NYJ,14.0,21.0,-7.0,0.6518919675972534,0,False
2021,12,2021_12_TB_IND,IND,TB,31.0,38.0,-7.0,0.5174516869325412,0,False
2021,12,2021_12_ATL_JAX,JAX,ATL,14.0,21.0,-7.0,0.4163701089287459,0,False
2021,12,2021_12_CAR_MIA,MIA,CAR,33.0,10.0,23.0,0.6168782930985013,1,False
2021,12,2021_12_TEN_NE,NE,TEN,36.0,13.0,23.0,0.6830515026296479,1,False
2021,12,2021_12_PHI_NYG,NYG,PHI,13.0,7.0,6.0,0.42727051205925287,1,False
2021,12,2021_12_LAC_DEN,DEN,LAC,28.0,13.0,15.0,0.4410882556354869,1,False
2021,12,2021_12_LA_GB,GB,LA,36.0,28.0,8.0,0.6641395748828129,1,False
2021,12,2021_12_MIN_SF,SF,MIN,34.0,26.0,8.0,0.6202634556123316,1,False
2021,12,2021_12_CLE_BAL,BAL,CLE,16.0,10.0,6.0,0.655261141623852,1,False
2021,12,2021_12_SEA_WAS,WAS,SEA,17.0,15.0,2.0,0.5433731824964363,1,False
2021,13,2021_13_DAL_NO,NO,DAL,17.0,27.0,-10.0,0.4621243097006364,0,False
2021,13,2021_13_TB_ATL,ATL,TB,17.0,30.0,-13.0,0.3284049148840863,0,False
2021,13,2021_13_ARI_CHI,CHI,ARI,22.0,33.0,-11.0,0.26065875729696053,0,False
2021,13,2021_13_LAC_CIN,CIN,LAC,22.0,41.0,-19.0,0.66163886048067,0,False
2021,13,2021_13_MIN_DET,DET,MIN,29.0,27.0,2.0,0.30961544955103254,1,False
2021,13,2021_13_IND_HOU,HOU,IND,0.0,31.0,-31.0,0.2979883653401426,0,False
2021,13,2021_13_NYG_MIA,MIA,NYG,20.0,9.0,11.0,0.7344663379234126,1,False
2021,13,2021_13_PHI_NYJ,NYJ,PHI,18.0,33.0,-15.0,0.32419047330305406,0,False
2021,13,2021_13_JAX_LA,LA,JAX,37.0,7.0,30.0,0.8332003580274175,1,False
2021,13,2021_13_WAS_LV,LV,WAS,15.0,17.0,-2.0,0.5948302478414227,0,False
2021,13,2021_13_BAL_PIT,PIT,BAL,20.0,19.0,1.0,0.37210080134521645,1,False
2021,13,2021_13_SF_SEA,SEA,SF,30.0,23.0,7.0,0.4531216571282509,1,False
2021,13,2021_13_DEN_KC,KC,DEN,22.0,9.0,13.0,0.7435740429331777,1,False
2021,13,2021_13_NE_BUF,BUF,NE,10.0,14.0,-4.0,0.6415769593890467,0,False
2021,14,2021_14_PIT_MIN,MIN,PIT,36.0,28.0,8.0,0.6183199487176922,1,False
2021,14,2021_14_ATL_CAR,CAR,ATL,21.0,29.0,-8.0,0.6387361138772749,0,False
2021,14,2021_14_BAL_CLE,CLE,BAL,24.0,22.0,2.0,0.5097226158326442,1,False
2021,14,2021_14_SEA_HOU,HOU,SEA,13.0,33.0,-20.0,0.3195151010204859,0,False
2021,14,2021_14_LV_KC,KC,LV,48.0,9.0,39.0,0.7794218964254317,1,False
2021,14,2021_14_NO_NYJ,NYJ,NO,9.0,30.0,-21.0,0.34524826027169675,0,False
2021,14,2021_14_JAX_TEN,TEN,JAX,20.0,0.0,20.0,0.8535724824433522,1,False
2021,14,2021_14_DAL_WAS,WAS,DAL,20.0,27.0,-7.0,0.37163509234641806,0,False
2021,14,2021_14_DET_DEN,DEN,DET,38.0,10.0,28.0,0.7539408747595769,1,False
2021,14,2021_14_NYG_LAC,LAC,NYG,37.0,21.0,16.0,0.724803686334596,1,False
2021,14,2021_14_SF_CIN,CIN,SF,23.0,26.0,-3.0,0.5134405746434825,0,False
2021,14,2021_14_BUF_TB,TB,BUF,33.0,27.0,6.0,0.6380814348178812,1,False
2021,14,2021_14_CHI_GB,GB,CHI,45.0,30.0,15.0,0.8143448781966891,1,False
2021,14,2021_14_LA_ARI,ARI,LA,23.0,30.0,-7.0,0.6382852986723354,0,False
2021,15,2021_15_KC_LAC,LAC,KC,28.0,34.0,-6.0,0.36306120404640674,0,False
2021,15,2021_15_NE_IND,IND,NE,27.0,17.0,10.0,0.4991906395288531,1,False
2021,15,2021_15_CAR_BUF,BUF,CAR,31.0,14.0,17.0,0.7833103651722992,1,False
2021,15,2021_15_ARI_DET,DET,ARI,30.0,12.0,18.0,0.2601667969529,1,False
2021,15,2021_15_HOU_JAX,JAX,HOU,16.0,30.0,-14.0,0.6455722016489225,0,False
2021,15,2021_15_NYJ_MIA,MIA,NYJ,31.0,24.0,7.0,0.8015015066952826,1,False
2021,15,2021_15_DAL_NYG,NYG,DAL,6.0,21.0,-15.0,0.336458455375194,0,False
2021,15,2021_15_TEN_PIT,PIT,TEN,19.0,13.0,6.0,0.4656263619988745,1,False
2021,15,2021_15_CIN_DEN,DEN,CIN,10.0,15.0,-5.0,0.6163666764808069,0,False
2021,15,2021_15_ATL_SF,SF,ATL,31.0,13.0,18.0,0.6914525789963203,1,False
2021,15,2021_15_GB_BAL,BAL,GB,30.0,31.0,-1.0,0.2667823666675617,0,False
2021,15,2021_15_NO_TB,TB,NO,0.0,9.0,-9.0,0.7270785082052671,0,False
2021,15,2021_15_LV_CLE,CLE,LV,14.0,16.0,-2.0,0.5611348322721653,0,False
2021,15,2021_15_MIN_CHI,CHI,MIN,9.0,17.0,-8.0,0.3327660476843553,0,False
2021,15,2021_15_SEA_LA,LA,SEA,20.0,10.0,10.0,0.6420425137385459,1,False
2021,15,2021_15_WAS_PHI,PHI,WAS,27.0,17.0,10.0,0.7754126508867657,1,False
2021,16,2021_16_SF_TEN,TEN,SF,20.0,17.0,3.0,0.5173123900296609,1,False
2021,16,2021_16_CLE_GB,GB,CLE,24.0,22.0,2.0,0.7630980478125963,1,False
2021,16,2021_16_IND_ARI,ARI,IND,16.0,22.0,-6.0,0.5258761817954477,0,False
2021,16,2021_16_DET_ATL,ATL,DET,20.0,16.0,4.0,0.6912950909087282,1,False
2021,16,2021_16_TB_CAR,CAR,TB,6.0,32.0,-26.0,0.26448996578260586,0,False
2021,16,2021_16_BAL_CIN,CIN,BAL,41.0,21.0,20.0,0.6608841042439744,1,False
2021,16,2021_16_LAC_HOU,HOU,LAC,41.0,29.0,12.0,0.2996714578182631,1,False
2021,16,2021_16_LA_MIN,MIN,LA,23.0,30.0,-7.0,0.4169163644102043,0,False
2021,16,2021_16_BUF_NE,NE,BUF,21.0,33.0,-12.0,0.5797760929846787,0,False
2021,16,2021_16_JAX_NYJ,NYJ,JAX,26.0,21.0,5.0,0.6657166820317143,1,False
2021,16,2021_16_NYG_PHI,PHI,NYG,34.0,10.0,24.0,0.7321512347875739,1,False
2021,16,2021_16_CHI_SEA,SEA,CHI,24.0,25.0,-1.0,0.7327326876245873,0,False
2021,16,2021_16_PIT_KC,KC,PIT,36.0,10.0,26.0,0.7690483028544092,1,False
2021,16,2021_16_DEN_LV,LV,DEN,17.0,13.0,4.0,0.5758011212514831,1,False
2021,16,2021_16_WAS_DAL,DAL,WAS,56.0,14.0,42.0,0.7279315055055361,1,False
2021,16,2021_16_MIA_NO,NO,MIA,3.0,20.0,-17.0,0.5315172782260338,0,False
2021,17,2021_17_LA_BAL,BAL,LA,19.0,20.0,-1.0,0.3188972670053908,0,False
2021,17,2021_17_ATL_BUF,BUF,ATL,29.0,15.0,14.0,0.8019875914973353,1,False
2021,17,2021_17_NYG_CHI,CHI,NYG,29.0,3.0,26.0,0.6844368387197439,1,False
2021,17,2021_17_KC_CIN,CIN,KC,34.0,31.0,3.0,0.3219966505575331,1,False
2021,17,2021_17_LV_IND,IND,LV,20.0,23.0,-3.0,0.7473039632774633,0,False
2021,17,2021_17_JAX_NE,NE,JAX,50.0,10.0,40.0,0.8894652100568142,1,False
2021,17,2021_17_TB_NYJ,NYJ,TB,24.0,28.0,-4.0,0.20365060033692714,0,False
2021,17,2021_17_MIA_TEN,TEN,MIA,34.0,3.0,31.0,0.6323417499957396,1,False
2021,17,2021_17_PHI_WAS,WAS,PHI,16.0,20.0,-4.0,0.33798944107605333,0,False
2021,17,2021_17_DEN_LAC,LAC,DEN,34.0,13.0,21.0,0.6575855393222884,1,False
2021,17,2021_17_HOU_SF,SF,HOU,23.0,7.0,16.0,0.7141931977135573,1,False
2021,17,2021_17_ARI_DAL,DAL,ARI,22.0,25.0,-3.0,0.6617457496069967,0,False
2021,17,2021_17_CAR_NO,NO,CAR,18.0,10.0,8.0,0.7813956392521082,1,False
2021,17,2021_17_DET_SEA,SEA,DET,51.0,29.0,22.0,0.7886688157101218,1,False
2021,17,2021_17_MIN_GB,GB,MIN,37.0,10.0,27.0,0.788074267285574,1,False
2021,17,2021_17_CLE_PIT,PIT,CLE,26.0,14.0,12.0,0.5447083279572821,1,False
2021,18,2021_18_KC_DEN,DEN,KC,24.0,28.0,-4.0,0.24299316098177168,0,False
2021,18,2021_18_DAL_PHI,PHI,DAL,26.0,51.0,-25.0,0.3530077540660153,0,False
2021,18,2021_18_PIT_BAL,BAL,PIT,13.0,16.0,-3.0,0.6491002713346548,0,False
2021,18,2021_18_CIN_CLE,CLE,CIN,21.0,16.0,5.0,0.5684126289566372,1,False
2021,18,2021_18_GB_DET,DET,GB,37.0,30.0,7.0,0.16059654698301967,1,False
2021,18,2021_18_TEN_HOU,HOU,TEN,25.0,28.0,-3.0,0.2904110335790278,0,False
2021,18,2021_18_IND_JAX,JAX,IND,26.0,11.0,15.0,0.1581799739323415,1,False
2021,18,2021_18_CHI_MIN,MIN,CHI,31.0,17.0,14.0,0.6829264638254157,1,False
2021,18,2021_18_WAS_NYG,NYG,WAS,7.0,22.0,-15.0,0.348620591194282,0,False
2021,18,2021_18_SEA_ARI,ARI,SEA,30.0,38.0,-8.0,0.690084964190483,0,False
2021,18,2021_18_NO_ATL,ATL,NO,20.0,30.0,-10.0,0.32106084215894787,0,False
2021,18,2021_18_NYJ_BUF,BUF,NYJ,27.0,10.0,17.0,0.8867196159052582,1,False
2021,18,2021_18_SF_LA,LA,SF,24.0,27.0,-3.0,0.6537152279101087,0,False
2021,18,2021_18_NE_MIA,MIA,NE,33.0,24.0,9.0,0.383137903714029,1,False
2021,18,2021_18_CAR_TB,TB,CAR,41.0,17.0,24.0,0.8597393273782767,1,False
2021,18,2021_18_LAC_LV,LV,LAC,35.0,32.0,3.0,0.4727509059697354,1,False
2022,1,2022_01_BUF_LA,LA,BUF,10.0,31.0,-21.0,0.5150296792465471,0,False
2022,1,2022_01_NO_ATL,ATL,NO,26.0,27.0,-1.0,0.34436389642096266,0,False
2022,1,2022_01_CLE_CAR,CAR,CLE,24.0,26.0,-2.0,0.5142072613920378,0,False
2022,1,2022_01_SF_CHI,CHI,SF,19.0,10.0,9.0,0.34733937864279213,1,False
2022,1,2022_01_PIT_CIN,CIN,PIT,20.0,23.0,-3.0,0.736939136696327,0,False
2022,1,2022_01_PHI_DET,DET,PHI,35.0,38.0,-3.0,0.3555324848033848,0,False
2022,1,2022_01_IND_HOU,HOU,IND,20.0,20.0,0.0,0.3473585832672243,0,False
2022,1,2022_01_NE_MIA,MIA,NE,20.0,7.0,13.0,0.6079714300444036,1,False
2022,1,2022_01_BAL_NYJ,NYJ,BAL,9.0,24.0,-15.0,0.3002318439824634,0,False
2022,1,2022_01_JAX_WAS,WAS,JAX,28.0,22.0,6.0,0.641303523503851,1,False
2022,1,2022_01_KC_ARI,ARI,KC,21.0,44.0,-23.0,0.3458846520453174,0,False
2022,1,2022_01_LV_LAC,LAC,LV,24.0,19.0,5.0,0.6316085457264571,1,False
2022,1,2022_01_GB_MIN,MIN,GB,23.0,7.0,16.0,0.5065824679516385,1,False
2022,1,2022_01_NYG_TEN,TEN,NYG,20.0,21.0,-1.0,0.7870722274709046,0,False
2022,1,2022_01_TB_DAL,DAL,TB,3.0,19.0,-16.0,0.5005298785867095,0,False
2022,1,2022_01_DEN_SEA,SEA,DEN,17.0,16.0,1.0,0.6491629321996037,1,False
2022,2,2022_02_LAC_KC,KC,LAC,27.0,24.0,3.0,0.701527914313951,1,False
2022,2,2022_02_MIA_BAL,BAL,MIA,38.0,42.0,-4.0,0.5454254469118256,0,False
2022,2,2022_02_NYJ_CLE,CLE,NYJ,30.0,31.0,-1.0,0.7318373051005396,0,False
2022,2,2022_02_WAS_DET,DET,WAS,36.0,27.0,9.0,0.46715316926807415,1,False
2022,2,2022_02_IND_JAX,JAX,IND,24.0,0.0,24.0,0.33339230084245736,1,False
2022,2,2022_02_TB_NO,NO,TB,10.0,20.0,-10.0,0.4007568018021646,0,False
2022,2,2022_02_CAR_NYG,NYG,CAR,19.0,16.0,3.0,0.550387271780239,1,False
2022,2,2022_02_NE_PIT,PIT,NE,14.0,17.0,-3.0,0.4892552874994915,0,False
2022,2,2022_02_ATL_LA,LA,ATL,31.0,27.0,4.0,0.7293538330546182,1,False
2022,2,2022_02_SEA_SF,SF,SEA,27.0,7.0,20.0,0.6923500611793644,1,False
2022,2,2022_02_CIN_DAL,DAL,CIN,20.0,17.0,3.0,0.4380420213435172,1,False
2022,2,2022_02_HOU_DEN,DEN,HOU,16.0,9.0,7.0,0.7397948650451833,1,False
2022,2,2022_02_ARI_LV,LV,ARI,23.0,29.0,-6.0,0.6567718814819088,0,False
2022,2,2022_02_CHI_GB,GB,CHI,27.0,10.0,17.0,0.7115916453074488,1,False
2022,2,2022_02_TEN_BUF,BUF,TEN,41.0,7.0,34.0,0.6530953239147598,1,False
2022,2,2022_02_MIN_PHI,PHI,MIN,24.0,7.0,17.0,0.5790099136780964,1,False
2022,3,2022_03_PIT_CLE,CLE,PIT,29.0,17.0,12.0,0.6605611993122467,1,False
2022,3,2022_03_NO_CAR,CAR,NO,22.0,14.0,8.0,0.3729051808708536,1,False
2022,3,2022_03_HOU_CHI,CHI,HOU,23.0,20.0,3.0,0.6520630378498748,1,False
2022,3,2022_03_KC_IND,IND,KC,20.0,17.0,3.0,0.3469988813687788,1,False
2022,3,2022_03_BUF_MIA,MIA,BUF,21.0,19.0,2.0,0.40654015451195236,1,False
2022,3,2022_03_DET_MIN,MIN,DET,28.0,24.0,4.0,0.6727197834001091,1,False
2022,3,2022_03_BAL_NE,NE,BAL,26.0,37.0,-11.0,0.5907500403357142,0,False
2022,3,2022_03_CIN_NYJ,NYJ,CIN,12.0,27.0,-15.0,0.27049365022277083,0,False
2022,3,2022_03_LV_TEN,TEN,LV,24.0,22.0,2.0,0.6403719183612562,1,False
2022,3,2022_03_PHI_WAS,WAS,PHI,8.0,24.0,-16.0,0.3134350707799529,0,False
2022,3,2022_03_JAX_LAC,LAC,JAX,10.0,38.0,-28.0,0.7036060535454115,0,False
2022,3,2022_03_LA_ARI,ARI,LA,12.0,20.0,-8.0,0.4602836872678059,0,False
2022,3,2022_03_ATL_SEA,SEA,ATL,23.0,27.0,-4.0,0.66094354893282,0,False
2022,3,2022_03_GB_TB,TB,GB,12.0,14.0,-2.0,0.6458087896574327,0,False
2022,3,2022_03_SF_DEN,DEN,SF,11.0,10.0,1.0,0.46062076607242414,1,False
2022,3,2022_03_DAL_NYG,NYG,DAL,16.0,23.0,-7.0,0.45945574181284154,0,False
2022,4,2022_04_MIA_CIN,CIN,MIA,27.0,15.0,12.0,0.5579052425373412,1,False
2022,4,2022_04_MIN_NO,NO,MIN,25.0,28.0,-3.0,0.36007431422307407,0,True
2022,4,2022_04_CLE_ATL,ATL,CLE,23.0,20.0,3.0,0.45653904158827224,1,False
2022,4,2022_04_BUF_BAL,BAL,BUF,20.0,23.0,-3.0,0.4004092832535118,0,False
2022,4,2022_04_WAS_DAL,DAL,WAS,25.0,10.0,15.0,0.6935023016277373,1,False
2022,4,2022_04_SEA_DET,DET,SEA,45.0,48.0,-3.0,0.5428861743428511,0,False
2022,4,2022_04_LAC_HOU,HOU,LAC,24.0,34.0,-10.0,0.36969859690458484,0,False
2022,4,2022_04_TEN_IND,IND,TEN,17.0,24.0,-7.0,0.6189594506146897,0,False
2022,4,2022_04_CHI_NYG,NYG,CHI,20.0,12.0,8.0,0.5471318066445232,1,False
2022,4,2022_04_JAX_PHI,PHI,JAX,29.0,21.0,8.0,0.7111062303969596,1,False
2022,4,2022_04_NYJ_PIT,PIT,NYJ,20.0,24.0,-4.0,0.7592789365589255,0,False
2022,4,2022_04_ARI_CAR,CAR,ARI,16.0,26.0,-10.0,0.5034571614055938,0,False
2022,4,2022_04_NE_GB,GB,NE,27.0,24.0,3.0,0.7105016636995809,1,False
2022,4,2022_04_DEN_LV,LV,DEN,32.0,23.0,9.0,0.5948222463349858,1,False
2022,4,2022_04_KC_TB,TB,KC,31.0,41.0,-10.0,0.5824055803182553,0,False
2022,4,2022_04_LA_SF,SF,LA,24.0,9.0,15.0,0.5495715938363088,1,False
2022,5,2022_05_IND_DEN,DEN,IND,9.0,12.0,-3.0,0.5804441114042742,0,False
2022,5,2022_05_NYG_GB,GB,NYG,22.0,27.0,-5.0,0.7075979081771989,0,True
2022,5,2022_05_PIT_BUF,BUF,PIT,38.0,3.0,35.0,0.7931724606338638,1,False
2022,5,2022_05_LAC_CLE,CLE,LAC,28.0,30.0,-2.0,0.5733331771106791,0,False
2022,5,2022_05_HOU_JAX,JAX,HOU,6.0,13.0,-7.0,0.6420670590502732,0,False
2022,5,2022_05_CHI_MIN,MIN,CHI,29.0,22.0,7.0,0.681975597115324,1,False
2022,5,2022_05_DET_NE,NE,DET,29.0,0.0,29.0,0.6409697014577026,1,False
2022,5,2022_05_SEA_NO,NO,SEA,39.0,32.0,7.0,0.6177252018574444,1,False
2022,5,2022_05_MIA_NYJ,NYJ,MIA,40.0,17.0,23.0,0.3493351068234582,1,False
2022,5,2022_05_ATL_TB,TB,ATL,21.0,15.0,6.0,0.7313254334228156,1,False
2022,5,2022_05_TEN_WAS,WAS,TEN,17.0,21.0,-4.0,0.378358867554924,0,False
2022,5,2022_05_SF_CAR,CAR,SF,15.0,37.0,-22.0,0.3204234461163705,0,False
2022,5,2022_05_PHI_ARI,ARI,PHI,17.0,20.0,-3.0,0.39500434830506154,0,False
2022,5,2022_05_DAL_LA,LA,DAL,10.0,22.0,-12.0,0.6109656733679685,0,False
2022,5,2022_05_CIN_BAL,BAL,CIN,19.0,17.0,2.0,0.6033353965733966,1,False
2022,5,2022_05_LV_KC,KC,LV,30.0,29.0,1.0,0.7520365112406835,1,False
2022,6,2022_06_WAS_CHI,CHI,WAS,7.0,12.0,-5.0,0.5863589406377017,0,False
2022,6,2022_06_SF_ATL,ATL,SF,28.0,14.0,14.0,0.3471042946471293,1,False
2022,6,2022_06_NE_CLE,CLE,NE,15.0,38.0,-23.0,0.6203012409421826,0,False
2022,6,2022_06_NYJ_GB,GB,NYJ,10.0,27.0,-17.0,0.7803397573864786,0,False
2022,6,2022_06_JAX_IND,IND,JAX,34.0,27.0,7.0,0.6907441336689158,1,False
2022,6,2022_06_MIN_MIA,MIA,MIN,16.0,24.0,-8.0,0.4270630735237638,0,False
2022,6,2022_06_CIN_NO,NO,CIN,26.0,30.0,-4.0,0.44225199608929894,0,False
2022,6,2022_06_BAL_NYG,NYG,BAL,24.0,20.0,4.0,0.3703514953574822,1,False
2022,6,2022_06_TB_PIT,PIT,TB,20.0,18.0,2.0,0.3363494323505371,1,False
2022,6,2022_06_CAR_LA,LA,CAR,24.0,10.0,14.0,0.7536385988963751,1,False
2022,6,2022_06_ARI_SEA,SEA,ARI,19.0,9.0,10.0,0.49520912318062205,1,False
2022,6,2022_06_BUF_KC,KC,BUF,20.0,24.0,-4.0,0.5125745372285707,0,False
2022,6,2022_06_DAL_PHI,PHI,DAL,26.0,17.0,9.0,0.6564826356775072,1,False
2022,6,2022_06_DEN_LAC,LAC,DEN,19.0,16.0,3.0,0.6918793131186507,1,False
2022,7,2022_07_NO_ARI,ARI,NO,42.0,34.0,8.0,0.5904557445836783,1,False
2022,7,2022_07_CLE_BAL,BAL,CLE,23.0,20.0,3.0,0.7346290060143995,1,False
2022,7,2022_07_TB_CAR,CAR,TB,21.0,3.0,18.0,0.26790693783128267,1,False
2022,7,2022_07_ATL_CIN,CIN,ATL,35.0,17.0,18.0,0.6525343861341293,1,False
2022,7,2022_07_DET_DAL,DAL,DET,24.0,6.0,18.0,0.7526394225704024,1,False
2022,7,2022_07_NYG_JAX,JAX,NYG,17.0,23.0,-6.0,0.520712136673073,0,False
2022,7,2022_07_IND_TEN,TEN,IND,19.0,10.0,9.0,0.6623962111076829,1,False
2022,7,2022_07_GB_WAS,WAS,GB,23.0,21.0,2.0,0.3169441487478259,1,False
2022,7,2022_07_NYJ_DEN,DEN,NYJ,9.0,16.0,-7.0,0.4623123308261129,0,False
2022,7,2022_07_HOU_LV,LV,HOU,38.0,20.0,18.0,0.6770790801286509,1,False
2022,7,2022_07_SEA_LAC,LAC,SEA,23.0,37.0,-14.0,0.6767926844982011,0,False
2022,7,2022_07_KC_SF,SF,KC,23.0,44.0,-21.0,0.4411532357922547,0,False
2022,7,2022_07_PIT_MIA,MIA,PIT,16.0,10.0,6.0,0.6438638365076288,1,False
2022,7,2022_07_CHI_NE,NE,CHI,14.0,33.0,-19.0,0.6917347522256995,0,False
2022,8,2022_08_BAL_TB,TB,BAL,22.0,27.0,-5.0,0.6255236166023254,0,False
2022,8,2022_08_DEN_JAX,JAX,DEN,17.0,21.0,-4.0,0.46896580896129886,0,True
2022,8,2022_08_CAR_ATL,ATL,CAR,37.0,34.0,3.0,0.661719752709655,1,False
2022,8,2022_08_CHI_DAL,DAL,CHI,49.0,29.0,20.0,0.6999074934107762,1,False
2022,8,2022_08_MIA_DET,DET,MIA,27.0,31.0,-4.0,0.3412750669347691,0,False
2022,8,2022_08_ARI_MIN,MIN,ARI,34.0,26.0,8.0,0.657500671524625,1,False
2022,8,2022_08_LV_NO,NO,LV,24.0,0.0,24.0,0.47677072474753385,1,False
2022,8,2022_08_NE_NYJ,NYJ,NE,17.0,22.0,-5.0,0.5209061024721066,0,False
2022,8,2022_08_PIT_PHI,PHI,PIT,35.0,13.0,22.0,0.7466447136513662,1,False
2022,8,2022_08_TEN_HOU,HOU,TEN,10.0,17.0,-7.0,0.35341632081913316,0,False
2022,8,2022_08_WAS_IND,IND,WAS,16.0,17.0,-1.0,0.6527203697819567,0,False
2022,8,2022_08_SF_LA,LA,SF,14.0,31.0,-17.0,0.5676164195547034,0,False
2022,8,2022_08_NYG_SEA,SEA,NYG,27.0,13.0,14.0,0.6619942116753147,1,False
2022,8,2022_08_GB_BUF,BUF,GB,27.0,17.0,10.0,0.7400082611045391,1,False
2022,8,2022_08_CIN_CLE,CLE,CIN,32.0,13.0,19.0,0.3785394658138314,1,False
2022,9,2022_09_PHI_HOU,HOU,PHI,17.0,29.0,-12.0,0.26114689005779707,0,False
2022,9,2022_09_LAC_ATL,ATL,LAC,17.0,20.0,-3.0,0.5112384578977336,0,False
2022,9,2022_09_MIA_CHI,CHI,MIA,32.0,35.0,-3.0,0.43764748196430214,0,False
2022,9,2022_09_CAR_CIN,CIN,CAR,42.0,21.0,21.0,0.7172940945793231,1,False
2022,9,2022_09_GB_DET,DET,GB,15.0,9.0,6.0,0.3185346887560337,1,False
2022,9,2022_09_LV_JAX,JAX,LV,27.0,20.0,7.0,0.3985987754112362,1,False
2022,9,2022_09_IND_NE,NE,IND,26.0,3.0,23.0,0.686817576791945,1,False
2022,9,2022_09_BUF_NYJ,NYJ,BUF,20.0,17.0,3.0,0.29572197457241145,1,False
2022,9,2022_09_MIN_WAS,WAS,MIN,17.0,20.0,-3.0,0.3529892370481418,0,False
2022,9,2022_09_SEA_ARI,ARI,SEA,21.0,31.0,-10.0,0.5179096301135829,0,False
2022,9,2022_09_LA_TB,TB,LA,16.0,13.0,3.0,0.6507208041126291,1,False
2022,9,2022_09_TEN_KC,KC,TEN,20.0,17.0,3.0,0.6896740679966195,1,False
2022,9,2022_09_BAL_NO,NO,BAL,13.0,27.0,-14.0,0.4967756040387796,0,False
2022,10,2022_10_ATL_CAR,CAR,ATL,25.0,15.0,10.0,0.44032921145380605,1,False
2022,10,2022_10_SEA_TB,TB,SEA,21.0,16.0,5.0,0.5221988910993635,1,True
2022,10,2022_10_MIN_BUF,BUF,MIN,30.0,33.0,-3.0,0.6627968903296682,0,False
2022,10,2022_10_DET_CHI,CHI,DET,30.0,31.0,-1.0,0.6632298179589214,0,False
2022,10,2022_10_JAX_KC,KC,JAX,27.0,17.0,10.0,0.8445537262753117,1,False
2022,10,2022_10_CLE_MIA,MIA,CLE,39.0,17.0,22.0,0.6623483785993002,1,False
2022,10,2022_10_HOU_NYG,NYG,HOU,24.0,16.0,8.0,0.7009129634425408,1,False
2022,10,2022_10_NO_PIT,PIT,NO,20.0,10.0,10.0,0.5269975217888639,1,False
2022,10,2022_10_DEN_TEN,TEN,DEN,17.0,10.0,7.0,0.7410068349825457,1,False
2022,10,2022_10_IND_LV,LV,IND,20.0,25.0,-5.0,0.6168536978055766,0,False
2022,10,2022_10_DAL_GB,GB,DAL,31.0,28.0,3.0,0.4000103251976912,1,False
2022,10,2022_10_ARI_LA,LA,ARI,17.0,27.0,-10.0,0.668464526966759,0,False
2022,10,2022_10_LAC_SF,SF,LAC,22.0,16.0,6.0,0.7605742611548111,1,False
2022,10,2022_10_WAS_PHI,PHI,WAS,21.0,32.0,-11.0,0.784954028589303,0,False
2022,11,2022_11_TEN_GB,GB,TEN,17.0,27.0,-10.0,0.5151406579219227,0,False
2022,11,2022_11_CHI_ATL,ATL,CHI,27.0,24.0,3.0,0.6398243194980231,1,False
2022,11,2022_11_CAR_BAL,BAL,CAR,13.0,3.0,10.0,0.7471533035547486,1,False
2022,11,2022_11_CLE_BUF,BUF,CLE,31.0,23.0,8.0,0.7193258353347461,1,True
2022,11,2022_11_WAS_HOU,HOU,WAS,10.0,23.0,-13.0,0.35841053118771365,0,False
2022,11,2022_11_PHI_IND,IND,PHI,16.0,17.0,-1.0,0.2870639091876541,0,False
2022,11,2022_11_NYJ_NE,NE,NYJ,10.0,3.0,7.0,0.6532350711551214,1,False
2022,11,2022_11_LA_NO,NO,LA,27.0,20.0,7.0,0.5958343844809144,1,False
2022,11,2022_11_DET_NYG,NYG,DET,18.0,31.0,-13.0,0.6712424095807903,0,False
2022,11,2022_11_LV_DEN,DEN,LV,16.0,22.0,-6.0,0.5997228853986863,0,False
2022,11,2022_11_DAL_MIN,MIN,DAL,3.0,40.0,-37.0,0.5628760476537988,0,False
2022,11,2022_11_CIN_PIT,PIT,CIN,30.0,37.0,-7.0,0.3952686796993329,0,False
2022,11,2022_11_KC_LAC,LAC,KC,27.0,30.0,-3.0,0.3338717691557278,0,False
2022,11,2022_11_SF_ARI,ARI,SF,10.0,38.0,-28.0,0.3592690998330049,0,True
2022,12,2022_12_BUF_DET,DET,BUF,25.0,28.0,-3.0,0.2839680678762567,0,False
2022,12,2022_12_NYG_DAL,DAL,NYG,28.0,20.0,8.0,0.7686172862888765,1,False
2022,12,2022_12_NE_MIN,MIN,NE,33.0,26.0,7.0,0.6215064378763812,1,False
2022,12,2022_12_DEN_CAR,CAR,DEN,23.0,10.0,13.0,0.5131368542724919,1,False
2022,12,2022_12_TB_CLE,CLE,TB,23.0,17.0,6.0,0.3889137950658464,1,False
2022,12,2022_12_BAL_JAX,JAX,BAL,28.0,27.0,1.0,0.32337469211428627,1,False
2022,12,2022_12_HOU_MIA,MIA,HOU,30.0,15.0,15.0,0.835675763756662,1,False
2022,12,2022_12_CHI_NYJ,NYJ,CHI,31.0,10.0,21.0,0.6474977449299139,1,False
2022,12,2022_12_CIN_TEN,TEN,CIN,16.0,20.0,-4.0,0.5637684532164204,0,False
2022,12,2022_12_ATL_WAS,WAS,ATL,19.0,13.0,6.0,0.6770361668727215,1,False
2022,12,2022_12_LAC_ARI,ARI,LAC,24.0,25.0,-1.0,0.5132996570632089,0,False
2022,12,2022_12_LV_SEA,SEA,LV,34.0,40.0,-6.0,0.6871454392575437,0,False
2022,12,2022_12_LA_KC,KC,LA,26.0,10.0,16.0,0.8343483468029198,1,False
2022,12,2022_12_NO_SF,SF,NO,13.0,0.0,13.0,0.7022070579707724,1,False
2022,12,2022_12_GB_PHI,PHI,GB,40.0,33.0,7.0,0.7022204875391569,1,False
2022,12,2022_12_PIT_IND,IND,PIT,17.0,24.0,-7.0,0.6128749973692145,0,False
2022,13,2022_13_BUF_NE,NE,BUF,10.0,24.0,-14.0,0.3617032944375539,0,False
2022,13,2022_13_PIT_ATL,ATL,PIT,16.0,19.0,-3.0,0.5072671580028365,0,False
2022,13,2022_13_DEN_BAL,BAL,DEN,10.0,9.0,1.0,0.7840050565981839,1,False
2022,13,2022_13_GB_CHI,CHI,GB,19.0,28.0,-9.0,0.3852928254928017,0,False
2022,13,2022_13_JAX_DET,DET,JAX,40.0,14.0,26.0,0.6208925308117886,1,False
2022,13,2022_13_CLE_HOU,HOU,CLE,14.0,27.0,-13.0,0.25377195435573385,0,False
2022,13,2022_13_NYJ_MIN,MIN,NYJ,27.0,22.0,5.0,0.7257116015910059,1,False
2022,13,2022_13_WAS_NYG,NYG,WAS,20.0,20.0,0.0,0.44842055406229536,0,False
2022,13,2022_13_TEN_PHI,PHI,TEN,35.0,10.0,25.0,0.6792704383174001,1,False
2022,13,2022_13_SEA_LA,LA,SEA,23.0,27.0,-4.0,0.3156756880215054,0,False
2022,13,2022_13_MIA_SF,SF,MIA,33.0,17.0,16.0,0.6926277006609843,1,False
2022,13,2022_13_KC_CIN,CIN,KC,27.0,24.0,3.0,0.3914857054342834,1,False
2022,13,2022_13_LAC_LV,LV,LAC,27.0,20.0,7.0,0.5982220010048447,1,False
2022,13,2022_13_IND_DAL,DAL,IND,54.0,19.0,35.0,0.7985198925130892,1,False
2022,13,2022_13_NO_TB,TB,NO,17.0,16.0,1.0,0.6637749106525144,1,False
2022,14,2022_14_LV_LA,LA,LV,17.0,16.0,1.0,0.34771964537050815,1,False
2022,14,2022_14_NYJ_BUF,BUF,NYJ,20.0,12.0,8.0,0.8186037372622279,1,False
2022,14,2022_14_CLE_CIN,CIN,CLE,23.0,10.0,13.0,0.730185992349817,1,False
2022,14,2022_14_HOU_DAL,DAL,HOU,27.0,23.0,4.0,0.8906231210017933,1,False
2022,14,2022_14_MIN_DET,DET,MIN,34.0,23.0,11.0,0.41724813743549766,1,False
2022,14,2022_14_PHI_NYG,NYG,PHI,22.0,48.0,-26.0,0.31562761222349356,0,False
2022,14,2022_14_BAL_PIT,PIT,BAL,14.0,16.0,-2.0,0.5138890844762798,0,False
2022,14,2022_14_JAX_TEN,TEN,JAX,22.0,36.0,-14.0,0.7853270289999098,0,False
2022,14,2022_14_KC_DEN,DEN,KC,28.0,34.0,-6.0,0.22405377268193924,0,False
2022,14,2022_14_CAR_SEA,SEA,CAR,24.0,30.0,-6.0,0.731631028053541,0,False
2022,14,2022_14_TB_SF,SF,TB,35.0,7.0,28.0,0.6883239680938419,1,False
2022,14,2022_14_MIA_LAC,LAC,MIA,23.0,17.0,6.0,0.41878545968591224,1,False
2022,14,2022_14_NE_ARI,ARI,NE,13.0,27.0,-14.0,0.443482613458281,0,False
2022,15,2022_15_SF_SEA,SEA,SF,13.0,21.0,-8.0,0.383843243121634,0,False
2022,15,2022_15_IND_MIN,MIN,IND,39.0,36.0,3.0,0.7197986000148054,1,False
2022,15,2022_15_BAL_CLE,CLE,BAL,13.0,3.0,10.0,0.4783261906472801,1,False
2022,15,2022_15_MIA_BUF,BUF,MIA,32.0,29.0,3.0,0.7636621244217241,1,False
2022,15,2022_15_PIT_CAR,CAR,PIT,16.0,24.0,-8.0,0.5455608576519195,0,False
2022,15,2022_15_PHI_CHI,CHI,PHI,20.0,25.0,-5.0,0.23443765590863128,0,False
2022,15,2022_15_KC_HOU,HOU,KC,24.0,30.0,-6.0,0.15905136021648886,0,False
2022,15,2022_15_DAL_JAX,JAX,DAL,40.0,34.0,6.0,0.266732239409956,1,False
2022,15,2022_15_ATL_NO,NO,ATL,21.0,18.0,3.0,0.6590752319445256,1,False
2022,15,2022_15_DET_NYJ,NYJ,DET,17.0,20.0,-3.0,0.5497852165558608,0,False
2022,15,2022_15_ARI_DEN,DEN,ARI,24.0,15.0,9.0,0.4668449822528855,1,False
2022,15,2022_15_NE_LV,LV,NE,30.0,24.0,6.0,0.50110669224128,1,False
2022,15,2022_15_TEN_LAC,LAC,TEN,17.0,14.0,3.0,0.5715569997653122,1,False
2022,15,2022_15_CIN_TB,TB,CIN,23.0,34.0,-11.0,0.3918524807038656,0,False
2022,15,2022_15_NYG_WAS,WAS,NYG,12.0,20.0,-8.0,0.6757465948118296,0,False
2022,15,2022_15_LA_GB,GB,LA,24.0,12.0,12.0,0.6752023063820961,1,False
2022,16,2022_16_JAX_NYJ,NYJ,JAX,3.0,19.0,-16.0,0.5990357168678039,0,False
2022,16,2022_16_ATL_BAL,BAL,ATL,17.0,9.0,8.0,0.7401786697998589,1,False
2022,16,2022_16_DET_CAR,CAR,DET,37.0,23.0,14.0,0.45095136021585486,1,False
2022,16,2022_16_BUF_CHI,CHI,BUF,13.0,35.0,-22.0,0.19120131507998903,0,False
2022,16,2022_16_NO_CLE,CLE,NO,10.0,17.0,-7.0,0.6653885705514413,0,False
2022,16,2022_16_SEA_KC,KC,SEA,24.0,10.0,14.0,0.7754654442515605,1,False
2022,16,2022_16_NYG_MIN,MIN,NYG,27.0,24.0,3.0,0.7254240433563486,1,False
2022,16,2022_16_CIN_NE,NE,CIN,18.0,22.0,-4.0,0.3906901446772834,0,False
2022,16,2022_16_HOU_TEN,TEN,HOU,14.0,19.0,-5.0,0.8012561672387141,0,False
2022,16,2022_16_WAS_SF,SF,WAS,37.0,20.0,17.0,0.740398149012949,1,False
2022,16,2022_16_PHI_DAL,DAL,PHI,40.0,34.0,6.0,0.6391652649311305,1,False
2022,16,2022_16_LV_PIT,PIT,LV,13.0,10.0,3.0,0.5965048396235351,1,False
2022,16,2022_16_GB_MIA,MIA,GB,20.0,26.0,-6.0,0.6323231629873463,0,False
2022,16,2022_16_DEN_LA,LA,DEN,51.0,14.0,37.0,0.5511099970965265,1,False
2022,16,2022_16_TB_ARI,ARI,TB,16.0,19.0,-3.0,0.29565795351405133,0,False
2022,16,2022_16_LAC_IND,IND,LAC,3.0,20.0,-17.0,0.3878515709790287,0,False
2022,17,2022_17_DAL_TEN,TEN,DAL,13.0,27.0,-14.0,0.327202683884866,0,False
2022,17,2022_17_ARI_ATL,ATL,ARI,20.0,19.0,1.0,0.6742124844773498,1,False
2022,17,2022_17_CHI_DET,DET,CHI,41.0,10.0,31.0,0.6996026976107771,1,False
2022,17,2022_17_JAX_HOU,HOU,JAX,3.0,31.0,-28.0,0.3362372772803333,0,False
2022,17,2022_17_DEN_KC,KC,DEN,27.0,24.0,3.0,0.8793407594946673,1,False
2022,17,2022_17_MIA_NE,NE,MIA,23.0,21.0,2.0,0.6407016751903071,1,False
2022,17,2022_17_IND_NYG,NYG,IND,38.0,10.0,28.0,0.6418305649800837,1,False
2022,17,2022_17_NO_PHI,PHI,NO,10.0,20.0,-10.0,0.709580728778129,0,False
2022,17,2022_17_CAR_TB,TB,CAR,30.0,24.0,6.0,0.6903491215670656,1,False
2022,17,2022_17_CLE_WAS,WAS,CLE,10.0,24.0,-14.0,0.5241584741099945,0,False
2022,17,2022_17_SF_LV,LV,SF,34.0,37.0,-3.0,0.3002587354618734,0,False
2022,17,2022_17_NYJ_SEA,SEA,NYJ,23.0,6.0,17.0,0.6217078123599854,1,False
2022,17,2022_17_MIN_GB,GB,MIN,41.0,17.0,24.0,0.5504758648292208,1,False
2022,17,2022_17_LA_LAC,LAC,LA,31.0,10.0,21.0,0.6559693543842177,1,False
2022,17,2022_17_PIT_BAL,BAL,PIT,13.0,16.0,-3.0,0.6508055708797769,0,False
2022,18,2022_18_KC_LV,LV,KC,13.0,31.0,-18.0,0.2706713164868916,0,False
2022,18,2022_18_TEN_JAX,JAX,TEN,20.0,16.0,4.0,0.7176719016494773,1,False
2022,18,2022_18_TB_ATL,ATL,TB,30.0,17.0,13.0,0.5566703300182906,1,False
2022,18,2022_18_NE_BUF,BUF,NE,35.0,23.0,12.0,0.7695990829892108,1,False
2022,18,2022_18_MIN_CHI,CHI,MIN,13.0,29.0,-16.0,0.2677458917621653,0,False
2022,18,2022_18_BAL_CIN,CIN,BAL,27.0,16.0,11.0,0.7148872526679233,1,False
2022,18,2022_18_HOU_IND,IND,HOU,31.0,32.0,-1.0,0.6775162706480233,0,False
2022,18,2022_18_NYJ_MIA,MIA,NYJ,11.0,6.0,5.0,0.6653665828164043,1,False
2022,18,2022_18_CAR_NO,NO,CAR,7.0,10.0,-3.0,0.6620106319559125,0,False
2022,18,2022_18_CLE_PIT,PIT,CLE,28.0,14.0,14.0,0.6238710049303939,1,False
2022,18,2022_18_LAC_DEN,DEN,LAC,31.0,28.0,3.0,0.3459701881554533,1,False
2022,18,2022_18_NYG_PHI,PHI,NYG,22.0,16.0,6.0,0.7690328836744302,1,False
2022,18,2022_18_LA_SEA,SEA,LA,19.0,16.0,3.0,0.6672669082408278,1,False
2022,18,2022_18_ARI_SF,SF,ARI,38.0,13.0,25.0,0.8728086492728379,1,False
2022,18,2022_18_DAL_WAS,WAS,DAL,26.0,6.0,20.0,0.27051378468431514,1,False
2022,18,2022_18_DET_GB,GB,DET,16.0,20.0,-4.0,0.6646064713266305,0,False
2023,1,2023_01_DET_KC,KC,DET,20.0,21.0,-1.0,0.7166516721493368,0,False
2023,1,2023_01_CAR_ATL,ATL,CAR,24.0,10.0,14.0,0.650697352258905,1,False
2023,1,2023_01_HOU_BAL,BAL,HOU,25.0,9.0,16.0,0.7274089693661769,1,False
2023,1,2023_01_CIN_CLE,CLE,CIN,24.0,3.0,21.0,0.42138560323313895,1,False
2023,1,2023_01_JAX_IND,IND,JAX,21.0,31.0,-10.0,0.37132883959776947,0,False
2023,1,2023_01_TB_MIN,MIN,TB,17.0,20.0,-3.0,0.6613539321633135,0,False
2023,1,2023_01_TEN_NO,NO,TEN,16.0,15.0,1.0,0.6561148681646812,1,False
2023,1,2023_01_SF_PIT,PIT,SF,7.0,30.0,-23.0,0.4290326786426016,0,False
2023,1,2023_01_ARI_WAS,WAS,ARI,20.0,16.0,4.0,0.6459902651713477,1,False
2023,1,2023_01_GB_CHI,CHI,GB,20.0,38.0,-18.0,0.460915683087523,0,False
2023,1,2023_01_LV_DEN,DEN,LV,16.0,17.0,-1.0,0.5958010773010899,0,False
2023,1,2023_01_MIA_LAC,LAC,MIA,34.0,36.0,-2.0,0.6377618727838732,0,False
2023,1,2023_01_PHI_NE,NE,PHI,20.0,25.0,-5.0,0.4317959063752877,0,False
2023,1,2023_01_LA_SEA,SEA,LA,13.0,30.0,-17.0,0.6823551193638945,0,False
2023,1,2023_01_DAL_NYG,NYG,DAL,0.0,40.0,-40.0,0.3889737882527245,0,False
2023,1,2023_01_BUF_NYJ,NYJ,BUF,22.0,16.0,6.0,0.2933680988673735,1,False
2023,2,2023_02_MIN_PHI,PHI,MIN,34.0,28.0,6.0,0.6992083316074816,1,False
2023,2,2023_02_GB_ATL,ATL,GB,25.0,24.0,1.0,0.5923976958935108,1,False
2023,2,2023_02_LV_BUF,BUF,LV,38.0,10.0,28.0,0.7417707982682855,1,False
2023,2,2023_02_BAL_CIN,CIN,BAL,24.0,27.0,-3.0,0.6921524461041298,0,False
2023,2,2023_02_SEA_DET,DET,SEA,31.0,37.0,-6.0,0.6810781758799169,0,False
2023,2,2023_02_IND_HOU,HOU,IND,20.0,31.0,-11.0,0.5050141490136053,0,False
2023,2,2023_02_KC_JAX,JAX,KC,9.0,17.0,-8.0,0.38087639987825567,0,False
2023,2,2023_02_CHI_TB,TB,CHI,27.0,17.0,10.0,0.6915890153229468,1,False
2023,2,2023_02_LAC_TEN,TEN,LAC,27.0,24.0,3.0,0.4409912330921035,1,False
2023,2,2023_02_NYG_ARI,ARI,NYG,28.0,31.0,-3.0,0.40853696339361806,0,False
2023,2,2023_02_SF_LA,LA,SF,23.0,30.0,-7.0,0.335121204210353,0,False
2023,2,2023_02_NYJ_DAL,DAL,NYJ,30.0,10.0,20.0,0.7202055677521004,1,False
2023,2,2023_02_WAS_DEN,DEN,WAS,33.0,35.0,-2.0,0.5347077042398548,0,False
2023,2,2023_02_MIA_NE,NE,MIA,17.0,24.0,-7.0,0.5200927635393557,0,False
2023,2,2023_02_NO_CAR,CAR,NO,17.0,20.0,-3.0,0.4462665192706653,0,False
2023,2,2023_02_CLE_PIT,PIT,CLE,26.0,22.0,4.0,0.4980166799517521,1,False
2023,3,2023_03_NYG_SF,SF,NYG,30.0,12.0,18.0,0.7781042777958226,1,False
2023,3,2023_03_IND_BAL,BAL,IND,19.0,22.0,-3.0,0.7477680177071194,0,False
2023,3,2023_03_TEN_CLE,CLE,TEN,27.0,3.0,24.0,0.6488916743892454,1,False
2023,3,2023_03_ATL_DET,DET,ATL,20.0,6.0,14.0,0.6185660763647323,1,False
2023,3,2023_03_NO_GB,GB,NO,18.0,17.0,1.0,0.5675707810671062,1,False
2023,3,2023_03_HOU_JAX,JAX,HOU,17.0,37.0,-20.0,0.7738291342471789,0,False
2023,3,2023_03_DEN_MIA,MIA,DEN,70.0,20.0,50.0,0.7034653312486718,1,False
2023,3,2023_03_LAC_MIN,MIN,LAC,24.0,28.0,-4.0,0.6132815738239862,0,False
2023,3,2023_03_NE_NYJ,NYJ,NE,10.0,15.0,-5.0,0.44650585102832796,0,False
2023,3,2023_03_BUF_WAS,WAS,BUF,3.0,37.0,-34.0,0.34032203259987875,0,False
2023,3,2023_03_CAR_SEA,SEA,CAR,37.0,27.0,10.0,0.6805759823827736,1,False
2023,3,2023_03_DAL_ARI,ARI,DAL,28.0,16.0,12.0,0.2847797986157878,1,False
2023,3,2023_03_CHI_KC,KC,CHI,41.0,10.0,31.0,0.8415908327108497,1,False
2023,3,2023_03_PIT_LV,LV,PIT,18.0,23.0,-5.0,0.5148586449335394,0,False
2023,3,2023_03_PHI_TB,TB,PHI,11.0,25.0,-14.0,0.3751790392332137,0,False
2023,3,2023_03_LA_CIN,CIN,LA,19.0,16.0,3.0,0.6996135304170462,1,False
2023,4,2023_04_DET_GB,GB,DET,20.0,34.0,-14.0,0.5622879905395352,0,False
2023,4,2023_04_ATL_JAX,JAX,ATL,23.0,7.0,16.0,0.5493339084112436,1,True
2023,4,2023_04_MIA_BUF,BUF,MIA,48.0,20.0,28.0,0.6840828153138422,1,False
2023,4,2023_04_MIN_CAR,CAR,MIN,13.0,21.0,-8.0,0.4037276742731506,0,False
2023,4,2023_04_DEN_CHI,CHI,DEN,28.0,31.0,-3.0,0.46918580704488,0,False
2023,4,2023_04_BAL_CLE,CLE,BAL,3.0,28.0,-25.0,0.49989314902167914,0,False
2023,4,2023_04_PIT_HOU,HOU,PIT,30.0,6.0,24.0,0.3431599651162243,1,False
2023,4,2023_04_LA_IND,IND,LA,23.0,29.0,-6.0,0.535683493805376,0,False
2023,4,2023_04_TB_NO,NO,TB,9.0,26.0,-17.0,0.6463502068970275,0,False
2023,4,2023_04_WAS_PHI,PHI,WAS,34.0,31.0,3.0,0.7193611881670152,1,False
2023,4,2023_04_CIN_TEN,TEN,CIN,27.0,3.0,24.0,0.4022059585881765,1,False
2023,4,2023_04_LV_LAC,LAC,LV,24.0,17.0,7.0,0.6728930251702585,1,False
2023,4,2023_04_NE_DAL,DAL,NE,38.0,3.0,35.0,0.6693357490894742,1,False
2023,4,2023_04_ARI_SF,SF,ARI,35.0,16.0,19.0,0.8008169557916125,1,False
2023,4,2023_04_KC_NYJ,NYJ,KC,20.0,23.0,-3.0,0.3120057852225747,0,False
2023,4,2023_04_SEA_NYG,NYG,SEA,3.0,24.0,-21.0,0.4389853031218571,0,False
2023,5,2023_05_CHI_WAS,WAS,CHI,20.0,40.0,-20.0,0.7350945843034918,0,False
2023,5,2023_05_JAX_BUF,BUF,JAX,20.0,25.0,-5.0,0.7178423279177719,0,True
2023,5,2023_05_HOU_ATL,ATL,HOU,21.0,19.0,2.0,0.6270780513957729,1,False
2023,5,2023_05_CAR_DET,DET,CAR,42.0,24.0,18.0,0.7271961348631077,1,False
2023,5,2023_05_TEN_IND,IND,TEN,23.0,16.0,7.0,0.44686023498524063,1,False
2023,5,2023_05_NYG_MIA,MIA,NYG,31.0,16.0,15.0,0.6966334503516022,1,False
2023,5,2023_05_NO_NE,NE,NO,0.0,34.0,-34.0,0.5904319381845662,0,False
2023,5,2023_05_BAL_PIT,PIT,BAL,17.0,10.0,7.0,0.40279104231737967,1,False
2023,5,2023_05_CIN_ARI,ARI,CIN,20.0,34.0,-14.0,0.41414476112784593,0,False
2023,5,2023_05_PHI_LA,LA,PHI,14.0,23.0,-9.0,0.3271050502075234,0,False
2023,5,2023_05_NYJ_DEN,DEN,NYJ,21.0,31.0,-10.0,0.5821555330795024,0,False
2023,5,2023_05_KC_MIN,MIN,KC,20.0,27.0,-7.0,0.3389343017880013,0,False
2023,5,2023_05_DAL_SF,SF,DAL,42.0,10.0,32.0,0.6618428417435828,1,False
2023,5,2023_05_GB_LV,LV,GB,17.0,13.0,4.0,0.48902786859924413,1,False
2023,6,2023_06_DEN_KC,KC,DEN,19.0,8.0,11.0,0.847727120672627,1,False
2023,6,2023_06_BAL_TEN,TEN,BAL,16.0,24.0,-8.0,0.32346502065092136,0,True
2023,6,2023_06_WAS_ATL,ATL,WAS,16.0,24.0,-8.0,0.6071472981877982,0,False
2023,6,2023_06_MIN_CHI,CHI,MIN,13.0,19.0,-6.0,0.3708039738684897,0,False
2023,6,2023_06_SEA_CIN,CIN,SEA,17.0,13.0,4.0,0.618330129994486,1,False
2023,6,2023_06_SF_CLE,CLE,SF,19.0,17.0,2.0,0.2972816830326377,1,False
2023,6,2023_06_NO_HOU,HOU,NO,20.0,13.0,7.0,0.416452952149288,1,False
2023,6,2023_06_IND_JAX,JAX,IND,37.0,20.0,17.0,0.6834908199448324,1,False
2023,6,2023_06_CAR_MIA,MIA,CAR,42.0,21.0,21.0,0.7490175467311319,1,False
2023,6,2023_06_NE_LV,LV,NE,21.0,17.0,4.0,0.642314150508914,1,False
2023,6,2023_06_ARI_LA,LA,ARI,26.0,9.0,17.0,0.7357898078836218,1,False
2023,6,2023_06_PHI_NYJ,NYJ,PHI,20.0,14.0,6.0,0.33250163521591114,1,False
2023,6,2023_06_DET_TB,TB,DET,6.0,20.0,-14.0,0.4861161864204372,0,False
2023,6,2023_06_NYG_BUF,BUF,NYG,14.0,9.0,5.0,0.8427105650094763,1,False
2023,6,2023_06_DAL_LAC,LAC,DAL,17.0,20.0,-3.0,0.4769405425048429,0,False
2023,7,2023_07_JAX_NO,NO,JAX,24.0,31.0,-7.0,0.5632655278028714,0,False
2023,7,2023_07_DET_BAL,BAL,DET,38.0,6.0,32.0,0.5908778549662888,1,False
2023,7,2023_07_LV_CHI,CHI,LV,30.0,12.0,18.0,0.3998540060050116,1,False
2023,7,2023_07_CLE_IND,IND,CLE,38.0,39.0,-1.0,0.3925268699089432,0,False
2023,7,2023_07_BUF_NE,NE,BUF,29.0,25.0,4.0,0.2948515182268655,1,False
2023,7,2023_07_WAS_NYG,NYG,WAS,14.0,7.0,7.0,0.39566959061500323,1,False
2023,7,2023_07_ATL_TB,TB,ATL,13.0,16.0,-3.0,0.6648975506764232,0,False
2023,7,2023_07_PIT_LA,LA,PIT,17.0,24.0,-7.0,0.5969273497308625,0,False
2023,7,2023_07_ARI_SEA,SEA,ARI,20.0,10.0,10.0,0.7226759651006839,1,False
2023,7,2023_07_GB_DEN,DEN,GB,19.0,17.0,2.0,0.43957839584651737,1,False
2023,7,2023_07_LAC_KC,KC,LAC,31.0,17.0,14.0,0.7504402946076772,1,False
2023,7,2023_07_MIA_PHI,PHI,MIA,31.0,17.0,14.0,0.6773898838182653,1,False
2023,7,2023_07_SF_MIN,MIN,SF,22.0,17.0,5.0,0.35442295107145105,1,False
2023,8,2023_08_TB_BUF,BUF,TB,24.0,18.0,6.0,0.7239240056995997,1,False
2023,8,2023_08_HOU_CAR,CAR,HOU,15.0,13.0,2.0,0.42852164261452774,1,False
2023,8,2023_08_LA_DAL,DAL,LA,43.0,20.0,23.0,0.7063970361585646,1,False
2023,8,2023_08_MIN_GB,GB,MIN,10.0,24.0,-14.0,0.49049953751318126,0,False
2023,8,2023_08_NO_IND,IND,NO,27.0,38.0,-11.0,0.42918376566783706,0,False
2023,8,2023_08_NE_MIA,MIA,NE,31.0,17.0,14.0,0.6834621677694626,1,False
2023,8,2023_08_NYJ_NYG,NYG,NYJ,10.0,13.0,-3.0,0.4102196211554428,0,False
2023,8,2023_08_JAX_PIT,PIT,JAX,10.0,20.0,-10.0,0.50499368124602,0,False
2023,8,2023_08_ATL_TEN,TEN,ATL,28.0,23.0,5.0,0.4949323331124954,1,False
2023,8,2023_08_PHI_WAS,WAS,PHI,31.0,38.0,-7.0,0.33409588334751866,0,False
2023,8,2023_08_CLE_SEA,SEA,CLE,24.0,20.0,4.0,0.686562962483809,1,False
2023,8,2023_08_BAL_ARI,ARI,BAL,24.0,31.0,-7.0,0.3116420442721792,0,False
2023,8,2023_08_KC_DEN,DEN,KC,24.0,9.0,15.0,0.2273877715119361,1,False
2023,8,2023_08_CIN_SF,SF,CIN,17.0,31.0,-14.0,0.6988508919464983,0,False
2023,8,2023_08_CHI_LAC,LAC,CHI,30.0,13.0,17.0,0.719206421211465,1,False
2023,8,2023_08_LV_DET,DET,LV,26.0,14.0,12.0,0.7038468502066295,1,False
2023,9,2023_09_TEN_PIT,PIT,TEN,20.0,16.0,4.0,0.6604362146471007,1,False
2023,9,2023_09_MIA_KC,KC,MIA,21.0,14.0,7.0,0.6125377372953604,1,True
2023,9,2023_09_MIN_ATL,ATL,MIN,28.0,31.0,-3.0,0.4741854727005271,0,False
2023,9,2023_09_SEA_BAL,BAL,SEA,37.0,3.0,34.0,0.7197526822599485,1,False
2023,9,2023_09_ARI_CLE,CLE,ARI,27.0,0.0,27.0,0.7359729534362762,1,False
2023,9,2023_09_LA_GB,GB,LA,20.0,3.0,17.0,0.6836335426249195,1,False
2023,9,2023_09_TB_HOU,HOU,TB,39.0,37.0,2.0,0.5518017657380878,1,False
2023,9,2023_09_WAS_NE,NE,WAS,17.0,20.0,-3.0,0.611031878636141,0,False
2023,9,2023_09_CHI_NO,NO,CHI,24.0,17.0,7.0,0.73800926966421,1,False
2023,9,2023_09_IND_CAR,CAR,IND,13.0,27.0,-14.0,0.5203074156212718,0,False
2023,9,2023_09_NYG_LV,LV,NYG,30.0,6.0,24.0,0.5976641048777588,1,False
2023,9,2023_09_DAL_PHI,PHI,DAL,28.0,23.0,5.0,0.6731557298449046,1,False
2023,9,2023_09_BUF_CIN,CIN,BUF,24.0,18.0,6.0,0.5278378580305624,1,False
2023,9,2023_09_LAC_NYJ,NYJ,LAC,6.0,27.0,-21.0,0.4819842000115167,0,False
2023,10,2023_10_CAR_CHI,CHI,CAR,16.0,13.0,3.0,0.6298090311988025,1,False
2023,10,2023_10_IND_NE,NE,IND,6.0,10.0,-4.0,0.4689062338829141,0,True
2023,10,2023_10_CLE_BAL,BAL,CLE,31.0,33.0,-2.0,0.7191986448951452,0,False
2023,10,2023_10_HOU_CIN,CIN,HOU,27.0,30.0,-3.0,0.7498084030670327,0,False
2023,10,2023_10_SF_JAX,JAX,SF,3.0,34.0,-31.0,0.44801075478704655,0,False
2023,10,2023_10_NO_MIN,MIN,NO,27.0,19.0,8.0,0.5477823991317406,1,False
2023,10,2023_10_GB_PIT,PIT,GB,23.0,19.0,4.0,0.6622249869122235,1,False
2023,10,2023_10_TEN_TB,TB,TEN,20.0,6.0,14.0,0.6692773597873484,1,False
2023,10,2023_10_ATL_ARI,ARI,ATL,25.0,23.0,2.0,0.44619780150983523,1,False
2023,10,2023_10_DET_LAC,LAC,DET,38.0,41.0,-3.0,0.49944144254712913,0,False
2023,10,2023_10_NYG_DAL,DAL,NYG,49.0,17.0,32.0,0.8207997480313344,1,False
2023,10,2023_10_WAS_SEA,SEA,WAS,29.0,26.0,3.0,0.6671216072750084,1,False
2023,10,2023_10_NYJ_LV,LV,NYJ,16.0,12.0,4.0,0.4951527511149304,1,False
2023,10,2023_10_DEN_BUF,BUF,DEN,22.0,24.0,-2.0,0.7730158990694457,0,False
2023,11,2023_11_CIN_BAL,BAL,CIN,34.0,20.0,14.0,0.6709018137039938,1,False
2023,11,2023_11_DAL_CAR,CAR,DAL,10.0,33.0,-23.0,0.266197665639811,0,False
2023,11,2023_11_PIT_CLE,CLE,PIT,13.0,10.0,3.0,0.5828134519241692,1,False
2023,11,2023_11_CHI_DET,DET,CHI,31.0,26.0,5.0,0.8095244426958756,1,False
2023,11,2023_11_LAC_GB,GB,LAC,23.0,20.0,3.0,0.4521757322219442,1,False
2023,11,2023_11_ARI_HOU,HOU,ARI,21.0,16.0,5.0,0.7251028963092803,1,False
2023,11,2023_11_TEN_JAX,JAX,TEN,34.0,14.0,20.0,0.7001313214145385,1,False
2023,11,2023_11_LV_MIA,MIA,LV,20.0,13.0,7.0,0.6718431453459497,1,False
2023,11,2023_11_NYG_WAS,WAS,NYG,19.0,31.0,-12.0,0.6907984068972342,0,False
2023,11,2023_11_TB_SF,SF,TB,27.0,14.0,13.0,0.7490659161856432,1,False
2023,11,2023_11_NYJ_BUF,BUF,NYJ,32.0,6.0,26.0,0.7487857208146831,1,False
2023,11,2023_11_SEA_LA,LA,SEA,17.0,16.0,1.0,0.47616543426742763,1,False
2023,11,2023_11_MIN_DEN,DEN,MIN,21.0,20.0,1.0,0.4909019442974608,1,False
2023,11,2023_11_PHI_KC,KC,PHI,17.0,21.0,-4.0,0.6065419833103102,0,False
2023,12,2023_12_GB_DET,DET,GB,22.0,29.0,-7.0,0.6822784048395002,0,False
2023,12,2023_12_WAS_DAL,DAL,WAS,45.0,10.0,35.0,0.7953254596201379,1,False
2023,12,2023_12_SF_SEA,SEA,SF,13.0,31.0,-18.0,0.2857089995983025,0,False
2023,12,2023_12_MIA_NYJ,NYJ,MIA,13.0,34.0,-21.0,0.22801540513146562,0,False
2023,12,2023_12_NO_ATL,ATL,NO,24.0,15.0,9.0,0.4352860266187152,1,False
2023,12,2023_12_PIT_CIN,CIN,PIT,10.0,16.0,-6.0,0.5432317696878373,0,False
2023,12,2023_12_JAX_HOU,HOU,JAX,21.0,24.0,-3.0,0.4427258959430538,0,False
2023,12,2023_12_TB_IND,IND,TB,27.0,20.0,7.0,0.5655738602469462,1,False
2023,12,2023_12_NE_NYG,NYG,NE,10.0,7.0,3.0,0.48348234261520406,1,False
2023,12,2023_12_CAR_TEN,TEN,CAR,17.0,10.0,7.0,0.6626821375956076,1,False
2023,12,2023_12_LA_ARI,ARI,LA,14.0,37.0,-23.0,0.4171240024454252,0,False
2023,12,2023_12_CLE_DEN,DEN,CLE,29.0,12.0,17.0,0.5137530485436224,1,False
2023,12,2023_12_KC_LV,LV,KC,17.0,31.0,-14.0,0.33624497248855406,0,False
2023,12,2023_12_BUF_PHI,PHI,BUF,37.0,34.0,3.0,0.6736651244440751,1,False
2023,12,2023_12_BAL_LAC,LAC,BAL,10.0,20.0,-10.0,0.3674725853971385,0,False
2023,12,2023_12_CHI_MIN,MIN,CHI,10.0,12.0,-2.0,0.8131956585712856,0,False
2023,13,2023_13_SEA_DAL,DAL,SEA,41.0,35.0,6.0,0.713659652141377,1,False
2023,13,2023_13_DEN_HOU,HOU,DEN,22.0,17.0,5.0,0.5976698821196191,1,False
2023,13,2023_13_LAC_NE,NE,LAC,0.0,6.0,-6.0,0.3203840417308451,0,False
2023,13,2023_13_DET_NO,NO,DET,28.0,33.0,-5.0,0.3855845480066186,0,False
2023,13,2023_13_ATL_NYJ,NYJ,ATL,8.0,13.0,-5.0,0.4592148566373149,0,False
2023,13,2023_13_ARI_PIT,PIT,ARI,10.0,24.0,-14.0,0.7989645170057574,0,False
2023,13,2023_13_IND_TEN,TEN,IND,28.0,31.0,-3.0,0.5028377253272515,0,False
2023,13,2023_13_MIA_WAS,WAS,MIA,15.0,45.0,-30.0,0.33998079379981494,0,False
2023,13,2023_13_CAR_TB,TB,CAR,21.0,18.0,3.0,0.7274038911971528,1,False
2023,13,2023_13_CLE_LA,LA,CLE,36.0,19.0,17.0,0.5874121370122073,1,False
2023,13,2023_13_SF_PHI,PHI,SF,19.0,42.0,-23.0,0.5183943501189415,0,False
2023,13,2023_13_KC_GB,GB,KC,27.0,19.0,8.0,0.3132789581259884,1,False
2023,13,2023_13_CIN_JAX,JAX,CIN,31.0,34.0,-3.0,0.6479593684571746,0,False
2023,14,2023_14_NE_PIT,PIT,NE,18.0,21.0,-3.0,0.7163673214918542,0,False
2023,14,2023_14_TB_ATL,ATL,TB,25.0,29.0,-4.0,0.5337412496648651,0,False
2023,14,2023_14_LA_BAL,BAL,LA,37.0,31.0,6.0,0.7549260831639003,1,False
2023,14,2023_14_DET_CHI,CHI,DET,28.0,13.0,15.0,0.30747418247372965,1,False
2023,14,2023_14_IND_CIN,CIN,IND,34.0,14.0,20.0,0.677009052760091,1,False
2023,14,2023_14_JAX_CLE,CLE,JAX,31.0,27.0,4.0,0.48706163556215354,1,False
2023,14,2023_14_CAR_NO,NO,CAR,28.0,6.0,22.0,0.7287558572919651,1,False
2023,14,2023_14_HOU_NYJ,NYJ,HOU,30.0,6.0,24.0,0.3999288359117481,1,False
2023,14,2023_14_MIN_LV,LV,MIN,0.0,3.0,-3.0,0.36911203988465047,0,False
2023,14,2023_14_SEA_SF,SF,SEA,28.0,16.0,12.0,0.8255415808474627,1,False
2023,14,2023_14_BUF_KC,KC,BUF,17.0,20.0,-3.0,0.6206010514160035,0,False
2023,14,2023_14_DEN_LAC,LAC,DEN,7.0,24.0,-17.0,0.665388000412644,0,False
2023,14,2023_14_PHI_DAL,DAL,PHI,33.0,13.0,20.0,0.6174472415138933,1,False
2023,14,2023_14_TEN_MIA,MIA,TEN,27.0,28.0,-1.0,0.7656745112984672,0,False
2023,14,2023_14_GB_NYG,NYG,GB,24.0,22.0,2.0,0.30794835924777314,1,False
2023,15,2023_15_LAC_LV,LV,LAC,63.0,21.0,42.0,0.59382068559201,1,False
2023,15,2023_15_MIN_CIN,CIN,MIN,27.0,24.0,3.0,0.6763926706310197,1,False
2023,15,2023_15_PIT_IND,IND,PIT,30.0,13.0,17.0,0.5979604059488624,1,False
2023,15,2023_15_DEN_DET,DET,DEN,42.0,17.0,25.0,0.693319523472438,1,False
2023,15,2023_15_ATL_CAR,CAR,ATL,9.0,7.0,2.0,0.34742207356767724,1,False
2023,15,2023_15_CHI_CLE,CLE,CHI,20.0,17.0,3.0,0.6766888113304314,1,False
2023,15,2023_15_TB_GB,GB,TB,20.0,34.0,-14.0,0.6897143020547779,0,False
2023,15,2023_15_NYJ_MIA,MIA,NYJ,30.0,0.0,30.0,0.7444798890607789,1,False
2023,15,2023_15_KC_NE,NE,KC,17.0,27.0,-10.0,0.274610103485456,0,False
2023,15,2023_15_NYG_NO,NO,NYG,24.0,6.0,18.0,0.7221130126043843,1,False
2023,15,2023_15_HOU_TEN,TEN,HOU,16.0,19.0,-3.0,0.6398214745395671,0,False
2023,15,2023_15_SF_ARI,ARI,SF,29.0,45.0,-16.0,0.18069627013703285,0,False
2023,15,2023_15_WAS_LA,LA,WAS,28.0,20.0,8.0,0.6909960819172174,1,False
2023,15,2023_15_DAL_BUF,BUF,DAL,31.0,10.0,21.0,0.5428010480807962,1,False
2023,15,2023_15_BAL_JAX,JAX,BAL,7.0,23.0,-16.0,0.35481678433755776,0,False
2023,15,2023_15_PHI_SEA,SEA,PHI,20.0,17.0,3.0,0.35654106052754153,1,False
2023,16,2023_16_NO_LA,LA,NO,30.0,22.0,8.0,0.6336265513625218,1,False
2023,16,2023_16_CIN_PIT,PIT,CIN,34.0,11.0,23.0,0.3174233278359681,1,False
2023,16,2023_16_BUF_LAC,LAC,BUF,22.0,24.0,-2.0,0.27712642297980494,0,False
2023,16,2023_16_IND_ATL,ATL,IND,29.0,10.0,19.0,0.5059644542116184,1,False
2023,16,2023_16_GB_CAR,CAR,GB,30.0,33.0,-3.0,0.33878839172825254,0,False
2023,16,2023_16_CLE_HOU,HOU,CLE,22.0,36.0,-14.0,0.4002065463001774,0,False
2023,16,2023_16_DET_MIN,MIN,DET,24.0,30.0,-6.0,0.47651113954188984,0,False
2023,16,2023_16_WAS_NYJ,NYJ,WAS,30.0,28.0,2.0,0.6425058169449369,1,False
2023,16,2023_16_SEA_TEN,TEN,SEA,17.0,20.0,-3.0,0.3675277880491015,0,False
2023,16,2023_16_JAX_TB,TB,JAX,30.0,12.0,18.0,0.5190505887604393,1,False
2023,16,2023_16_ARI_CHI,CHI,ARI,27.0,16.0,11.0,0.7066987770789119,1,False
2023,16,2023_16_DAL_MIA,MIA,DAL,22.0,20.0,2.0,0.5508462999681633,1,False
2023,16,2023_16_NE_DEN,DEN,NE,23.0,26.0,-3.0,0.6793893280070801,0,False
2023,16,2023_16_LV_KC,KC,LV,14.0,20.0,-6.0,0.7437806538287546,0,False
2023,16,2023_16_NYG_PHI,PHI,NYG,33.0,25.0,8.0,0.7940627076450902,1,False
2023,16,2023_16_BAL_SF,SF,BAL,19.0,33.0,-14.0,0.7303232903683047,0,False
2023,17,2023_17_NYJ_CLE,CLE,NYJ,37.0,20.0,17.0,0.7432337412600567,1,False
2023,17,2023_17_DET_DAL,DAL,DET,20.0,19.0,1.0,0.7176968321969248,1,False
2023,17,2023_17_MIA_BAL,BAL,MIA,56.0,19.0,37.0,0.6811320145913632,1,False
2023,17,2023_17_NE_BUF,BUF,NE,27.0,21.0,6.0,0.8317597611932814,1,False
2023,17,2023_17_ATL_CHI,CHI,ATL,37.0,17.0,20.0,0.6397896735558504,1,False
2023,17,2023_17_TEN_HOU,HOU,TEN,26.0,3.0,23.0,0.6883383464563096,1,False
2023,17,2023_17_LV_IND,IND,LV,23.0,20.0,3.0,0.5789046135426862,1,False
2023,17,2023_17_CAR_JAX,JAX,CAR,26.0,0.0,26.0,0.7475896420843556,1,False
2023,17,2023_17_LA_NYG,NYG,LA,25.0,26.0,-1.0,0.28530725345775015,0,False
2023,17,2023_17_ARI_PHI,PHI,ARI,31.0,35.0,-4.0,0.8423872211986351,0,False
2023,17,2023_17_NO_TB,TB,NO,13.0,23.0,-10.0,0.6480905346272814,0,False
2023,17,2023_17_SF_WAS,WAS,SF,10.0,27.0,-17.0,0.18436964058301755,0,False
2023,17,2023_17_PIT_SEA,SEA,PIT,23.0,30.0,-7.0,0.7010921680699163,0,False
2023,17,2023_17_LAC_DEN,DEN,LAC,16.0,9.0,7.0,0.6550080983044406,1,False
2023,17,2023_17_CIN_KC,KC,CIN,25.0,17.0,8.0,0.7364347689196526,1,False
2023,17,2023_17_GB_MIN,MIN,GB,10.0,33.0,-23.0,0.5815307795516058,0,False
2023,18,2023_18_PIT_BAL,BAL,PIT,10.0,17.0,-7.0,0.7980272935305022,0,False
2023,18,2023_18_HOU_IND,IND,HOU,19.0,23.0,-4.0,0.5467276213355573,0,False
2023,18,2023_18_TB_CAR,CAR,TB,0.0,9.0,-9.0,0.301910595247352,0,False
2023,18,2023_18_CLE_CIN,CIN,CLE,31.0,14.0,17.0,0.7010863174928509,1,False
2023,18,2023_18_MIN_DET,DET,MIN,30.0,20.0,10.0,0.65279461787344,1,False
2023,18,2023_18_NYJ_NE,NE,NYJ,3.0,17.0,-14.0,0.6428822901716105,0,False
2023,18,2023_18_ATL_NO,NO,ATL,48.0,17.0,31.0,0.659692999892491,1,False
2023,18,2023_18_JAX_TEN,TEN,JAX,28.0,20.0,8.0,0.311072159479785,1,False
2023,18,2023_18_SEA_ARI,ARI,SEA,20.0,21.0,-1.0,0.4152217937116846,0,False
2023,18,2023_18_CHI_GB,GB,CHI,17.0,9.0,8.0,0.6574839628836369,1,False
2023,18,2023_18_KC_LAC,LAC,KC,12.0,13.0,-1.0,0.4344250668512033,0,False
2023,18,2023_18_DEN_LV,LV,DEN,27.0,14.0,13.0,0.6684454839271234,1,False
2023,18,2023_18_PHI_NYG,NYG,PHI,27.0,10.0,17.0,0.2827899751348033,1,False
2023,18,2023_18_LA_SF,SF,LA,20.0,21.0,-1.0,0.7803617429197689,0,False
2023,18,2023_18_DAL_WAS,WAS,DAL,10.0,38.0,-28.0,0.23506193777696985,0,False
2023,18,2023_18_BUF_MIA,MIA,BUF,14.0,21.0,-7.0,0.4325623374318372,0,False
2024,1,2024_01_BAL_KC,KC,BAL,27.0,20.0,7.0,0.5576013379054839,1,False
2024,1,2024_01_GB_PHI,PHI,GB,34.0,29.0,5.0,0.5306235880701563,1,True
2024,1,2024_01_PIT_ATL,ATL,PIT,10.0,18.0,-8.0,0.5289468324111741,0,False
2024,1,2024_01_ARI_BUF,BUF,ARI,34.0,28.0,6.0,0.7768461479637548,1,False
2024,1,2024_01_TEN_CHI,CHI,TEN,24.0,17.0,7.0,0.6272985390671009,1,False
2024,1,2024_01_NE_CIN,CIN,NE,10.0,16.0,-6.0,0.7041727880431119,0,False
2024,1,2024_01_HOU_IND,IND,HOU,27.0,29.0,-2.0,0.49835816569768543,0,False
2024,1,2024_01_JAX_MIA,MIA,JAX,20.0,17.0,3.0,0.6915855433152439,1,False
2024,1,2024_01_CAR_NO,NO,CAR,47.0,10.0,37.0,0.7372877971917952,1,False
2024,1,2024_01_MIN_NYG,NYG,MIN,6.0,28.0,-22.0,0.5097321670402188,0,False
2024,1,2024_01_LV_LAC,LAC,LV,22.0,10.0,12.0,0.5593363047109813,1,False
2024,1,2024_01_DEN_SEA,SEA,DEN,26.0,20.0,6.0,0.6445985472295347,1,False
2024,1,2024_01_DAL_CLE,CLE,DAL,17.0,33.0,-16.0,0.48396562196750464,0,False
2024,1,2024_01_WAS_TB,TB,WAS,37.0,20.0,17.0,0.7363688534566296,1,False
2024,1,2024_01_LA_DET,DET,LA,26.0,20.0,6.0,0.6959138951545553,1,False
2024,1,2024_01_NYJ_SF,SF,NYJ,32.0,19.0,13.0,0.7835729127363595,1,False
2024,2,2024_02_BUF_MIA,MIA,BUF,10.0,31.0,-21.0,0.5364536587614517,0,False
2024,2,2024_02_LV_BAL,BAL,LV,23.0,26.0,-3.0,0.7487902540693039,0,False
2024,2,2024_02_LAC_CAR,CAR,LAC,3.0,26.0,-23.0,0.3682310635902394,0,False
2024,2,2024_02_NO_DAL,DAL,NO,19.0,44.0,-25.0,0.6583495497351889,0,False
2024,2,2024_02_TB_DET,DET,TB,16.0,20.0,-4.0,0.7311283765751974,0,False
2024,2,2024_02_IND_GB,GB,IND,16.0,10.0,6.0,0.5895548450062184,1,False
2024,2,2024_02_CLE_JAX,JAX,CLE,13.0,18.0,-5.0,0.6412113446596385,0,False
2024,2,2024_02_SF_MIN,MIN,SF,23.0,17.0,6.0,0.3139616223635262,1,False
2024,2,2024_02_SEA_NE,NE,SEA,20.0,23.0,-3.0,0.3826091504423185,0,False
2024,2,2024_02_NYJ_TEN,TEN,NYJ,17.0,24.0,-7.0,0.4919593526683149,0,False
2024,2,2024_02_NYG_WAS,WAS,NYG,21.0,18.0,3.0,0.5369654057227574,1,False
2024,2,2024_02_LA_ARI,ARI,LA,41.0,10.0,31.0,0.44198553732387225,1,False
2024,2,2024_02_PIT_DEN,DEN,PIT,6.0,13.0,-7.0,0.4094797459034878,0,False
2024,2,2024_02_CIN_KC,KC,CIN,26.0,25.0,1.0,0.7015538441605609,1,False
2024,2,2024_02_CHI_HOU,HOU,CHI,19.0,13.0,6.0,0.7150667151002006,1,False
2024,2,2024_02_ATL_PHI,PHI,ATL,21.0,22.0,-1.0,0.7443368947062102,0,False
2024,3,2024_03_NE_NYJ,NYJ,NE,24.0,3.0,21.0,0.7032152113671639,1,False
2024,3,2024_03_NYG_CLE,CLE,NYG,15.0,21.0,-6.0,0.7205344284789583,0,False
2024,3,2024_03_CHI_IND,IND,CHI,21.0,16.0,5.0,0.5659085711421498,1,False
2024,3,2024_03_HOU_MIN,MIN,HOU,34.0,7.0,27.0,0.5716850822272295,1,False
2024,3,2024_03_PHI_NO,NO,PHI,12.0,15.0,-3.0,0.6530993603977244,0,False
2024,3,2024_03_LAC_PIT,PIT,LAC,20.0,10.0,10.0,0.6466256299750889,1,False
2024,3,2024_03_DEN_TB,TB,DEN,7.0,26.0,-19.0,0.7300085281587154,0,False
2024,3,2024_03_GB_TEN,TEN,GB,14.0,30.0,-16.0,0.5127297150553761,0,False
2024,3,2024_03_CAR_LV,LV,CAR,22.0,36.0,-14.0,0.7521934629757064,0,False
2024,3,2024_03_MIA_SEA,SEA,MIA,24.0,3.0,21.0,0.6682561983866063,1,False
2024,3,2024_03_DET_ARI,ARI,DET,13.0,20.0,-7.0,0.3916212676939982,0,False
2024,3,2024_03_BAL_DAL,DAL,BAL,25.0,28.0,-3.0,0.5334673443596575,0,False
2024,3,2024_03_SF_LA,LA,SF,27.0,24.0,3.0,0.2921516883735688,1,False
2024,3,2024_03_KC_ATL,ATL,KC,17.0,22.0,-5.0,0.32386406108414334,0,False
2024,3,2024_03_JAX_BUF,BUF,JAX,47.0,10.0,37.0,0.7655807102329485,1,False
2024,3,2024_03_WAS_CIN,CIN,WAS,33.0,38.0,-5.0,0.7003035723427331,0,False
2024,4,2024_04_DAL_NYG,NYG,DAL,15.0,20.0,-5.0,0.33139541025551483,0,False
2024,4,2024_04_NO_ATL,ATL,NO,26.0,24.0,2.0,0.4476524167378718,1,False
2024,4,2024_04_CIN_CAR,CAR,CIN,24.0,34.0,-10.0,0.30887629034461317,0,False
2024,4,2024_04_LA_CHI,CHI,LA,24.0,18.0,6.0,0.5912253086767031,1,False
2024,4,2024_04_MIN_GB,GB,MIN,29.0,31.0,-2.0,0.5875401819322663,0,False
2024,4,2024_04_JAX_HOU,HOU,JAX,24.0,20.0,4.0,0.7043659123042644,1,False
2024,4,2024_04_PIT_IND,IND,PIT,27.0,24.0,3.0,0.3870588471849603,1,False
2024,4,2024_04_DEN_NYJ,NYJ,DEN,9.0,10.0,-1.0,0.7008822114868627,0,False
2024,4,2024_04_PHI_TB,TB,PHI,33.0,16.0,17.0,0.5045033659358213,1,False
2024,4,2024_04_WAS_ARI,ARI,WAS,14.0,42.0,-28.0,0.6502378545997916,0,False
2024,4,2024_04_NE_SF,SF,NE,30.0,13.0,17.0,0.7696114200172314,1,False
2024,4,2024_04_KC_LAC,LAC,KC,10.0,17.0,-7.0,0.2947676179130359,0,False
2024,4,2024_04_CLE_LV,LV,CLE,20.0,16.0,4.0,0.4849525032525679,1,False
2024,4,2024_04_BUF_BAL,BAL,BUF,35.0,10.0,25.0,0.5326340629231014,1,False
2024,4,2024_04_TEN_MIA,MIA,TEN,12.0,31.0,-19.0,0.6644611743816392,0,False
2024,4,2024_04_SEA_DET,DET,SEA,42.0,29.0,13.0,0.6439378809581121,1,False
2024,5,2024_05_TB_ATL,ATL,TB,36.0,30.0,6.0,0.48602903002129483,1,False
2024,5,2024_05_NYJ_MIN,MIN,NYJ,23.0,17.0,6.0,0.6616121516621184,1,True
2024,5,2024_05_CAR_CHI,CHI,CAR,36.0,10.0,26.0,0.7450398042931486,1,False
2024,5,2024_05_BAL_CIN,CIN,BAL,38.0,41.0,-3.0,0.369208226600267,0,False
2024,5,2024_05_BUF_HOU,HOU,BUF,23.0,20.0,3.0,0.43170113651440906,1,False
2024,5,2024_05_IND_JAX,JAX,IND,37.0,34.0,3.0,0.6146051841026088,1,False
2024,5,2024_05_MIA_NE,NE,MIA,10.0,15.0,-5.0,0.48956483172751525,0,False
2024,5,2024_05_CLE_WAS,WAS,CLE,34.0,13.0,21.0,0.5942199637469815,1,False
2024,5,2024_05_LV_DEN,DEN,LV,34.0,18.0,16.0,0.636708958850728,1,False
2024,5,2024_05_ARI_SF,SF,ARI,23.0,24.0,-1.0,0.7864323417849013,0,False
2024,5,2024_05_GB_LA,LA,GB,19.0,24.0,-5.0,0.4197020959130812,0,False
2024,5,2024_05_NYG_SEA,SEA,NYG,20.0,29.0,-9.0,0.6919039850622958,0,False
2024,5,2024_05_DAL_PIT,PIT,DAL,17.0,20.0,-3.0,0.599986903309622,0,False
2024,5,2024_05_NO_KC,KC,NO,26.0,13.0,13.0,0.659792988087019,1,False
2024,6,2024_06_SF_SEA,SEA,SF,24.0,36.0,-12.0,0.3974484338784798,0,False
2024,6,2024_06_JAX_CHI,CHI,JAX,35.0,16.0,19.0,0.5301620587906605,1,True
2024,6,2024_06_WAS_BAL,BAL,WAS,30.0,23.0,7.0,0.7465720377256915,1,False
2024,6,2024_06_ARI_GB,GB,ARI,34.0,13.0,21.0,0.6917103899882945,1,False
2024,6,2024_06_HOU_NE,NE,HOU,21.0,41.0,-20.0,0.26700852143110004,0,False
2024,6,2024_06_TB_NO,NO,TB,27.0,51.0,-24.0,0.47678254726730357,0,False
2024,6,2024_06_CLE_PHI,PHI,CLE,20.0,16.0,4.0,0.6646078507649846,1,False
2024,6,2024_06_IND_TEN,TEN,IND,17.0,20.0,-3.0,0.6093092875636847,0,False
2024,6,2024_06_LAC_DEN,DEN,LAC,16.0,23.0,-7.0,0.5743242848251706,0,False
2024,6,2024_06_PIT_LV,LV,PIT,13.0,32.0,-19.0,0.3456264145232569,0,False
2024,6,2024_06_ATL_CAR,CAR,ATL,20.0,38.0,-18.0,0.3121982872757557,0,False
2024,6,2024_06_DET_DAL,DAL,DET,9.0,47.0,-38.0,0.5025359345595326,0,False
2024,6,2024_06_CIN_NYG,NYG,CIN,7.0,17.0,-10.0,0.44758187843001157,0,False
2024,6,2024_06_BUF_NYJ,NYJ,BUF,20.0,23.0,-3.0,0.38108788417306977,0,False
2024,7,2024_07_DEN_NO,NO,DEN,10.0,33.0,-23.0,0.49437036131894047,0,False
2024,7,2024_07_NE_JAX,JAX,NE,32.0,16.0,16.0,0.7150787816773264,1,True
2024,7,2024_07_SEA_ATL,ATL,SEA,14.0,34.0,-20.0,0.6128933466064217,0,False
2024,7,2024_07_TEN_BUF,BUF,TEN,34.0,10.0,24.0,0.8114240611502394,1,False
2024,7,2024_07_CIN_CLE,CLE,CIN,14.0,21.0,-7.0,0.3782202766869847,0,False
2024,7,2024_07_HOU_GB,GB,HOU,24.0,22.0,2.0,0.6622252049729335,1,False
2024,7,2024_07_MIA_IND,IND,MIA,16.0,10.0,6.0,0.6566620153215303,1,False
2024,7,2024_07_DET_MIN,MIN,DET,29.0,31.0,-2.0,0.5498298164892949,0,False
2024,7,2024_07_PHI_NYG,NYG,PHI,3.0,28.0,-25.0,0.39871171725880905,0,False
2024,7,2024_07_LV_LA,LA,LV,20.0,15.0,5.0,0.7393493784225298,1,False
2024,7,2024_07_CAR_WAS,WAS,CAR,40.0,7.0,33.0,0.7462949100319906,1,False
2024,7,2024_07_KC_SF,SF,KC,18.0,28.0,-10.0,0.5839546358683289,0,False
2024,7,2024_07_NYJ_PIT,PIT,NYJ,37.0,15.0,22.0,0.6592172135932051,1,False
2024,7,2024_07_BAL_TB,TB,BAL,31.0,41.0,-10.0,0.3694154895411647,0,False
2024,7,2024_07_LAC_ARI,ARI,LAC,17.0,15.0,2.0,0.44059745983129295,1,False
2024,8,2024_08_MIN_LA,LA,MIN,30.0,20.0,10.0,0.3702863956224403,1,False
2024,8,2024_08_PHI_CIN,CIN,PHI,17.0,37.0,-20.0,0.5789394710695209,0,False
2024,8,2024_08_BAL_CLE,CLE,BAL,29.0,24.0,5.0,0.2431990630723534,1,False
2024,8,2024_08_TEN_DET,DET,TEN,52.0,14.0,38.0,0.8348924112145284,1,False
2024,8,2024_08_IND_HOU,HOU,IND,23.0,20.0,3.0,0.6488145571090087,1,False
2024,8,2024_08_GB_JAX,JAX,GB,27.0,30.0,-3.0,0.34841981681180256,0,False
2024,8,2024_08_ARI_MIA,MIA,ARI,27.0,28.0,-1.0,0.6595381029577976,0,False
2024,8,2024_08_NYJ_NE,NE,NYJ,25.0,22.0,3.0,0.2986566325272713,1,False
2024,8,2024_08_ATL_TB,TB,ATL,26.0,31.0,-5.0,0.6662947892411372,0,False
2024,8,2024_08_NO_LAC,LAC,NO,26.0,8.0,18.0,0.7293391367590549,1,False
2024,8,2024_08_BUF_SEA,SEA,BUF,10.0,31.0,-21.0,0.3766224626203306,0,False
2024,8,2024_08_CAR_DEN,DEN,CAR,28.0,14.0,14.0,0.8300443194947343,1,False
2024,8,2024_08_KC_LV,LV,KC,20.0,27.0,-7.0,0.24472020303849076,0,False
2024,8,2024_08_CHI_WAS,WAS,CHI,18.0,15.0,3.0,0.5632648944168681,1,False
2024,8,2024_08_DAL_SF,SF,DAL,30.0,24.0,6.0,0.7069134227757619,1,False
2024,8,2024_08_NYG_PIT,PIT,NYG,26.0,18.0,8.0,0.7289738203381441,1,False
2024,9,2024_09_HOU_NYJ,NYJ,HOU,21.0,13.0,8.0,0.4717199816222237,1,False
2024,9,2024_09_DAL_ATL,ATL,DAL,27.0,21.0,6.0,0.5449436676714708,1,False
2024,9,2024_09_DEN_BAL,BAL,DEN,41.0,10.0,31.0,0.6973897927224016,1,False
2024,9,2024_09_MIA_BUF,BUF,MIA,30.0,27.0,3.0,0.8078653158450377,1,False
2024,9,2024_09_NO_CAR,CAR,NO,23.0,22.0,1.0,0.27254615044944985,1,False
2024,9,2024_09_LV_CIN,CIN,LV,41.0,24.0,17.0,0.7221337820127491,1,False
2024,9,2024_09_LAC_CLE,CLE,LAC,10.0,27.0,-17.0,0.42531386235478214,0,False
2024,9,2024_09_WAS_NYG,NYG,WAS,22.0,27.0,-5.0,0.4130595990177676,0,False
2024,9,2024_09_NE_TEN,TEN,NE,20.0,17.0,3.0,0.6140473963972335,1,False
2024,9,2024_09_CHI_ARI,ARI,CHI,29.0,9.0,20.0,0.48966336052718257,1,False
2024,9,2024_09_JAX_PHI,PHI,JAX,28.0,23.0,5.0,0.7333420669912359,1,False
2024,9,2024_09_DET_GB,GB,DET,14.0,24.0,-10.0,0.4531178725182525,0,False
2024,9,2024_09_LA_SEA,SEA,LA,20.0,26.0,-6.0,0.5495887688561812,0,False
2024,9,2024_09_IND_MIN,MIN,IND,21.0,13.0,8.0,0.6546236762415768,1,False
2024,9,2024_09_TB_KC,KC,TB,30.0,24.0,6.0,0.7428643602542594,1,False
2024,10,2024_10_CIN_BAL,BAL,CIN,35.0,34.0,1.0,0.7283431077310252,1,False
2024,10,2024_10_NYG_CAR,CAR,NYG,20.0,17.0,3.0,0.27923519557646764,1,True
2024,10,2024_10_NE_CHI,CHI,NE,3.0,19.0,-16.0,0.7092086920335658,0,False
2024,10,2024_10_BUF_IND,IND,BUF,20.0,30.0,-10.0,0.3405239301716494,0,False
2024,10,2024_10_MIN_JAX,JAX,MIN,7.0,12.0,-5.0,0.35408130543186533,0,False
2024,10,2024_10_DEN_KC,KC,DEN,16.0,14.0,2.0,0.7581942192140831,1,False
2024,10,2024_10_ATL_NO,NO,ATL,20.0,17.0,3.0,0.38973272126186154,1,False
2024,10,2024_10_SF_TB,TB,SF,20.0,23.0,-3.0,0.3317337791421123,0,False
2024,10,2024_10_PIT_WAS,WAS,PIT,27.0,28.0,-1.0,0.49164947189640645,0,False
2024,10,2024_10_TEN_LAC,LAC,TEN,27.0,17.0,10.0,0.7133308915191596,1,False
2024,10,2024_10_NYJ_ARI,ARI,NYJ,31.0,6.0,25.0,0.5393257471963122,1,False
2024,10,2024_10_PHI_DAL,DAL,PHI,6.0,34.0,-28.0,0.3117982256379893,0,False
2024,10,2024_10_DET_HOU,HOU,DET,23.0,26.0,-3.0,0.30890078030307916,0,False
2024,10,2024_10_MIA_LA,LA,MIA,15.0,23.0,-8.0,0.6824247296547099,0,False
2024,11,2024_11_WAS_PHI,PHI,WAS,26.0,18.0,8.0,0.729451145998595,1,False
2024,11,2024_11_GB_CHI,CHI,GB,19.0,20.0,-1.0,0.30712142365888717,0,False
2024,11,2024_11_JAX_DET,DET,JAX,52.0,6.0,46.0,0.8518702260314708,1,False
2024,11,2024_11_LV_MIA,MIA,LV,34.0,19.0,15.0,0.6756667694089525,1,False
2024,11,2024_11_LA_NE,NE,LA,22.0,28.0,-6.0,0.3759408420092435,0,False
2024,11,2024_11_CLE_NO,NO,CLE,35.0,14.0,21.0,0.5810662162494098,1,False
2024,11,2024_11_IND_NYJ,NYJ,IND,27.0,28.0,-1.0,0.5951028594751393,0,False
2024,11,2024_11_BAL_PIT,PIT,BAL,18.0,16.0,2.0,0.44513724888263895,1,False
2024,11,2024_11_MIN_TEN,TEN,MIN,13.0,23.0,-10.0,0.333140807174232,0,False
2024,11,2024_11_ATL_DEN,DEN,ATL,38.0,6.0,32.0,0.6313713863393525,1,False
2024,11,2024_11_SEA_SF,SF,SEA,17.0,20.0,-3.0,0.730620781698467,0,False
2024,11,2024_11_KC_BUF,BUF,KC,30.0,21.0,9.0,0.5953847566178812,1,False
2024,11,2024_11_CIN_LAC,LAC,CIN,34.0,27.0,7.0,0.6133112495286667,1,False
2024,11,2024_11_HOU_DAL,DAL,HOU,10.0,34.0,-24.0,0.38524025192841665,0,False
2024,12,2024_12_PIT_CLE,CLE,PIT,24.0,19.0,5.0,0.3069331141898273,1,False
2024,12,2024_12_KC_CAR,CAR,KC,27.0,30.0,-3.0,0.18529806354782677,0,False
2024,12,2024_12_MIN_CHI,CHI,MIN,27.0,30.0,-3.0,0.3237322144847283,0,False
2024,12,2024_12_TEN_HOU,HOU,TEN,27.0,32.0,-5.0,0.746599760535414,0,False
2024,12,2024_12_DET_IND,IND,DET,6.0,24.0,-18.0,0.3002872120838134,0,False
2024,12,2024_12_NE_MIA,MIA,NE,34.0,15.0,19.0,0.711143498607434,1,False
2024,12,2024_12_TB_NYG,NYG,TB,7.0,30.0,-23.0,0.2837007759071865,0,False
2024,12,2024_12_DAL_WAS,WAS,DAL,26.0,34.0,-8.0,0.6529286537773262,0,False
2024,12,2024_12_DEN_LV,LV,DEN,19.0,29.0,-10.0,0.3275657249619659,0,False
2024,12,2024_12_SF_GB,GB,SF,38.0,10.0,28.0,0.684645709658725,1,False
2024,12,2024_12_ARI_SEA,SEA,ARI,16.0,6.0,10.0,0.570968783085729,1,False
2024,12,2024_12_PHI_LA,LA,PHI,20.0,37.0,-17.0,0.35914407396364467,0,False
2024,12,2024_12_BAL_LAC,LAC,BAL,23.0,30.0,-7.0,0.40033485544258124,0,False
2024,13,2024_13_CHI_DET,DET,CHI,23.0,20.0,3.0,0.8437150035276941,1,False
2024,13,2024_13_NYG_DAL,DAL,NYG,27.0,20.0,7.0,0.751607308059488,1,False
2024,13,2024_13_MIA_GB,GB,MIA,30.0,17.0,13.0,0.6836076189144926,1,False
2024,13,2024_13_LV_KC,KC,LV,19.0,17.0,2.0,0.8643004550957778,1,False
2024,13,2024_13_LAC_ATL,ATL,LAC,13.0,17.0,-4.0,0.4379988002184992,0,False
2024,13,2024_13_PIT_CIN,CIN,PIT,38.0,44.0,-6.0,0.510869422725343,0,False
2024,13,2024_13_HOU_JAX,JAX,HOU,20.0,23.0,-3.0,0.38316445020039847,0,False
2024,13,2024_13_ARI_MIN,MIN,ARI,23.0,22.0,1.0,0.7274691644591559,1,False
2024,13,2024_13_IND_NE,NE,IND,24.0,25.0,-1.0,0.40676312623250327,0,False
2024,13,2024_13_SEA_NYJ,NYJ,SEA,21.0,26.0,-5.0,0.46216046198410626,0,False
2024,13,2024_13_TEN_WAS,WAS,TEN,42.0,19.0,23.0,0.6614037849429952,1,False
2024,13,2024_13_TB_CAR,CAR,TB,23.0,26.0,-3.0,0.2835540893232108,0,False
2024,13,2024_13_LA_NO,NO,LA,14.0,21.0,-7.0,0.5160301202563671,0,False
2024,13,2024_13_PHI_BAL,BAL,PHI,19.0,24.0,-5.0,0.6435838302075934,0,False
2024,13,2024_13_SF_BUF,BUF,SF,35.0,10.0,25.0,0.7121590210161196,1,False
2024,13,2024_13_CLE_DEN,DEN,CLE,41.0,32.0,9.0,0.7087732996920348,1,False
2024,14,2024_14_GB_DET,DET,GB,34.0,31.0,3.0,0.6655348935898232,1,False
2024,14,2024_14_NYJ_MIA,MIA,NYJ,32.0,26.0,6.0,0.6768574856795876,1,False
2024,14,2024_14_ATL_MIN,MIN,ATL,42.0,21.0,21.0,0.7530802555774254,1,False
2024,14,2024_14_NO_NYG,NYG,NO,11.0,14.0,-3.0,0.30587377111758624,0,False
2024,14,2024_14_CAR_PHI,PHI,CAR,22.0,16.0,6.0,0.8932531313353399,1,False
2024,14,2024_14_CLE_PIT,PIT,CLE,27.0,14.0,13.0,0.7786353574438872,1,False
2024,14,2024_14_LV_TB,TB,LV,28.0,13.0,15.0,0.7574102699151215,1,False
2024,14,2024_14_JAX_TEN,TEN,JAX,6.0,10.0,-4.0,0.6387563428640745,0,False
2024,14,2024_14_SEA_ARI,ARI,SEA,18.0,30.0,-12.0,0.5339289739142258,0,False
2024,14,2024_14_BUF_LA,LA,BUF,44.0,42.0,2.0,0.3175869155013664,1,False
2024,14,2024_14_CHI_SF,SF,CHI,38.0,13.0,25.0,0.7194470542925385,1,False
2024,14,2024_14_LAC_KC,KC,LAC,19.0,17.0,2.0,0.7027400654405298,1,False
2024,14,2024_14_CIN_DAL,DAL,CIN,20.0,27.0,-7.0,0.4986061986114346,0,False
2024,15,2024_15_LA_SF,SF,LA,6.0,12.0,-6.0,0.6781092064676784,0,False
2024,15,2024_15_DAL_CAR,CAR,DAL,14.0,30.0,-16.0,0.3103713412654245,0,False
2024,15,2024_15_KC_CLE,CLE,KC,7.0,21.0,-14.0,0.24938756765192147,0,False
2024,15,2024_15_MIA_HOU,HOU,MIA,20.0,12.0,8.0,0.6251108227270225,1,False
2024,15,2024_15_NYJ_JAX,JAX,NYJ,25.0,32.0,-7.0,0.534808859707332,0,False
2024,15,2024_15_WAS_NO,NO,WAS,19.0,20.0,-1.0,0.4002830652814608,0,False
2024,15,2024_15_BAL_NYG,NYG,BAL,14.0,35.0,-21.0,0.2147829681806378,0,False
2024,15,2024_15_CIN_TEN,TEN,CIN,27.0,37.0,-10.0,0.3515095172889876,0,False
2024,15,2024_15_NE_ARI,ARI,NE,30.0,17.0,13.0,0.677521459916421,1,False
2024,15,2024_15_IND_DEN,DEN,IND,31.0,13.0,18.0,0.7271847043814424,1,False
2024,15,2024_15_BUF_DET,DET,BUF,42.0,48.0,-6.0,0.637256896434049,0,False
2024,15,2024_15_TB_LAC,LAC,TB,17.0,40.0,-23.0,0.636475144732402,0,False
2024,15,2024_15_PIT_PHI,PHI,PIT,27.0,13.0,14.0,0.7188812928273829,1,False
2024,15,2024_15_GB_SEA,SEA,GB,13.0,30.0,-17.0,0.4352604311929444,0,False
2024,15,2024_15_CHI_MIN,MIN,CHI,30.0,12.0,18.0,0.8022527338942932,1,False
2024,15,2024_15_ATL_LV,LV,ATL,9.0,15.0,-6.0,0.3168374386179207,0,False
2024,16,2024_16_DEN_LAC,LAC,DEN,34.0,27.0,7.0,0.5464508139541875,1,False
2024,16,2024_16_HOU_KC,KC,HOU,27.0,19.0,8.0,0.7361403925537019,1,False
2024,16,2024_16_PIT_BAL,BAL,PIT,34.0,17.0,17.0,0.6474464496553739,1,False
2024,16,2024_16_NYG_ATL,ATL,NYG,34.0,7.0,27.0,0.6610398439214074,1,False
2024,16,2024_16_ARI_CAR,CAR,ARI,36.0,30.0,6.0,0.3180662288117995,1,False
2024,16,2024_16_DET_CHI,CHI,DET,17.0,34.0,-17.0,0.21925676825178567,0,False
2024,16,2024_16_CLE_CIN,CIN,CLE,24.0,6.0,18.0,0.7201306496339751,1,False
2024,16,2024_16_TEN_IND,IND,TEN,38.0,30.0,8.0,0.6745792991184903,1,False
2024,16,2024_16_LA_NYJ,NYJ,LA,9.0,19.0,-10.0,0.36372604460832586,0,False
2024,16,2024_16_PHI_WAS,WAS,PHI,36.0,33.0,3.0,0.30410399793281917,1,False
2024,16,2024_16_MIN_SEA,SEA,MIN,24.0,27.0,-3.0,0.39740138873210906,0,False
2024,16,2024_16_NE_BUF,BUF,NE,24.0,21.0,3.0,0.90151395124464,1,False
2024,16,2024_16_JAX_LV,LV,JAX,19.0,14.0,5.0,0.4886136156573038,1,False
2024,16,2024_16_SF_MIA,MIA,SF,29.0,17.0,12.0,0.463157584160514,1,False
2024,16,2024_16_TB_DAL,DAL,TB,26.0,24.0,2.0,0.4040993111047634,1,False
2024,16,2024_16_NO_GB,GB,NO,34.0,0.0,34.0,0.7963368354802629,1,False
2024,17,2024_17_KC_PIT,PIT,KC,10.0,29.0,-19.0,0.36897474922855056,0,False
2024,17,2024_17_BAL_HOU,HOU,BAL,2.0,31.0,-29.0,0.29416742289667686,0,False
2024,17,2024_17_SEA_CHI,CHI,SEA,3.0,6.0,-3.0,0.3420116969129427,0,False
2024,17,2024_17_LAC_NE,NE,LAC,7.0,40.0,-33.0,0.31475977748524053,0,False
2024,17,2024_17_DEN_CIN,CIN,DEN,30.0,24.0,6.0,0.6080446948041418,1,False
2024,17,2024_17_ARI_LA,LA,ARI,13.0,9.0,4.0,0.711912358539777,1,False
2024,17,2024_17_NYJ_BUF,BUF,NYJ,40.0,14.0,26.0,0.8693950597795108,1,False
2024,17,2024_17_TEN_JAX,JAX,TEN,20.0,13.0,7.0,0.5990018996632033,1,False
2024,17,2024_17_LV_NO,NO,LV,10.0,25.0,-15.0,0.6850435807890655,0,False
2024,17,2024_17_IND_NYG,NYG,IND,45.0,33.0,12.0,0.2756580020329162,1,False
2024,17,2024_17_DAL_PHI,PHI,DAL,41.0,7.0,34.0,0.7556721016969293,1,False
2024,17,2024_17_CAR_TB,TB,CAR,48.0,14.0,34.0,0.8430684727099897,1,False
2024,17,2024_17_MIA_CLE,CLE,MIA,3.0,20.0,-17.0,0.3852122463099212,0,False
2024,17,2024_17_GB_MIN,MIN,GB,27.0,25.0,2.0,0.5376570078554169,1,False
2024,17,2024_17_ATL_WAS,WAS,ATL,30.0,24.0,6.0,0.6494644758327272,1,False
2024,17,2024_17_DET_SF,SF,DET,34.0,40.0,-6.0,0.34478847050258754,0,False
2024,18,2024_18_CLE_BAL,BAL,CLE,35.0,10.0,25.0,0.89897957518639,1,False
2024,18,2024_18_CIN_PIT,PIT,CIN,17.0,19.0,-2.0,0.5268003108389789,0,False
2024,18,2024_18_CAR_ATL,ATL,CAR,38.0,44.0,-6.0,0.7019147815636622,0,False
2024,18,2024_18_WAS_DAL,DAL,WAS,19.0,23.0,-4.0,0.3473029833001234,0,False
2024,18,2024_18_CHI_GB,GB,CHI,22.0,24.0,-2.0,0.841008755466001,0,False
2024,18,2024_18_JAX_IND,IND,JAX,26.0,23.0,3.0,0.6650565333743842,1,False
2024,18,2024_18_BUF_NE,NE,BUF,23.0,16.0,7.0,0.14326812120171634,1,False
2024,18,2024_18_NYG_PHI,PHI,NYG,20.0,13.0,7.0,0.8861103058383354,1,False
2024,18,2024_18_NO_TB,TB,NO,27.0,19.0,8.0,0.7786288975394025,1,False
2024,18,2024_18_HOU_TEN,TEN,HOU,14.0,23.0,-9.0,0.42012119079854554,0,False
2024,18,2024_18_SF_ARI,ARI,SF,47.0,24.0,23.0,0.5791135269501926,1,False
2024,18,2024_18_KC_DEN,DEN,KC,38.0,0.0,38.0,0.5729456735950571,1,False
2024,18,2024_18_SEA_LA,LA,SEA,25.0,30.0,-5.0,0.44607202106491917,0,False
2024,18,2024_18_LAC_LV,LV,LAC,20.0,34.0,-14.0,0.35116814879020536,0,False
2024,18,2024_18_MIA_NYJ,NYJ,MIA,32.0,20.0,12.0,0.4171909492248225,1,False
2024,18,2024_18_MIN_DET,DET,MIN,31.0,9.0,22.0,0.6457079691536317,1,False
2025,1,2025_01_DAL_PHI,PHI,DAL,24.0,20.0,4.0,0.7556413929208914,1,False
2025,1,2025_01_KC_LAC,LAC,KC,27.0,21.0,6.0,0.37887143502595766,1,True
2025,1,2025_01_TB_ATL,ATL,TB,20.0,23.0,-3.0,0.42606218913378724,0,False
2025,1,2025_01_CIN_CLE,CLE,CIN,16.0,17.0,-1.0,0.2839396212525697,0,False
2025,1,2025_01_MIA_IND,IND,MIA,33.0,8.0,25.0,0.5027336738163796,1,False
2025,1,2025_01_CAR_JAX,JAX,CAR,26.0,10.0,16.0,0.6428588605326748,1,False
2025,1,2025_01_LV_NE,NE,LV,13.0,20.0,-7.0,0.6468314147505998,0,False
2025,1,2025_01_ARI_NO,NO,ARI,13.0,20.0,-7.0,0.3810945870045136,0,False
2025,1,2025_01_PIT_NYJ,NYJ,PIT,32.0,34.0,-2.0,0.427198076764068,0,False
2025,1,2025_01_NYG_WAS,WAS,NYG,21.0,6.0,15.0,0.7527174025004987,1,False
2025,1,2025_01_TEN_DEN,DEN,TEN,20.0,12.0,8.0,0.78817171286311,1,False
2025,1,2025_01_SF_SEA,SEA,SF,13.0,17.0,-4.0,0.5386870666554566,0,False
2025,1,2025_01_DET_GB,GB,DET,27.0,13.0,14.0,0.5139291173989871,1,False
2025,1,2025_01_HOU_LA,LA,HOU,14.0,9.0,5.0,0.6481874948093443,1,False
2025,1,2025_01_BAL_BUF,BUF,BAL,41.0,40.0,1.0,0.5293171027285869,1,False
2025,1,2025_01_MIN_CHI,CHI,MIN,24.0,27.0,-3.0,0.40940929993843167,0,False
2025,2,2025_02_WAS_GB,GB,WAS,27.0,18.0,9.0,0.6416652441385102,1,False
2025,2,2025_02_CLE_BAL,BAL,CLE,41.0,17.0,24.0,0.8221804649352714,1,False
2025,2,2025_02_JAX_CIN,CIN,JAX,31.0,27.0,4.0,0.7191693459806854,1,False
2025,2,2025_02_NYG_DAL,DAL,NYG,40.0,37.0,3.0,0.6775725801337101,1,False
2025,2,2025_02_CHI_DET,DET,CHI,52.0,21.0,31.0,0.774084594643612,1,False
2025,2,2025_02_NE_MIA,MIA,NE,27.0,33.0,-6.0,0.6576422692692777,0,False
2025,2,2025_02_SF_NO,NO,SF,21.0,26.0,-5.0,0.4200162257304932,0,False
2025,2,2025_02_BUF_NYJ,NYJ,BUF,10.0,30.0,-20.0,0.32011123186320306,0,False
2025,2,2025_02_SEA_PIT,PIT,SEA,17.0,31.0,-14.0,0.6586879403761069,0,False
2025,2,2025_02_LA_TEN,TEN,LA,19.0,33.0,-14.0,0.3228584906297584,0,False
2025,2,2025_02_CAR_ARI,ARI,CAR,27.0,22.0,5.0,0.7110312142535152,1,False
2025,2,2025_02_DEN_IND,IND,DEN,29.0,28.0,1.0,0.39526457437193235,1,False
2025,2,2025_02_PHI_KC,KC,PHI,17.0,20.0,-3.0,0.48430257331130633,0,False
2025,2,2025_02_ATL_MIN,MIN,ATL,6.0,22.0,-16.0,0.6975617238984453,0,False
2025,2,2025_02_TB_HOU,HOU,TB,19.0,20.0,-1.0,0.5381914679668716,0,False
2025,2,2025_02_LAC_LV,LV,LAC,9.0,20.0,-11.0,0.3188850404255341,0,False
2025,3,2025_03_MIA_BUF,BUF,MIA,31.0,21.0,10.0,0.7752468447833183,1,False
2025,3,2025_03_ATL_CAR,CAR,ATL,30.0,0.0,30.0,0.3328981572825338,1,False
2025,3,2025_03_GB_CLE,CLE,GB,13.0,10.0,3.0,0.293140348977261,1,False
2025,3,2025_03_HOU_JAX,JAX,HOU,17.0,10.0,7.0,0.4897745670139108,1,False
2025,3,2025_03_CIN_MIN,MIN,CIN,48.0,10.0,38.0,0.6125243702317031,1,False
2025,3,2025_03_PIT_NE,NE,PIT,14.0,21.0,-7.0,0.47137967772083156,0,False
2025,3,2025_03_LA_PHI,PHI,LA,33.0,26.0,7.0,0.6672558057898078,1,False
2025,3,2025_03_NYJ_TB,TB,NYJ,29.0,27.0,2.0,0.7546061965319208,1,False
2025,3,2025_03_IND_TEN,TEN,IND,20.0,41.0,-21.0,0.30276001347118237,0,False
2025,3,2025_03_LV_WAS,WAS,LV,41.0,24.0,17.0,0.6968088166797267,1,False
2025,3,2025_03_DEN_LAC,LAC,DEN,23.0,20.0,3.0,0.6369705304557483,1,False
2025,3,2025_03_NO_SEA,SEA,NO,44.0,13.0,31.0,0.6818740053781412,1,False
2025,3,2025_03_DAL_CHI,CHI,DAL,31.0,14.0,17.0,0.4514598280031634,1,False
2025,3,2025_03_ARI_SF,SF,ARI,16.0,15.0,1.0,0.5680526763249578,1,False
2025,3,2025_03_KC_NYG,NYG,KC,9.0,22.0,-13.0,0.3369901064643871,0,False
2025,3,2025_03_DET_BAL,BAL,DET,30.0,38.0,-8.0,0.6477704611132413,0,False
2025,4,2025_04_SEA_ARI,ARI,SEA,20.0,23.0,-3.0,0.46952063178911463,0,False
2025,4,2025_04_MIN_PIT,PIT,MIN,24.0,21.0,3.0,0.42588871604504625,1,True
2025,4,2025_04_WAS_ATL,ATL,WAS,34.0,27.0,7.0,0.4741122072492008,1,False
2025,4,2025_04_NO_BUF,BUF,NO,31.0,19.0,12.0,0.8295587974212656,1,False
2025,4,2025_04_CLE_DET,DET,CLE,34.0,10.0,24.0,0.8148738770294403,1,False
2025,4,2025_04_TEN_HOU,HOU,TEN,26.0,0.0,26.0,0.716410932838652,1,False
2025,4,2025_04_CAR_NE,NE,CAR,42.0,13.0,29.0,0.6603152339404987,1,False
2025,4,2025_04_LAC_NYG,NYG,LAC,21.0,18.0,3.0,0.2640817442190469,1,False
2025,4,2025_04_PHI_TB,TB,PHI,25.0,31.0,-6.0,0.4066284790285779,0,False
2025,4,2025_04_IND_LA,LA,IND,27.0,20.0,7.0,0.6579263858578073,1,False
2025,4,2025_04_JAX_SF,SF,JAX,21.0,26.0,-5.0,0.6584541893579852,0,False
2025,4,2025_04_BAL_KC,KC,BAL,37.0,20.0,17.0,0.48789292171953597,1,False
2025,4,2025_04_CHI_LV,LV,CHI,24.0,25.0,-1.0,0.5491614861741876,0,False
2025,4,2025_04_GB_DAL,DAL,GB,40.0,40.0,0.0,0.2787135693815173,0,False
2025,4,2025_04_NYJ_MIA,MIA,NYJ,27.0,21.0,6.0,0.6245979011476931,1,False
2025,4,2025_04_CIN_DEN,DEN,CIN,28.0,3.0,25.0,0.6412090127925394,1,False
2025,5,2025_05_SF_LA,LA,SF,23.0,26.0,-3.0,0.6807106015079107,0,False
2025,5,2025_05_MIN_CLE,CLE,MIN,17.0,21.0,-4.0,0.30115755879680894,0,True
2025,5,2025_05_HOU_BAL,BAL,HOU,10.0,44.0,-34.0,0.643754745488862,0,False
2025,5,2025_05_MIA_CAR,CAR,MIA,27.0,24.0,3.0,0.44582452819815455,1,False
2025,5,2025_05_LV_IND,IND,LV,40.0,6.0,34.0,0.6903742933286491,1,False
2025,5,2025_05_NYG_NO,NO,NYG,26.0,14.0,12.0,0.6309337781530785,1,False
2025,5,2025_05_DAL_NYJ,NYJ,DAL,22.0,37.0,-15.0,0.5447131115534738,0,False
2025,5,2025_05_DEN_PHI,PHI,DEN,17.0,21.0,-4.0,0.6805998300772413,0,False
2025,5,2025_05_TEN_ARI,ARI,TEN,21.0,22.0,-1.0,0.7534997178238332,0,False
2025,5,2025_05_TB_SEA,SEA,TB,35.0,38.0,-3.0,0.6451128188434337,0,False
2025,5,2025_05_DET_CIN,CIN,DET,24.0,37.0,-13.0,0.32399780674769035,0,False
2025,5,2025_05_WAS_LAC,LAC,WAS,10.0,27.0,-17.0,0.6654296722560262,0,False
2025,5,2025_05_NE_BUF,BUF,NE,20.0,23.0,-3.0,0.8026162381226457,0,False
2025,5,2025_05_KC_JAX,JAX,KC,31.0,28.0,3.0,0.35427575091598035,1,False
2025,6,2025_06_PHI_NYG,NYG,PHI,34.0,17.0,17.0,0.20909746218449718,1,False
2025,6,2025_06_DEN_NYJ,NYJ,DEN,11.0,13.0,-2.0,0.2599599784725454,0,True
2025,6,2025_06_LA_BAL,BAL,LA,3.0,17.0,-14.0,0.4044360066762847,0,False
2025,6,2025_06_DAL_CAR,CAR,DAL,30.0,27.0,3.0,0.41488852775035573,1,False
2025,6,2025_06_ARI_IND,IND,ARI,31.0,27.0,4.0,0.6665884019700765,1,False
2025,6,2025_06_SEA_JAX,JAX,SEA,12.0,20.0,-8.0,0.4735911221573447,0,False
2025,6,2025_06_LAC_MIA,MIA,LAC,27.0,29.0,-2.0,0.3835746395305588,0,False
2025,6,2025_06_NE_NO,NO,NE,19.0,25.0,-6.0,0.4473676532013218,0,False
2025,6,2025_06_CLE_PIT,PIT,CLE,23.0,9.0,14.0,0.7677539253487162,1,False
2025,6,2025_06_TEN_LV,LV,TEN,20.0,10.0,10.0,0.6784586035061756,1,False
2025,6,2025_06_CIN_GB,GB,CIN,27.0,18.0,9.0,0.7492845072870825,1,False
2025,6,2025_06_SF_TB,TB,SF,30.0,19.0,11.0,0.6882981045336477,1,False
2025,6,2025_06_DET_KC,KC,DET,30.0,17.0,13.0,0.5075780736161595,1,False
2025,6,2025_06_BUF_ATL,ATL,BUF,24.0,14.0,10.0,0.3066566879323364,1,False
2025,6,2025_06_CHI_WAS,WAS,CHI,24.0,25.0,-1.0,0.6942624977270982,0,False
2025,7,2025_07_PIT_CIN,CIN,PIT,33.0,31.0,2.0,0.33113049170895426,1,False
2025,7,2025_07_LA_JAX,JAX,LA,7.0,35.0,-28.0,0.34211480504680924,0,True
2025,7,2025_07_NO_CHI,CHI,NO,26.0,14.0,12.0,0.6531984224987454,1,False
2025,7,2025_07_MIA_CLE,CLE,MIA,31.0,6.0,25.0,0.5080210492306068,1,False
2025,7,2025_07_LV_KC,KC,LV,31.0,0.0,31.0,0.807490858226061,1,False
2025,7,2025_07_PHI_MIN,MIN,PHI,22.0,28.0,-6.0,0.49971472786058746,0,False
2025,7,2025_07_CAR_NYJ,NYJ,CAR,6.0,13.0,-7.0,0.5683032088685551,0,False
2025,7,2025_07_NE_TEN,TEN,NE,13.0,31.0,-18.0,0.27867382021253434,0,False
2025,7,2025_07_NYG_DEN,DEN,NYG,33.0,32.0,1.0,0.7747046341460895,1,False
2025,7,2025_07_IND_LAC,LAC,IND,24.0,38.0,-14.0,0.6246096155668676,0,False
2025,7,2025_07_GB_ARI,ARI,GB,23.0,27.0,-4.0,0.33854133672705977,0,False
2025,7,2025_07_WAS_DAL,DAL,WAS,44.0,22.0,22.0,0.4847751844419033,1,False
2025,7,2025_07_ATL_SF,SF,ATL,20.0,10.0,10.0,0.5983138120524771,1,False
2025,7,2025_07_TB_DET,DET,TB,24.0,9.0,15.0,0.6418068511965562,1,False
2025,7,2025_07_HOU_SEA,SEA,HOU,27.0,19.0,8.0,0.6696056719620127,1,False
2025,8,2025_08_MIN_LAC,LAC,MIN,37.0,10.0,27.0,0.5737586246465362,1,False
2025,8,2025_08_MIA_ATL,ATL,MIA,10.0,34.0,-24.0,0.7310124806477196,0,False
2025,8,2025_08_CHI_BAL,BAL,CHI,30.0,16.0,14.0,0.6222212051536146,1,False
2025,8,2025_08_BUF_CAR,CAR,BUF,9.0,40.0,-31.0,0.35033430946020583,0,False
2025,8,2025_08_NYJ_CIN,CIN,NYJ,38.0,39.0,-1.0,0.6695848972727261,0,False
2025,8,2025_08_SF_HOU,HOU,SF,26.0,15.0,11.0,0.605915017082764,1,False
2025,8,2025_08_CLE_NE,NE,CLE,32.0,13.0,19.0,0.658563284876037,1,False
2025,8,2025_08_NYG_PHI,PHI,NYG,38.0,20.0,18.0,0.7936633771619268,1,False
2025,8,2025_08_TB_NO,NO,TB,3.0,23.0,-20.0,0.3299713255188726,0,False
2025,8,2025_08_DAL_DEN,DEN,DAL,44.0,24.0,20.0,0.6974076595468957,1,False
2025,8,2025_08_TEN_IND,IND,TEN,38.0,14.0,24.0,0.8352961158834036,1,False
2025,8,2025_08_GB_PIT,PIT,GB,25.0,35.0,-10.0,0.4102759957466051,0,False
2025,8,2025_08_WAS_KC,KC,WAS,28.0,7.0,21.0,0.7161087194062273,1,False
2025,9,2025_09_BAL_MIA,MIA,BAL,6.0,28.0,-22.0,0.3534142646574753,0,False
2025,9,2025_09_CHI_CIN,CIN,CHI,42.0,47.0,-5.0,0.5420360611459758,0,False
2025,9,2025_09_MIN_DET,DET,MIN,24.0,27.0,-3.0,0.7638885493658191,0,False
2025,9,2025_09_CAR_GB,GB,CAR,13.0,16.0,-3.0,0.8186503637042576,0,False
2025,9,2025_09_DEN_HOU,HOU,DEN,15.0,18.0,-3.0,0.4918203465770148,0,False
2025,9,2025_09_ATL_NE,NE,ATL,24.0,23.0,1.0,0.6543587415531429,1,False
2025,9,2025_09_SF_NYG,NYG,SF,24.0,34.0,-10.0,0.4009412420145939,0,False
2025,9,2025_09_IND_PIT,PIT,IND,27.0,20.0,7.0,0.45085719530178714,1,False
2025,9,2025_09_LAC_TEN,TEN,LAC,20.0,27.0,-7.0,0.2559246818485748,0,False
2025,9,2025_09_NO_LA,LA,NO,34.0,10.0,24.0,0.840234544913,1,False
2025,9,2025_09_JAX_LV,LV,JAX,29.0,30.0,-1.0,0.43102787408177234,0,False
2025,9,2025_09_KC_BUF,BUF,KC,28.0,21.0,7.0,0.48264429440385387,1,False
2025,9,2025_09_SEA_WAS,WAS,SEA,14.0,38.0,-24.0,0.40447455576562275,0,False
2025,9,2025_09_ARI_DAL,DAL,ARI,17.0,27.0,-10.0,0.6866004918894765,0,False
2025,10,2025_10_LV_DEN,DEN,LV,10.0,7.0,3.0,0.8279021159069629,1,False
2025,10,2025_10_ATL_IND,IND,ATL,31.0,25.0,6.0,0.6455303964061581,1,True
2025,10,2025_10_NO_CAR,CAR,NO,7.0,17.0,-10.0,0.7063965474950483,0,False
2025,10,2025_10_NYG_CHI,CHI,NYG,24.0,20.0,4.0,0.6809423975678242,1,False
2025,10,2025_10_JAX_HOU,HOU,JAX,36.0,29.0,7.0,0.5817422181822515,1,False
2025,10,2025_10_BUF_MIA,MIA,BUF,30.0,13.0,17.0,0.2969393856043353,1,False
2025,10,2025_10_BAL_MIN,MIN,BAL,19.0,27.0,-8.0,0.47508967889557213,0,False
2025,10,2025_10_CLE_NYJ,NYJ,CLE,27.0,20.0,7.0,0.47846172281596616,1,False
2025,10,2025_10_NE_TB,TB,NE,23.0,28.0,-5.0,0.6532251953656122,0,False
2025,10,2025_10_ARI_SEA,SEA,ARI,44.0,22.0,22.0,0.7220530568052506,1,False
2025,10,2025_10_LA_SF,SF,LA,26.0,42.0,-16.0,0.36209930765070925,0,False
2025,10,2025_10_DET_WAS,WAS,DET,22.0,44.0,-22.0,0.3113341705302332,0,False
2025,10,2025_10_PIT_LAC,LAC,PIT,25.0,10.0,15.0,0.639209046566777,1,False
2025,10,2025_10_PHI_GB,GB,PHI,7.0,10.0,-3.0,0.5907807569284189,0,False
2025,11,2025_11_NYJ_NE,NE,NYJ,27.0,14.0,13.0,0.7631963199518956,1,False
2025,11,2025_11_WAS_MIA,MIA,WAS,16.0,13.0,3.0,0.586464026465317,1,True
2025,11,2025_11_CAR_ATL,ATL,CAR,27.0,30.0,-3.0,0.6704327512843898,0,False
2025,11,2025_11_TB_BUF,BUF,TB,44.0,32.0,12.0,0.7050820302441652,1,False
2025,11,2025_11_LAC_JAX,JAX,LAC,35.0,6.0,29.0,0.35040778067832795,1,False
2025,11,2025_11_CHI_MIN,MIN,CHI,17.0,19.0,-2.0,0.6316813225921553,0,False
2025,11,2025_11_GB_NYG,NYG,GB,20.0,27.0,-7.0,0.2459919794078011,0,False
2025,11,2025_11_CIN_PIT,PIT,CIN,34.0,12.0,22.0,0.6530622450831662,1,False
2025,11,2025_11_HOU_TEN,TEN,HOU,13.0,16.0,-3.0,0.29619993666059213,0,False
2025,11,2025_11_SF_ARI,ARI,SF,22.0,41.0,-19.0,0.514777749572949,0,False
2025,11,2025_11_SEA_LA,LA,SEA,21.0,19.0,2.0,0.6151144733262234,1,False
2025,11,2025_11_BAL_CLE,CLE,BAL,16.0,23.0,-7.0,0.31829498412471846,0,False
2025,11,2025_11_KC_DEN,DEN,KC,22.0,19.0,3.0,0.5136118633020326,1,False
2025,11,2025_11_DET_PHI,PHI,DET,16.0,9.0,7.0,0.5848056983533166,1,False
2025,11,2025_11_DAL_LV,LV,DAL,16.0,33.0,-17.0,0.412569571275298,0,False
2025,12,2025_12_BUF_HOU,HOU,BUF,23.0,19.0,4.0,0.3514808533595323,1,False
2025,12,2025_12_NYJ_BAL,BAL,NYJ,23.0,10.0,13.0,0.8215645840779321,1,False
2025,12,2025_12_PIT_CHI,CHI,PIT,31.0,28.0,3.0,0.5996490668555526,1,False
2025,12,2025_12_NE_CIN,CIN,NE,20.0,26.0,-6.0,0.30672721853499985,0,False
2025,12,2025_12_NYG_DET,DET,NYG,34.0,27.0,7.0,0.8699848906149587,1,False
2025,12,2025_12_MIN_GB,GB,MIN,23.0,6.0,17.0,0.6946870403038755,1,False
2025,12,2025_12_IND_KC,KC,IND,23.0,20.0,3.0,0.6401659994904753,1,False
2025,12,2025_12_SEA_TEN,TEN,SEA,24.0,30.0,-6.0,0.18926075707843953,0,False
2025,12,2025_12_JAX_ARI,ARI,JAX,24.0,27.0,-3.0,0.45882719978723535,0,False
2025,12,2025_12_CLE_LV,LV,CLE,10.0,24.0,-14.0,0.6480225631907469,0,False
2025,12,2025_12_PHI_DAL,DAL,PHI,24.0,21.0,3.0,0.33658082575683723,1,False
2025,12,2025_12_ATL_NO,NO,ATL,10.0,24.0,-14.0,0.5512943320577449,0,False
2025,12,2025_12_TB_LA,LA,TB,34.0,7.0,27.0,0.6829884388377186,1,False
2025,12,2025_12_CAR_SF,SF,CAR,20.0,9.0,11.0,0.6563364168993143,1,False
2025,13,2025_13_GB_DET,DET,GB,24.0,31.0,-7.0,0.6284366952412448,0,False
2025,13,2025_13_KC_DAL,DAL,KC,31.0,28.0,3.0,0.3394639763653943,1,False
2025,13,2025_13_CIN_BAL,BAL,CIN,14.0,32.0,-18.0,0.7972777689651284,0,False
2025,13,2025_13_CHI_PHI,PHI,CHI,15.0,24.0,-9.0,0.7240065765751564,0,False
2025,13,2025_13_LA_CAR,CAR,LA,31.0,28.0,3.0,0.2627896746905684,1,False
2025,13,2025_13_SF_CLE,CLE,SF,8.0,26.0,-18.0,0.3015797345748325,0,False
2025,13,2025_13_HOU_IND,IND,HOU,16.0,20.0,-4.0,0.647682951158164,0,False
2025,13,2025_13_NO_MIA,MIA,NO,21.0,17.0,4.0,0.7087745625307496,1,False
2025,13,2025_13_ATL_NYJ,NYJ,ATL,27.0,24.0,3.0,0.4821225364758645,1,False
2025,13,2025_13_ARI_TB,TB,ARI,20.0,17.0,3.0,0.6796883440645484,1,False
2025,13,2025_13_JAX_TEN,TEN,JAX,3.0,25.0,-22.0,0.29208896911765697,0,False
2025,13,2025_13_MIN_SEA,SEA,MIN,26.0,0.0,26.0,0.7528413024281974,1,False
2025,13,2025_13_LV_LAC,LAC,LV,31.0,14.0,17.0,0.798619097406009,1,False
2025,13,2025_13_BUF_PIT,PIT,BUF,7.0,26.0,-19.0,0.43583091400669655,0,False
2025,13,2025_13_DEN_WAS,WAS,DEN,26.0,27.0,-1.0,0.2841044454712407,0,False
2025,13,2025_13_NYG_NE,NE,NYG,33.0,15.0,18.0,0.7907889343127122,1,False
2025,14,2025_14_DAL_DET,DET,DAL,44.0,30.0,14.0,0.7130306885513307,1,False
2025,14,2025_14_SEA_ATL,ATL,SEA,9.0,37.0,-28.0,0.2602523753117768,0,False
2025,14,2025_14_PIT_BAL,BAL,PIT,22.0,27.0,-5.0,0.7139788097296482,0,False
2025,14,2025_14_TEN_CLE,CLE,TEN,29.0,31.0,-2.0,0.6633873250994035,0,False
2025,14,2025_14_CHI_GB,GB,CHI,28.0,21.0,7.0,0.7102508773637386,1,False
2025,14,2025_14_IND_JAX,JAX,IND,36.0,19.0,17.0,0.4984677158525481,1,False
2025,14,2025_14_WAS_MIN,MIN,WAS,31.0,0.0,31.0,0.5916548314791357,1,False
2025,14,2025_14_MIA_NYJ,NYJ,MIA,10.0,34.0,-24.0,0.4069193966052698,0,False
2025,14,2025_14_NO_TB,TB,NO,20.0,24.0,-4.0,0.7754375518749352,0,False
2025,14,2025_14_DEN_LV,LV,DEN,17.0,24.0,-7.0,0.19618188602054792,0,False
2025,14,2025_14_LA_ARI,ARI,LA,17.0,45.0,-28.0,0.30627714593542393,0,False
2025,14,2025_14_CIN_BUF,BUF,CIN,39.0,34.0,5.0,0.7804325372051452,1,False
2025,14,2025_14_HOU_KC,KC,HOU,10.0,20.0,-10.0,0.6535134676662101,0,False
2025,14,2025_14_PHI_LAC,LAC,PHI,22.0,19.0,3.0,0.4727348858847264,1,False
2025,15,2025_15_ATL_TB,TB,ATL,28.0,29.0,-1.0,0.6918605060750777,0,False
2025,15,2025_15_CLE_CHI,CHI,CLE,31.0,3.0,28.0,0.7576855103350881,1,False
2025,15,2025_15_BAL_CIN,CIN,BAL,0.0,24.0,-24.0,0.3767712292165255,0,False
2025,15,2025_15_ARI_HOU,HOU,ARI,40.0,20.0,20.0,0.7556202703290021,1,False
2025,15,2025_15_NYJ_JAX,JAX,NYJ,48.0,20.0,28.0,0.8007468708404335,1,False
2025,15,2025_15_LAC_KC,KC,LAC,13.0,16.0,-3.0,0.6830819786381668,0,False
2025,15,2025_15_BUF_NE,NE,BUF,31.0,35.0,-4.0,0.4562363814425033,0,False
2025,15,2025_15_WAS_NYG,NYG,WAS,21.0,29.0,-8.0,0.5262568940928867,0,False
2025,15,2025_15_LV_PHI,PHI,LV,31.0,0.0,31.0,0.8719569418880646,1,False
2025,15,2025_15_GB_DEN,DEN,GB,34.0,26.0,8.0,0.5270343243897861,1,False
2025,15,2025_15_DET_LA,LA,DET,41.0,34.0,7.0,0.6623821441941455,1,False
2025,15,2025_15_CAR_NO,NO,CAR,20.0,17.0,3.0,0.4570770192488897,1,False
2025,15,2025_15_IND_SEA,SEA,IND,18.0,16.0,2.0,0.7689608591038789,1,False
2025,15,2025_15_TEN_SF,SF,TEN,37.0,24.0,13.0,0.8449973760559166,1,False
2025,15,2025_15_MIN_DAL,DAL,MIN,26.0,34.0,-8.0,0.6473078362990835,0,False
2025,15,2025_15_MIA_PIT,PIT,MIA,28.0,15.0,13.0,0.6546068285840941,1,False
2025,16,2025_16_LA_SEA,SEA,LA,38.0,37.0,1.0,0.5911873724814999,1,False
2025,16,2025_16_GB_CHI,CHI,GB,22.0,16.0,6.0,0.46168160107201717,1,False
2025,16,2025_16_PHI_WAS,WAS,PHI,18.0,29.0,-11.0,0.347173837007284,0,False
2025,16,2025_16_NE_BAL,BAL,NE,24.0,28.0,-4.0,0.6309710286156812,0,False
2025,16,2025_16_TB_CAR,CAR,TB,23.0,20.0,3.0,0.40486467802833503,1,False
2025,16,2025_16_BUF_CLE,CLE,BUF,20.0,23.0,-3.0,0.22378948413207822,0,False
2025,16,2025_16_LAC_DAL,DAL,LAC,17.0,34.0,-17.0,0.45880406847965155,0,False
2025,16,2025_16_NYJ_NO,NO,NYJ,29.0,6.0,23.0,0.7124151830160541,1,False
2025,16,2025_16_MIN_NYG,NYG,MIN,13.0,16.0,-3.0,0.2909143908666138,0,False
2025,16,2025_16_KC_TEN,TEN,KC,26.0,9.0,17.0,0.24581065704164956,1,False
2025,16,2025_16_ATL_ARI,ARI,ATL,19.0,26.0,-7.0,0.5025837942268466,0,False
2025,16,2025_16_JAX_DEN,DEN,JAX,20.0,34.0,-14.0,0.7070003223308682,0,False
2025,16,2025_16_PIT_DET,DET,PIT,24.0,29.0,-5.0,0.6656448877707871,0,False
2025,16,2025_16_LV_HOU,HOU,LV,23.0,21.0,2.0,0.8693027545236652,1,False
2025,16,2025_16_CIN_MIA,MIA,CIN,21.0,45.0,-24.0,0.5292221517432673,0,False
2025,16,2025_16_SF_IND,IND,SF,27.0,48.0,-21.0,0.38500156898838755,0,False
2025,17,2025_17_DAL_WAS,WAS,DAL,23.0,30.0,-7.0,0.337921923364536,0,False
2025,17,2025_17_DET_MIN,MIN,DET,23.0,10.0,13.0,0.3165934885732974,1,False
2025,17,2025_17_DEN_KC,KC,DEN,13.0,20.0,-7.0,0.19617256476783157,0,False
2025,17,2025_17_SEA_CAR,CAR,SEA,10.0,27.0,-17.0,0.2737012756032541,0,False
2025,17,2025_17_ARI_CIN,CIN,ARI,37.0,14.0,23.0,0.6792695529804709,1,False
2025,17,2025_17_PIT_CLE,CLE,PIT,13.0,6.0,7.0,0.28908149503448394,1,False
2025,17,2025_17_BAL_GB,GB,BAL,24.0,41.0,-17.0,0.6661804776381487,0,False
2025,17,2025_17_JAX_IND,IND,JAX,17.0,23.0,-6.0,0.3335889319726899,0,False
2025,17,2025_17_HOU_LAC,LAC,HOU,16.0,20.0,-4.0,0.5740050144051645,0,False
2025,17,2025_17_NYG_LV,LV,NYG,10.0,34.0,-24.0,0.4920645297284738,0,False
2025,17,2025_17_TB_MIA,MIA,TB,20.0,17.0,3.0,0.3897668641400281,1,False
2025,17,2025_17_NE_NYJ,NYJ,NE,10.0,42.0,-32.0,0.2657638119214872,0,False
2025,17,2025_17_NO_TEN,TEN,NO,26.0,34.0,-8.0,0.43295385700675815,0,False
2025,17,2025_17_PHI_BUF,BUF,PHI,12.0,13.0,-1.0,0.6510929212352485,0,False
2025,17,2025_17_CHI_SF,SF,CHI,42.0,38.0,4.0,0.6491148547439608,1,False
2025,17,2025_17_LA_ATL,ATL,LA,27.0,24.0,3.0,0.2896901343755599,1,False
2025,18,2025_18_NO_ATL,ATL,NO,19.0,17.0,2.0,0.6802330678609693,1,False
2025,18,2025_18_NYJ_BUF,BUF,NYJ,35.0,8.0,27.0,0.8787185189176453,1,False
2025,18,2025_18_DET_CHI,CHI,DET,16.0,19.0,-3.0,0.5962676037523834,0,False
2025,18,2025_18_CLE_CIN,CIN,CLE,18.0,20.0,-2.0,0.7066307198700076,0,False
2025,18,2025_18_LAC_DEN,DEN,LAC,19.0,3.0,16.0,0.691814333740514,1,False
2025,18,2025_18_IND_HOU,HOU,IND,38.0,30.0,8.0,0.7849166178152874,1,False
2025,18,2025_18_TEN_JAX,JAX,TEN,41.0,7.0,34.0,0.8629292620510054,1,False
2025,18,2025_18_ARI_LA,LA,ARI,37.0,20.0,17.0,0.8530313777635965,1,False
2025,18,2025_18_KC_LV,LV,KC,14.0,12.0,2.0,0.2790173548772831,1,False
2025,18,2025_18_GB_MIN,MIN,GB,16.0,3.0,13.0,0.7594573812046482,1,False
2025,18,2025_18_MIA_NE,NE,MIA,38.0,10.0,28.0,0.7530371824840459,1,False
2025,18,2025_18_DAL_NYG,NYG,DAL,34.0,17.0,17.0,0.36480458911220887,1,False
2025,18,2025_18_WAS_PHI,PHI,WAS,17.0,24.0,-7.0,0.8096858796273653,0,False
2025,18,2025_18_BAL_PIT,PIT,BAL,26.0,24.0,2.0,0.4423382712524404,1,False
2025,18,2025_18_SEA_SF,SF,SEA,3.0,13.0,-10.0,0.42297973820768026,0,False
2025,18,2025_18_CAR_TB,TB,CAR,16.0,14.0,2.0,0.6858141035331332,1,False
