season,week,game_id,home_team,away_team,home_score,away_score,point_diff,pred_home,home_win,neutral,home_rest,away_rest,div_game,surface,roof,temp,wind,spread_line,home_qb_id,away_qb_id,elo_diff_post,surface_a_turf,surface_astroplay,surface_astroturf,surface_fieldturf,surface_grass,surface_grass ,surface_matrixturf,surface_sportturf,surface_unknown,roof_closed,roof_dome,roof_open,roof_outdoors,temp_filled,wind_filled,rest_diff,xgb_prob,blend_prob,final_prob
2018,1,2018_01_ATL_PHI,PHI,ATL,18.0,12.0,6.0,0.6067734489896949,1,False,7,7,0,grass,outdoors,81.0,8.0,1.0,00-0029567,00-0026143,173.50783171211617,False,False,False,False,True,False,False,False,False,False,False,False,True,81.0,8.0,0,0.542464826915396,0.542464826915396,0.5810500001599753
2018,1,2018_01_BUF_BAL,BAL,BUF,47.0,3.0,44.0,0.6437338769635835,1,False,7,7,0,grass,outdoors,61.0,12.0,7.5,00-0026158,00-0033958,236.64296718639778,False,False,False,False,True,False,False,False,False,False,False,False,True,61.0,12.0,0,0.7567979845040076,0.7567979845040076,0.6889595199797531
2018,1,2018_01_PIT_CLE,CLE,PIT,21.0,21.0,0.0,0.22037817930837642,0,False,7,7,1,grass,outdoors,58.0,11.0,-3.5,00-0028118,00-0022924,-505.3855557665962,False,False,False,False,True,False,False,False,False,False,False,False,True,58.0,11.0,0,0.3396146372665783,0.3396146372665783,0.2680727624916572
2018,1,2018_01_CIN_IND,IND,CIN,23.0,34.0,-11.0,0.4358056526690743,0,False,7,7,0,fieldturf,closed,,,-1.0,00-0029668,00-0027973,-103.28095455759411,False,False,False,True,False,False,False,False,False,True,False,False,False,59.0,8.0,0,0.5031985041271538,0.5031985041271538,0.4627627932523061
2018,1,2018_01_TEN_MIA,MIA,TEN,27.0,20.0,7.0,0.46345547359984635,1,False,7,7,0,grass,outdoors,89.0,7.0,-1.0,00-0029701,00-0032268,-58.57569521838055,False,False,False,False,True,False,False,False,False,False,False,False,True,89.0,7.0,0,0.4351384302516492,0.4351384302516492,0.4521286562605675
2018,1,2018_01_SF_MIN,MIN,SF,24.0,16.0,8.0,0.6888325650454074,1,False,7,7,0,sportturf,dome,,,6.0,00-0029604,00-0031345,317.8668346279279,False,False,False,False,False,False,False,True,False,False,True,False,False,59.0,8.0,0,0.6806197311161959,0.6806197311161959,0.6855474314737228
2018,1,2018_01_HOU_NE,NE,HOU,27.0,20.0,7.0,0.8326365953415342,1,False,7,7,0,fieldturf,outdoors,62.0,10.0,6.0,00-0019596,00-0033537,641.7719051565268,False,False,False,True,False,False,False,False,False,False,False,False,True,62.0,10.0,0,0.6942036476359112,0.6942036476359112,0.7772634162592851
2018,1,2018_01_TB_NO,NO,TB,40.0,48.0,-8.0,0.7307670982882521,0,False,7,7,1,sportturf,dome,,,10.0,00-0020531,00-0023682,399.40719654509485,False,False,False,False,False,False,False,True,False,False,True,False,False,59.0,8.0,0,0.7821332070040157,0.7821332070040157,0.7513135417745576
2018,1,2018_01_JAX_NYG,NYG,JAX,15.0,20.0,-5.0,0.4215236843504503,0,False,7,7,0,fieldturf,outdoors,59.0,7.0,-2.5,00-0022803,00-0031407,-126.60865533351067,False,False,False,True,False,False,False,False,False,False,False,False,True,59.0,7.0,0,0.5031985041271538,0.5031985041271538,0.4541936122611317
2018,1,2018_01_KC_LAC,LAC,KC,28.0,38.0,-10.0,0.6400603042427546,0,False,7,7,1,grass,outdoors,84.0,8.0,3.5,00-0022942,00-0033873,230.25035666441173,False,False,False,False,True,False,False,False,False,False,False,False,True,84.0,8.0,0,0.6302738875460218,0.6302738875460218,0.6361457375640615
2018,1,2018_01_WAS_ARI,ARI,WAS,6.0,24.0,-18.0,0.6130723447099727,0,False,7,7,0,grass,closed,,,2.0,00-0027854,00-0023436,184.09808324973503,False,False,False,False,True,False,False,False,False,True,False,False,False,59.0,8.0,0,0.5832955987435391,0.5832955987435391,0.6011616463233993
2018,1,2018_01_DAL_CAR,CAR,DAL,16.0,8.0,8.0,0.6133300598529517,1,False,7,7,0,grass,outdoors,81.0,9.0,2.5,00-0027939,00-0033077,184.53270537216028,False,False,False,False,True,False,False,False,False,False,False,False,True,81.0,9.0,0,0.5711184760345714,0.5711184760345714,0.5964454263255996
2018,1,2018_01_SEA_DEN,DEN,SEA,27.0,24.0,3.0,0.4660601540186709,1,False,7,7,0,grass,outdoors,84.0,5.0,3.0,00-0028986,00-0029263,-54.387389187255586,False,False,False,False,True,False,False,False,False,False,False,False,True,84.0,5.0,0,0.49222321314137835,0.49222321314137835,0.4765253776677539
2018,1,2018_01_CHI_GB,GB,CHI,24.0,23.0,1.0,0.6754858145715434,1,False,7,7,1,grass,outdoors,62.0,10.0,6.5,00-0023459,00-0033869,293.241162948553,False,False,False,False,True,False,False,False,False,False,False,False,True,62.0,10.0,0,0.7611922783244465,0.7611922783244465,0.7097684000727047
2018,1,2018_01_NYJ_DET,DET,NYJ,17.0,48.0,-31.0,0.7034166932576621,0,False,7,7,0,fieldturf,dome,,,7.0,00-0026498,00-0034869,345.44852237356315,False,False,False,True,False,False,False,False,False,False,True,False,False,59.0,8.0,0,0.7458049985607733,0.7458049985607733,0.7203720153789066
2018,1,2018_01_LA_OAK,OAK,LA,13.0,33.0,-20.0,0.380580475801096,0,False,7,7,0,grass,outdoors,69.0,10.0,-6.0,00-0031280,00-0033106,-194.83405324680993,False,False,False,False,True,False,False,False,False,False,False,False,True,69.0,10.0,0,0.3391820530576514,0.3391820530576514,0.3640211067037181
2018,2,2018_02_BAL_CIN,CIN,BAL,34.0,23.0,11.0,0.49855008132967304,1,False,4,4,1,fieldturf,outdoors,82.0,3.0,1.0,00-0027973,00-0026158,-2.3198763751949514,False,False,False,True,False,False,False,False,False,False,False,False,True,82.0,3.0,0,0.5287883720421951,0.5287883720421951,0.5106453976146819
2018,2,2018_02_CAR_ATL,ATL,CAR,31.0,24.0,7.0,0.6514222117761984,1,False,10,7,1,fieldturf,closed,,,5.5,00-0026143,00-0027939,250.11863072454403,False,False,False,True,False,False,False,False,False,True,False,False,False,59.0,8.0,3,0.672792992826996,0.672792992826996,0.6599705241965175
2018,2,2018_02_LAC_BUF,BUF,LAC,20.0,31.0,-11.0,0.33495376206294597,0,False,7,7,0,a_turf,outdoors,83.0,6.0,-7.5,00-0034857,00-0022942,-274.3456281459582,True,False,False,False,False,False,False,False,False,False,False,False,True,83.0,6.0,0,0.45564112920362543,0.45564112920362543,0.3832287089192178
2018,2,2018_02_MIN_GB,GB,MIN,29.0,29.0,0.0,0.41479115041983833,0,False,7,7,1,grass,outdoors,80.0,5.0,-2.0,00-0023459,00-0029604,-137.6774599170165,False,False,False,False,True,False,False,False,False,False,False,False,True,80.0,5.0,0,0.4676129965505913,0.4676129965505913,0.4359198888721395
2018,2,2018_02_CLE_NO,NO,CLE,21.0,18.0,3.0,0.8314495176692408,1,False,7,7,0,sportturf,dome,,,10.0,00-0020531,00-0028118,638.3741124407564,False,False,False,False,False,False,False,True,False,False,True,False,False,59.0,8.0,0,0.8567645408079284,0.8567645408079284,0.8415755269247158
2018,2,2018_02_MIA_NYJ,NYJ,MIA,12.0,20.0,-8.0,0.6254752801099218,0,False,6,7,1,fieldturf,outdoors,80.0,4.0,3.0,00-0034869,00-0029701,205.14160016881507,False,False,False,True,False,False,False,False,False,False,False,False,True,80.0,4.0,-1,0.5857190652428148,0.5857190652428148,0.6095727941630791
2018,2,2018_02_KC_PIT,PIT,KC,37.0,42.0,-5.0,0.684190396006506,0,False,7,7,0,grass,outdoors,80.0,10.0,4.5,00-0022924,00-0033873,309.23868905267983,False,False,False,False,True,False,False,False,False,False,False,False,True,80.0,10.0,0,0.6563721616614138,0.6563721616614138,0.6730631022684691
2018,2,2018_02_PHI_TB,TB,PHI,27.0,21.0,6.0,0.3373198803112187,1,False,7,10,0,grass,outdoors,91.0,9.0,-3.0,00-0023682,00-0029567,-270.1042879199386,False,False,False,False,True,False,False,False,False,False,False,False,True,91.0,9.0,-3,0.368271662802623,0.368271662802623,0.3497005933077804
2018,2,2018_02_HOU_TEN,TEN,HOU,20.0,17.0,3.0,0.6555989890970058,1,False,7,7,1,grass,outdoors,81.0,12.0,-3.5,00-0027948,00-0033537,257.4970388439753,False,False,False,False,True,False,False,False,False,False,False,False,True,81.0,12.0,0,0.39997223045232033,0.39997223045232033,0.5533482856391316
2018,2,2018_02_IND_WAS,WAS,IND,9.0,21.0,-12.0,0.6990400296908493,0,False,7,7,0,grass,outdoors,71.0,5.0,6.0,00-0023436,00-0029668,337.0922963111855,False,False,False,False,True,False,False,False,False,False,False,False,True,71.0,5.0,0,0.6518240543276664,0.6518240543276664,0.6801536395455762
2018,2,2018_02_ARI_LA,LA,ARI,34.0,0.0,34.0,0.7270916752429755,1,False,6,7,1,grass,outdoors,86.0,2.0,13.5,00-0033106,00-0027854,391.96665531677553,False,False,False,False,True,False,False,False,False,False,False,False,True,86.0,2.0,-1,0.7133495898564658,0.7133495898564658,0.7215948410883716
2018,2,2018_02_DET_SF,SF,DET,30.0,27.0,3.0,0.6369465046404997,1,False,7,6,0,grass,outdoors,73.0,12.0,6.0,00-0031345,00-0026498,224.85419133845116,False,False,False,False,True,False,False,False,False,False,False,False,True,73.0,12.0,1,0.6447217962237209,0.6447217962237209,0.6400566212737883
2018,2,2018_02_OAK_DEN,DEN,OAK,20.0,19.0,1.0,0.6482546252477711,1,False,7,6,1,grass,outdoors,92.0,4.0,5.5,00-0028986,00-0031280,244.5504050832077,False,False,False,False,True,False,False,False,False,False,False,False,True,92.0,4.0,1,0.6242423315683691,0.6242423315683691,0.6386497077760103
2018,2,2018_02_NE_JAX,JAX,NE,31.0,20.0,11.0,0.3879561449384996,1,False,7,7,0,grass,outdoors,97.0,15.0,-2.0,00-0031407,00-0019596,-182.3646535264583,False,False,False,False,True,False,False,False,False,False,False,False,True,97.0,15.0,0,0.3682985651056091,0.3682985651056091,0.38009311300534343
2018,2,2018_02_NYG_DAL,DAL,NYG,20.0,13.0,7.0,0.7022434318402522,1,False,7,7,1,matrixturf,closed,,,3.0,00-0033077,00-0022803,343.2015382463128,False,False,False,False,False,False,True,False,False,True,False,False,False,59.0,8.0,0,0.51006620030798,0.51006620030798,0.6253725392273433
2018,2,2018_02_SEA_CHI,CHI,SEA,24.0,17.0,7.0,0.5422034521284897,1,False,8,8,0,grass,outdoors,79.0,2.0,5.0,00-0033869,00-0029263,67.68657485477543,False,False,False,False,True,False,False,False,False,False,False,False,True,79.0,2.0,0,0.5890748901919695,0.5890748901919695,0.5609520273538816
2018,3,2018_03_NYJ_CLE,CLE,NYJ,21.0,17.0,4.0,0.44321095932095217,1,False,4,4,0,grass,outdoors,83.0,11.0,3.0,00-0028118,00-0034869,-91.25622532037308,False,False,False,False,True,False,False,False,False,False,False,False,True,83.0,11.0,0,0.484356393011872,0.484356393011872,0.4596691327973201
2018,3,2018_03_NO_ATL,ATL,NO,37.0,43.0,-6.0,0.6282993530787566,0,False,7,7,1,fieldturf,closed,,,1.5,00-0026143,00-0020531,209.97116481199816,False,False,False,True,False,False,False,False,False,True,False,False,False,59.0,8.0,0,0.5678725194724331,0.5678725194724331,0.6041286196362272
2018,3,2018_03_DEN_BAL,BAL,DEN,27.0,14.0,13.0,0.6483914924243385,1,False,10,7,0,grass,outdoors,61.0,5.0,5.5,00-0026158,00-0028986,244.7905226545343,False,False,False,False,True,False,False,False,False,False,False,False,True,61.0,5.0,3,0.6493127645148413,0.6493127645148413,0.6487600012605397
2018,3,2018_03_CIN_CAR,CAR,CIN,31.0,21.0,10.0,0.6426460688099738,1,False,7,10,0,grass,outdoors,80.0,3.0,2.5,00-0027939,00-0027973,234.74697632994514,False,False,False,False,True,False,False,False,False,False,False,False,True,80.0,3.0,-3,0.5736051190577122,0.5736051190577122,0.6150296889090692
2018,3,2018_03_NYG_HOU,HOU,NYG,22.0,27.0,-5.0,0.6255747577116934,0,False,7,7,0,astroturf,closed,,,6.5,00-0033537,00-0022803,205.31147060725115,False,False,True,False,False,False,False,False,False,True,False,False,False,59.0,8.0,0,0.7583857358472127,0.7583857358472127,0.6786991489659011
2018,3,2018_03_TEN_JAX,JAX,TEN,6.0,9.0,-3.0,0.696808567931694,0,False,7,7,1,grass,outdoors,89.0,10.0,10.0,00-0031407,00-0027948,332.8585306227568,False,False,False,False,True,False,False,False,False,False,False,False,True,89.0,10.0,0,0.7662136419801295,0.7662136419801295,0.7245705975510682
2018,3,2018_03_SF_KC,KC,SF,38.0,27.0,11.0,0.7382250799312453,1,False,7,7,0,grass,outdoors,70.0,4.0,6.0,00-0033873,00-0031345,414.70548545124825,False,False,False,False,True,False,False,False,False,False,False,False,True,70.0,4.0,0,0.6518240543276664,0.6518240543276664,0.7036646696898137
2018,3,2018_03_OAK_MIA,MIA,OAK,28.0,20.0,8.0,0.6844732434000712,1,False,7,7,0,grass,outdoors,90.0,7.0,3.0,00-0029701,00-0031280,309.76242773766984,False,False,False,False,True,False,False,False,False,False,False,False,True,90.0,7.0,0,0.5749134138196157,0.5749134138196157,0.6406493115678891
2018,3,2018_03_BUF_MIN,MIN,BUF,6.0,27.0,-21.0,0.7488231392322199,0,False,7,7,0,sportturf,dome,,,16.5,00-0029604,00-0034857,436.93820434603674,False,False,False,False,False,False,False,True,False,False,True,False,False,59.0,8.0,0,0.7943884975803038,0.7943884975803038,0.7670492825714534
2018,3,2018_03_IND_PHI,PHI,IND,20.0,16.0,4.0,0.7452495033150084,1,False,7,7,0,grass,outdoors,61.0,5.0,6.5,00-0032950,00-0029668,429.3737777174643,False,False,False,False,True,False,False,False,False,False,False,False,True,61.0,5.0,0,0.7366668442521928,0.7366668442521928,0.7418164396898821
2018,3,2018_03_GB_WAS,WAS,GB,31.0,17.0,14.0,0.5277594587046742,1,False,7,7,0,grass,outdoors,62.0,6.0,-2.5,00-0023436,00-0023459,44.46085284250629,False,False,False,False,True,False,False,False,False,False,False,False,True,62.0,6.0,0,0.4693873304237125,0.4693873304237125,0.5044106073922896
2018,3,2018_03_LAC_LA,LA,LAC,35.0,23.0,12.0,0.7260717543512796,1,False,7,7,0,grass,outdoors,80.0,5.0,7.5,00-0033106,00-0022942,389.9130600950883,False,False,False,False,True,False,False,False,False,False,False,False,True,80.0,5.0,0,0.7366668442521928,0.7366668442521928,0.7303097903116449
2018,3,2018_03_CHI_ARI,ARI,CHI,14.0,16.0,-2.0,0.3960422924895355,0,False,7,6,0,grass,closed,,,-6.0,00-0027854,00-0033869,-168.793268014946,False,False,False,False,True,False,False,False,False,True,False,False,False,59.0,8.0,1,0.3592620751381191,0.3592620751381191,0.3813302055489689
2018,3,2018_03_DAL_SEA,SEA,DAL,24.0,13.0,11.0,0.543427194210596,1,False,6,7,0,fieldturf,outdoors,61.0,4.0,1.0,00-0029263,00-0033077,69.65902641312228,False,False,False,True,False,False,False,False,False,False,False,False,True,61.0,4.0,-1,0.4938422301167762,0.4938422301167762,0.5235932085730681
2018,3,2018_03_NE_DET,DET,NE,26.0,10.0,16.0,0.28173306429430434,1,False,7,7,0,fieldturf,dome,,,-7.0,00-0026498,00-0019596,-374.352493829618,False,False,False,True,False,False,False,False,False,False,True,False,False,59.0,8.0,0,0.36806565134001734,0.36806565134001734,0.3162660991125895
2018,3,2018_03_PIT_TB,TB,PIT,27.0,30.0,-3.0,0.4625463516885701,0,False,8,8,0,grass,outdoors,77.0,5.0,1.0,00-0023682,00-0022924,-60.03829951426303,False,False,False,False,True,False,False,False,False,False,False,False,True,77.0,5.0,0,0.4736935454379632,0.4736935454379632,0.4670052291883273
2018,4,2018_04_MIN_LA,LA,MIN,38.0,31.0,7.0,0.7235980233674308,1,False,4,4,0,grass,outdoors,75.0,3.0,7.5,00-0033106,00-0029604,384.95191145473643,False,False,False,False,True,False,False,False,False,False,False,False,True,75.0,3.0,0,0.7309436536726917,0.7309436536726917,0.7265362754895351
2018,4,2018_04_CIN_ATL,ATL,CIN,36.0,37.0,-1.0,0.6932958757252349,0,False,7,7,0,fieldturf,closed,,,3.5,00-0026143,00-0027973,326.22933555253604,False,False,False,True,False,False,False,False,False,True,False,False,False,59.0,8.0,0,0.6747655670072675,0.6747655670072675,0.685883752238048
2018,4,2018_04_TB_CHI,CHI,TB,48.0,10.0,38.0,0.5772111315481914,1,False,7,6,0,grass,outdoors,66.0,5.0,3.0,00-0033869,00-0023682,124.53407466234418,False,False,False,False,True,False,False,False,False,False,False,False,True,66.0,5.0,1,0.535508576969931,0.535508576969931,0.5605301097168873
2018,4,2018_04_DET_DAL,DAL,DET,26.0,24.0,2.0,0.6260544430878154,1,False,7,7,0,matrixturf,closed,,,2.5,00-0033077,00-0026498,206.13084801703135,False,False,False,False,False,False,True,False,False,True,False,False,False,59.0,8.0,0,0.4963874246808252,0.4963874246808252,0.5741876357250193
2018,4,2018_04_BUF_GB,GB,BUF,22.0,0.0,22.0,0.6540177694623532,1,False,7,7,0,grass,outdoors,49.0,9.0,8.5,00-0023459,00-0034857,254.69884184340606,False,False,False,False,True,False,False,False,False,False,False,False,True,49.0,9.0,0,0.7605960442385789,0.7605960442385789,0.6966490793728435
2018,4,2018_04_HOU_IND,IND,HOU,34.0,37.0,-3.0,0.6094467802388236,0,False,7,7,1,fieldturf,closed,,,-1.0,00-0029668,00-0033537,177.9949527334594,False,False,False,True,False,False,False,False,False,True,False,False,False,59.0,8.0,0,0.4590661206344307,0.4590661206344307,0.5492945163970664
2018,4,2018_04_NYJ_JAX,JAX,NYJ,31.0,12.0,19.0,0.6904865584494886,1,False,7,10,0,grass,outdoors,86.0,10.0,7.5,00-0031407,00-0034869,320.95799407512294,False,False,False,False,True,False,False,False,False,False,False,False,True,86.0,10.0,-3,0.7365769859966527,0.7365769859966527,0.7089227294683542
2018,4,2018_04_MIA_NE,NE,MIA,38.0,7.0,31.0,0.6478080541270577,1,False,7,7,1,fieldturf,outdoors,65.0,6.0,6.5,00-0019596,00-0029701,243.7672447818644,False,False,False,True,False,False,False,False,False,False,False,False,True,65.0,6.0,0,0.7626166766661225,0.7626166766661225,0.6937315031426836
2018,4,2018_04_PHI_TEN,TEN,PHI,26.0,23.0,3.0,0.4428049839203228,1,False,7,7,0,grass,outdoors,80.0,4.0,-3.0,00-0032268,00-0032950,-91.91433641917422,False,False,False,False,True,False,False,False,False,False,False,False,True,80.0,4.0,0,0.4514637233153442,0.4514637233153442,0.4462684796783314
2018,4,2018_04_SEA_ARI,ARI,SEA,17.0,20.0,-3.0,0.3445930592926331,0,False,7,7,1,grass,closed,,,-3.5,00-0034343,00-0029263,-257.15685747796135,False,False,False,False,True,False,False,False,False,True,False,False,False,59.0,8.0,0,0.3974755641970837,0.3974755641970837,0.36574606125441333
2018,4,2018_04_CLE_OAK,OAK,CLE,45.0,42.0,3.0,0.7109308047915017,1,False,7,10,0,grass,outdoors,71.0,8.0,2.5,00-0031280,00-0034855,359.963605943204,False,False,False,False,True,False,False,False,False,False,False,False,True,71.0,8.0,-3,0.5740572337584876,0.5740572337584876,0.656181376378296
2018,4,2018_04_SF_LAC,LAC,SF,29.0,27.0,2.0,0.7014465307478032,1,False,7,7,0,grass,outdoors,78.0,9.0,10.0,00-0022942,00-0033936,341.6782528233878,False,False,False,False,True,False,False,False,False,False,False,False,True,78.0,9.0,0,0.7622180786423363,0.7622180786423363,0.7257551499056164
2018,4,2018_04_NO_NYG,NYG,NO,18.0,33.0,-15.0,0.32473243172756194,0,False,7,7,0,fieldturf,outdoors,71.0,7.0,-3.5,00-0022803,00-0020531,-292.84298140708313,False,False,False,True,False,False,False,False,False,False,False,False,True,71.0,7.0,0,0.44502601605445513,0.44502601605445513,0.3728498654583192
2018,4,2018_04_BAL_PIT,PIT,BAL,14.0,26.0,-12.0,0.6602905051689463,0,False,6,7,1,grass,outdoors,69.0,2.0,3.0,00-0022924,00-0026158,265.83562884548417,False,False,False,False,True,False,False,False,False,False,False,False,True,69.0,2.0,-1,0.5667846627983397,0.5667846627983397,0.6228881682207037
2018,4,2018_04_KC_DEN,DEN,KC,23.0,27.0,-4.0,0.3576167308530019,0,False,8,8,1,grass,outdoors,65.0,5.0,-3.5,00-0028986,00-0033873,-234.2893157180337,False,False,False,False,True,False,False,False,False,False,False,False,True,65.0,5.0,0,0.393840889653715,0.393840889653715,0.37210639437328713
2018,5,2018_05_IND_NE,NE,IND,38.0,24.0,14.0,0.7827310288283845,1,False,4,4,0,fieldturf,outdoors,66.0,6.0,10.5,00-0019596,00-0029668,512.6612155456977,False,False,False,True,False,False,False,False,False,False,False,False,True,66.0,6.0,0,0.817804575059279,0.817804575059279,0.7967604473207424
2018,5,2018_05_TEN_BUF,BUF,TEN,13.0,12.0,1.0,0.4106247270306448,1,False,7,7,0,a_turf,outdoors,62.0,8.0,-6.0,00-0034857,00-0032268,-144.55335682602538,True,False,False,False,False,False,False,False,False,False,False,False,True,62.0,8.0,0,0.3835636952760064,0.3835636952760064,0.39980031432878943
2018,5,2018_05_NYG_CAR,CAR,NYG,33.0,31.0,2.0,0.7553269679556988,1,False,14,7,0,grass,outdoors,80.0,3.0,7.0,00-0027939,00-0022803,450.8911878013567,False,False,False,False,True,False,False,False,False,False,False,False,True,80.0,3.0,7,0.7309436536726917,0.7309436536726917,0.7455736422424959
2018,5,2018_05_MIA_CIN,CIN,MIA,27.0,17.0,10.0,0.6939412101303558,1,False,7,7,0,fieldturf,outdoors,87.0,4.0,6.0,00-0027973,00-0029701,327.444015213944,False,False,False,True,False,False,False,False,False,False,False,False,True,87.0,4.0,0,0.6461596181815324,0.6461596181815324,0.6748285733508265
2018,5,2018_05_BAL_CLE,CLE,BAL,12.0,9.0,3.0,0.23375093204878247,1,False,7,7,1,grass,outdoors,72.0,5.0,-3.0,00-0034855,00-0026158,-474.9004461349946,False,False,False,False,True,False,False,False,False,False,False,False,True,72.0,5.0,0,0.35209599035907774,0.35209599035907774,0.2810889553729006
2018,5,2018_05_GB_DET,DET,GB,31.0,23.0,8.0,0.5999835016609735,1,False,7,7,1,fieldturf,dome,,,1.0,00-0026498,00-0023459,162.1585462005672,False,False,False,True,False,False,False,False,False,False,True,False,False,59.0,8.0,0,0.5468230596043995,0.5468230596043995,0.5787193248383439
2018,5,2018_05_JAX_KC,KC,JAX,30.0,14.0,16.0,0.6633036485111408,1,False,6,7,0,grass,outdoors,58.0,5.0,3.0,00-0033873,00-0031407,271.22055481657964,False,False,False,False,True,False,False,False,False,False,False,False,True,58.0,5.0,-1,0.5836734209351283,0.5836734209351283,0.6314515574807358
2018,5,2018_05_DEN_NYJ,NYJ,DEN,34.0,16.0,18.0,0.5176877460242393,1,False,7,6,0,fieldturf,outdoors,77.0,7.0,-1.0,00-0034869,00-0028986,28.31220778826724,False,False,False,True,False,False,False,False,False,False,False,False,True,77.0,7.0,1,0.518954909517831,0.518954909517831,0.518194611421676
2018,5,2018_05_ATL_PIT,PIT,ATL,41.0,17.0,24.0,0.6473278076936031,1,False,7,7,0,grass,outdoors,83.0,5.0,3.5,00-0022924,00-0026143,242.92553294001945,False,False,False,False,True,False,False,False,False,False,False,False,True,83.0,5.0,0,0.6319328156640991,0.6319328156640991,0.6411698108818015
2018,5,2018_05_OAK_LAC,LAC,OAK,26.0,10.0,16.0,0.6942866342303653,1,False,7,7,1,grass,outdoors,75.0,10.0,5.5,00-0022942,00-0031280,328.09477722807924,False,False,False,False,True,False,False,False,False,False,False,False,True,75.0,10.0,0,0.648110249987778,0.648110249987778,0.6758160805333304
2018,5,2018_05_MIN_PHI,PHI,MIN,21.0,23.0,-2.0,0.6103279121178482,0,False,7,10,0,grass,outdoors,79.0,6.0,3.5,00-0032950,00-0029604,179.47631537261177,False,False,False,False,True,False,False,False,False,False,False,False,True,79.0,6.0,-3,0.592356299821042,0.592356299821042,0.6031392671991257
2018,5,2018_05_LA_SEA,SEA,LA,31.0,33.0,-2.0,0.34001951382262013,0,False,7,10,1,fieldturf,outdoors,53.0,5.0,-7.5,00-0029263,00-0033106,-265.2829034505073,False,False,False,True,False,False,False,False,False,False,False,False,True,53.0,5.0,-3,0.32164929037790607,0.32164929037790607,0.3326714244447345
2018,5,2018_05_ARI_SF,SF,ARI,18.0,28.0,-10.0,0.6532067457732277,0,False,7,7,1,grass,outdoors,79.0,15.0,3.0,00-0033936,00-0034343,253.26595803055395,False,False,False,False,True,False,False,False,False,False,False,False,True,79.0,15.0,0,0.571861410383225,0.571861410383225,0.6206686116172266
2018,5,2018_05_DAL_HOU,HOU,DAL,19.0,16.0,3.0,0.46159839542691256,1,False,7,7,0,astroturf,closed,,,3.5,00-0033537,00-0033077,-61.5638078047279,False,False,True,False,False,False,False,False,False,True,False,False,False,59.0,8.0,0,0.5915588900241671,0.5915588900241671,0.5135825932658143
2018,5,2018_05_WAS_NO,NO,WAS,43.0,19.0,24.0,0.6719019942322387,1,False,8,15,0,sportturf,dome,,,5.5,00-0020531,00-0023436,286.72005045821555,False,False,False,False,False,False,False,True,False,False,True,False,False,59.0,8.0,-7,0.6150456206022892,0.6150456206022892,0.6491594447802589
2018,6,2018_06_PHI_NYG,NYG,PHI,13.0,34.0,-21.0,0.3378363292840017,0,False,4,4,1,fieldturf,outdoors,70.0,3.0,-1.5,00-0022803,00-0032950,-269.1804867173264,False,False,False,True,False,False,False,False,False,False,False,False,True,70.0,3.0,0,0.4914464193773977,0.4914464193773977,0.39928036532136013
2018,6,2018_06_TB_ATL,ATL,TB,34.0,29.0,5.0,0.6761907253082922,1,False,7,14,1,fieldturf,open,,,3.0,00-0026143,00-0031503,294.52819606939414,False,False,False,True,False,False,False,False,False,False,False,True,False,59.0,8.0,-7,0.5912487651184153,0.5912487651184153,0.6422139412323414
2018,6,2018_06_PIT_CIN,CIN,PIT,21.0,28.0,-7.0,0.5073125233467419,0,False,7,7,1,fieldturf,outdoors,51.0,6.0,1.0,00-0027973,00-0022924,11.700871643285637,False,False,False,True,False,False,False,False,False,False,False,False,True,51.0,6.0,0,0.4897809091507339,0.4897809091507339,0.5002998776683387
2018,6,2018_06_LAC_CLE,CLE,LAC,14.0,38.0,-24.0,0.2820849110944677,0,False,7,7,0,grass,outdoors,51.0,9.0,1.0,00-0034855,00-0022942,-373.6572690760462,False,False,False,False,True,False,False,False,False,False,False,False,True,51.0,9.0,0,0.3898796440957826,0.3898796440957826,0.32520280429499365
2018,6,2018_06_BUF_HOU,HOU,BUF,20.0,13.0,7.0,0.6626842740850298,1,False,7,7,0,astroturf,closed,,,10.5,00-0033537,00-0034857,270.11172193338393,False,False,True,False,False,False,False,False,False,True,False,False,False,59.0,8.0,0,0.787951946017159,0.787951946017159,0.7127913428578816
2018,6,2018_06_CHI_MIA,MIA,CHI,31.0,28.0,3.0,0.3528920484279949,1,False,7,14,0,grass,outdoors,89.0,8.0,-7.5,00-0029682,00-0033869,-242.54037266169686,False,False,False,False,True,False,False,False,False,False,False,False,True,89.0,8.0,-7,0.38539775499819373,0.38539775499819373,0.36589433105607444
2018,6,2018_06_ARI_MIN,MIN,ARI,27.0,17.0,10.0,0.7510991109852329,1,False,7,7,0,sportturf,dome,,,10.0,00-0029604,00-0034343,441.79313357286753,False,False,False,False,False,False,False,True,False,False,True,False,False,59.0,8.0,0,0.7783310067954623,0.7783310067954623,0.7619918693093246
2018,6,2018_06_IND_NYJ,NYJ,IND,42.0,34.0,8.0,0.6758473851135282,1,False,7,10,0,fieldturf,outdoors,60.0,7.0,2.5,00-0034869,00-0029668,293.9011401590141,False,False,False,True,False,False,False,False,False,False,False,False,True,60.0,7.0,-3,0.5808721578192503,0.5808721578192503,0.637857294195817
2018,6,2018_06_SEA_OAK,OAK,SEA,3.0,27.0,-24.0,0.3580902718203258,0,True,7,7,0,grass,outdoors,52.0,10.0,-3.0,00-0031280,00-0029263,-233.4650291815735,False,False,False,False,True,False,False,False,False,False,False,False,True,52.0,10.0,0,0.4177623359841625,0.4177623359841625,0.38195909748586054
2018,6,2018_06_CAR_WAS,WAS,CAR,23.0,17.0,6.0,0.4349308294688303,1,False,6,7,0,grass,outdoors,52.0,0.0,-1.0,00-0023436,00-0027939,-104.70445745696767,False,False,False,False,True,False,False,False,False,False,False,False,True,52.0,0.0,-1,0.46984312920745763,0.46984312920745763,0.4488957493642812
2018,6,2018_06_LA_DEN,DEN,LA,20.0,23.0,-3.0,0.31260847870951364,0,False,7,7,0,grass,outdoors,25.0,6.0,-7.0,00-0028986,00-0033106,-315.1809956266419,False,False,False,False,True,False,False,False,False,False,False,False,True,25.0,6.0,0,0.288204253216756,0.288204253216756,0.3028467885124106
2018,6,2018_06_JAX_DAL,DAL,JAX,40.0,7.0,33.0,0.47941424291622226,1,False,7,7,0,matrixturf,closed,,,-3.0,00-0033077,00-0031407,-32.955840836780936,False,False,False,False,False,False,True,False,False,True,False,False,False,59.0,8.0,0,0.3729668595567804,0.3729668595567804,0.43683528957244555
2018,6,2018_06_BAL_TEN,TEN,BAL,0.0,21.0,-21.0,0.41489330828567267,0,False,7,7,0,grass,outdoors,66.0,4.0,-2.5,00-0032268,00-0026158,-137.5091243568578,False,False,False,False,True,False,False,False,False,False,False,False,True,66.0,4.0,0,0.457811884578306,0.457811884578306,0.432060738802726
2018,6,2018_06_KC_NE,NE,KC,43.0,40.0,3.0,0.5867724357067944,1,False,10,7,0,fieldturf,outdoors,45.0,0.0,4.0,00-0019596,00-0033873,140.25545076196835,False,False,False,True,False,False,False,False,False,False,False,False,True,45.0,0.0,3,0.6719455337195572,0.6719455337195572,0.6208416749118995
2018,6,2018_06_SF_GB,GB,SF,33.0,30.0,3.0,0.6643111467313599,1,False,8,8,0,grass,outdoors,37.0,5.0,9.0,00-0023459,00-0033936,273.0263740812387,False,False,False,False,True,False,False,False,False,False,False,False,True,37.0,5.0,0,0.7611984867185544,0.7611984867185544,0.7030660827262378
2018,7,2018_07_DEN_ARI,ARI,DEN,10.0,45.0,-35.0,0.5724928466639057,0,False,4,4,0,grass,closed,,,-1.0,00-0034343,00-0028986,116.81168770135014,False,False,False,False,True,False,False,False,False,True,False,False,False,59.0,8.0,0,0.4251471646441861,0.4251471646441861,0.5135545738560179
2018,7,2018_07_NE_CHI,CHI,NE,31.0,38.0,-7.0,0.38462389738486363,0,False,7,7,0,grass,outdoors,44.0,9.0,-1.0,00-0033869,00-0019596,-187.9870651775768,False,False,False,False,True,False,False,False,False,False,False,False,True,44.0,9.0,0,0.4124125482175615,0.4124125482175615,0.3957393577179428
2018,7,2018_07_BUF_IND,IND,BUF,37.0,5.0,32.0,0.6375930332243006,1,False,7,7,0,fieldturf,closed,,,7.0,00-0029668,00-0023645,225.97296115034897,False,False,False,True,False,False,False,False,False,True,False,False,False,59.0,8.0,0,0.7654599670849153,0.7654599670849153,0.6887398067685465
2018,7,2018_07_HOU_JAX,JAX,HOU,7.0,20.0,-13.0,0.6597525737240585,0,False,7,7,1,grass,outdoors,68.0,15.0,4.0,00-0031407,00-0033537,264.87671965886346,False,False,False,False,True,False,False,False,False,False,False,False,True,68.0,15.0,0,0.6593035432469307,0.6593035432469307,0.6595729615332073
2018,7,2018_07_DET_MIA,MIA,DET,21.0,32.0,-11.0,0.4352128695993192,0,False,7,14,0,grass,outdoors,89.0,8.0,-3.0,00-0029682,00-0026498,-104.24545320301553,False,False,False,False,True,False,False,False,False,False,False,False,True,89.0,8.0,-7,0.3756053520229708,0.3756053520229708,0.41136986256877983
2018,7,2018_07_MIN_NYJ,NYJ,MIN,17.0,37.0,-20.0,0.36499036230727017,0,False,7,7,0,fieldturf,outdoors,46.0,16.0,-3.5,00-0034869,00-0029604,-221.50769106004566,False,False,False,True,False,False,False,False,False,False,False,False,True,46.0,16.0,0,0.39212520276140017,0.39212520276140017,0.3758442984889222
2018,7,2018_07_CAR_PHI,PHI,CAR,17.0,21.0,-4.0,0.6874574412214693,0,False,10,7,0,grass,outdoors,49.0,19.0,5.0,00-0032950,00-0027939,315.3037103807015,False,False,False,False,True,False,False,False,False,False,False,False,True,49.0,19.0,3,0.6601490584597882,0.6601490584597882,0.6765340881167969
2018,7,2018_07_CLE_TB,TB,CLE,26.0,23.0,3.0,0.6729687779766778,1,False,7,7,0,grass,outdoors,79.0,7.0,3.5,00-0031503,00-0034855,288.65731589102353,False,False,False,False,True,False,False,False,False,False,False,False,True,79.0,7.0,0,0.6497336236448177,0.6497336236448177,0.6636747162439337
2018,7,2018_07_NO_BAL,BAL,NO,23.0,24.0,-1.0,0.586642065131243,0,False,7,13,0,grass,outdoors,54.0,15.0,2.5,00-0026158,00-0020531,140.04039041837163,False,False,False,False,True,False,False,False,False,False,False,False,True,54.0,15.0,-6,0.5651437338267965,0.5651437338267965,0.5780427326094644
2018,7,2018_07_LA_SF,SF,LA,10.0,39.0,-29.0,0.2976460022399463,0,False,6,7,1,grass,outdoors,62.0,5.0,-8.0,00-0033936,00-0033106,-343.41307152219105,False,False,False,False,True,False,False,False,False,False,False,False,True,62.0,5.0,-1,0.26577602520306515,0.26577602520306515,0.28489801142519383
2018,7,2018_07_DAL_WAS,WAS,DAL,20.0,17.0,3.0,0.49453396422132856,1,False,7,7,1,grass,outdoors,52.0,12.0,-1.5,00-0023436,00-0033077,-8.74600566924082,False,False,False,False,True,False,False,False,False,False,False,False,True,52.0,12.0,0,0.4639314590010464,0.4639314590010464,0.4822929621332157
2018,7,2018_07_CIN_KC,KC,CIN,45.0,10.0,35.0,0.7178911985770895,1,False,7,7,0,grass,outdoors,59.0,10.0,6.5,00-0033873,00-0027973,373.610082549402,False,False,False,False,True,False,False,False,False,False,False,False,True,59.0,10.0,0,0.7326405658454362,0.7326405658454362,0.7237909454844282
2018,7,2018_07_TEN_LAC,LAC,TEN,20.0,19.0,1.0,0.7101931785100732,1,True,7,7,0,grass,outdoors,66.0,6.0,6.5,00-0022942,00-0032268,358.5289788856289,False,False,False,False,True,False,False,False,False,False,False,False,True,66.0,6.0,0,0.7309436536726917,0.7309436536726917,0.7184933685751206
2018,7,2018_07_NYG_ATL,ATL,NYG,23.0,20.0,3.0,0.7466517624589362,1,False,8,11,0,fieldturf,open,,,4.5,00-0026143,00-0022803,432.3335678834443,False,False,False,True,False,False,False,False,False,False,False,True,False,59.0,8.0,-3,0.619568038643708,0.619568038643708,0.6958182729328448
2018,8,2018_08_MIA_HOU,HOU,MIA,42.0,23.0,19.0,0.7260022323211964,1,False,4,4,0,astroturf,closed,,,7.5,00-0033537,00-0029682,389.77325217816906,False,False,True,False,False,False,False,False,False,True,False,False,False,59.0,8.0,0,0.7326405658454362,0.7326405658454362,0.7286575657308924
2018,8,2018_08_BAL_CAR,CAR,BAL,36.0,21.0,15.0,0.5116316582971236,1,False,7,7,0,grass,outdoors,61.0,10.0,-2.5,00-0027939,00-0026158,18.614011615509174,False,False,False,False,True,False,False,False,False,False,False,False,True,61.0,10.0,0,0.461750265464855,0.461750265464855,0.4916791011642162
2018,8,2018_08_NYJ_CHI,CHI,NYJ,24.0,10.0,14.0,0.7410187084791655,1,False,7,7,0,grass,outdoors,48.0,18.0,8.5,00-0033869,00-0034869,420.5080188029203,False,False,False,False,True,False,False,False,False,False,False,False,True,48.0,18.0,0,0.7273812457052842,0.7273812457052842,0.735563723369613
2018,8,2018_08_TB_CIN,CIN,TB,37.0,34.0,3.0,0.6479714414349272,1,False,7,7,0,fieldturf,outdoors,55.0,7.0,3.5,00-0027973,00-0031503,244.05372757088477,False,False,False,True,False,False,False,False,False,False,False,False,True,55.0,7.0,0,0.6770113245280373,0.6770113245280373,0.6595873946721712
2018,8,2018_08_SEA_DET,DET,SEA,14.0,28.0,-14.0,0.601945220339294,0,False,7,14,0,fieldturf,dome,,,3.0,00-0026498,00-0029263,165.4307247610193,False,False,False,True,False,False,False,False,False,False,True,False,False,59.0,8.0,-7,0.5719297187310216,0.5719297187310216,0.5899390196959851
2018,8,2018_08_DEN_KC,KC,DEN,30.0,23.0,7.0,0.8000434919366652,1,False,7,10,1,grass,outdoors,56.0,12.0,8.5,00-0033873,00-0028986,554.6264831576459,False,False,False,False,True,False,False,False,False,False,False,False,True,56.0,12.0,-3,0.7979615314625086,0.7979615314625086,0.7992107077470025
2018,8,2018_08_WAS_NYG,NYG,WAS,13.0,20.0,-7.0,0.3773184789127375,0,False,6,7,1,fieldturf,outdoors,51.0,11.0,-1.0,00-0022803,00-0023436,-200.37823339635855,False,False,False,True,False,False,False,False,False,False,False,False,True,51.0,11.0,-1,0.43189864734918293,0.43189864734918293,0.39915054628731567
2018,8,2018_08_CLE_PIT,PIT,CLE,33.0,18.0,15.0,0.848379706884554,1,False,14,7,1,grass,outdoors,47.0,11.0,8.5,00-0022924,00-0034855,688.7795917104104,False,False,False,False,True,False,False,False,False,False,False,False,True,47.0,11.0,7,0.9235777435547433,0.9235777435547433,0.8784589215526297
2018,8,2018_08_IND_OAK,OAK,IND,28.0,42.0,-14.0,0.485690165830139,0,False,14,7,0,grass,outdoors,69.0,8.0,-3.5,00-0031280,00-0029668,-22.901988933181805,False,False,False,False,True,False,False,False,False,False,False,False,True,69.0,8.0,7,0.3339876482708966,0.3339876482708966,0.4250091588064421
2018,8,2018_08_SF_ARI,ARI,SF,18.0,15.0,3.0,0.5240673487793025,1,False,10,7,1,grass,closed,,,-2.5,00-0034343,00-0033936,38.53753963120856,False,False,False,False,True,False,False,False,False,True,False,False,False,59.0,8.0,3,0.4518869079557442,0.4518869079557442,0.4951951724498792
2018,8,2018_08_GB_LA,LA,GB,29.0,27.0,2.0,0.7631082344436478,1,False,7,13,0,grass,outdoors,82.0,1.0,7.5,00-0033106,00-0023459,467.91860944410774,False,False,False,False,True,False,False,False,False,False,False,False,True,82.0,1.0,-6,0.7581147013372997,0.7581147013372997,0.7611108212011086
2018,8,2018_08_NO_MIN,MIN,NO,20.0,30.0,-10.0,0.5132827707169149,0,False,7,7,0,sportturf,dome,,,-2.5,00-0029604,00-0020531,21.25743474408255,False,False,False,False,False,False,False,True,False,False,True,False,False,59.0,8.0,0,0.5354786515283461,0.5354786515283461,0.5221611230414873
2018,8,2018_08_PHI_JAX,JAX,PHI,18.0,24.0,-6.0,0.3238910354230553,0,True,7,7,0,grass,outdoors,48.0,12.0,-4.0,00-0031407,00-0032950,-294.3788417804689,False,False,False,False,True,False,False,False,False,False,False,False,True,48.0,12.0,0,0.34052688320776775,0.34052688320776775,0.33054537453694033
2018,8,2018_08_NE_BUF,BUF,NE,6.0,25.0,-19.0,0.2612021389513057,0,False,8,8,1,a_turf,outdoors,46.0,16.0,-13.5,00-0023645,00-0019596,-415.89190673674386,True,False,False,False,False,False,False,False,False,False,False,False,True,46.0,16.0,0,0.2065738595662514,0.2065738595662514,0.23935082719728396
2018,9,2018_09_OAK_SF,SF,OAK,34.0,3.0,31.0,0.5184103151841333,1,False,4,4,0,grass,outdoors,82.0,8.0,-1.5,00-0033319,00-0031280,29.469827105646385,False,False,False,False,True,False,False,False,False,False,False,False,True,82.0,8.0,0,0.461750265464855,0.461750265464855,0.49574629529642195
2018,9,2018_09_PIT_BAL,BAL,PIT,16.0,23.0,-7.0,0.5156193425617743,0,False,7,7,1,grass,outdoors,55.0,6.0,1.5,00-0026158,00-0022924,24.999082046190814,False,False,False,False,True,False,False,False,False,False,False,False,True,55.0,6.0,0,0.47738647488579306,0.47738647488579306,0.5003261954913818
2018,9,2018_09_CHI_BUF,BUF,CHI,9.0,41.0,-32.0,0.24459578431508078,0,False,6,7,0,a_turf,outdoors,49.0,12.0,-10.5,00-0033958,00-0033869,-451.0584011624862,True,False,False,False,False,False,False,False,False,False,False,False,True,49.0,12.0,-1,0.23081438741951096,0.23081438741951096,0.23908322555685285
2018,9,2018_09_TB_CAR,CAR,TB,42.0,28.0,14.0,0.7636316473075944,1,False,7,7,1,grass,outdoors,62.0,8.0,6.0,00-0027939,00-0023682,469.07765246335015,False,False,False,False,True,False,False,False,False,False,False,False,True,62.0,8.0,0,0.6693640319743078,0.6693640319743078,0.7259246011742797
2018,9,2018_09_KC_CLE,CLE,KC,21.0,37.0,-16.0,0.18173204629392922,0,False,7,7,0,grass,outdoors,53.0,16.0,-7.5,00-0034855,00-0033873,-601.862610249247,False,False,False,False,True,False,False,False,False,False,False,False,True,53.0,16.0,0,0.23078095217200534,0.23078095217200534,0.20135160864515966
2018,9,2018_09_NYJ_MIA,MIA,NYJ,13.0,6.0,7.0,0.6322880759121129,1,False,10,7,1,grass,outdoors,87.0,16.0,3.0,00-0029682,00-0034869,216.81811599202828,False,False,False,False,True,False,False,False,False,False,False,False,True,87.0,16.0,3,0.5694256384367447,0.5694256384367447,0.6071431009219657
2018,9,2018_09_DET_MIN,MIN,DET,24.0,9.0,15.0,0.6550476907138917,1,False,7,7,1,sportturf,dome,,,4.5,00-0029604,00-0026498,256.52074788482946,False,False,False,False,False,False,False,True,False,False,True,False,False,59.0,8.0,0,0.6766565368722052,0.6766565368722052,0.663691229177217
2018,9,2018_09_ATL_WAS,WAS,ATL,14.0,38.0,-24.0,0.5750779520370379,0,False,7,13,0,grass,outdoors,55.0,5.0,1.5,00-0023436,00-0026143,121.03994592999837,False,False,False,False,True,False,False,False,False,False,False,False,True,55.0,5.0,-6,0.5302986109520966,0.5302986109520966,0.5571662156030615
2018,9,2018_09_HOU_DEN,DEN,HOU,17.0,19.0,-2.0,0.5275719742161555,0,False,7,10,0,grass,outdoors,53.0,3.0,1.0,00-0028986,00-0033537,44.15995644267827,False,False,False,False,True,False,False,False,False,False,False,False,True,53.0,3.0,-3,0.4700063986024411,0.4700063986024411,0.5045457439706698
2018,9,2018_09_LAC_SEA,SEA,LAC,17.0,25.0,-8.0,0.5861702437327546,0,False,7,14,0,fieldturf,outdoors,56.0,4.0,1.0,00-0029263,00-0022942,139.2622372773124,False,False,False,True,False,False,False,False,False,False,False,False,True,56.0,4.0,-7,0.536364897529039,0.536364897529039,0.5662481052512683
2018,9,2018_09_LA_NO,NO,LA,45.0,35.0,10.0,0.5019674069019825,1,False,7,7,0,sportturf,dome,,,-2.5,00-0020531,00-0033106,3.147867289129991,False,False,False,False,False,False,False,True,False,False,True,False,False,59.0,8.0,0,0.5354786515283461,0.5354786515283461,0.5153719047525279
2018,9,2018_09_GB_NE,NE,GB,31.0,17.0,14.0,0.7697533595091322,1,False,6,7,0,fieldturf,outdoors,40.0,2.0,5.0,00-0019596,00-0023459,482.7676267535965,False,False,False,True,False,False,False,False,False,False,False,False,True,40.0,2.0,-1,0.6764940122748941,0.6764940122748941,0.732449620615437
2018,9,2018_09_TEN_DAL,DAL,TEN,14.0,28.0,-14.0,0.7011207066856764,0,False,15,15,0,matrixturf,closed,,,4.5,00-0033077,00-0032268,341.05610950134536,False,False,False,False,False,False,True,False,False,True,False,False,False,59.0,8.0,0,0.6487055555362564,0.6487055555362564,0.6801546462259084
2018,10,2018_10_CAR_PIT,PIT,CAR,52.0,21.0,31.0,0.6597044228306488,1,False,4,4,0,grass,outdoors,40.0,4.0,3.5,00-0022924,00-0027939,264.7909223790175,False,False,False,False,True,False,False,False,False,False,False,False,True,40.0,4.0,0,0.665831484532369,0.665831484532369,0.6621552475113368
2018,10,2018_10_DET_CHI,CHI,DET,34.0,22.0,12.0,0.7276617610636412,1,False,7,7,1,grass,outdoors,37.0,12.0,7.5,00-0033869,00-0026498,393.1166028187054,False,False,False,False,True,False,False,False,False,False,False,False,True,37.0,12.0,0,0.7336138961444313,0.7336138961444313,0.7300426150959572
2018,10,2018_10_NO_CIN,CIN,NO,14.0,51.0,-37.0,0.2957234318639246,0,False,14,7,0,fieldturf,outdoors,39.0,6.0,-5.5,00-0027973,00-0020531,-347.098586297393,False,False,False,True,False,False,False,False,False,False,False,False,True,39.0,6.0,7,0.24000494801946679,0.24000494801946679,0.2734360383261415
2018,10,2018_10_ATL_CLE,CLE,ATL,28.0,16.0,12.0,0.26274512937844335,1,False,7,7,0,grass,outdoors,36.0,9.0,-5.5,00-0034855,00-0026143,-412.6996726619318,False,False,False,False,True,False,False,False,False,False,False,False,True,36.0,9.0,0,0.2140214201041026,0.2140214201041026,0.24325564566870705
2018,10,2018_10_JAX_IND,IND,JAX,29.0,26.0,3.0,0.5937447156948458,1,False,14,14,1,fieldturf,closed,,,3.0,00-0029668,00-0031407,151.78708573886075,False,False,False,True,False,False,False,False,False,True,False,False,False,59.0,8.0,0,0.5641090161866532,0.5641090161866532,0.5818904358915687
2018,10,2018_10_ARI_KC,KC,ARI,26.0,14.0,12.0,0.8415185158246958,1,False,7,14,0,grass,outdoors,43.0,5.0,16.5,00-0033873,00-0034343,667.8280997341316,False,False,False,False,True,False,False,False,False,False,False,False,True,43.0,5.0,-7,0.9213316711248446,0.9213316711248446,0.8734437779447553
2018,10,2018_10_BUF_NYJ,NYJ,BUF,10.0,41.0,-31.0,0.7059943268382126,0,False,7,7,1,fieldturf,outdoors,46.0,10.0,6.5,00-0021206,00-0030533,350.4032552799436,False,False,False,True,False,False,False,False,False,False,False,False,True,46.0,10.0,0,0.7411658822895059,0.7411658822895059,0.7200629490187299
2018,10,2018_10_WAS_TB,TB,WAS,3.0,16.0,-13.0,0.5101702478369734,0,False,7,7,0,grass,outdoors,82.0,3.0,3.5,00-0023682,00-0023436,16.27464125388789,False,False,False,False,True,False,False,False,False,False,False,False,True,82.0,3.0,0,0.5629861911892118,0.5629861911892118,0.5312966251778688
2018,10,2018_10_NE_TEN,TEN,NE,34.0,10.0,24.0,0.2820136967336198,1,False,6,7,0,grass,outdoors,46.0,4.0,-6.0,00-0032268,00-0019596,-373.79794115983873,False,False,False,False,True,False,False,False,False,False,False,False,True,46.0,4.0,-1,0.23878637306584383,0.23878637306584383,0.26472276726650945
2018,10,2018_10_LAC_OAK,OAK,LAC,6.0,20.0,-14.0,0.2692751153506431,0,False,10,7,1,grass,outdoors,69.0,16.0,-10.5,00-0031280,00-0022942,-399.32137740403493,False,False,False,False,True,False,False,False,False,False,False,False,True,69.0,16.0,3,0.20821692115448096,0.20821692115448096,0.24485183767217825
2018,10,2018_10_MIA_GB,GB,MIA,31.0,12.0,19.0,0.7719751033570713,1,False,7,7,0,grass,outdoors,33.0,6.0,13.0,00-0023459,00-0029682,487.7989924687777,False,False,False,False,True,False,False,False,False,False,False,False,True,33.0,6.0,0,0.8226599391931843,0.8226599391931843,0.7922490376915166
2018,10,2018_10_SEA_LA,LA,SEA,36.0,31.0,5.0,0.6654413764250596,1,False,7,7,1,grass,outdoors,75.0,1.0,10.0,00-0033106,00-0029263,275.05536915971567,False,False,False,False,True,False,False,False,False,False,False,False,True,75.0,1.0,0,0.7859078147868575,0.7859078147868575,0.7136279517697788
2018,10,2018_10_DAL_PHI,PHI,DAL,20.0,27.0,-7.0,0.6655432152728757,0,False,14,6,1,grass,outdoors,38.0,5.0,7.5,00-0032950,00-0033077,275.2383578775885,False,False,False,False,True,False,False,False,False,False,False,False,True,38.0,5.0,8,0.7685465632319995,0.7685465632319995,0.7067445544565253
2018,10,2018_10_NYG_SF,SF,NYG,23.0,27.0,-4.0,0.6434298213694082,0,False,11,15,0,grass,outdoors,62.0,0.0,3.0,00-0033319,00-0022803,236.1127553612606,False,False,False,False,True,False,False,False,False,False,False,False,True,62.0,0.0,-4,0.5774786630443147,0.5774786630443147,0.6170493580393708
2018,11,2018_11_GB_SEA,SEA,GB,27.0,24.0,3.0,0.6861305027269383,1,False,4,4,0,fieldturf,outdoors,54.0,6.0,3.0,00-0029263,00-0023459,312.8362244430047,False,False,False,True,False,False,False,False,False,False,False,False,True,54.0,6.0,0,0.5999735498349239,0.5999735498349239,0.6516677215701325
2018,11,2018_11_DAL_ATL,ATL,DAL,19.0,22.0,-3.0,0.6392959082368112,0,False,7,7,0,fieldturf,open,,,3.5,00-0026143,00-0033077,228.9237982301895,False,False,False,True,False,False,False,False,False,False,False,True,False,59.0,8.0,0,0.6743597105152054,0.6743597105152054,0.6533214291481688
2018,11,2018_11_CIN_BAL,BAL,CIN,24.0,21.0,3.0,0.6972769455568008,1,False,14,7,1,grass,outdoors,48.0,8.0,6.5,00-0034796,00-0027973,333.7457181710549,False,False,False,False,True,False,False,False,False,False,False,False,True,48.0,8.0,7,0.7336138961444313,0.7336138961444313,0.711811725791853
2018,11,2018_11_CAR_DET,DET,CAR,20.0,19.0,1.0,0.36741642585981965,1,False,7,10,0,fieldturf,dome,,,-4.0,00-0026498,00-0027939,-217.3265858945804,False,False,False,True,False,False,False,False,False,False,True,False,False,59.0,8.0,-3,0.3767886450488929,0.3767886450488929,0.37116531353544896
2018,11,2018_11_TEN_IND,IND,TEN,38.0,10.0,28.0,0.4833956581424097,1,False,7,7,1,fieldturf,closed,,,2.0,00-0029668,00-0032268,-26.576719596774858,False,False,False,True,False,False,False,False,False,True,False,False,False,59.0,8.0,0,0.5092750411177862,0.5092750411177862,0.49374741133256034
2018,11,2018_11_PIT_JAX,JAX,PIT,16.0,20.0,-4.0,0.3091849224149518,0,False,7,10,0,grass,outdoors,73.0,8.0,-4.0,00-0031407,00-0022924,-321.573047995367,False,False,False,False,True,False,False,False,False,False,False,False,True,73.0,8.0,-3,0.3288824502064028,0.3288824502064028,0.31706393353153217
2018,11,2018_11_TB_NYG,NYG,TB,38.0,35.0,3.0,0.6158651719697448,1,False,6,7,0,fieldturf,outdoors,42.0,1.0,3.0,00-0022803,00-0023682,188.81378291220443,False,False,False,True,False,False,False,False,False,False,False,False,True,42.0,1.0,-1,0.5995297533966439,0.5995297533966439,0.6093310045405045
2018,11,2018_11_HOU_WAS,WAS,HOU,21.0,23.0,-2.0,0.5502451478017063,0,False,7,14,0,grass,outdoors,48.0,6.0,-3.0,00-0023436,00-0033537,80.66449630728636,False,False,False,False,True,False,False,False,False,False,False,False,True,48.0,6.0,-7,0.4133020631731275,0.4133020631731275,0.4954679139502748
2018,11,2018_11_OAK_ARI,ARI,OAK,21.0,23.0,-2.0,0.650316134119201,0,False,7,7,0,grass,closed,,,4.5,00-0034343,00-0031280,248.17163954510474,False,False,False,False,True,False,False,False,False,True,False,False,False,59.0,8.0,0,0.6570125654915973,0.6570125654915973,0.6529947066681595
2018,11,2018_11_DEN_LAC,LAC,DEN,22.0,23.0,-1.0,0.7645729583058517,0,False,7,14,1,grass,outdoors,69.0,4.0,7.5,00-0022942,00-0028986,471.16655591593155,False,False,False,False,True,False,False,False,False,False,False,False,True,69.0,4.0,-7,0.7581147013372997,0.7581147013372997,0.7619896555184309
2018,11,2018_11_PHI_NO,NO,PHI,48.0,7.0,41.0,0.7126093391018361,1,False,7,7,0,sportturf,dome,,,7.0,00-0020531,00-0032950,363.2363523103985,False,False,False,False,False,False,False,True,False,False,True,False,False,59.0,8.0,0,0.7326405658454362,0.7326405658454362,0.7206218297992761
2018,11,2018_11_MIN_CHI,CHI,MIN,25.0,20.0,5.0,0.5461599646123071,1,False,7,14,1,grass,outdoors,33.0,6.0,2.5,00-0033869,00-0029604,74.06684692965473,False,False,False,False,True,False,False,False,False,False,False,False,True,33.0,6.0,-7,0.49446797807729376,0.49446797807729376,0.5254831699983018
2018,11,2018_11_KC_LA,LA,KC,54.0,51.0,3.0,0.5705931965145965,1,False,8,8,0,grass,outdoors,65.0,0.0,3.0,00-0033106,00-0033873,113.70871433342593,False,False,False,False,True,False,False,False,False,False,False,False,True,65.0,0.0,0,0.535671609003938,0.535671609003938,0.5566245615103331
2018,12,2018_12_CHI_DET,DET,CHI,16.0,23.0,-7.0,0.45276385252168516,0,False,4,4,1,fieldturf,dome,,,-3.0,00-0026498,00-0026544,-75.80389216629074,False,False,False,True,False,False,False,False,False,False,True,False,False,59.0,8.0,0,0.44453991370393575,0.44453991370393575,0.44947427699458536
2018,12,2018_12_WAS_DAL,DAL,WAS,31.0,23.0,8.0,0.6455392441970741,1,False,4,4,1,matrixturf,closed,,,7.0,00-0033077,00-0027688,239.79534725416914,False,False,False,False,False,False,True,False,False,True,False,False,False,59.0,8.0,0,0.7474485096684759,0.7474485096684759,0.6863029503856348
2018,12,2018_12_ATL_NO,NO,ATL,31.0,17.0,14.0,0.770123431636277,1,False,4,4,1,sportturf,dome,,,11.5,00-0020531,00-0026143,483.6033188981441,False,False,False,False,False,False,False,True,False,False,True,False,False,59.0,8.0,0,0.807128562090383,0.807128562090383,0.7849254838179194
2018,12,2018_12_OAK_BAL,BAL,OAK,34.0,17.0,17.0,0.7606180256708478,1,False,7,7,0,grass,outdoors,60.0,7.0,13.0,00-0034796,00-0031280,462.4283197608623,False,False,False,False,True,False,False,False,False,False,False,False,True,60.0,7.0,0,0.8210992969981896,0.8210992969981896,0.7848105342017846
2018,12,2018_12_JAX_BUF,BUF,JAX,24.0,21.0,3.0,0.4400038417195953,1,False,14,7,0,a_turf,outdoors,44.0,12.0,-3.0,00-0034857,00-0031407,-96.45858617480472,True,False,False,False,False,False,False,False,False,False,False,False,True,44.0,12.0,7,0.37578003898937157,0.37578003898937157,0.4143143206275058
2018,12,2018_12_SEA_CAR,CAR,SEA,27.0,30.0,-3.0,0.6435730887340158,0,False,7,10,0,grass,outdoors,57.0,1.0,3.0,00-0027939,00-0029263,236.36255969761146,False,False,False,False,True,False,False,False,False,False,False,False,True,57.0,1.0,-3,0.5925297143936579,0.5925297143936579,0.6231557389978726
2018,12,2018_12_CLE_CIN,CIN,CLE,20.0,35.0,-15.0,0.7116410286582825,0,False,7,14,1,fieldturf,outdoors,44.0,4.0,-1.0,00-0027973,00-0034855,361.3469915128844,False,False,False,True,False,False,False,False,False,False,False,False,True,44.0,4.0,-7,0.46294710289626323,0.46294710289626323,0.6121634583534747
2018,12,2018_12_NE_NYJ,NYJ,NE,13.0,27.0,-14.0,0.2391882073211775,0,False,14,14,1,fieldturf,outdoors,54.0,8.0,-13.0,00-0021206,00-0019596,-462.85411644524777,False,False,False,True,False,False,False,False,False,False,False,False,True,54.0,8.0,0,0.25464739857537455,0.25464739857537455,0.24537188382285632
2018,12,2018_12_NYG_PHI,PHI,NYG,25.0,22.0,3.0,0.7303867831404801,1,False,7,7,1,grass,outdoors,56.0,10.0,4.5,00-0032950,00-0022803,398.63433277965345,False,False,False,False,True,False,False,False,False,False,False,False,True,56.0,10.0,0,0.6585485887626711,0.6585485887626711,0.7016515053893565
2018,12,2018_12_SF_TB,TB,SF,27.0,9.0,18.0,0.6034044881950902,1,False,7,13,0,grass,outdoors,77.0,7.0,1.5,00-0031503,00-0033319,167.8683462122506,False,False,False,False,True,False,False,False,False,False,False,False,True,77.0,7.0,-6,0.5426275026987962,0.5426275026987962,0.5790936939965726
2018,12,2018_12_ARI_LAC,LAC,ARI,45.0,10.0,35.0,0.7943307617857808,1,False,7,7,0,grass,outdoors,74.0,3.0,14.0,00-0022942,00-0034343,540.4922849711188,False,False,False,False,True,False,False,False,False,False,False,False,True,74.0,3.0,0,0.8144829138052387,0.8144829138052387,0.8023916225935639
2018,12,2018_12_PIT_DEN,DEN,PIT,24.0,17.0,7.0,0.29239929668932163,1,False,7,7,0,grass,outdoors,41.0,7.0,-3.0,00-0028986,00-0022924,-353.50385346155787,False,False,False,False,True,False,False,False,False,False,False,False,True,41.0,7.0,0,0.3140624696059938,0.3140624696059938,0.3010645658559905
2018,12,2018_12_MIA_IND,IND,MIA,27.0,24.0,3.0,0.6900190777534672,1,False,7,14,0,fieldturf,closed,,,9.0,00-0029668,00-0029701,320.083396672763,False,False,False,True,False,False,False,False,False,True,False,False,False,59.0,8.0,-7,0.7457171821970161,0.7457171821970161,0.7122983195308867
2018,12,2018_12_GB_MIN,MIN,GB,24.0,17.0,7.0,0.6972279372717263,1,False,7,10,1,sportturf,dome,,,4.0,00-0029604,00-0023459,333.65285172951866,False,False,False,False,False,False,False,True,False,False,True,False,False,59.0,8.0,-3,0.6133571486497741,0.6133571486497741,0.6636796218229454
2018,12,2018_12_TEN_HOU,HOU,TEN,34.0,17.0,17.0,0.6248742556872177,1,False,8,8,1,astroturf,closed,,,3.5,00-0033537,00-0032268,204.11566026523502,False,False,True,False,False,False,False,False,False,True,False,False,False,59.0,8.0,0,0.6514357257894349,0.6514357257894349,0.6354988437281046
2018,13,2018_13_NO_DAL,DAL,NO,13.0,10.0,3.0,0.26858290031573884,1,False,7,7,0,matrixturf,closed,,,-7.0,00-0033077,00-0020531,-400.72970601270896,False,False,False,False,False,False,True,False,False,True,False,False,False,59.0,8.0,0,0.24832019390286394,0.24832019390286394,0.26047781775058887
2018,13,2018_13_BAL_ATL,ATL,BAL,16.0,26.0,-10.0,0.5858303371864999,0,False,10,7,0,fieldturf,open,,,2.5,00-0026143,00-0034796,138.70180689465448,False,False,False,True,False,False,False,False,False,False,False,True,False,59.0,8.0,3,0.5757475967174184,0.5757475967174184,0.5817972409988673
2018,13,2018_13_DEN_CIN,CIN,DEN,10.0,24.0,-14.0,0.43001975338654,0,False,7,7,0,fieldturf,outdoors,63.0,12.0,-3.5,00-0032436,00-0028986,-112.70822376930876,False,False,False,True,False,False,False,False,False,False,False,False,True,63.0,12.0,0,0.4232994005545943,0.4232994005545943,0.4273316122537617
2018,13,2018_13_LA_DET,DET,LA,16.0,30.0,-14.0,0.33067370501057375,0,False,10,13,0,fieldturf,dome,,,-10.5,00-0026498,00-0033106,-282.0558291718835,False,False,False,True,False,False,False,False,False,False,True,False,False,59.0,8.0,-3,0.2968109579156813,0.2968109579156813,0.3171286061726168
2018,13,2018_13_ARI_GB,GB,ARI,17.0,20.0,-3.0,0.6784899463738672,0,False,7,7,0,grass,outdoors,34.0,20.0,13.5,00-0023459,00-0034343,298.73633901908806,False,False,False,False,True,False,False,False,False,False,False,False,True,34.0,20.0,0,0.800216717188226,0.800216717188226,0.7271806546996107
2018,13,2018_13_CLE_HOU,HOU,CLE,29.0,13.0,16.0,0.7354668023402313,1,False,6,7,0,astroturf,closed,,,5.0,00-0033537,00-0034855,409.0154593680583,False,False,True,False,False,False,False,False,False,True,False,False,False,59.0,8.0,-1,0.6031310052512929,0.6031310052512929,0.682532483504656
2018,13,2018_13_IND_JAX,JAX,IND,6.0,0.0,6.0,0.36874879960152346,1,False,7,7,1,grass,outdoors,78.0,13.0,-4.0,00-0033104,00-0029668,-215.03529195131276,False,False,False,False,True,False,False,False,False,False,False,False,True,78.0,13.0,0,0.3617125690915138,0.3617125690915138,0.3659343073975196
2018,13,2018_13_BUF_MIA,MIA,BUF,21.0,17.0,4.0,0.6161200105556156,1,False,7,7,1,grass,outdoors,86.0,15.0,3.5,00-0029701,00-0034857,189.244716254563,False,False,False,False,True,False,False,False,False,False,False,False,True,86.0,15.0,0,0.6242423315683691,0.6242423315683691,0.619368938960717
2018,13,2018_13_CHI_NYG,NYG,CHI,30.0,27.0,3.0,0.3167999025501238,1,False,7,10,0,fieldturf,outdoors,52.0,3.0,-3.5,00-0022803,00-0026544,-307.40697311138626,False,False,False,True,False,False,False,False,False,False,False,False,True,52.0,3.0,-3,0.35564855864471784,0.35564855864471784,0.3323393649879614
2018,13,2018_13_CAR_TB,TB,CAR,24.0,17.0,7.0,0.3154665631132944,1,False,7,7,1,grass,outdoors,81.0,15.0,-3.5,00-0031503,00-0027939,-309.87391856928895,False,False,False,False,True,False,False,False,False,False,False,False,True,81.0,15.0,0,0.3493059498446668,0.3493059498446668,0.3290023178058433
2018,13,2018_13_KC_OAK,OAK,KC,33.0,40.0,-7.0,0.19092994841331332,0,False,7,13,1,grass,outdoors,57.0,6.0,-14.0,00-0031280,00-0033873,-577.5915620451298,False,False,False,False,True,False,False,False,False,False,False,False,True,57.0,6.0,-6,0.2507383595994311,0.2507383595994311,0.21485331288776044
2018,13,2018_13_NYJ_TEN,TEN,NYJ,26.0,22.0,4.0,0.7460596462350227,1,False,6,7,0,grass,outdoors,70.0,13.0,10.5,00-0032268,00-0021206,431.08245600037264,False,False,False,False,True,False,False,False,False,False,False,False,True,70.0,13.0,-1,0.726929689654893,0.726929689654893,0.7384076636029708
2018,13,2018_13_MIN_NE,NE,MIN,24.0,10.0,14.0,0.7087236669214944,1,False,7,7,0,fieldturf,outdoors,53.0,6.0,6.0,00-0019596,00-0029604,355.67731412002985,False,False,False,True,False,False,False,False,False,False,False,False,True,53.0,6.0,0,0.6730071159874835,0.6730071159874835,0.69443704654789
2018,13,2018_13_SF_SEA,SEA,SF,43.0,16.0,27.0,0.7807143703223729,1,False,7,7,1,fieldturf,outdoors,45.0,2.0,10.0,00-0029263,00-0033319,507.9336939187998,False,False,False,True,False,False,False,False,False,False,False,False,True,45.0,2.0,0,0.8258664934284491,0.8258664934284491,0.7987752195648035
2018,13,2018_13_LAC_PIT,PIT,LAC,30.0,33.0,-3.0,0.6613178078468016,0,False,7,7,0,grass,outdoors,57.0,8.0,3.5,00-0022924,00-0022942,267.6689365885746,False,False,False,False,True,False,False,False,False,False,False,False,True,57.0,8.0,0,0.6711537108544329,0.6711537108544329,0.6652521690498541
2018,13,2018_13_WAS_PHI,PHI,WAS,28.0,13.0,15.0,0.6716725548435254,1,False,8,11,1,grass,outdoors,36.0,15.0,5.5,00-0032950,00-0027688,286.30381335242856,False,False,False,False,True,False,False,False,False,False,False,False,True,36.0,15.0,-3,0.6082323657327867,0.6082323657327867,0.64629647919923
2018,14,2018_14_JAX_TEN,TEN,JAX,30.0,9.0,21.0,0.6642874574061949,1,False,4,4,1,grass,outdoors,44.0,5.0,5.5,00-0032268,00-0033104,272.98388311173716,False,False,False,False,True,False,False,False,False,False,False,False,True,44.0,5.0,0,0.6642441647378903,0.6642441647378903,0.6642701403388731
2018,14,2018_14_NYJ_BUF,BUF,NYJ,23.0,27.0,-4.0,0.6810294523908519,0,False,7,7,1,a_turf,outdoors,31.0,12.0,4.5,00-0034857,00-0034869,303.402713069737,True,False,False,False,False,False,False,False,False,False,False,False,True,31.0,12.0,0,0.6602625334689162,0.6602625334689162,0.6727226848220775
2018,14,2018_14_CAR_CLE,CLE,CAR,26.0,20.0,6.0,0.3566852609558015,1,False,7,7,0,grass,outdoors,28.0,4.0,-1.0,00-0034855,00-0027939,-235.91212752925532,False,False,False,False,True,False,False,False,False,False,False,False,True,28.0,4.0,0,0.4601890443015757,0.4601890443015757,0.3980867742941112
2018,14,2018_14_ATL_GB,GB,ATL,34.0,20.0,14.0,0.5864542193311795,1,False,7,7,0,grass,outdoors,25.0,10.0,4.0,00-0023459,00-0026143,139.73055370631644,False,False,False,False,True,False,False,False,False,False,False,False,True,25.0,10.0,0,0.6574498437599443,0.6574498437599443,0.6148524691026854
2018,14,2018_14_IND_HOU,HOU,IND,21.0,24.0,-3.0,0.6531106749534401,0,False,7,7,1,astroturf,closed,,,4.0,00-0033537,00-0029668,253.0963282989971,False,False,True,False,False,False,False,False,False,True,False,False,False,59.0,8.0,0,0.6571265438283141,0.6571265438283141,0.6547170225033897
2018,14,2018_14_BAL_KC,KC,BAL,27.0,24.0,3.0,0.6863263808721748,1,False,7,7,0,grass,outdoors,27.0,0.0,6.5,00-0033873,00-0034796,313.2001090599993,False,False,False,False,True,False,False,False,False,False,False,False,True,27.0,0.0,0,0.7609325239802451,0.7609325239802451,0.716168838115403
2018,14,2018_14_NE_MIA,MIA,NE,34.0,33.0,1.0,0.2644988467665951,1,False,7,7,1,grass,outdoors,82.0,13.0,-8.5,00-0029701,00-0019596,-409.0860867041986,False,False,False,False,True,False,False,False,False,False,False,False,True,82.0,13.0,0,0.2977108925341454,0.2977108925341454,0.2777836650736152
2018,14,2018_14_NO_TB,TB,NO,14.0,28.0,-14.0,0.2504743805211026,0,False,7,10,1,grass,outdoors,71.0,7.0,-8.5,00-0031503,00-0020531,-438.43354285037066,False,False,False,False,True,False,False,False,False,False,False,False,True,71.0,7.0,-3,0.2507383595994311,0.2507383595994311,0.250579972152434
2018,14,2018_14_NYG_WAS,WAS,NYG,16.0,40.0,-24.0,0.5575018402414973,0,False,6,7,1,grass,outdoors,33.0,6.0,-3.0,00-0026898,00-0022803,92.41179940357829,False,False,False,False,True,False,False,False,False,False,False,False,True,33.0,6.0,-1,0.40574933296469917,0.40574933296469917,0.49680083733077807
2018,14,2018_14_CIN_LAC,LAC,CIN,26.0,21.0,5.0,0.8187830230763324,1,False,7,7,0,grass,outdoors,,,17.0,00-0022942,00-0032436,603.2496155250481,False,False,False,False,True,False,False,False,False,False,False,False,True,59.0,8.0,0,0.8759799231112808,0.8759799231112808,0.8416617830903117
2018,14,2018_14_DEN_SF,SF,DEN,20.0,14.0,6.0,0.35096723024876847,1,False,7,7,0,grass,outdoors,54.0,3.0,-3.0,00-0033319,00-0028986,-245.91614004779868,False,False,False,False,True,False,False,False,False,False,False,False,True,54.0,3.0,0,0.3956508752425989,0.3956508752425989,0.3688406882463007
2018,14,2018_14_DET_ARI,ARI,DET,3.0,17.0,-14.0,0.44643573538894504,0,False,7,7,0,grass,closed,,,-2.5,00-0034343,00-0026498,-86.03295641718125,False,False,False,False,True,False,False,False,False,True,False,False,False,59.0,8.0,0,0.47106438435117126,0.47106438435117126,0.4562871949738355
2018,14,2018_14_PHI_DAL,DAL,PHI,29.0,23.0,6.0,0.6421258604997678,1,False,10,6,1,matrixturf,closed,,,3.5,00-0033077,00-0032950,233.84118796909195,False,False,False,False,False,False,True,False,False,True,False,False,False,59.0,8.0,4,0.6453911961838779,0.6453911961838779,0.6434319947734118
2018,14,2018_14_PIT_OAK,OAK,PIT,24.0,21.0,3.0,0.22699503911669172,1,False,7,7,0,grass,outdoors,55.0,8.0,-10.5,00-0031280,00-0022924,-490.1429212549135,False,False,False,False,True,False,False,False,False,False,False,False,True,55.0,8.0,0,0.24534206992190433,0.24534206992190433,0.23433385143877677
2018,14,2018_14_LA_CHI,CHI,LA,15.0,6.0,9.0,0.3803061520910387,1,False,7,7,0,grass,outdoors,29.0,4.0,-3.0,00-0033869,00-0033106,-195.29958825691975,False,False,False,False,True,False,False,False,False,False,False,False,True,29.0,4.0,0,0.3579636054398446,0.3579636054398446,0.37136913343056105
2018,14,2018_14_MIN_SEA,SEA,MIN,21.0,7.0,14.0,0.6299429134182492,1,False,8,8,0,fieldturf,outdoors,48.0,9.0,3.0,00-0029263,00-0029604,212.7887679448846,False,False,False,True,False,False,False,False,False,False,False,False,True,48.0,9.0,0,0.5992554086289462,0.5992554086289462,0.617667911502528
2018,15,2018_15_LAC_KC,KC,LAC,28.0,29.0,-1.0,0.6915356619809461,0,False,4,4,1,grass,outdoors,39.0,5.0,3.5,00-0033873,00-0022942,322.923393208953,False,False,False,False,True,False,False,False,False,False,False,False,True,39.0,5.0,0,0.6531277917882875,0.6531277917882875,0.6761725139038827
2018,15,2018_15_HOU_NYJ,NYJ,HOU,22.0,29.0,-7.0,0.32795178657887997,0,False,6,6,0,fieldturf,outdoors,51.0,8.0,-7.0,00-0034869,00-0033537,-286.9853914678873,False,False,False,True,False,False,False,False,False,False,False,False,True,51.0,8.0,0,0.32517070477829174,0.32517070477829174,0.3268393538586447
2018,15,2018_15_CLE_DEN,DEN,CLE,16.0,17.0,-1.0,0.6558020456346911,0,False,6,6,0,grass,outdoors,46.0,0.0,1.0,00-0028986,00-0034855,257.8568172398502,False,False,False,False,True,False,False,False,False,False,False,False,True,46.0,0.0,0,0.5469035375642006,0.5469035375642006,0.6122426424064948
2018,15,2018_15_ARI_ATL,ATL,ARI,40.0,14.0,26.0,0.6814620634583923,1,False,7,7,0,fieldturf,closed,,,10.0,00-0026143,00-0034343,304.1996021634533,False,False,False,True,False,False,False,False,False,True,False,False,False,59.0,8.0,0,0.7959109117228416,0.7959109117228416,0.727241602764172
2018,15,2018_15_TB_BAL,BAL,TB,20.0,12.0,8.0,0.7159598446122606,1,False,7,7,0,grass,outdoors,43.0,10.0,8.5,00-0034796,00-0031503,369.80338482701956,False,False,False,False,True,False,False,False,False,False,False,False,True,43.0,10.0,0,0.7350040979938672,0.7350040979938672,0.7235775459649032
2018,15,2018_15_DET_BUF,BUF,DET,14.0,13.0,1.0,0.5160474437074125,1,False,7,7,0,a_turf,outdoors,39.0,7.0,2.5,00-0034857,00-0026498,25.684731480476273,True,False,False,False,False,False,False,False,False,False,False,False,True,39.0,7.0,0,0.5049195495942886,0.5049195495942886,0.511596286062163
2018,15,2018_15_GB_CHI,CHI,GB,24.0,17.0,7.0,0.7051401509593483,1,False,7,7,1,grass,outdoors,45.0,10.0,6.0,00-0033869,00-0023459,348.75856931602954,False,False,False,False,True,False,False,False,False,False,False,False,True,45.0,10.0,0,0.6540141033648161,0.6540141033648161,0.6846897319215355
2018,15,2018_15_OAK_CIN,CIN,OAK,30.0,16.0,14.0,0.6520445090223488,1,False,7,7,0,fieldturf,outdoors,43.0,2.0,3.0,00-0032436,00-0031280,251.2153011453,False,False,False,True,False,False,False,False,False,False,False,False,True,43.0,2.0,0,0.6052819509415829,0.6052819509415829,0.6333394857900424
2018,15,2018_15_DAL_IND,IND,DAL,23.0,0.0,23.0,0.5039096954098986,1,False,7,7,0,fieldturf,closed,,,3.0,00-0029668,00-0033077,6.255640153853381,False,False,False,True,False,False,False,False,False,True,False,False,False,59.0,8.0,0,0.5110557090063087,0.5110557090063087,0.5067681008484627
2018,15,2018_15_WAS_JAX,JAX,WAS,13.0,16.0,-3.0,0.6813393492079587,0,False,10,7,0,grass,outdoors,64.0,12.0,7.5,00-0033104,00-0026300,303.97349849625846,False,False,False,False,True,False,False,False,False,False,False,False,True,64.0,12.0,3,0.7571380978876499,0.7571380978876499,0.7116588486798352
2018,15,2018_15_MIA_MIN,MIN,MIA,41.0,17.0,24.0,0.6986129722257652,1,False,6,7,0,sportturf,dome,,,7.5,00-0029604,00-0029701,336.2806622890946,False,False,False,False,False,False,False,True,False,False,True,False,False,59.0,8.0,-1,0.7107976527776854,0.7107976527776854,0.7034868444465332
2018,15,2018_15_TEN_NYG,NYG,TEN,0.0,17.0,-17.0,0.4304824839211488,0,False,7,10,0,fieldturf,outdoors,40.0,6.0,-2.5,00-0022803,00-0032268,-111.95316162906349,False,False,False,True,False,False,False,False,False,False,False,False,True,40.0,6.0,-3,0.4854391050837527,0.4854391050837527,0.45246513238619035
2018,15,2018_15_SEA_SF,SF,SEA,26.0,23.0,3.0,0.3004942603611589,1,False,7,6,1,grass,outdoors,61.0,11.0,-3.5,00-0033319,00-0029263,-337.9781383678747,False,False,False,False,True,False,False,False,False,False,False,False,True,61.0,11.0,1,0.285590139703293,0.285590139703293,0.2945326120980125
2018,15,2018_15_NE_PIT,PIT,NE,17.0,10.0,7.0,0.4753457019556021,1,False,7,7,0,grass,outdoors,42.0,5.0,-2.5,00-0022924,00-0019596,-39.47889314840647,False,False,False,False,True,False,False,False,False,False,False,False,True,42.0,5.0,0,0.46570404316675723,0.46570404316675723,0.4714890384400641
2018,15,2018_15_PHI_LA,LA,PHI,23.0,30.0,-7.0,0.7237054191180962,0,False,7,7,0,grass,outdoors,60.0,5.0,13.5,00-0033106,00-0029567,385.16672453870024,False,False,False,False,True,False,False,False,False,False,False,False,True,60.0,5.0,0,0.7806111748614019,0.7806111748614019,0.7464677214154185
2018,15,2018_15_NO_CAR,CAR,NO,9.0,12.0,-3.0,0.3262725415911996,0,False,8,8,1,grass,outdoors,48.0,3.0,-6.0,00-0027939,00-0020531,-290.03704620256565,False,False,False,False,True,False,False,False,False,False,False,False,True,48.0,3.0,0,0.25597707105547257,0.25597707105547257,0.2981543533769088
2018,16,2018_16_WAS_TEN,TEN,WAS,25.0,16.0,9.0,0.7164912155581793,1,False,6,6,0,grass,outdoors,51.0,9.0,12.5,00-0032268,00-0026300,370.849151443193,False,False,False,False,True,False,False,False,False,False,False,False,True,51.0,9.0,0,0.7975803737203782,0.7975803737203782,0.7489268788230589
2018,16,2018_16_BAL_LAC,LAC,BAL,10.0,22.0,-12.0,0.6995443430796068,0,False,9,6,0,grass,outdoors,60.0,5.0,4.0,00-0022942,00-0034796,338.0516023486068,False,False,False,False,True,False,False,False,False,False,False,False,True,60.0,5.0,3,0.6497336236448177,0.6497336236448177,0.6796200553056911
2018,16,2018_16_ATL_CAR,CAR,ATL,10.0,24.0,-14.0,0.5075682321601157,0,False,6,7,1,grass,outdoors,52.0,7.0,-2.5,00-0031800,00-0026143,12.110096371059687,False,False,False,False,True,False,False,False,False,False,False,False,True,52.0,7.0,-1,0.4791713369033082,0.4791713369033082,0.4962094740573927
2018,16,2018_16_CIN_CLE,CLE,CIN,26.0,18.0,8.0,0.7011205645399363,1,False,8,7,1,grass,outdoors,37.0,9.0,10.0,00-0034855,00-0032436,341.05583816675653,False,False,False,False,True,False,False,False,False,False,False,False,True,37.0,9.0,1,0.7712450148884235,0.7712450148884235,0.7291703446793312
2018,16,2018_16_TB_DAL,DAL,TB,27.0,20.0,7.0,0.7107951157413458,1,False,7,7,0,matrixturf,closed,,,7.0,00-0033077,00-0031503,359.69953830347924,False,False,False,False,False,False,True,False,False,True,False,False,False,59.0,8.0,0,0.7285117642439706,0.7285117642439706,0.7178817751423957
2018,16,2018_16_MIN_DET,DET,MIN,9.0,27.0,-18.0,0.33230900486101994,0,False,7,7,1,fieldturf,dome,,,-6.5,00-0026498,00-0029604,-279.10408432127144,False,False,False,True,False,False,False,False,False,False,True,False,False,59.0,8.0,0,0.3371383783380105,0.3371383783380105,0.3342407542518162
2018,16,2018_16_NYG_IND,IND,NYG,28.0,27.0,1.0,0.7031685945878442,1,False,7,7,0,fieldturf,closed,,,10.0,00-0029668,00-0022803,344.9729462334931,False,False,False,True,False,False,False,False,False,True,False,False,False,59.0,8.0,0,0.7726426281897223,0.7726426281897223,0.7309582080285955
2018,16,2018_16_JAX_MIA,MIA,JAX,7.0,17.0,-10.0,0.6297906918169306,0,False,7,7,0,grass,outdoors,73.0,9.0,3.0,00-0029701,00-0033104,212.52759419533618,False,False,False,False,True,False,False,False,False,False,False,False,True,73.0,9.0,0,0.5815828868137982,0.5815828868137982,0.6105075698156777
2018,16,2018_16_BUF_NE,NE,BUF,24.0,12.0,12.0,0.8036272136941542,1,False,7,7,1,fieldturf,outdoors,40.0,12.0,14.0,00-0019596,00-0034857,563.6482693486605,False,False,False,True,False,False,False,False,False,False,False,False,True,40.0,12.0,0,0.8716935333076463,0.8716935333076463,0.8308537415395512
2018,16,2018_16_GB_NYJ,NYJ,GB,38.0,44.0,-6.0,0.3529069474034474,0,False,8,7,0,fieldturf,outdoors,43.0,8.0,-3.0,00-0034869,00-0023459,-242.5142754794317,False,False,False,True,False,False,False,False,False,False,False,False,True,43.0,8.0,1,0.3894440769440034,0.3894440769440034,0.3675217992196698
2018,16,2018_16_HOU_PHI,PHI,HOU,32.0,30.0,2.0,0.5777661975054706,1,False,7,8,0,grass,outdoors,44.0,5.0,1.0,00-0029567,00-0033537,125.44403571622964,False,False,False,False,True,False,False,False,False,False,False,False,True,44.0,5.0,-1,0.5291316213254005,0.5291316213254005,0.5583123670334426
2018,16,2018_16_LA_ARI,ARI,LA,9.0,31.0,-22.0,0.24817152174089604,0,False,7,7,1,grass,closed,,,-14.5,00-0034343,00-0033106,-443.35523339337345,False,False,False,False,True,False,False,False,False,True,False,False,False,59.0,8.0,0,0.24347890144857276,0.24347890144857276,0.24629447362396673
2018,16,2018_16_CHI_SF,SF,CHI,9.0,14.0,-5.0,0.31252632752155496,0,False,7,7,0,grass,outdoors,50.0,5.0,-3.5,00-0033319,00-0033869,-315.3339282135601,False,False,False,False,True,False,False,False,False,False,False,False,True,50.0,5.0,0,0.3600076156479993,0.3600076156479993,0.3315188427721327
2018,16,2018_16_PIT_NO,NO,PIT,31.0,28.0,3.0,0.676332823085728,1,False,6,7,0,sportturf,dome,,,6.5,00-0020531,00-0022924,294.787816257258,False,False,False,False,False,False,False,True,False,False,True,False,False,59.0,8.0,-1,0.7382510920844779,0.7382510920844779,0.701100130685228
2018,16,2018_16_KC_SEA,SEA,KC,38.0,31.0,7.0,0.433223261941907,1,False,7,10,0,fieldturf,outdoors,43.0,8.0,-1.0,00-0029263,00-0033873,-107.48490181331269,False,False,False,True,False,False,False,False,False,False,False,False,True,43.0,8.0,-3,0.5007255634017094,0.5007255634017094,0.460224182525828
2018,16,2018_16_DEN_OAK,OAK,DEN,27.0,14.0,13.0,0.36569636859200616,1,False,8,9,1,grass,outdoors,58.0,14.0,-2.5,00-0031280,00-0028986,-220.28974344015825,False,False,False,False,True,False,False,False,False,False,False,False,True,58.0,14.0,-1,0.45337265565176005,0.45337265565176005,0.4007668834159077
2018,17,2018_17_MIA_BUF,BUF,MIA,42.0,17.0,25.0,0.6532674850205819,1,False,7,7,1,a_turf,outdoors,33.0,9.0,5.5,00-0034857,00-0029701,253.37321510300396,True,False,False,False,False,False,False,False,False,False,False,False,True,33.0,9.0,0,0.6636178836648503,0.6636178836648503,0.6574076444782893
2018,17,2018_17_DET_GB,GB,DET,0.0,31.0,-31.0,0.6841122916100264,0,False,7,7,1,grass,outdoors,26.0,15.0,7.5,00-0033899,00-0026498,309.09411037243217,False,False,False,False,True,False,False,False,False,False,False,False,True,26.0,15.0,0,0.7524809152374913,0.7524809152374913,0.7114597410610124
2018,17,2018_17_JAX_HOU,HOU,JAX,20.0,3.0,17.0,0.7245983409237855,1,False,7,7,1,astroturf,closed,,,7.0,00-0033537,00-0031407,386.95475131833064,False,False,True,False,False,False,False,False,False,True,False,False,False,59.0,8.0,0,0.7312424984996839,0.7312424984996839,0.7272560039541449
2018,17,2018_17_NYJ_NE,NE,NYJ,38.0,3.0,35.0,0.851258703624603,1,False,7,7,1,fieldturf,outdoors,33.0,2.0,14.0,00-0019596,00-0034869,697.8030203927697,False,False,False,True,False,False,False,False,False,False,False,False,True,33.0,2.0,0,0.9426709035718848,0.9426709035718848,0.8878235836035158
2018,17,2018_17_CAR_NO,NO,CAR,14.0,33.0,-19.0,0.8238804353696515,0,False,7,7,1,sportturf,dome,,,8.0,00-0031237,00-0034577,617.144923118227,False,False,False,False,False,False,False,True,False,False,True,False,False,59.0,8.0,0,0.8103668727357698,0.8103668727357698,0.8184750103160988
2018,17,2018_17_DAL_NYG,NYG,DAL,35.0,36.0,-1.0,0.5103501991659021,0,False,7,7,1,fieldturf,outdoors,37.0,2.0,7.5,00-0022803,00-0033077,16.562684675131003,False,False,False,True,False,False,False,False,False,False,False,False,True,37.0,2.0,0,0.7210659400010847,0.7210659400010847,0.5946364954999752
2018,17,2018_17_ATL_TB,TB,ATL,32.0,34.0,-2.0,0.41815782468026524,0,False,7,7,1,grass,outdoors,80.0,5.0,-2.5,00-0031503,00-0026143,-132.13612090468354,False,False,False,False,True,False,False,False,False,False,False,False,True,80.0,5.0,0,0.475204914099374,0.475204914099374,0.44097666044790873
2018,17,2018_17_CLE_BAL,BAL,CLE,26.0,24.0,2.0,0.7724895755000951,1,False,8,7,1,grass,outdoors,48.0,2.0,7.0,00-0034796,00-0034855,488.96898194551034,False,False,False,False,True,False,False,False,False,False,False,False,True,48.0,2.0,1,0.7702264773059544,0.7702264773059544,0.7715843362224388
2018,17,2018_17_LAC_DEN,DEN,LAC,9.0,23.0,-14.0,0.3427591376198344,0,False,6,8,1,grass,outdoors,51.0,6.0,-7.0,00-0028986,00-0022942,-260.409033158816,False,False,False,False,True,False,False,False,False,False,False,False,True,51.0,6.0,-2,0.31919636656358447,0.31919636656358447,0.33333402919733446
2018,17,2018_17_OAK_KC,KC,OAK,35.0,3.0,32.0,0.8546158552861192,1,False,7,6,1,grass,outdoors,45.0,15.0,14.5,00-0033873,00-0031280,708.5090250970643,False,False,False,False,True,False,False,False,False,False,False,False,True,45.0,15.0,1,0.9468666793175482,0.9468666793175482,0.8915161848986908
2018,17,2018_17_SF_LA,LA,SF,48.0,32.0,16.0,0.8150109017039754,1,False,7,7,1,grass,outdoors,65.0,3.0,10.5,00-0033106,00-0033319,593.1618377051597,False,False,False,False,True,False,False,False,False,False,False,False,True,65.0,3.0,0,0.8437927580763138,0.8437927580763138,0.8265236442529107
2018,17,2018_17_CHI_MIN,MIN,CHI,10.0,24.0,-14.0,0.6455953880409055,0,False,7,7,1,sportturf,dome,,,6.0,00-0029604,00-0033869,239.89349647059203,False,False,False,False,False,False,False,True,False,False,True,False,False,59.0,8.0,0,0.675943109820058,0.675943109820058,0.6577344767525666
2018,17,2018_17_CIN_PIT,PIT,CIN,16.0,13.0,3.0,0.7896338847281007,1,False,7,7,1,grass,outdoors,42.0,9.0,14.0,00-0022924,00-0032436,529.087992872825,False,False,False,False,True,False,False,False,False,False,False,False,True,42.0,9.0,0,0.8264492511874036,0.8264492511874036,0.8043600313118219
2018,17,2018_17_ARI_SEA,SEA,ARI,27.0,24.0,3.0,0.8425235979213589,1,False,7,7,1,fieldturf,outdoors,45.0,5.0,15.5,00-0029263,00-0034343,670.8504209072985,False,False,False,True,False,False,False,False,False,False,False,False,True,45.0,5.0,0,0.9426709035718848,0.9426709035718848,0.8825825201815694
2018,17,2018_17_PHI_WAS,WAS,PHI,0.0,24.0,-24.0,0.3306536824118048,0,False,8,7,1,grass,outdoors,46.0,3.0,-6.0,00-0026300,00-0029567,-282.0920159185943,False,False,False,False,True,False,False,False,False,False,False,False,True,46.0,3.0,1,0.24476067044492705,0.24476067044492705,0.29629647762505373
2018,17,2018_17_IND_TEN,TEN,IND,17.0,33.0,-16.0,0.46376548781280097,0,False,8,7,1,grass,outdoors,53.0,4.0,-5.0,00-0027948,00-0029668,-58.07703114321998,False,False,False,False,True,False,False,False,False,False,False,False,True,53.0,4.0,1,0.31153348779044565,0.31153348779044565,0.4028726878038588
2019,1,2019_01_GB_CHI,CHI,GB,3.0,10.0,-7.0,0.7061549077413622,0,False,7,7,1,grass,outdoors,65.0,10.0,3.5,00-0033869,00-0023459,350.71275923565474,False,False,False,False,True,False,False,False,False,False,False,False,True,65.0,10.0,0,0.6284673213146612,0.6284673213146612,0.6750798731706817
2019,1,2019_01_LA_CAR,CAR,LA,27.0,30.0,-3.0,0.45456641088348987,0,False,7,7,0,grass,outdoors,87.0,3.0,-1.5,00-0027939,00-0033106,-72.89481328876035,False,False,False,False,True,False,False,False,False,False,False,False,True,87.0,3.0,0,0.4736192224029572,0.4736192224029572,0.4621875354912768
2019,1,2019_01_TEN_CLE,CLE,TEN,13.0,43.0,-30.0,0.5863523661471967,0,False,7,7,0,grass,outdoors,71.0,10.0,5.5,00-0034855,00-0032268,139.56257233200864,False,False,False,False,True,False,False,False,False,False,False,False,True,71.0,10.0,0,0.6240263006522248,0.6240263006522248,0.6014219399492079
2019,1,2019_01_KC_JAX,JAX,KC,26.0,40.0,-14.0,0.34387371505483233,0,False,7,7,0,grass,outdoors,91.0,6.0,-3.5,00-0029567,00-0033873,-258.43151815240714,False,False,False,False,True,False,False,False,False,False,False,False,True,91.0,6.0,0,0.45194236586443653,0.45194236586443653,0.38710117537867406
2019,1,2019_01_BAL_MIA,MIA,BAL,10.0,59.0,-49.0,0.3444228706217826,0,False,7,7,0,grass,outdoors,91.0,8.0,-7.0,00-0023682,00-0034796,-257.458313496141,False,False,False,False,True,False,False,False,False,False,False,False,True,91.0,8.0,0,0.4630220795218775,0.4630220795218775,0.3918625541818206
2019,1,2019_01_ATL_MIN,MIN,ATL,28.0,12.0,16.0,0.664321488813568,1,False,7,7,0,sportturf,dome,,,3.5,00-0029604,00-0026143,273.04492488905606,False,False,False,False,False,False,False,True,False,False,True,False,False,59.0,8.0,0,0.6720364882349612,0.6720364882349612,0.6674074885821253
2019,1,2019_01_BUF_NYJ,NYJ,BUF,16.0,17.0,-1.0,0.5493167363283423,0,False,7,7,1,fieldturf,outdoors,77.0,6.0,2.5,00-0034869,00-0034857,79.16416536795556,False,False,False,True,False,False,False,False,False,False,False,False,True,77.0,6.0,0,0.5327164550257484,0.5327164550257484,0.5426766238073047
2019,1,2019_01_WAS_PHI,PHI,WAS,32.0,27.0,5.0,0.6997784527300286,1,False,7,7,1,grass,outdoors,79.0,4.0,10.5,00-0032950,00-0028986,338.49723833684317,False,False,False,False,True,False,False,False,False,False,False,False,True,79.0,4.0,0,0.7621388025675839,0.7621388025675839,0.7247225926650507
2019,1,2019_01_IND_LAC,LAC,IND,30.0,24.0,6.0,0.6564828996256037,1,False,7,7,0,grass,outdoors,77.0,10.0,6.0,00-0022942,00-0033119,259.0639009762339,False,False,False,False,True,False,False,False,False,False,False,False,True,77.0,10.0,0,0.6358513837725497,0.6358513837725497,0.6482302932843821
2019,1,2019_01_CIN_SEA,SEA,CIN,21.0,20.0,1.0,0.7498896341636704,1,False,7,7,0,fieldturf,outdoors,64.0,7.0,9.5,00-0029263,00-0027973,439.20950298493875,False,False,False,True,False,False,False,False,False,False,False,False,True,64.0,7.0,0,0.7638501585338691,0.7638501585338691,0.7554738439117499
2019,1,2019_01_DET_ARI,ARI,DET,27.0,27.0,0.0,0.37468421871905766,0,False,7,7,0,grass,closed,,,-2.5,00-0035228,00-0026498,-204.86927375476887,False,False,False,False,True,False,False,False,False,True,False,False,False,59.0,8.0,0,0.472899213519265,0.472899213519265,0.4139702166391406
2019,1,2019_01_NYG_DAL,DAL,NYG,35.0,17.0,18.0,0.6834068949552613,1,False,7,7,1,fieldturf,closed,,,7.0,00-0033077,00-0022803,307.78922389698,False,False,False,True,False,False,False,False,False,True,False,False,False,59.0,8.0,0,0.7384789989961318,0.7384789989961318,0.7054357365716095
2019,1,2019_01_SF_TB,TB,SF,17.0,31.0,-14.0,0.6497894526825253,0,False,7,7,0,grass,outdoors,93.0,9.0,1.0,00-0031503,00-0031345,247.24554163436954,False,False,False,False,True,False,False,False,False,False,False,False,True,93.0,9.0,0,0.5230949138005078,0.5230949138005078,0.5991116371297183
2019,1,2019_01_PIT_NE,NE,PIT,33.0,3.0,30.0,0.6775491063049363,1,False,7,7,0,grass,outdoors,66.0,2.0,5.5,00-0019596,00-0022924,297.01246989134387,False,False,False,False,True,False,False,False,False,False,False,False,True,66.0,2.0,0,0.6455461982422899,0.6455461982422899,0.6647479430798777
2019,1,2019_01_HOU_NO,NO,HOU,30.0,28.0,2.0,0.6576786524410777,1,False,7,7,0,astroturf,dome,,,6.5,00-0020531,00-0033537,261.18661329407036,False,False,True,False,False,False,False,False,False,False,True,False,False,59.0,8.0,0,0.7434508998881524,0.7434508998881524,0.6919875514199076
2019,1,2019_01_DEN_OAK,OAK,DEN,24.0,16.0,8.0,0.5160762226510085,1,False,7,7,1,grass,outdoors,68.0,15.0,-3.0,00-0031280,00-0026158,25.730825355892772,False,False,False,False,True,False,False,False,False,False,False,False,True,68.0,15.0,0,0.4661566659317515,0.4661566659317515,0.4961083999633057
2019,2,2019_02_TB_CAR,CAR,TB,14.0,20.0,-6.0,0.6674630056863253,0,False,4,4,1,grass,outdoors,85.0,3.0,6.5,00-0027939,00-0031503,278.6931406180625,False,False,False,False,True,False,False,False,False,False,False,False,True,85.0,3.0,0,0.7502597057482101,0.7502597057482101,0.7005816857110793
2019,2,2019_02_ARI_BAL,BAL,ARI,23.0,17.0,6.0,0.8125293703159775,1,False,7,7,0,grass,outdoors,82.0,8.0,13.0,00-0034796,00-0035228,586.6119480704428,False,False,False,False,True,False,False,False,False,False,False,False,True,82.0,8.0,0,0.8522569744453246,0.8522569744453246,0.8284204119677163
2019,2,2019_02_SF_CIN,CIN,SF,17.0,41.0,-24.0,0.5659187563348819,0,False,7,7,0,grass,outdoors,81.0,5.0,1.0,00-0027973,00-0031345,106.0875255558884,False,False,False,False,True,False,False,False,False,False,False,False,True,81.0,5.0,0,0.5008344655881175,0.5008344655881175,0.5398850400361761
2019,2,2019_02_LAC_DET,DET,LAC,13.0,10.0,3.0,0.4296972726578489,1,False,7,7,0,fieldturf,dome,,,-1.0,00-0026498,00-0022942,-113.23455070736385,False,False,False,True,False,False,False,False,False,False,True,False,False,59.0,8.0,0,0.5033063484419852,0.5033063484419852,0.45914090297150345
2019,2,2019_02_MIN_GB,GB,MIN,21.0,16.0,5.0,0.5296112114100088,1,False,10,7,1,grass,outdoors,72.0,5.0,3.0,00-0023459,00-0029604,47.43344458358032,False,False,False,False,True,False,False,False,False,False,False,False,True,72.0,5.0,3,0.536176300638477,0.536176300638477,0.5322372471013961
2019,2,2019_02_JAX_HOU,HOU,JAX,13.0,12.0,1.0,0.7139656611471995,1,False,6,7,1,grass,closed,,,7.5,00-0033537,00-0035289,365.8891992081102,False,False,False,False,True,False,False,False,False,True,False,False,False,59.0,8.0,-1,0.7478283715208406,0.7478283715208406,0.7275107452966559
2019,2,2019_02_NE_MIA,MIA,NE,0.0,43.0,-43.0,0.27166429905709,0,False,7,7,1,grass,outdoors,87.0,4.0,-18.0,00-0023682,00-0019596,-394.47798406853127,False,False,False,False,True,False,False,False,False,False,False,False,True,87.0,4.0,0,0.4010269203686019,0.4010269203686019,0.32340934758169476
2019,2,2019_02_BUF_NYG,NYG,BUF,14.0,28.0,-14.0,0.5155465298146921,0,False,7,7,0,fieldturf,outdoors,79.0,5.0,-1.0,00-0022803,00-0034857,24.882468382447918,False,False,False,True,False,False,False,False,False,False,False,False,True,79.0,5.0,0,0.5139759106039893,0.5139759106039893,0.514918282130411
2019,2,2019_02_SEA_PIT,PIT,SEA,26.0,28.0,-2.0,0.6016485343459105,0,False,7,7,0,grass,outdoors,81.0,3.0,4.0,00-0022924,00-0029263,164.9354998766213,False,False,False,False,True,False,False,False,False,False,False,False,True,81.0,3.0,0,0.6396956285429786,0.6396956285429786,0.6168673720247377
2019,2,2019_02_IND_TEN,TEN,IND,17.0,19.0,-2.0,0.6823084774359792,0,False,7,7,1,grass,outdoors,93.0,1.0,3.0,00-0032268,00-0033119,305.7604045577617,False,False,False,False,True,False,False,False,False,False,False,False,True,93.0,1.0,0,0.5742531456264194,0.5742531456264194,0.6390863447121553
2019,2,2019_02_DAL_WAS,WAS,DAL,21.0,31.0,-10.0,0.2823199080230245,0,False,7,7,1,grass,outdoors,80.0,7.0,-6.0,00-0028986,00-0033077,-373.1932247330443,False,False,False,False,True,False,False,False,False,False,False,False,True,80.0,7.0,0,0.4746014495377328,0.4746014495377328,0.3592325246289078
2019,2,2019_02_KC_OAK,OAK,KC,10.0,28.0,-18.0,0.34779960284633815,0,False,6,7,1,grass,outdoors,70.0,13.0,-7.0,00-0031280,00-0033873,-251.49016491300543,False,False,False,False,True,False,False,False,False,False,False,False,True,70.0,13.0,-1,0.34357858752245674,0.34357858752245674,0.3461111967167856
2019,2,2019_02_CHI_DEN,DEN,CHI,14.0,16.0,-2.0,0.3237049017366278,0,False,6,10,0,grass,outdoors,87.0,3.0,-3.0,00-0026158,00-0033869,-294.7188852104033,False,False,False,False,True,False,False,False,False,False,False,False,True,87.0,3.0,-4,0.4058979045192142,0.4058979045192142,0.3565821028496624
2019,2,2019_02_NO_LA,LA,NO,27.0,9.0,18.0,0.5831946256646057,1,False,7,6,0,grass,outdoors,85.0,4.0,2.0,00-0033106,00-0020531,134.36063230578003,False,False,False,False,True,False,False,False,False,False,False,False,True,85.0,4.0,1,0.5517320838891291,0.5517320838891291,0.570609608954415
2019,2,2019_02_PHI_ATL,ATL,PHI,24.0,20.0,4.0,0.4918820442179502,1,False,7,7,0,fieldturf,open,,,-1.0,00-0026143,00-0032950,-12.989870729055442,False,False,False,True,False,False,False,False,False,False,False,True,False,59.0,8.0,0,0.498037737399168,0.498037737399168,0.49434432149043733
2019,2,2019_02_CLE_NYJ,NYJ,CLE,3.0,23.0,-20.0,0.3782737228730024,0,False,8,8,0,fieldturf,outdoors,72.0,3.0,-6.5,00-0032156,00-0034855,-198.75274352298803,False,False,False,True,False,False,False,False,False,False,False,False,True,72.0,3.0,0,0.3220561761835454,0.3220561761835454,0.3557867041972196
2019,3,2019_03_TEN_JAX,JAX,TEN,20.0,7.0,13.0,0.37728143987484936,1,False,4,4,1,grass,outdoors,73.0,9.0,-1.5,00-0035289,00-0032268,-200.44129340648897,False,False,False,False,True,False,False,False,False,False,False,False,True,73.0,9.0,0,0.4449168733544242,0.4449168733544242,0.40433561326667933
2019,3,2019_03_CIN_BUF,BUF,CIN,21.0,17.0,4.0,0.6936073409832916,1,False,7,7,0,astroturf,outdoors,83.0,13.0,5.5,00-0034857,00-0027973,326.815412215841,False,False,True,False,False,False,False,False,False,False,False,False,True,83.0,13.0,0,0.6523022662135127,0.6523022662135127,0.6770853110753801
2019,3,2019_03_MIA_DAL,DAL,MIA,31.0,6.0,25.0,0.8079464009025443,1,False,7,7,0,fieldturf,closed,,,22.0,00-0033077,00-0034343,574.6884903075598,False,False,False,True,False,False,False,False,False,True,False,False,False,59.0,8.0,0,0.8456046656388849,0.8456046656388849,0.8230097067970805
2019,3,2019_03_DEN_GB,GB,DEN,27.0,16.0,11.0,0.7127172904034872,1,False,7,7,0,grass,outdoors,69.0,7.0,7.0,00-0023459,00-0026158,363.44722114489684,False,False,False,False,True,False,False,False,False,False,False,False,True,69.0,7.0,0,0.7616907494733527,0.7616907494733527,0.7323066740314335
2019,3,2019_03_ATL_IND,IND,ATL,27.0,24.0,3.0,0.5823364573822467,1,False,7,7,0,fieldturf,closed,,,1.0,00-0033119,00-0026143,132.94887989063707,False,False,False,True,False,False,False,False,False,True,False,False,False,59.0,8.0,0,0.5125168806665369,0.5125168806665369,0.5544086266959628
2019,3,2019_03_BAL_KC,KC,BAL,33.0,28.0,5.0,0.6776542470793179,1,False,7,7,0,astroturf,outdoors,,,4.5,00-0033873,00-0034796,297.20498460119063,False,False,True,False,False,False,False,False,False,False,False,False,True,59.0,8.0,0,0.6631995056618859,0.6631995056618859,0.6718723505123452
2019,3,2019_03_OAK_MIN,MIN,OAK,34.0,14.0,20.0,0.7138056897024965,1,False,7,7,0,sportturf,dome,,,8.5,00-0029604,00-0031280,365.5759181063173,False,False,False,False,False,False,False,True,False,False,True,False,False,59.0,8.0,0,0.7531560747715592,0.7531560747715592,0.7295458437301217
2019,3,2019_03_NYJ_NE,NE,NYJ,30.0,14.0,16.0,0.8566016030464471,1,False,7,6,1,grass,outdoors,81.0,10.0,20.5,00-0019596,00-0034412,714.9384749312314,False,False,False,False,True,False,False,False,False,False,False,False,True,81.0,10.0,1,0.9444165491173389,0.9444165491173389,0.8917275814748038
2019,3,2019_03_DET_PHI,PHI,DET,24.0,27.0,-3.0,0.6472499660470111,0,False,7,7,0,grass,outdoors,84.0,7.0,4.0,00-0032950,00-0026498,242.78915167566115,False,False,False,False,True,False,False,False,False,False,False,False,True,84.0,7.0,0,0.6414038491716724,0.6414038491716724,0.6449115192968756
2019,3,2019_03_CAR_ARI,ARI,CAR,20.0,38.0,-18.0,0.49349483148709467,0,False,7,10,0,grass,closed,,,2.5,00-0035228,00-0034577,-10.408856945643352,False,False,False,False,True,False,False,False,False,True,False,False,False,59.0,8.0,-3,0.5324621289771645,0.5324621289771645,0.5090817504831225
2019,3,2019_03_NYG_TB,TB,NYG,31.0,32.0,-1.0,0.6586501354021593,0,False,10,7,0,grass,outdoors,88.0,11.0,5.0,00-0031503,00-0035710,262.9138176214125,False,False,False,False,True,False,False,False,False,False,False,False,True,88.0,11.0,3,0.6358513837725497,0.6358513837725497,0.6495306347503155
2019,3,2019_03_HOU_LAC,LAC,HOU,20.0,27.0,-7.0,0.6741146529834217,0,False,7,7,0,grass,outdoors,87.0,4.0,3.0,00-0022942,00-0033537,290.7418325962542,False,False,False,False,True,False,False,False,False,False,False,False,True,87.0,4.0,0,0.58895966183007,0.58895966183007,0.640052656522081
2019,3,2019_03_NO_SEA,SEA,NO,27.0,33.0,-6.0,0.687706446687398,0,False,7,7,0,fieldturf,outdoors,63.0,8.0,5.0,00-0029263,00-0031237,315.76737963584645,False,False,False,True,False,False,False,False,False,False,False,False,True,63.0,8.0,0,0.6646632711719369,0.6646632711719369,0.6784891764812135
2019,3,2019_03_PIT_SF,SF,PIT,24.0,20.0,4.0,0.6113177434118149,1,False,7,7,0,grass,outdoors,79.0,3.0,6.0,00-0031345,00-0034771,181.14186943499698,False,False,False,False,True,False,False,False,False,False,False,False,True,79.0,3.0,0,0.6396956285429786,0.6396956285429786,0.6226688974642804
2019,3,2019_03_LA_CLE,CLE,LA,13.0,20.0,-7.0,0.29935732766523143,0,False,6,7,0,grass,outdoors,83.0,12.0,-4.0,00-0034855,00-0033106,-340.1440326080909,False,False,False,False,True,False,False,False,False,False,False,False,True,83.0,12.0,-1,0.4321006927291079,0.4321006927291079,0.35245467369078204
2019,3,2019_03_CHI_WAS,WAS,CHI,15.0,31.0,-16.0,0.35760841882568845,0,False,8,8,0,grass,outdoors,87.0,5.0,-5.0,00-0028986,00-0033869,-234.30378867065494,False,False,False,False,True,False,False,False,False,False,False,False,True,87.0,5.0,0,0.4272080139973674,0.4272080139973674,0.38544825689436
2019,4,2019_04_PHI_GB,GB,PHI,27.0,34.0,-7.0,0.6158614268572484,0,False,4,4,0,grass,outdoors,60.0,3.0,3.5,00-0023459,00-0032950,188.80745071060966,False,False,False,False,True,False,False,False,False,False,False,False,True,60.0,3.0,0,0.6455461982422899,0.6455461982422899,0.6277353354112649
2019,4,2019_04_TEN_ATL,ATL,TEN,10.0,24.0,-14.0,0.6204974551298812,0,False,7,10,0,fieldturf,closed,,,3.5,00-0026143,00-0032268,196.66408026049166,False,False,False,True,False,False,False,False,False,True,False,False,False,59.0,8.0,-3,0.654870621205858,0.654870621205858,0.6342467215602718
2019,4,2019_04_CLE_BAL,BAL,CLE,25.0,40.0,-15.0,0.7337216157572348,0,False,7,7,1,grass,outdoors,83.0,8.0,7.5,00-0034796,00-0034855,405.434947104756,False,False,False,False,True,False,False,False,False,False,False,False,True,83.0,8.0,0,0.7572960296037005,0.7572960296037005,0.743151381295821
2019,4,2019_04_NE_BUF,BUF,NE,10.0,16.0,-6.0,0.2778829450688044,0,False,7,7,1,astroturf,outdoors,58.0,10.0,-7.0,00-0034857,00-0019596,-381.9949150317192,False,False,True,False,False,False,False,False,False,False,False,False,True,58.0,10.0,0,0.3293987330713864,0.3293987330713864,0.29848926026983724
2019,4,2019_04_KC_DET,DET,KC,30.0,34.0,-4.0,0.3007817740347215,0,False,7,7,0,fieldturf,dome,,,-7.5,00-0026498,00-0033873,-337.43115691420854,False,False,False,True,False,False,False,False,False,False,True,False,False,59.0,8.0,0,0.2935582459999779,0.2935582459999779,0.2978923628208241
2019,4,2019_04_CAR_HOU,HOU,CAR,10.0,16.0,-6.0,0.7160048847608398,0,False,7,7,0,grass,closed,,,5.5,00-0033537,00-0034577,369.89198043114993,False,False,False,False,True,False,False,False,False,True,False,False,False,59.0,8.0,0,0.6562671084336136,0.6562671084336136,0.6921097742299493
2019,4,2019_04_OAK_IND,IND,OAK,24.0,31.0,-7.0,0.7341988351405576,0,False,7,7,0,fieldturf,closed,,,5.5,00-0033119,00-0031280,406.4125423025411,False,False,False,True,False,False,False,False,False,True,False,False,False,59.0,8.0,0,0.6996216120197777,0.6996216120197777,0.7203679458922456
2019,4,2019_04_LAC_MIA,MIA,LAC,10.0,30.0,-20.0,0.3050472369624604,0,False,7,7,0,grass,outdoors,88.0,15.0,-15.0,00-0034343,00-0022942,-329.35089460010084,False,False,False,False,True,False,False,False,False,False,False,False,True,88.0,15.0,0,0.38923590006964853,0.38923590006964853,0.3387227022053356
2019,4,2019_04_WAS_NYG,NYG,WAS,24.0,3.0,21.0,0.5870501819909144,1,False,7,6,1,fieldturf,outdoors,77.0,11.0,3.0,00-0035710,00-0028986,140.7136902152355,False,False,False,True,False,False,False,False,False,False,False,False,True,77.0,11.0,1,0.5620924212282633,0.5620924212282633,0.577067077685854
2019,4,2019_04_SEA_ARI,ARI,SEA,10.0,27.0,-17.0,0.3274841815382963,0,False,7,7,1,grass,closed,,,-5.5,00-0035228,00-0029263,-287.8343519252518,False,False,False,False,True,False,False,False,False,True,False,False,False,59.0,8.0,0,0.3143749638099969,0.3143749638099969,0.32224049444697656
2019,4,2019_04_TB_LA,LA,TB,40.0,55.0,-15.0,0.7833123261218197,0,False,7,7,0,grass,outdoors,74.0,2.0,9.0,00-0033106,00-0031503,514.0297898044906,False,False,False,False,True,False,False,False,False,False,False,False,True,74.0,2.0,0,0.7989974401300678,0.7989974401300678,0.7895863717251189
2019,4,2019_04_MIN_CHI,CHI,MIN,16.0,6.0,10.0,0.5734100930293573,1,False,6,7,1,grass,outdoors,67.0,8.0,-1.0,00-0033869,00-0029604,118.31120353820776,False,False,False,False,True,False,False,False,False,False,False,False,True,67.0,8.0,-1,0.411023806448595,0.411023806448595,0.5084555783970524
2019,4,2019_04_JAX_DEN,DEN,JAX,24.0,26.0,-2.0,0.5412460551282323,0,False,7,10,0,grass,outdoors,87.0,14.0,2.5,00-0026158,00-0035289,66.14399693445283,False,False,False,False,True,False,False,False,False,False,False,False,True,87.0,14.0,-3,0.5077398876469865,0.5077398876469865,0.527843588135734
2019,4,2019_04_DAL_NO,NO,DAL,12.0,10.0,2.0,0.542348345442019,1,False,7,7,0,astroturf,dome,,,-2.5,00-0031237,00-0033077,67.92007344100766,False,False,True,False,False,False,False,False,False,False,True,False,False,59.0,8.0,0,0.4881005871489818,0.4881005871489818,0.5206492421248041
2019,4,2019_04_CIN_PIT,PIT,CIN,27.0,3.0,24.0,0.6707291529309384,1,False,8,8,1,grass,outdoors,76.0,1.0,3.5,00-0034771,00-0027973,284.59390125126924,False,False,False,False,True,False,False,False,False,False,False,False,True,76.0,1.0,0,0.6420170678324321,0.6420170678324321,0.6592443188915358
2019,5,2019_05_LA_SEA,SEA,LA,30.0,29.0,1.0,0.575920719607104,1,False,4,4,1,fieldturf,outdoors,57.0,7.0,1.5,00-0029263,00-0033106,122.41983673599512,False,False,False,True,False,False,False,False,False,False,False,False,True,57.0,7.0,0,0.5082696122214032,0.5082696122214032,0.5488602766528237
2019,5,2019_05_JAX_CAR,CAR,JAX,34.0,27.0,7.0,0.6407887723296601,1,False,7,7,0,grass,outdoors,72.0,4.0,3.0,00-0034577,00-0035289,231.51571235749495,False,False,False,False,True,False,False,False,False,False,False,False,True,72.0,4.0,0,0.58895966183007,0.58895966183007,0.620057128129824
2019,5,2019_05_ARI_CIN,CIN,ARI,23.0,26.0,-3.0,0.6527320571376883,0,False,6,7,0,grass,outdoors,76.0,6.0,3.0,00-0027973,00-0035228,252.42802699377097,False,False,False,False,True,False,False,False,False,False,False,False,True,76.0,6.0,-1,0.58895966183007,0.58895966183007,0.627223099014641
2019,5,2019_05_ATL_HOU,HOU,ATL,53.0,32.0,21.0,0.6459477049094222,1,False,7,7,0,grass,closed,,,4.0,00-0033537,00-0026143,240.509567954122,False,False,False,False,True,False,False,False,False,True,False,False,False,59.0,8.0,0,0.6358513837725497,0.6358513837725497,0.6419091764546732
2019,5,2019_05_TB_NO,NO,TB,31.0,24.0,7.0,0.6897696595893564,1,False,7,7,1,astroturf,dome,,,3.0,00-0031237,00-0031503,319.6170640110222,False,False,True,False,False,False,False,False,False,False,True,False,False,59.0,8.0,0,0.6026269203239316,0.6026269203239316,0.6549125638831865
2019,5,2019_05_MIN_NYG,NYG,MIN,10.0,28.0,-18.0,0.31480254087365267,0,False,7,7,0,fieldturf,outdoors,66.0,10.0,-5.5,00-0035710,00-0029604,-311.1045881280994,False,False,False,True,False,False,False,False,False,False,False,False,True,66.0,10.0,0,0.3307477607478428,0.3307477607478428,0.32118062882332876
2019,5,2019_05_CHI_OAK,OAK,CHI,24.0,21.0,3.0,0.33511864545956804,1,True,7,7,0,grass,outdoors,59.0,15.0,-6.5,00-0031280,00-0026544,-274.049590335611,False,False,False,False,True,False,False,False,False,False,False,False,True,59.0,15.0,0,0.3198047364511583,0.3198047364511583,0.32899308185620413
2019,5,2019_05_NYJ_PHI,PHI,NYJ,31.0,6.0,25.0,0.8094768658228215,1,False,10,14,0,grass,outdoors,68.0,10.0,14.0,00-0032950,00-0034412,578.6458271647634,False,False,False,False,True,False,False,False,False,False,False,False,True,68.0,10.0,-4,0.8081378943161001,0.8081378943161001,0.808941277220133
2019,5,2019_05_BAL_PIT,PIT,BAL,23.0,26.0,-3.0,0.451352107546329,0,False,6,7,1,grass,outdoors,70.0,7.0,-3.5,00-0034771,00-0034796,-78.0836451748109,False,False,False,False,True,False,False,False,False,False,False,False,True,70.0,7.0,-1,0.3956430739518579,0.3956430739518579,0.42906849410854053
2019,5,2019_05_BUF_TEN,TEN,BUF,7.0,14.0,-7.0,0.6781484634033953,0,False,7,7,0,grass,outdoors,77.0,13.0,3.5,00-0032268,00-0034857,298.1103455161488,False,False,False,False,True,False,False,False,False,False,False,False,True,77.0,13.0,0,0.6245701965501734,0.6245701965501734,0.6567171566621066
2019,5,2019_05_NE_WAS,WAS,NE,7.0,33.0,-26.0,0.21843099521867093,0,False,7,7,0,grass,outdoors,70.0,8.0,-15.5,00-0027688,00-0019596,-509.93331621109974,False,False,False,False,True,False,False,False,False,False,False,False,True,70.0,8.0,0,0.2921714505842399,0.2921714505842399,0.2479271773648985
2019,5,2019_05_DEN_LAC,LAC,DEN,13.0,20.0,-7.0,0.7622816893713293,0,False,7,7,1,grass,outdoors,85.0,12.0,4.0,00-0022942,00-0026158,466.0919018209678,False,False,False,False,True,False,False,False,False,False,False,False,True,85.0,12.0,0,0.7114521490927826,0.7114521490927826,0.7419498732599106
2019,5,2019_05_GB_DAL,DAL,GB,24.0,34.0,-10.0,0.6599224604530233,0,False,7,10,0,fieldturf,closed,,,3.5,00-0033077,00-0023459,265.17947794256884,False,False,False,True,False,False,False,False,False,True,False,False,False,59.0,8.0,-3,0.654870621205858,0.654870621205858,0.6579017247541572
2019,5,2019_05_IND_KC,KC,IND,13.0,19.0,-6.0,0.7263452104477992,0,False,7,7,0,astroturf,outdoors,59.0,3.0,10.5,00-0033873,00-0033119,390.4631913541121,False,False,True,False,False,False,False,False,False,False,False,False,True,59.0,3.0,0,0.7818037340483702,0.7818037340483702,0.7485286198880277
2019,5,2019_05_CLE_SF,SF,CLE,31.0,3.0,28.0,0.6781525195581856,1,False,15,8,0,grass,outdoors,87.0,8.0,5.0,00-0031345,00-0034855,298.1177790543963,False,False,False,False,True,False,False,False,False,False,False,False,True,87.0,8.0,7,0.6320564836468088,0.6320564836468088,0.6597141051936348
2019,6,2019_06_NYG_NE,NE,NYG,35.0,14.0,21.0,0.8206357286098247,1,False,4,4,0,grass,outdoors,54.0,13.0,16.5,00-0019596,00-0035710,608.2642180069985,False,False,False,False,True,False,False,False,False,False,False,False,True,54.0,13.0,0,0.8676484043925236,0.8676484043925236,0.8394407989229042
2019,6,2019_06_CAR_TB,TB,CAR,26.0,37.0,-11.0,0.37682607595163786,0,True,7,7,1,grass,outdoors,61.0,14.0,-2.0,00-0031503,00-0034577,-201.21676306097078,False,False,False,False,True,False,False,False,False,False,False,False,True,61.0,14.0,0,0.4539481631733951,0.4539481631733951,0.4076749108403408
2019,6,2019_06_CIN_BAL,BAL,CIN,23.0,17.0,6.0,0.7831487505896011,1,False,7,7,1,grass,outdoors,64.0,7.0,10.5,00-0034796,00-0027973,513.644408503574,False,False,False,False,True,False,False,False,False,False,False,False,True,64.0,7.0,0,0.825143593450781,0.825143593450781,0.7999466877340731
2019,6,2019_06_SEA_CLE,CLE,SEA,28.0,32.0,-4.0,0.4207602812156412,0,False,6,10,0,grass,outdoors,58.0,20.0,1.0,00-0034855,00-0029263,-127.86125829882708,False,False,False,False,True,False,False,False,False,False,False,False,True,58.0,20.0,-4,0.4746540712351629,0.4746540712351629,0.4423177972234499
2019,6,2019_06_NO_JAX,JAX,NO,6.0,13.0,-7.0,0.40116596979535435,0,False,7,7,0,grass,outdoors,81.0,3.0,2.5,00-0035289,00-0031237,-160.24370006317986,False,False,False,False,True,False,False,False,False,False,False,False,True,81.0,3.0,0,0.5436743977632884,0.5436743977632884,0.458169340982528
2019,6,2019_06_HOU_KC,KC,HOU,24.0,31.0,-7.0,0.6613276044290658,0,False,7,7,0,astroturf,outdoors,56.0,2.0,3.5,00-0033873,00-0033537,267.68643243934963,False,False,True,False,False,False,False,False,False,False,False,False,True,56.0,2.0,0,0.675114171404539,0.675114171404539,0.666842231219255
2019,6,2019_06_WAS_MIA,MIA,WAS,16.0,17.0,-1.0,0.40872568984583735,0,False,14,7,0,grass,outdoors,84.0,13.0,-6.0,00-0034343,00-0028986,-147.6943237764686,False,False,False,False,True,False,False,False,False,False,False,False,True,84.0,13.0,7,0.3727276687060181,0.3727276687060181,0.39432648138990967
2019,6,2019_06_PHI_MIN,MIN,PHI,38.0,20.0,18.0,0.617166639649622,1,False,7,7,0,sportturf,dome,,,3.5,00-0029604,00-0032950,191.01570555091592,False,False,False,False,False,False,False,True,False,False,True,False,False,59.0,8.0,0,0.6720364882349612,0.6720364882349612,0.6391145790837577
2019,6,2019_06_ATL_ARI,ARI,ATL,34.0,33.0,1.0,0.4194814578725042,1,False,7,7,0,grass,closed,,,-3.0,00-0035228,00-0026143,-129.96096715566793,False,False,False,False,True,False,False,False,False,True,False,False,False,59.0,8.0,0,0.4581706389911884,0.4581706389911884,0.43495713031997785
2019,6,2019_06_SF_LA,LA,SF,7.0,20.0,-13.0,0.6411727434009392,0,False,10,6,1,grass,outdoors,77.0,2.0,3.0,00-0033106,00-0031345,232.1831271220771,False,False,False,False,True,False,False,False,False,False,False,False,True,77.0,2.0,4,0.5897712959753295,0.5897712959753295,0.6206121644306953
2019,6,2019_06_TEN_DEN,DEN,TEN,16.0,0.0,16.0,0.4887617373781344,1,False,7,7,0,grass,outdoors,69.0,7.0,1.0,00-0026158,00-0032268,-17.98424911579337,False,False,False,False,True,False,False,False,False,False,False,False,True,69.0,7.0,0,0.47202413702754836,0.47202413702754836,0.48206669723789997
2019,6,2019_06_DAL_NYJ,NYJ,DAL,24.0,22.0,2.0,0.2800748140866274,1,False,7,7,0,fieldturf,outdoors,66.0,7.0,-7.0,00-0034869,00-0033077,-377.63621500462216,False,False,False,True,False,False,False,False,False,False,False,False,True,66.0,7.0,0,0.3307477607478428,0.3307477607478428,0.30034399275111356
2019,6,2019_06_PIT_LAC,LAC,PIT,17.0,24.0,-7.0,0.7217993468701076,0,False,7,7,0,grass,outdoors,71.0,9.0,6.0,00-0022942,00-0035577,381.36182406395534,False,False,False,False,True,False,False,False,False,False,False,False,True,71.0,9.0,0,0.6562671084336136,0.6562671084336136,0.6955864514955099
2019,6,2019_06_DET_GB,GB,DET,23.0,22.0,1.0,0.6537796611402984,1,False,8,15,1,grass,outdoors,43.0,5.0,3.5,00-0023459,00-0026498,254.2779980919705,False,False,False,False,True,False,False,False,False,False,False,False,True,43.0,5.0,-7,0.6201587430416236,0.6201587430416236,0.6403312939008285
2019,7,2019_07_KC_DEN,DEN,KC,6.0,30.0,-24.0,0.3361237156806275,0,False,4,4,1,grass,outdoors,75.0,6.0,-3.0,00-0026158,00-0033873,-272.2466078786694,False,False,False,False,True,False,False,False,False,False,False,False,True,75.0,6.0,0,0.3910814406476157,0.3910814406476157,0.35810680566742276
2019,7,2019_07_LA_ATL,ATL,LA,10.0,37.0,-27.0,0.36974665735493256,0,False,7,7,0,fieldturf,open,,,-3.0,00-0026143,00-0033106,-213.3215233877052,False,False,False,True,False,False,False,False,False,False,False,True,False,59.0,8.0,0,0.4469860660640543,0.4469860660640543,0.40064242083858126
2019,7,2019_07_MIA_BUF,BUF,MIA,31.0,21.0,10.0,0.7766707347355343,1,False,14,7,1,astroturf,outdoors,65.0,7.0,17.0,00-0034857,00-0023682,498.5477149670252,False,False,True,False,False,False,False,False,False,False,False,False,True,65.0,7.0,7,0.7911752889609529,0.7911752889609529,0.7824725564257018
2019,7,2019_07_JAX_CIN,CIN,JAX,17.0,27.0,-10.0,0.3943398135852711,0,False,7,7,0,grass,outdoors,70.0,2.0,-4.0,00-0027973,00-0035289,-171.64242867536737,False,False,False,False,True,False,False,False,False,False,False,False,True,70.0,2.0,0,0.39543181152637513,0.39543181152637513,0.3947766127617127
2019,7,2019_07_MIN_DET,DET,MIN,30.0,42.0,-12.0,0.42749455925394975,0,False,6,7,1,fieldturf,dome,,,-2.5,00-0026498,00-0029604,-116.83227098612234,False,False,False,True,False,False,False,False,False,False,True,False,False,59.0,8.0,-1,0.4748691442944936,0.4748691442944936,0.4464443932701673
2019,7,2019_07_OAK_GB,GB,OAK,42.0,24.0,18.0,0.680814958810236,1,False,6,14,0,grass,outdoors,55.0,6.0,5.5,00-0023459,00-0031280,303.0078193525198,False,False,False,False,True,False,False,False,False,False,False,False,True,55.0,6.0,-8,0.6181017285891443,0.6181017285891443,0.6557296667217993
2019,7,2019_07_HOU_IND,IND,HOU,30.0,23.0,7.0,0.5546445360698664,1,False,14,7,1,fieldturf,open,,,1.5,00-0033119,00-0033537,87.78186974276609,False,False,False,True,False,False,False,False,False,False,False,True,False,59.0,8.0,7,0.45924242876829235,0.45924242876829235,0.5164836931492368
2019,7,2019_07_ARI_NYG,NYG,ARI,21.0,27.0,-6.0,0.6702422079567788,0,False,10,7,0,fieldturf,outdoors,56.0,3.0,3.5,00-0035710,00-0035228,283.7122919996337,False,False,False,True,False,False,False,False,False,False,False,False,True,56.0,3.0,3,0.687053266648125,0.687053266648125,0.6769666314333174
2019,7,2019_07_SF_WAS,WAS,SF,0.0,9.0,-9.0,0.3447734428853156,0,False,7,7,0,grass,outdoors,55.0,12.0,-10.0,00-0028986,00-0031345,-256.837420210147,False,False,False,False,True,False,False,False,False,False,False,False,True,55.0,12.0,0,0.27550221939432523,0.27550221939432523,0.31706495348891944
2019,7,2019_07_LAC_TEN,TEN,LAC,23.0,20.0,3.0,0.5190317430882866,1,False,7,7,0,grass,outdoors,77.0,2.0,3.0,00-0029701,00-0022942,30.465507733546193,False,False,False,False,True,False,False,False,False,False,False,False,True,77.0,2.0,0,0.5135633524322152,0.5135633524322152,0.516844386825858
2019,7,2019_07_NO_CHI,CHI,NO,25.0,36.0,-11.0,0.570223575312894,0,False,14,7,0,grass,outdoors,54.0,6.0,4.0,00-0033869,00-0031237,113.1053561728796,False,False,False,False,True,False,False,False,False,False,False,False,True,54.0,6.0,7,0.6215083740030407,0.6215083740030407,0.5907374947889527
2019,7,2019_07_BAL_SEA,SEA,BAL,16.0,30.0,-14.0,0.6472857624333437,0,False,7,7,0,fieldturf,outdoors,50.0,8.0,3.0,00-0029263,00-0034796,242.85186648475704,False,False,False,True,False,False,False,False,False,False,False,False,True,50.0,8.0,0,0.617613172428555,0.617613172428555,0.6354167264314281
2019,7,2019_07_PHI_DAL,DAL,PHI,37.0,10.0,27.0,0.6164740905175877,1,False,7,7,1,fieldturf,closed,,,3.0,00-0033077,00-0032950,189.84364635225504,False,False,False,True,False,False,False,False,False,True,False,False,False,59.0,8.0,0,0.6080253089283594,0.6080253089283594,0.6130945778818964
2019,7,2019_07_NE_NYJ,NYJ,NE,0.0,33.0,-33.0,0.18672911288030242,0,False,8,11,1,fieldturf,outdoors,58.0,0.0,-9.5,00-0034869,00-0019596,-588.5621104541565,False,False,False,True,False,False,False,False,False,False,False,False,True,58.0,0.0,-3,0.2534524736347907,0.2534524736347907,0.21341845718209773
2019,8,2019_08_WAS_MIN,MIN,WAS,19.0,9.0,10.0,0.8203383436320342,1,False,4,4,0,sportturf,dome,,,16.5,00-0029604,00-0028986,607.456589649813,False,False,False,False,False,False,False,True,False,False,True,False,False,59.0,8.0,0,0.8453065761326207,0.8453065761326207,0.8303256366322688
2019,8,2019_08_SEA_ATL,ATL,SEA,20.0,27.0,-7.0,0.3451951597129706,0,False,7,7,0,fieldturf,open,,,-7.5,00-0022787,00-0029263,-256.0909200223776,False,False,False,True,False,False,False,False,False,False,False,True,False,59.0,8.0,0,0.28250902708776887,0.28250902708776887,0.3201207066628899
2019,8,2019_08_PHI_BUF,BUF,PHI,13.0,31.0,-18.0,0.5928684460211734,0,False,7,7,0,astroturf,outdoors,54.0,23.0,1.0,00-0034857,00-0032950,150.33446716033146,False,False,True,False,False,False,False,False,False,False,False,False,True,54.0,23.0,0,0.518365398575308,0.518365398575308,0.5630672270428272
2019,8,2019_08_LAC_CHI,CHI,LAC,16.0,17.0,-1.0,0.6910722746957961,0,False,7,7,0,grass,outdoors,52.0,9.0,3.5,00-0033869,00-0022942,322.05482472028035,False,False,False,False,True,False,False,False,False,False,False,False,True,52.0,9.0,0,0.6217678496922188,0.6217678496922188,0.6633505046943652
2019,8,2019_08_NYG_DET,DET,NYG,31.0,26.0,5.0,0.6888255808249296,1,False,7,7,0,fieldturf,dome,,,6.5,00-0026498,00-0035710,317.8538009360611,False,False,False,True,False,False,False,False,False,False,True,False,False,59.0,8.0,0,0.736432050694079,0.736432050694079,0.7078681687725894
2019,8,2019_08_DEN_IND,IND,DEN,15.0,13.0,2.0,0.7160144979044677,1,False,7,10,0,fieldturf,open,,,6.0,00-0033119,00-0026158,369.9108909307219,False,False,False,True,False,False,False,False,False,False,False,True,False,59.0,8.0,-3,0.679931941858385,0.679931941858385,0.7015814754860346
2019,8,2019_08_NYJ_JAX,JAX,NYJ,29.0,15.0,14.0,0.7319333043443438,1,False,7,6,0,grass,outdoors,79.0,11.0,7.0,00-0035289,00-0034869,401.78143263617636,False,False,False,False,True,False,False,False,False,False,False,False,True,79.0,11.0,1,0.7572960296037005,0.7572960296037005,0.7420783944480864
2019,8,2019_08_CIN_LA,LA,CIN,24.0,10.0,14.0,0.7707960907592333,1,True,7,7,0,grass,outdoors,48.0,5.0,12.0,00-0033106,00-0027973,485.1247296564536,False,False,False,False,True,False,False,False,False,False,False,False,True,48.0,5.0,0,0.8268262628960688,0.8268262628960688,0.7932081596139675
2019,8,2019_08_ARI_NO,NO,ARI,31.0,9.0,22.0,0.8075998907198608,1,False,7,7,0,astroturf,dome,,,12.5,00-0020531,00-0035228,573.7958579633811,False,False,True,False,False,False,False,False,False,False,True,False,False,59.0,8.0,0,0.8440402005221804,0.8440402005221804,0.8221760146407886
2019,8,2019_08_TB_TEN,TEN,TB,27.0,23.0,4.0,0.6107044617909568,1,False,7,14,0,grass,outdoors,59.0,3.0,2.0,00-0029701,00-0031503,180.10974109594997,False,False,False,False,True,False,False,False,False,False,False,False,True,59.0,3.0,-7,0.5720059537979456,0.5720059537979456,0.5952250585937524
2019,8,2019_08_CAR_SF,SF,CAR,51.0,13.0,38.0,0.6610714860470626,1,False,7,14,0,grass,outdoors,66.0,19.0,4.5,00-0031345,00-0034577,267.2291081948428,False,False,False,False,True,False,False,False,False,False,False,False,True,66.0,19.0,-7,0.6156282016932573,0.6156282016932573,0.6428941723055405
2019,8,2019_08_OAK_HOU,HOU,OAK,27.0,24.0,3.0,0.7189146308412361,1,False,7,7,0,grass,closed,,,5.0,00-0033537,00-0031280,375.63367578343366,False,False,False,False,True,False,False,False,False,True,False,False,False,59.0,8.0,0,0.6562671084336136,0.6562671084336136,0.6938556218781871
2019,8,2019_08_CLE_NE,NE,CLE,27.0,13.0,14.0,0.821436189642703,1,False,6,14,0,grass,outdoors,49.0,11.0,9.5,00-0019596,00-0034855,610.4432962835469,False,False,False,False,True,False,False,False,False,False,False,False,True,49.0,11.0,-8,0.7887109077785454,0.7887109077785454,0.80834607689704
2019,8,2019_08_GB_KC,KC,GB,24.0,31.0,-7.0,0.5228044187917719,0,False,10,7,0,astroturf,outdoors,54.0,5.0,-5.0,00-0025708,00-0023459,36.51240141206556,False,False,True,False,False,False,False,False,False,False,False,False,True,54.0,5.0,3,0.2580485580302999,0.2580485580302999,0.4169020744871831
2019,8,2019_08_MIA_PIT,PIT,MIA,27.0,14.0,13.0,0.8202375054027565,1,False,15,8,0,grass,outdoors,59.0,2.0,14.0,00-0034771,00-0023682,607.182973559224,False,False,False,False,True,False,False,False,False,False,False,False,True,59.0,2.0,7,0.8270544163690372,0.8270544163690372,0.8229642697892687
2019,9,2019_09_SF_ARI,ARI,SF,25.0,28.0,-3.0,0.3060308904374931,0,False,4,4,1,grass,closed,,,-10.5,00-0035228,00-0031345,-327.4965611199324,False,False,False,False,True,False,False,False,False,True,False,False,False,59.0,8.0,0,0.26207756570481716,0.26207756570481716,0.2884495605444227
2019,9,2019_09_HOU_JAX,JAX,HOU,3.0,26.0,-23.0,0.407902849036388,0,True,7,7,1,grass,outdoors,53.0,6.0,1.0,00-0035289,00-0033537,-149.05667873364666,False,False,False,False,True,False,False,False,False,False,False,False,True,53.0,6.0,0,0.44920251903228015,0.44920251903228015,0.4244227170347449
2019,9,2019_09_WAS_BUF,BUF,WAS,24.0,9.0,15.0,0.7585254997845996,1,False,7,10,0,astroturf,outdoors,42.0,18.0,10.5,00-0034857,00-0035232,457.84501543073344,False,False,True,False,False,False,False,False,False,False,False,False,True,42.0,18.0,-3,0.7136890222491433,0.7136890222491433,0.740590908770417
2019,9,2019_09_TEN_CAR,CAR,TEN,30.0,20.0,10.0,0.641743709414966,1,False,7,7,0,grass,outdoors,58.0,5.0,3.5,00-0034577,00-0029701,233.17615668335998,False,False,False,False,True,False,False,False,False,False,False,False,True,58.0,5.0,0,0.6440920179793541,0.6440920179793541,0.6426830328407211
2019,9,2019_09_MIN_KC,KC,MIN,26.0,23.0,3.0,0.4170992445006756,1,False,7,10,0,astroturf,outdoors,54.0,15.0,-5.5,00-0025708,00-0029604,-133.87710050741433,False,False,True,False,False,False,False,False,False,False,False,False,True,54.0,15.0,-3,0.29348581581810806,0.29348581581810806,0.36765387302764857
2019,9,2019_09_NYJ_MIA,MIA,NYJ,26.0,18.0,8.0,0.45404938080923046,1,False,6,7,1,grass,outdoors,85.0,11.0,-3.5,00-0023682,00-0034869,-73.72902807341828,False,False,False,False,True,False,False,False,False,False,False,False,True,85.0,11.0,-1,0.4155871182238309,0.4155871182238309,0.4386644757750706
2019,9,2019_09_CHI_PHI,PHI,CHI,22.0,14.0,8.0,0.6379456081218541,1,False,7,7,0,grass,outdoors,52.0,13.0,5.0,00-0032950,00-0033869,226.5834286548606,False,False,False,False,True,False,False,False,False,False,False,False,True,52.0,13.0,0,0.6385577204342919,0.6385577204342919,0.6381904530468292
2019,9,2019_09_IND_PIT,PIT,IND,26.0,24.0,2.0,0.5696600988011044,1,False,6,7,0,grass,outdoors,48.0,12.0,1.0,00-0034771,00-0033119,112.1858002923056,False,False,False,False,True,False,False,False,False,False,False,False,True,48.0,12.0,-1,0.4977047693309563,0.4977047693309563,0.5408779670130451
2019,9,2019_09_DET_OAK,OAK,DET,31.0,24.0,7.0,0.5116150575540773,1,False,7,7,0,grass,outdoors,71.0,6.0,2.5,00-0031280,00-0026498,18.587436064944775,False,False,False,False,True,False,False,False,False,False,False,False,True,71.0,6.0,0,0.5278154123860822,0.5278154123860822,0.5180951994868793
2019,9,2019_09_TB_SEA,SEA,TB,40.0,34.0,6.0,0.7346722045614434,1,False,7,7,0,fieldturf,outdoors,54.0,6.0,4.0,00-0029263,00-0031503,407.3833576199389,False,False,False,True,False,False,False,False,False,False,False,False,True,54.0,6.0,0,0.7070839291999461,0.7070839291999461,0.7236368944168445
2019,9,2019_09_CLE_DEN,DEN,CLE,24.0,19.0,5.0,0.46107650822782303,1,False,7,7,0,grass,outdoors,55.0,4.0,-4.0,00-0032434,00-0034855,-62.40385015784997,False,False,False,False,True,False,False,False,False,False,False,False,True,55.0,4.0,0,0.3883781039339692,0.3883781039339692,0.43199714651028154
2019,9,2019_09_GB_LAC,LAC,GB,26.0,11.0,15.0,0.41533092009395073,1,False,7,7,0,grass,outdoors,79.0,2.0,-4.0,00-0022942,00-0023459,-136.78816460327656,False,False,False,False,True,False,False,False,False,False,False,False,True,79.0,2.0,0,0.44612540128156364,0.44612540128156364,0.4276487125689959
2019,9,2019_09_NE_BAL,BAL,NE,37.0,20.0,17.0,0.3973411294552547,1,False,14,7,0,grass,outdoors,48.0,1.0,-3.0,00-0034796,00-0019596,-166.62245451216705,False,False,False,False,True,False,False,False,False,False,False,False,True,48.0,1.0,7,0.3801739661719679,0.3801739661719679,0.39047426414194
2019,9,2019_09_DAL_NYG,NYG,DAL,18.0,37.0,-19.0,0.335192720074951,0,False,8,15,1,fieldturf,outdoors,51.0,10.0,-6.5,00-0035710,00-0033077,-273.91661752471794,False,False,False,True,False,False,False,False,False,False,False,False,True,51.0,10.0,-7,0.23208739409669243,0.23208739409669243,0.29395058968364757
2019,10,2019_10_LAC_OAK,OAK,LAC,26.0,24.0,2.0,0.4281728553687315,1,False,4,4,1,grass,outdoors,54.0,9.0,-1.0,00-0031280,00-0022942,-115.72390771042058,False,False,False,False,True,False,False,False,False,False,False,False,True,54.0,9.0,0,0.4535050904787079,0.4535050904787079,0.43830574941272205
2019,10,2019_10_DET_CHI,CHI,DET,20.0,13.0,7.0,0.6758668111747609,1,False,7,7,1,grass,outdoors,40.0,12.0,6.0,00-0033869,00-0032436,293.93660951880486,False,False,False,False,True,False,False,False,False,False,False,False,True,40.0,12.0,0,0.6349983511817194,0.6349983511817194,0.6595194271775443
2019,10,2019_10_BAL_CIN,CIN,BAL,13.0,49.0,-36.0,0.1959691065692719,0,False,14,7,1,grass,outdoors,56.0,9.0,-10.5,00-0035652,00-0034796,-564.6722663372489,False,False,False,False,True,False,False,False,False,False,False,False,True,56.0,9.0,7,0.21267187233791818,0.21267187233791818,0.2026502128767304
2019,10,2019_10_BUF_CLE,CLE,BUF,19.0,16.0,3.0,0.5088746167128987,1,False,7,7,0,grass,outdoors,50.0,10.0,3.0,00-0034855,00-0034857,14.20087812517794,False,False,False,False,True,False,False,False,False,False,False,False,True,50.0,10.0,0,0.5186603140122686,0.5186603140122686,0.5127888956326467
2019,10,2019_10_ATL_NO,NO,ATL,9.0,26.0,-17.0,0.805796373393012,0,False,14,14,1,astroturf,dome,,,14.0,00-0020531,00-0026143,569.1695367347196,False,False,True,False,False,False,False,False,False,False,True,False,False,59.0,8.0,0,0.7939031163206206,0.7939031163206206,0.8010390705640554
2019,10,2019_10_NYG_NYJ,NYJ,NYG,34.0,27.0,7.0,0.4579882338018669,1,False,7,6,0,fieldturf,outdoors,48.0,8.0,-3.0,00-0034869,00-0035710,-67.37768666456496,False,False,False,True,False,False,False,False,False,False,False,False,True,48.0,8.0,1,0.40862039632676134,0.40862039632676134,0.43824109881182466
2019,10,2019_10_ARI_TB,TB,ARI,30.0,27.0,3.0,0.7117748765688013,1,False,7,10,0,grass,outdoors,77.0,8.0,5.5,00-0031503,00-0035228,361.60792938231936,False,False,False,False,True,False,False,False,False,False,False,False,True,77.0,8.0,-3,0.6447073839687558,0.6447073839687558,0.6849478795287831
2019,10,2019_10_KC_TEN,TEN,KC,35.0,32.0,3.0,0.3218705658167154,1,False,7,7,0,grass,outdoors,63.0,9.0,-5.0,00-0029701,00-0033873,-298.07547215021526,False,False,False,False,True,False,False,False,False,False,False,False,True,63.0,9.0,0,0.304167828713484,0.304167828713484,0.31478947097542287
2019,10,2019_10_MIA_IND,IND,MIA,12.0,16.0,-4.0,0.7698116674545332,0,False,7,7,0,fieldturf,closed,,,11.0,00-0026625,00-0023682,482.89923447869467,False,False,False,True,False,False,False,False,False,True,False,False,False,59.0,8.0,0,0.8186894174377402,0.8186894174377402,0.789362767447816
2019,10,2019_10_CAR_GB,GB,CAR,24.0,16.0,8.0,0.6634215229042957,1,False,7,7,0,grass,outdoors,34.0,6.0,5.0,00-0023459,00-0034577,271.431692673443,False,False,False,False,True,False,False,False,False,False,False,False,True,34.0,6.0,0,0.6440920179793541,0.6440920179793541,0.6556897209343191
2019,10,2019_10_LA_PIT,PIT,LA,17.0,12.0,5.0,0.47272818528504174,1,False,7,14,0,grass,outdoors,55.0,12.0,-4.0,00-0034771,00-0033106,-43.67825233667282,False,False,False,False,True,False,False,False,False,False,False,False,True,55.0,12.0,-7,0.38115127131138166,0.38115127131138166,0.4360974196955777
2019,10,2019_10_MIN_DAL,DAL,MIN,24.0,28.0,-4.0,0.6075109371579026,0,False,6,7,0,fieldturf,closed,,,3.5,00-0033077,00-0029604,174.74460285639225,False,False,False,True,False,False,False,False,False,True,False,False,False,59.0,8.0,-1,0.651602228510437,0.651602228510437,0.6251474536989163
2019,10,2019_10_SEA_SF,SF,SEA,24.0,27.0,-3.0,0.6952304630314642,0,False,11,8,1,grass,outdoors,77.0,3.0,6.5,00-0031345,00-0029263,329.8750070370077,False,False,False,False,True,False,False,False,False,False,False,False,True,77.0,3.0,3,0.7390331716436402,0.7390331716436402,0.7127515464763347
2019,11,2019_11_PIT_CLE,CLE,PIT,21.0,7.0,14.0,0.43057025557517964,1,False,4,4,1,grass,outdoors,36.0,10.0,3.0,00-0034855,00-0034771,-111.80996232764437,False,False,False,False,True,False,False,False,False,False,False,False,True,36.0,10.0,0,0.511491101093369,0.511491101093369,0.4629385937824554
2019,11,2019_11_HOU_BAL,BAL,HOU,41.0,7.0,34.0,0.6992494788885503,1,False,7,14,0,grass,outdoors,44.0,10.0,4.0,00-0034796,00-0033537,337.49059971148057,False,False,False,False,True,False,False,False,False,False,False,False,True,44.0,10.0,-7,0.6067803758403968,0.6067803758403968,0.6622618376692888
2019,11,2019_11_ATL_CAR,CAR,ATL,3.0,29.0,-26.0,0.6569223128395973,0,False,7,7,1,grass,outdoors,51.0,11.0,3.5,00-0034577,00-0026143,259.84354059856753,False,False,False,False,True,False,False,False,False,False,False,False,True,51.0,11.0,0,0.6349983511817194,0.6349983511817194,0.6481527281764462
2019,11,2019_11_DAL_DET,DET,DAL,27.0,35.0,-8.0,0.2789367212723449,0,False,7,7,0,fieldturf,dome,,,-7.5,00-0032436,00-0033077,-379.89677921510224,False,False,False,True,False,False,False,False,False,False,True,False,False,59.0,8.0,0,0.28954810959046867,0.28954810959046867,0.2831812765995944
2019,11,2019_11_JAX_IND,IND,JAX,33.0,13.0,20.0,0.7045684386270186,1,False,7,14,1,fieldturf,closed,,,2.5,00-0033119,00-0029567,347.65930574437004,False,False,False,True,False,False,False,False,False,True,False,False,False,59.0,8.0,-7,0.5910708429101662,0.5910708429101662,0.6591694003402776
2019,11,2019_11_BUF_MIA,MIA,BUF,20.0,37.0,-17.0,0.3086336800549017,0,False,7,7,1,grass,outdoors,62.0,13.0,-7.0,00-0023682,00-0034857,-322.60589650811426,False,False,False,False,True,False,False,False,False,False,False,False,True,62.0,13.0,0,0.3028781499449838,0.3028781499449838,0.3063314680109346
2019,11,2019_11_DEN_MIN,MIN,DEN,27.0,23.0,4.0,0.7876088435799369,1,False,7,14,0,sportturf,dome,,,10.0,00-0029604,00-0032434,524.228769263313,False,False,False,False,False,False,False,True,False,False,True,False,False,59.0,8.0,-7,0.7454612410344243,0.7454612410344243,0.7707498025617319
2019,11,2019_11_NO_TB,TB,NO,17.0,34.0,-17.0,0.30608397144162064,0,False,7,7,1,grass,outdoors,55.0,4.0,-5.0,00-0031503,00-0020531,-327.39659043585397,False,False,False,False,True,False,False,False,False,False,False,False,True,55.0,4.0,0,0.2966652718986728,0.2966652718986728,0.3023164916244415
2019,11,2019_11_NYJ_WAS,WAS,NYJ,17.0,34.0,-17.0,0.5480468163152977,0,False,14,7,0,grass,outdoors,43.0,8.0,1.0,00-0035232,00-0034869,77.1128463928783,False,False,False,False,True,False,False,False,False,False,False,False,True,43.0,8.0,7,0.4515533239839043,0.4515533239839043,0.5094494193827404
2019,11,2019_11_ARI_SF,SF,ARI,36.0,26.0,10.0,0.808600532164516,1,False,6,7,1,grass,outdoors,72.0,0.0,10.0,00-0031345,00-0035228,576.3769266804305,False,False,False,False,True,False,False,False,False,False,False,False,True,72.0,0.0,-1,0.8382863756617338,0.8382863756617338,0.8204748695634031
2019,11,2019_11_CIN_OAK,OAK,CIN,17.0,10.0,7.0,0.7601508791870242,1,False,10,7,0,grass,outdoors,76.0,13.0,13.0,00-0031280,00-0035652,461.4027505807305,False,False,False,False,True,False,False,False,False,False,False,False,True,76.0,13.0,3,0.8169112746890211,0.8169112746890211,0.7828550373878229
2019,11,2019_11_NE_PHI,PHI,NE,10.0,17.0,-7.0,0.36940962036302094,0,False,14,14,0,grass,outdoors,42.0,13.0,-4.5,00-0032950,00-0019596,-213.90015218684613,False,False,False,False,True,False,False,False,False,False,False,False,True,42.0,13.0,0,0.2576169203506712,0.2576169203506712,0.32469254035808104
2019,11,2019_11_CHI_LA,LA,CHI,17.0,7.0,10.0,0.6806831067813827,1,False,7,7,0,grass,outdoors,79.0,0.0,5.0,00-0033106,00-0033869,302.76514294447855,False,False,False,False,True,False,False,False,False,False,False,False,True,79.0,0.0,0,0.6343926596489301,0.6343926596489301,0.6621669279284016
2019,11,2019_11_KC_LAC,LAC,KC,17.0,24.0,-7.0,0.32845112262084375,0,True,11,8,1,grass,outdoors,67.0,7.0,-5.5,00-0022942,00-0033873,-286.0795057598394,False,False,False,False,True,False,False,False,False,False,False,False,True,67.0,7.0,3,0.21818375776504287,0.21818375776504287,0.2843441766785234
2019,12,2019_12_IND_HOU,HOU,IND,20.0,17.0,3.0,0.6312676107860509,1,False,4,4,1,grass,closed,,,3.5,00-0033537,00-0033119,215.06349201025677,False,False,False,False,True,False,False,False,False,True,False,False,False,59.0,8.0,0,0.6322807106789274,0.6322807106789274,0.6316728507432015
2019,12,2019_12_TB_ATL,ATL,TB,22.0,35.0,-13.0,0.6536617468386365,0,False,7,7,1,fieldturf,closed,,,3.5,00-0026143,00-0031503,254.06964127599574,False,False,False,True,False,False,False,False,False,True,False,False,False,59.0,8.0,0,0.6719828138605342,0.6719828138605342,0.6609901736473955
2019,12,2019_12_DEN_BUF,BUF,DEN,20.0,3.0,17.0,0.6899999293555577,1,False,7,7,0,astroturf,outdoors,40.0,17.0,3.5,00-0034857,00-0032434,320.04758793743446,False,False,True,False,False,False,False,False,False,False,False,False,True,40.0,17.0,0,0.6497115602258472,0.6497115602258472,0.6738845817036735
2019,12,2019_12_NYG_CHI,CHI,NYG,19.0,14.0,5.0,0.7733800167853884,1,False,7,14,0,grass,outdoors,48.0,12.0,6.0,00-0033869,00-0035710,490.9984035276422,False,False,False,False,True,False,False,False,False,False,False,False,True,48.0,12.0,-7,0.6500961858928479,0.6500961858928479,0.7240664844283722
2019,12,2019_12_PIT_CIN,CIN,PIT,10.0,16.0,-6.0,0.2494972940767164,0,False,7,10,1,grass,outdoors,46.0,10.0,-5.5,00-0035652,00-0034771,-440.5180747248824,False,False,False,False,True,False,False,False,False,False,False,False,True,46.0,10.0,-3,0.24767100853318916,0.24767100853318916,0.24876677985930548
2019,12,2019_12_MIA_CLE,CLE,MIA,41.0,24.0,17.0,0.7053054376102996,1,False,10,7,0,grass,outdoors,39.0,14.0,11.0,00-0034855,00-0023682,349.0766062376274,False,False,False,False,True,False,False,False,False,False,False,False,True,39.0,14.0,3,0.7540274549190962,0.7540274549190962,0.7247942445338182
2019,12,2019_12_CAR_NO,NO,CAR,34.0,31.0,3.0,0.7350971461800624,1,False,7,7,1,astroturf,dome,,,10.0,00-0020531,00-0034577,408.2557970941176,False,False,True,False,False,False,False,False,False,False,True,False,False,59.0,8.0,0,0.7739658432894615,0.7739658432894615,0.750644625023822
2019,12,2019_12_OAK_NYJ,NYJ,OAK,34.0,3.0,31.0,0.38051579057786133,1,False,7,7,0,fieldturf,outdoors,43.0,12.0,-3.5,00-0034869,00-0031280,-194.94381421051355,False,False,False,True,False,False,False,False,False,False,False,False,True,43.0,12.0,0,0.37921395834752913,0.37921395834752913,0.37999505768572844
2019,12,2019_12_SEA_PHI,PHI,SEA,9.0,17.0,-8.0,0.4841498036569507,0,False,7,13,0,grass,outdoors,40.0,17.0,-1.0,00-0032950,00-0029263,-25.36881426042332,False,False,False,False,True,False,False,False,False,False,False,False,True,40.0,17.0,-6,0.4583603821100966,0.4583603821100966,0.4738340350382091
2019,12,2019_12_DET_WAS,WAS,DET,19.0,16.0,3.0,0.3366925204417656,1,False,7,7,0,grass,outdoors,46.0,17.0,-4.0,00-0035232,00-0032436,-271.22741645615804,False,False,False,False,True,False,False,False,False,False,False,False,True,46.0,17.0,0,0.3499255837578438,0.3499255837578438,0.3419857457681969
2019,12,2019_12_JAX_TEN,TEN,JAX,42.0,20.0,22.0,0.6847434940837202,1,False,14,7,1,grass,outdoors,52.0,9.0,4.5,00-0029701,00-0029567,310.2630779946987,False,False,False,False,True,False,False,False,False,False,False,False,True,52.0,9.0,7,0.6295763130727909,0.6295763130727909,0.6626766216793485
2019,12,2019_12_DAL_NE,NE,DAL,13.0,9.0,4.0,0.6790456980653699,1,False,7,7,0,grass,outdoors,38.0,16.0,5.5,00-0019596,00-0033077,299.7558703534349,False,False,False,False,True,False,False,False,False,False,False,False,True,38.0,16.0,0,0.6218926327205261,0.6218926327205261,0.6561844719274323
2019,12,2019_12_GB_SF,SF,GB,37.0,8.0,29.0,0.6575624248856601,1,False,7,14,0,grass,outdoors,63.0,7.0,3.0,00-0031345,00-0023459,260.98012947457477,False,False,False,False,True,False,False,False,False,False,False,False,True,63.0,7.0,-7,0.5859516446166156,0.5859516446166156,0.6289181127780423
2019,12,2019_12_BAL_LA,LA,BAL,6.0,45.0,-39.0,0.4157515440086564,0,False,8,8,0,grass,outdoors,62.0,5.0,-3.5,00-0033106,00-0034796,-136.0953995356323,False,False,False,False,True,False,False,False,False,False,False,False,True,62.0,5.0,0,0.3911087849892087,0.3911087849892087,0.4058944404008773
2019,13,2019_13_CHI_DET,DET,CHI,20.0,24.0,-4.0,0.3094632484342212,0,False,4,4,1,fieldturf,dome,,,-5.5,00-0035040,00-0033869,-321.0519423565877,False,False,False,True,False,False,False,False,False,False,True,False,False,59.0,8.0,0,0.31760700826962507,0.31760700826962507,0.3127207523683827
2019,13,2019_13_BUF_DAL,DAL,BUF,15.0,26.0,-11.0,0.7238818418660419,0,False,4,4,0,fieldturf,closed,,,6.5,00-0033077,00-0034857,385.51971757551786,False,False,False,True,False,False,False,False,False,True,False,False,False,59.0,8.0,0,0.75445855523959,0.75445855523959,0.7361125272154612
2019,13,2019_13_NO_ATL,ATL,NO,18.0,26.0,-8.0,0.34887229589319246,0,False,4,4,1,fieldturf,closed,,,-7.0,00-0026143,00-0020531,-249.59993925596945,False,False,False,True,False,False,False,False,False,True,False,False,False,59.0,8.0,0,0.32263081791032117,0.32263081791032117,0.33837570470004397
2019,13,2019_13_SF_BAL,BAL,SF,20.0,17.0,3.0,0.6487060172334786,1,False,6,7,0,grass,outdoors,40.0,13.0,5.5,00-0034796,00-0031345,245.34248214417832,False,False,False,False,True,False,False,False,False,False,False,False,True,40.0,13.0,-1,0.6267411643816608,0.6267411643816608,0.6399200760927515
2019,13,2019_13_WAS_CAR,CAR,WAS,21.0,29.0,-8.0,0.7406852150062333,0,False,7,7,0,grass,outdoors,64.0,16.0,10.5,00-0034577,00-0035232,419.8132056753984,False,False,False,False,True,False,False,False,False,False,False,False,True,64.0,16.0,0,0.7543523962552825,0.7543523962552825,0.7461520875058529
2019,13,2019_13_NYJ_CIN,CIN,NYJ,22.0,6.0,16.0,0.35763950224882496,1,False,7,7,0,grass,outdoors,46.0,15.0,-2.5,00-0027973,00-0034869,-234.24966678865533,False,False,False,False,True,False,False,False,False,False,False,False,True,46.0,15.0,0,0.44862977112046487,0.44862977112046487,0.3940356097974809
2019,13,2019_13_TEN_IND,IND,TEN,17.0,31.0,-14.0,0.5858233741024982,0,False,10,7,1,fieldturf,closed,,,-1.0,00-0033119,00-0029701,138.69032772660398,False,False,False,True,False,False,False,False,False,True,False,False,False,59.0,8.0,3,0.4079724950783362,0.4079724950783362,0.5146830224928334
2019,13,2019_13_TB_JAX,JAX,TB,11.0,28.0,-17.0,0.4287295503966107,0,False,7,7,0,grass,outdoors,77.0,15.0,-3.0,00-0029567,00-0031503,-114.8145752343134,False,False,False,False,True,False,False,False,False,False,False,False,True,77.0,15.0,0,0.4307714071521767,0.4307714071521767,0.42954629309883713
2019,13,2019_13_PHI_MIA,MIA,PHI,37.0,31.0,6.0,0.3296888609531796,1,False,7,7,0,grass,outdoors,82.0,15.0,-10.5,00-0023682,00-0032950,-283.83705084893734,False,False,False,False,True,False,False,False,False,False,False,False,True,82.0,15.0,0,0.39798685377980236,0.39798685377980236,0.35700805808382874
2019,13,2019_13_GB_NYG,NYG,GB,13.0,31.0,-18.0,0.3152753529646809,0,False,7,7,0,fieldturf,outdoors,32.0,10.0,-6.5,00-0035710,00-0023459,-310.22815557236675,False,False,False,True,False,False,False,False,False,False,False,False,True,32.0,10.0,0,0.29921343284875573,0.29921343284875573,0.30885058491831086
2019,13,2019_13_CLE_PIT,PIT,CLE,20.0,13.0,7.0,0.5994682273294056,1,False,7,7,1,grass,outdoors,46.0,6.0,-1.0,00-0035577,00-0034855,161.29995142959368,False,False,False,False,True,False,False,False,False,False,False,False,True,46.0,6.0,0,0.39695572980897553,0.39695572980897553,0.5184632283212336
2019,13,2019_13_LA_ARI,ARI,LA,7.0,34.0,-27.0,0.31487490000820473,0,False,14,6,1,grass,closed,,,-2.5,00-0035228,00-0033106,-310.97041288024957,False,False,False,False,True,False,False,False,False,True,False,False,False,59.0,8.0,8,0.3951458559776978,0.3951458559776978,0.34698328239600196
2019,13,2019_13_LAC_DEN,DEN,LAC,23.0,20.0,3.0,0.3351253308856723,1,False,7,13,1,grass,outdoors,33.0,7.0,-4.5,00-0035704,00-0022942,-274.03758859629016,False,False,False,False,True,False,False,False,False,False,False,False,True,33.0,7.0,-6,0.24889583567603715,0.24889583567603715,0.30063353280181826
2019,13,2019_13_OAK_KC,KC,OAK,40.0,9.0,31.0,0.741565802192106,1,False,13,7,1,astroturf,outdoors,36.0,20.0,11.5,00-0033873,00-0031280,421.6491168119829,False,False,True,False,False,False,False,False,False,False,False,False,True,36.0,20.0,6,0.7565152802815783,0.7565152802815783,0.747545593427895
2019,13,2019_13_NE_HOU,HOU,NE,28.0,22.0,6.0,0.3700911360291553,1,False,10,7,0,grass,closed,,,-3.5,00-0033537,00-0019596,-212.7303438628604,False,False,False,False,True,False,False,False,False,True,False,False,False,59.0,8.0,3,0.3246015049798097,0.3246015049798097,0.3518952836094171
2019,13,2019_13_MIN_SEA,SEA,MIN,37.0,30.0,7.0,0.607330343330129,1,False,8,15,0,fieldturf,outdoors,51.0,1.0,2.5,00-0029263,00-0029604,174.44167033977104,False,False,False,True,False,False,False,False,False,False,False,False,True,51.0,1.0,-7,0.6047789998932721,0.6047789998932721,0.6063098059553863
2019,14,2019_14_DAL_CHI,CHI,DAL,31.0,24.0,7.0,0.5192120605167182,1,False,7,7,0,grass,outdoors,44.0,9.0,-3.0,00-0033869,00-0033077,30.754438208580748,False,False,False,False,True,False,False,False,False,False,False,False,True,44.0,9.0,0,0.4357419642527043,0.4357419642527043,0.48582402201111263
2019,14,2019_14_CAR_ATL,ATL,CAR,40.0,20.0,20.0,0.6275267831331334,1,False,10,7,1,fieldturf,closed,,,3.5,00-0026143,00-0034577,208.6484872691555,False,False,False,True,False,False,False,False,False,True,False,False,False,59.0,8.0,3,0.6719828138605342,0.6719828138605342,0.6453091954240937
2019,14,2019_14_BAL_BUF,BUF,BAL,17.0,24.0,-7.0,0.28286840135829067,0,False,10,7,0,astroturf,outdoors,43.0,18.0,-6.5,00-0034857,00-0034796,-372.1110351116198,False,False,True,False,False,False,False,False,False,False,False,False,True,43.0,18.0,3,0.24554448046810207,0.24554448046810207,0.2679388330022152
2019,14,2019_14_CIN_CLE,CLE,CIN,27.0,19.0,8.0,0.7588766283836397,1,False,7,7,1,grass,outdoors,48.0,16.0,6.5,00-0034855,00-0027973,458.6122005229754,False,False,False,False,True,False,False,False,False,False,False,False,True,48.0,16.0,0,0.75649686107446,0.75649686107446,0.7579247214599678
2019,14,2019_14_WAS_GB,GB,WAS,20.0,15.0,5.0,0.7841841325103386,1,False,7,7,0,grass,outdoors,37.0,10.0,13.0,00-0023459,00-0035232,516.0873107467779,False,False,False,False,True,False,False,False,False,False,False,False,True,37.0,10.0,0,0.8287243055740398,0.8287243055740398,0.802000201735819
2019,14,2019_14_DEN_HOU,HOU,DEN,24.0,38.0,-14.0,0.7815944508285466,0,False,7,7,0,grass,closed,,,8.0,00-0033537,00-0035704,509.9929396409744,False,False,False,False,True,False,False,False,False,True,False,False,False,59.0,8.0,0,0.7779658612540569,0.7779658612540569,0.7801430149987507
2019,14,2019_14_DET_MIN,MIN,DET,20.0,7.0,13.0,0.8019167027543576,1,False,6,10,1,sportturf,dome,,,12.0,00-0029604,00-0035040,559.326842072963,False,False,False,False,False,False,False,True,False,False,True,False,False,59.0,8.0,-4,0.8105650074166053,0.8105650074166053,0.8053760246192567
2019,14,2019_14_SF_NO,NO,SF,46.0,48.0,-2.0,0.6244789533474417,0,False,10,7,0,astroturf,dome,,,1.0,00-0020531,00-0031345,203.44124323398174,False,False,True,False,False,False,False,False,False,False,True,False,False,59.0,8.0,3,0.5411375125474316,0.5411375125474316,0.5911423770274377
2019,14,2019_14_MIA_NYJ,NYJ,MIA,22.0,21.0,1.0,0.6639281258204572,1,False,7,7,1,fieldturf,outdoors,41.0,9.0,5.0,00-0034869,00-0023682,272.3395404140835,False,False,False,True,False,False,False,False,False,False,False,False,True,41.0,9.0,0,0.6745580611105376,0.6745580611105376,0.6681800999364894
2019,14,2019_14_IND_TB,TB,IND,38.0,35.0,3.0,0.5650080730093335,1,False,7,7,0,grass,outdoors,78.0,9.0,3.0,00-0031503,00-0033119,104.60501891285259,False,False,False,False,True,False,False,False,False,False,False,False,True,78.0,9.0,0,0.5504960855497711,0.5504960855497711,0.5592032780255085
2019,14,2019_14_LAC_JAX,JAX,LAC,10.0,45.0,-35.0,0.3336917753879111,0,False,7,7,0,grass,outdoors,62.0,7.0,-3.5,00-0035289,00-0022942,-276.6138497883029,False,False,False,False,True,False,False,False,False,False,False,False,True,62.0,7.0,0,0.35835765612134135,0.35835765612134135,0.3435581276812832
2019,14,2019_14_PIT_ARI,ARI,PIT,17.0,23.0,-6.0,0.33264731514322604,0,False,7,7,0,grass,closed,,,-2.5,00-0035228,00-0035577,-278.49434161370925,False,False,False,False,True,False,False,False,False,True,False,False,False,59.0,8.0,0,0.4210527217897215,0.4210527217897215,0.36800947780182425
2019,14,2019_14_KC_NE,NE,KC,16.0,23.0,-7.0,0.6604648115352474,0,False,7,7,0,grass,outdoors,32.0,8.0,3.0,00-0019596,00-0033873,266.1465030048361,False,False,False,False,True,False,False,False,False,False,False,False,True,32.0,8.0,0,0.5859659802601112,0.5859659802601112,0.6306652790251929
2019,14,2019_14_TEN_OAK,OAK,TEN,21.0,42.0,-21.0,0.352262615470098,0,False,7,7,0,grass,outdoors,59.0,5.0,-3.0,00-0031280,00-0029701,-243.6433517262282,False,False,False,False,True,False,False,False,False,False,False,False,True,59.0,5.0,0,0.43469517050741296,0.43469517050741296,0.385235637485024
2019,14,2019_14_SEA_LA,LA,SEA,28.0,12.0,16.0,0.5161044568904052,1,False,7,6,1,grass,outdoors,60.0,4.0,1.0,00-0033106,00-0029263,25.776046970268585,False,False,False,False,True,False,False,False,False,False,False,False,True,60.0,4.0,1,0.45925944384438205,0.45925944384438205,0.4933664516719959
2019,14,2019_14_NYG_PHI,PHI,NYG,23.0,17.0,6.0,0.7984230776826716,1,False,8,8,1,grass,outdoors,53.0,11.0,9.5,00-0032950,00-0022803,550.5870289921037,False,False,False,False,True,False,False,False,False,False,False,False,True,53.0,11.0,0,0.831547157833463,0.831547157833463,0.8116727097429881
2019,15,2019_15_NYJ_BAL,BAL,NYJ,42.0,21.0,21.0,0.8819868721089363,1,False,4,4,0,grass,outdoors,33.0,3.0,17.0,00-0034796,00-0034869,804.5525200296867,False,False,False,False,True,False,False,False,False,False,False,False,True,33.0,3.0,0,0.9426730714255922,0.9426730714255922,0.9062613518355986
2019,15,2019_15_SEA_CAR,CAR,SEA,24.0,30.0,-6.0,0.3429658336189215,0,False,7,7,0,grass,outdoors,56.0,5.0,-6.0,00-0034577,00-0029263,-260.04207559704344,False,False,False,False,True,False,False,False,False,False,False,False,True,56.0,5.0,0,0.3055099454457422,0.3055099454457422,0.3279834783496498
2019,15,2019_15_NE_CIN,CIN,NE,13.0,34.0,-21.0,0.18141248147671726,0,False,7,7,0,grass,outdoors,36.0,6.0,-10.5,00-0027973,00-0019596,-602.7227899625364,False,False,False,False,True,False,False,False,False,False,False,False,True,36.0,6.0,0,0.2274537214232406,0.2274537214232406,0.1998289774553266
2019,15,2019_15_TB_DET,DET,TB,17.0,38.0,-21.0,0.33878841961581424,0,False,7,7,0,fieldturf,dome,,,-5.5,00-0035040,00-0031503,-267.4792393533173,False,False,False,True,False,False,False,False,False,False,True,False,False,59.0,8.0,0,0.31893071103620396,0.31893071103620396,0.33084533618397016
2019,15,2019_15_CHI_GB,GB,CHI,21.0,13.0,8.0,0.6360822223441026,1,False,7,10,1,grass,outdoors,11.0,7.0,4.0,00-0023459,00-0033869,223.35995153574063,False,False,False,False,True,False,False,False,False,False,False,False,True,11.0,7.0,-3,0.623078107585354,0.623078107585354,0.6308805764406031
2019,15,2019_15_DEN_KC,KC,DEN,23.0,3.0,20.0,0.7961695576215335,1,False,7,7,1,astroturf,outdoors,24.0,8.0,10.0,00-0033873,00-0035704,545.0094767296384,False,False,True,False,False,False,False,False,False,False,False,False,True,24.0,8.0,0,0.8287243055740398,0.8287243055740398,0.809191456802536
2019,15,2019_15_MIA_NYG,NYG,MIA,36.0,20.0,16.0,0.534293978694566,1,False,6,7,0,fieldturf,outdoors,48.0,19.0,3.5,00-0022803,00-0023682,54.956651957495154,False,False,False,True,False,False,False,False,False,False,False,False,True,48.0,19.0,-1,0.5778293697866882,0.5778293697866882,0.5517081351314148
2019,15,2019_15_HOU_TEN,TEN,HOU,21.0,24.0,-3.0,0.6272906446471868,0,False,7,7,1,grass,outdoors,45.0,4.0,3.0,00-0029701,00-0033537,208.24442943016126,False,False,False,False,True,False,False,False,False,False,False,False,True,45.0,4.0,0,0.5848389078586904,0.5848389078586904,0.6103099499317882
2019,15,2019_15_PHI_WAS,WAS,PHI,27.0,37.0,-10.0,0.2667712105251837,0,False,7,6,1,grass,outdoors,52.0,13.0,-7.0,00-0035232,00-0032950,-404.4265516267005,False,False,False,False,True,False,False,False,False,False,False,False,True,52.0,13.0,1,0.24544905246474308,0.24544905246474308,0.2582423473010075
2019,15,2019_15_CLE_ARI,ARI,CLE,38.0,24.0,14.0,0.33867591193776075,1,False,7,7,0,grass,closed,,,-3.0,00-0035228,00-0034855,-267.68015248314646,False,False,False,False,True,False,False,False,False,True,False,False,False,59.0,8.0,0,0.40623349910669376,0.40623349910669376,0.365698946805334
2019,15,2019_15_MIN_LAC,LAC,MIN,10.0,39.0,-29.0,0.43356222265846966,0,False,7,7,0,grass,outdoors,64.0,14.0,-1.0,00-0022942,00-0029604,-106.93276638977136,False,False,False,False,True,False,False,False,False,False,False,False,True,64.0,14.0,0,0.46798977854604923,0.46798977854604923,0.44733324501350147
2019,15,2019_15_JAX_OAK,OAK,JAX,16.0,20.0,-4.0,0.6457460365785251,0,False,7,7,0,grass,outdoors,59.0,7.0,7.0,00-0031280,00-0035289,240.15689101667706,False,False,False,False,True,False,False,False,False,False,False,False,True,59.0,7.0,0,0.7428303056659861,0.7428303056659861,0.6845797442135095
2019,15,2019_15_LA_DAL,DAL,LA,44.0,21.0,23.0,0.4504271040393149,1,False,10,7,0,fieldturf,closed,,,-1.0,00-0033077,00-0033106,-79.57806841295736,False,False,False,True,False,False,False,False,False,True,False,False,False,59.0,8.0,3,0.46235010476683447,0.46235010476683447,0.4551963043303227
2019,15,2019_15_ATL_SF,SF,ATL,22.0,29.0,-7.0,0.7446715202372269,0,False,7,7,0,grass,outdoors,55.0,6.0,10.5,00-0031345,00-0026143,428.1569346344047,False,False,False,False,True,False,False,False,False,False,False,False,True,55.0,6.0,0,0.7878300906403928,0.7878300906403928,0.7619349483984933
2019,15,2019_15_BUF_PIT,PIT,BUF,10.0,17.0,-7.0,0.5898698079000928,0,False,7,7,0,grass,outdoors,31.0,6.0,1.0,00-0035577,00-0034857,145.37087878955793,False,False,False,False,True,False,False,False,False,False,False,False,True,31.0,6.0,0,0.4977047693309563,0.4977047693309563,0.5530037924724382
2019,15,2019_15_IND_NO,NO,IND,34.0,7.0,27.0,0.7258830859581679,1,False,8,8,0,astroturf,dome,,,8.0,00-0020531,00-0033119,389.5337017071967,False,False,True,False,False,False,False,False,False,False,True,False,False,59.0,8.0,0,0.752241122488383,0.752241122488383,0.7364263005702539
2019,16,2019_16_HOU_TB,TB,HOU,20.0,23.0,-3.0,0.4404307305821929,0,False,7,7,0,grass,outdoors,73.0,11.0,-3.0,00-0031503,00-0033537,-95.76565792300964,False,False,False,False,True,False,False,False,False,False,False,False,True,73.0,11.0,0,0.4307714071521767,0.4307714071521767,0.43656700121018643
2019,16,2019_16_BUF_NE,NE,BUF,24.0,17.0,7.0,0.6736273588571147,1,False,7,7,1,grass,outdoors,33.0,2.0,7.0,00-0019596,00-0034857,289.85491137395866,False,False,False,False,True,False,False,False,False,False,False,False,True,33.0,2.0,0,0.7473245934944793,0.7473245934944793,0.7031062527120605
2019,16,2019_16_LA_SF,SF,LA,34.0,31.0,3.0,0.7147801725771733,1,False,7,7,1,grass,outdoors,58.0,12.0,7.0,00-0031345,00-0033106,367.4859348954782,False,False,False,False,True,False,False,False,False,False,False,False,True,58.0,12.0,0,0.7544165440326571,0.7544165440326571,0.7306347211593669
2019,16,2019_16_JAX_ATL,ATL,JAX,24.0,12.0,12.0,0.748272453057099,1,False,7,7,0,fieldturf,closed,,,7.5,00-0026143,00-0035289,435.7679256004802,False,False,False,True,False,False,False,False,False,True,False,False,False,59.0,8.0,0,0.75445855523959,0.75445855523959,0.7507468939300954
2019,16,2019_16_BAL_CLE,CLE,BAL,15.0,31.0,-16.0,0.24602088877287573,0,False,7,10,1,grass,outdoors,49.0,10.0,-9.5,00-0034855,00-0034796,-447.97928705724564,False,False,False,False,True,False,False,False,False,False,False,False,True,49.0,10.0,-3,0.18697093618111232,0.18697093618111232,0.22240090773617036
2019,16,2019_16_CAR_IND,IND,CAR,38.0,6.0,32.0,0.6946138988133187,1,False,6,7,0,fieldturf,closed,,,7.5,00-0033119,00-0035251,328.7117073456331,False,False,False,True,False,False,False,False,False,True,False,False,False,59.0,8.0,-1,0.7209837815773592,0.7209837815773592,0.7051618519189349
2019,16,2019_16_CIN_MIA,MIA,CIN,38.0,35.0,3.0,0.562088544951766,1,False,7,7,0,grass,outdoors,76.0,15.0,-1.5,00-0023682,00-0027973,99.85706330506999,False,False,False,False,True,False,False,False,False,False,False,False,True,76.0,15.0,0,0.45380061277679895,0.45380061277679895,0.5187733720817792
2019,16,2019_16_PIT_NYJ,NYJ,PIT,16.0,10.0,6.0,0.3399252201682639,1,False,10,7,0,fieldturf,outdoors,45.0,6.0,-3.0,00-0034869,00-0035577,-265.45099145576916,False,False,False,True,False,False,False,False,False,False,False,False,True,45.0,6.0,3,0.355051180933732,0.355051180933732,0.3459756044744511
2019,16,2019_16_NO_TEN,TEN,NO,28.0,38.0,-10.0,0.37769077680028657,0,False,7,6,0,grass,outdoors,50.0,4.0,-3.5,00-0029701,00-0020531,-199.74452102867392,False,False,False,False,True,False,False,False,False,False,False,False,True,50.0,4.0,1,0.3288269798438928,0.3288269798438928,0.35814525801772906
2019,16,2019_16_NYG_WAS,WAS,NYG,35.0,41.0,-6.0,0.5508088881848762,0,False,7,7,1,grass,outdoors,44.0,6.0,-1.0,00-0035232,00-0035710,81.5757870473634,False,False,False,False,True,False,False,False,False,False,False,False,True,44.0,6.0,0,0.44519874164078366,0.44519874164078366,0.5085648295672391
2019,16,2019_16_DET_DEN,DEN,DET,27.0,17.0,10.0,0.656409389205776,1,False,7,7,0,grass,outdoors,67.0,3.0,9.5,00-0035704,00-0035040,258.9335197783197,False,False,False,False,True,False,False,False,False,False,False,False,True,67.0,3.0,0,0.7462645114882225,0.7462645114882225,0.6923514381187545
2019,16,2019_16_OAK_LAC,LAC,OAK,17.0,24.0,-7.0,0.712416777382645,0,False,7,7,1,grass,outdoors,64.0,10.0,7.5,00-0022942,00-0031280,362.860325329912,False,False,False,False,True,False,False,False,False,False,False,False,True,64.0,10.0,0,0.752241122488383,0.752241122488383,0.7283465154249402
2019,16,2019_16_DAL_PHI,PHI,DAL,17.0,9.0,8.0,0.4860417108960891,1,False,7,7,1,grass,outdoors,47.0,7.0,-2.0,00-0032950,00-0033077,-22.339066980900355,False,False,False,False,True,False,False,False,False,False,False,False,True,47.0,7.0,0,0.44519874164078366,0.44519874164078366,0.46970452319396694
2019,16,2019_16_ARI_SEA,SEA,ARI,13.0,27.0,-14.0,0.8240288859613244,0,False,7,7,1,fieldturf,outdoors,43.0,7.0,8.0,00-0029263,00-0035228,617.5542913141539,False,False,False,True,False,False,False,False,False,False,False,False,True,43.0,7.0,0,0.8015552581551846,0.8015552581551846,0.8150394348388685
2019,16,2019_16_KC_CHI,CHI,KC,3.0,26.0,-23.0,0.31809363762799514,0,False,7,7,0,grass,outdoors,45.0,10.0,-6.5,00-0033869,00-0033873,-305.01862098270533,False,False,False,False,True,False,False,False,False,False,False,False,True,45.0,10.0,0,0.28498133976888773,0.28498133976888773,0.30484871848435213
2019,16,2019_16_GB_MIN,MIN,GB,10.0,23.0,-13.0,0.6997376636117852,0,False,8,8,1,sportturf,dome,,,4.0,00-0029604,00-0023459,338.41958054448725,False,False,False,False,False,False,False,True,False,False,True,False,False,59.0,8.0,0,0.6522840372917613,0.6522840372917613,0.6807562130837757
2019,17,2019_17_NYJ_BUF,BUF,NYJ,6.0,13.0,-7.0,0.7081738197523039,0,False,7,7,1,astroturf,outdoors,43.0,7.0,-1.5,00-0030533,00-0034869,354.61248791507626,False,False,True,False,False,False,False,False,False,False,False,False,True,43.0,7.0,0,0.4517666569380309,0.4517666569380309,0.6056109546265946
2019,17,2019_17_NO_CAR,CAR,NO,10.0,42.0,-32.0,0.2085924190342536,0,False,7,7,1,grass,outdoors,63.0,9.0,-13.5,00-0035251,00-0020531,-533.3723633200957,False,False,False,False,True,False,False,False,False,False,False,False,True,63.0,9.0,0,0.2687982902551204,0.2687982902551204,0.23267476752260033
2019,17,2019_17_CLE_CIN,CIN,CLE,33.0,23.0,10.0,0.35977965052138045,1,False,7,7,1,grass,outdoors,64.0,7.0,-2.5,00-0027973,00-0034855,-230.52826039650452,False,False,False,False,True,False,False,False,False,False,False,False,True,64.0,7.0,0,0.4539481631733951,0.4539481631733951,0.3974470555821863
2019,17,2019_17_GB_DET,DET,GB,20.0,23.0,-3.0,0.27873621743153165,0,False,7,6,1,fieldturf,dome,,,-13.5,00-0035040,00-0023459,-380.29561982399673,False,False,False,True,False,False,False,False,False,False,True,False,False,59.0,8.0,1,0.23739746691183958,0.23739746691183958,0.26220071722365484
2019,17,2019_17_LAC_KC,KC,LAC,31.0,21.0,10.0,0.7950514486765448,1,False,7,7,1,astroturf,outdoors,40.0,16.0,10.0,00-0033873,00-0022942,542.2591397561167,False,False,True,False,False,False,False,False,False,False,False,False,True,40.0,16.0,0,0.8127125741338068,0.8127125741338068,0.8021158988594497
2019,17,2019_17_CHI_MIN,MIN,CHI,19.0,21.0,-2.0,0.5428082743344624,0,False,6,7,1,sportturf,dome,,,-5.5,00-0032245,00-0033869,68.66133509268795,False,False,False,False,False,False,False,True,False,False,True,False,False,59.0,8.0,-1,0.33268099935808154,0.33268099935808154,0.4587573643439101
2019,17,2019_17_MIA_NE,NE,MIA,24.0,27.0,-3.0,0.8742209534427519,0,False,7,7,1,grass,outdoors,43.0,2.0,17.5,00-0019596,00-0023682,775.5225528010452,False,False,False,False,True,False,False,False,False,False,False,False,True,43.0,2.0,0,0.9426730714255922,0.9426730714255922,0.9016018006358879
2019,17,2019_17_ATL_TB,TB,ATL,22.0,28.0,-6.0,0.5612835821586997,0,False,7,7,1,grass,outdoors,78.0,12.0,1.0,00-0031503,00-0026143,98.54921621183932,False,False,False,False,True,False,False,False,False,False,False,False,True,78.0,12.0,0,0.48077034262986723,0.48077034262986723,0.5290782863471667
2019,17,2019_17_PIT_BAL,BAL,PIT,28.0,10.0,18.0,0.7593439669809636,1,False,7,7,1,grass,outdoors,46.0,7.0,-2.0,00-0029665,00-0035577,459.6344776198347,False,False,False,False,True,False,False,False,False,False,False,False,True,46.0,7.0,0,0.4281726787416872,0.4281726787416872,0.626875451685253
2019,17,2019_17_WAS_DAL,DAL,WAS,47.0,16.0,31.0,0.8297895857035237,1,False,7,7,1,fieldturf,closed,,,13.0,00-0033077,00-0028986,633.654701840961,False,False,False,True,False,False,False,False,False,True,False,False,False,59.0,8.0,0,0.8593266933964802,0.8593266933964802,0.8416044287807063
2019,17,2019_17_OAK_DEN,DEN,OAK,16.0,15.0,1.0,0.6568751058732196,1,False,7,7,1,grass,outdoors,31.0,6.0,5.5,00-0035704,00-0031280,259.7597596401619,False,False,False,False,True,False,False,False,False,False,False,False,True,31.0,6.0,0,0.640556470734154,0.640556470734154,0.6503476518175935
2019,17,2019_17_TEN_HOU,HOU,TEN,14.0,35.0,-21.0,0.41543414182072,0,False,7,7,1,grass,closed,,,-10.0,00-0031288,00-0029701,-136.61814026374958,False,False,False,False,True,False,False,False,False,True,False,False,False,59.0,8.0,0,0.2758124271996608,0.2758124271996608,0.35958545597229635
2019,17,2019_17_IND_JAX,JAX,IND,38.0,20.0,18.0,0.31135008834114586,1,False,7,7,1,grass,outdoors,,,-5.0,00-0035289,00-0033119,-317.5260264109861,False,False,False,False,True,False,False,False,False,False,False,False,True,59.0,8.0,0,0.3028781499449838,0.3028781499449838,0.30796131298268103
2019,17,2019_17_ARI_LA,LA,ARI,31.0,24.0,7.0,0.7415239995900832,1,False,7,7,1,grass,outdoors,62.0,0.0,7.0,00-0033106,00-0035228,421.5618717712426,False,False,False,False,True,False,False,False,False,False,False,False,True,62.0,0.0,0,0.7600068155715263,0.7600068155715263,0.7489171259826604
2019,17,2019_17_PHI_NYG,NYG,PHI,17.0,34.0,-17.0,0.339716296231027,0,False,7,7,1,fieldturf,outdoors,42.0,5.0,-4.0,00-0035710,00-0032950,-265.82350016771085,False,False,False,True,False,False,False,False,False,False,False,False,True,42.0,5.0,0,0.3539078769116419,0.3539078769116419,0.34539292850327297
2019,17,2019_17_SF_SEA,SEA,SF,21.0,26.0,-5.0,0.4602665756495132,0,False,7,7,1,fieldturf,outdoors,51.0,3.0,-3.5,00-0029263,00-0031345,-63.70781005851538,False,False,False,True,False,False,False,False,False,False,False,False,True,51.0,3.0,0,0.38772763799611837,0.38772763799611837,0.43125100058815524
2020,1,2020_01_HOU_KC,KC,HOU,34.0,20.0,14.0,0.6736734645240608,1,False,7,7,0,grass,outdoors,56.0,7.0,9.5,00-0033873,00-0033537,289.9387987580795,False,False,False,False,True,False,False,False,False,False,False,False,True,56.0,7.0,0,0.7489086074464656,0.7489086074464656,0.7037675216930227
2020,1,2020_01_SEA_ATL,ATL,SEA,25.0,38.0,-13.0,0.5706811574103922,0,False,7,7,0,fieldturf,closed,,,1.0,00-0026143,00-0029263,113.85231787011212,False,False,False,True,False,False,False,False,False,True,False,False,False,59.0,8.0,0,0.5230459746508328,0.5230459746508328,0.5516270843065685
2020,1,2020_01_CLE_BAL,BAL,CLE,38.0,6.0,32.0,0.7893045154040416,1,False,7,7,1,grass,outdoors,76.0,5.0,7.0,00-0034796,00-0034855,528.2953229507543,False,False,False,False,True,False,False,False,False,False,False,False,True,76.0,5.0,0,0.7944677074254585,0.7944677074254585,0.7913697922126084
2020,1,2020_01_NYJ_BUF,BUF,NYJ,27.0,17.0,10.0,0.6418282561180392,1,False,7,7,1,astroturf,outdoors,67.0,15.0,6.5,00-0034857,00-0034869,233.32326047469553,False,False,True,False,False,False,False,False,False,False,False,False,True,67.0,15.0,0,0.7384471569492499,0.7384471569492499,0.6804758164505235
2020,1,2020_01_LV_CAR,CAR,LV,30.0,34.0,-4.0,0.384113876468094,0,False,7,7,0,grass,outdoors,81.0,5.0,-3.0,00-0031237,00-0031280,-188.8492080483675,False,False,False,False,True,False,False,False,False,False,False,False,True,81.0,5.0,0,0.4520468025178323,0.4520468025178323,0.4112870468879893
2020,1,2020_01_CHI_DET,DET,CHI,23.0,27.0,-4.0,0.43870515095453055,0,False,7,7,1,fieldturf,dome,,,2.5,00-0026498,00-0033869,-98.56751822708567,False,False,False,True,False,False,False,False,False,False,True,False,False,59.0,8.0,0,0.5569509613213663,0.5569509613213663,0.48600347510126485
2020,1,2020_01_IND_JAX,JAX,IND,27.0,20.0,7.0,0.4424696785509572,1,False,7,7,1,grass,outdoors,80.0,3.0,-7.0,00-0035289,00-0022942,-92.45798042128088,False,False,False,False,True,False,False,False,False,False,False,False,True,80.0,3.0,0,0.44312275088955017,0.44312275088955017,0.4427309074863944
2020,1,2020_01_GB_MIN,MIN,GB,34.0,43.0,-9.0,0.5749631102845166,0,False,7,7,1,sportturf,dome,,,1.0,00-0029604,00-0023459,120.85196728968594,False,False,False,False,False,False,False,True,False,False,True,False,False,59.0,8.0,0,0.5438731794823274,0.5438731794823274,0.562527137963641
2020,1,2020_01_MIA_NE,NE,MIA,21.0,11.0,10.0,0.7226998339550682,1,False,7,7,1,grass,outdoors,70.0,8.0,7.5,00-0027939,00-0023682,383.1573668477221,False,False,False,False,True,False,False,False,False,False,False,False,True,70.0,8.0,0,0.7378647503776052,0.7378647503776052,0.728765800524083
2020,1,2020_01_PHI_WAS,WAS,PHI,27.0,17.0,10.0,0.2965984746179643,1,False,7,7,1,grass,outdoors,76.0,5.0,-5.5,00-0035232,00-0032950,-345.4194407295601,False,False,False,False,True,False,False,False,False,False,False,False,True,76.0,5.0,0,0.26955866179893356,0.26955866179893356,0.285782549490352
2020,1,2020_01_LAC_CIN,CIN,LAC,13.0,16.0,-3.0,0.42961985711768175,0,False,7,7,0,grass,outdoors,83.0,6.0,-2.5,00-0036442,00-0028118,-113.3609165632194,False,False,False,False,True,False,False,False,False,False,False,False,True,83.0,6.0,0,0.4417947031504688,0.4417947031504688,0.4344897955307966
2020,1,2020_01_TB_NO,NO,TB,34.0,23.0,11.0,0.746256749900283,1,False,7,7,1,astroturf,dome,,,4.0,00-0020531,00-0019596,431.49871213938604,False,False,True,False,False,False,False,False,False,False,True,False,False,59.0,8.0,0,0.6434034091649168,0.6434034091649168,0.7051154136061366
2020,1,2020_01_ARI_SF,SF,ARI,20.0,24.0,-4.0,0.7279329229031114,0,False,7,7,1,grass,outdoors,66.0,6.0,7.0,00-0031345,00-0035228,393.66410488597455,False,False,False,False,True,False,False,False,False,False,False,False,True,66.0,6.0,0,0.7378647503776052,0.7378647503776052,0.731905653892909
2020,1,2020_01_DAL_LA,LA,DAL,20.0,17.0,3.0,0.6017328564066265,1,False,7,7,0,matrixturf,dome,,,1.0,00-0033106,00-0033077,165.07623660687574,False,False,False,False,False,False,True,False,False,False,True,False,False,59.0,8.0,0,0.5189907999279736,0.5189907999279736,0.5686360338151654
2020,1,2020_01_PIT_NYG,NYG,PIT,16.0,26.0,-10.0,0.34329933501216325,0,False,7,7,0,fieldturf,outdoors,71.0,5.0,-6.0,00-0035710,00-0022924,-259.45021696036565,False,False,False,True,False,False,False,False,False,False,False,False,True,71.0,5.0,0,0.2959256513699335,0.2959256513699335,0.32434986155527135
2020,1,2020_01_TEN_DEN,DEN,TEN,14.0,16.0,-2.0,0.45252587339157196,0,False,7,7,0,grass,outdoors,79.0,10.0,-3.0,00-0035704,00-0029701,-76.18810518661832,False,False,False,False,True,False,False,False,False,False,False,False,True,79.0,10.0,0,0.5032693531836667,0.5032693531836667,0.4728232653084099
2020,2,2020_02_CIN_CLE,CLE,CIN,35.0,30.0,5.0,0.6592963251700984,1,False,4,4,1,grass,outdoors,65.0,8.0,6.0,00-0034855,00-0036442,264.0639926170808,False,False,False,False,True,False,False,False,False,False,False,False,True,65.0,8.0,0,0.650048952851906,0.650048952851906,0.6555973762428214
2020,2,2020_02_NYG_CHI,CHI,NYG,17.0,13.0,4.0,0.7327840632826722,1,False,7,6,0,grass,outdoors,66.0,12.0,4.5,00-0033869,00-0035710,403.51759285303694,False,False,False,False,True,False,False,False,False,False,False,False,True,66.0,12.0,1,0.6182428664797036,0.6182428664797036,0.6869675845614848
2020,2,2020_02_ATL_DAL,DAL,ATL,40.0,39.0,1.0,0.6477057699526266,1,False,7,7,0,fieldturf,closed,,,3.0,00-0033077,00-0026143,243.58793090425445,False,False,False,True,False,False,False,False,False,True,False,False,False,59.0,8.0,0,0.5883593711287947,0.5883593711287947,0.6239672104230939
2020,2,2020_02_DET_GB,GB,DET,42.0,21.0,21.0,0.8006343725144054,1,False,7,7,1,grass,outdoors,66.0,12.0,7.0,00-0023459,00-0026498,556.1055664489186,False,False,False,False,True,False,False,False,False,False,False,False,True,66.0,12.0,0,0.8106893660026845,0.8106893660026845,0.804656369909717
2020,2,2020_02_MIN_IND,IND,MIN,28.0,11.0,17.0,0.4911277378585147,1,False,7,7,0,fieldturf,closed,,,3.5,00-0022942,00-0029604,-14.197109624020632,False,False,False,True,False,False,False,False,False,True,False,False,False,59.0,8.0,0,0.6043079884336909,0.6043079884336909,0.5363998380885852
2020,2,2020_02_BUF_MIA,MIA,BUF,28.0,31.0,-3.0,0.3251475410262445,0,False,7,7,1,grass,outdoors,90.0,5.0,-5.5,00-0023682,00-0034857,-292.086014391424,False,False,False,False,True,False,False,False,False,False,False,False,True,90.0,5.0,0,0.38673157655780743,0.38673157655780743,0.34978115523886966
2020,2,2020_02_SF_NYJ,NYJ,SF,13.0,31.0,-18.0,0.30831519441819444,0,False,7,7,0,fieldturf,outdoors,61.0,7.0,-7.0,00-0034869,00-0031345,-323.20310015620333,False,False,False,True,False,False,False,False,False,False,False,False,True,61.0,7.0,0,0.3193962992345342,0.3193962992345342,0.31274763634473035
2020,2,2020_02_LA_PHI,PHI,LA,19.0,37.0,-18.0,0.5395497925513844,0,False,7,7,0,grass,outdoors,62.0,12.0,2.0,00-0032950,00-0033106,63.412140649350505,False,False,False,False,True,False,False,False,False,False,False,False,True,62.0,12.0,0,0.53498171266277,0.53498171266277,0.5377225605959386
2020,2,2020_02_DEN_PIT,PIT,DEN,26.0,21.0,5.0,0.682574771327911,1,False,6,6,0,grass,outdoors,64.0,5.0,6.0,00-0022924,00-0035704,306.25191430591514,False,False,False,False,True,False,False,False,False,False,False,False,True,64.0,5.0,0,0.6493631725440145,0.6493631725440145,0.6692901318143524
2020,2,2020_02_CAR_TB,TB,CAR,31.0,17.0,14.0,0.6426139165597361,1,False,7,7,1,grass,outdoors,85.0,17.0,7.5,00-0019596,00-0031237,234.6909757824708,False,False,False,False,True,False,False,False,False,False,False,False,True,85.0,17.0,0,0.730072399185934,0.730072399185934,0.6775973096102152
2020,2,2020_02_JAX_TEN,TEN,JAX,33.0,30.0,3.0,0.6732504031640585,1,False,6,7,1,grass,outdoors,72.0,5.0,7.0,00-0029701,00-0035289,289.16928475260136,False,False,False,False,True,False,False,False,False,False,False,False,True,72.0,5.0,-1,0.7405699312561727,0.7405699312561727,0.7001782144009041
2020,2,2020_02_WAS_ARI,ARI,WAS,30.0,15.0,15.0,0.7383915421180498,1,False,7,7,0,grass,closed,,,7.5,00-0035228,00-0035232,415.0501113493152,False,False,False,False,True,False,False,False,False,True,False,False,False,59.0,8.0,0,0.7278448253186882,0.7278448253186882,0.7341728553983051
2020,2,2020_02_BAL_HOU,HOU,BAL,16.0,33.0,-17.0,0.26907510501498505,0,False,10,7,0,grass,closed,,,-7.5,00-0033537,00-0034796,-399.7280680804257,False,False,False,False,True,False,False,False,False,True,False,False,False,59.0,8.0,3,0.20807157848652866,0.20807157848652866,0.24467369440360248
2020,2,2020_02_KC_LAC,LAC,KC,20.0,23.0,-3.0,0.3468327504092336,0,False,7,10,1,matrixturf,dome,,,-8.5,00-0036355,00-0033873,-253.19621798769575,False,False,False,False,False,False,True,False,False,False,True,False,False,59.0,8.0,-3,0.24062158832562947,0.24062158832562947,0.30434828557579197
2020,2,2020_02_NE_SEA,SEA,NE,35.0,30.0,5.0,0.6342926128635658,1,False,7,7,0,fieldturf,outdoors,70.0,5.0,4.0,00-0029263,00-0027939,220.27074300259875,False,False,False,True,False,False,False,False,False,False,False,False,True,70.0,5.0,0,0.6273669228534523,0.6273669228534523,0.6315223368595204
2020,2,2020_02_NO_LV,LV,NO,34.0,24.0,10.0,0.36319171508330783,1,False,8,8,0,grass,dome,,,-4.0,00-0031280,00-0020531,-224.61512364242017,False,False,False,False,True,False,False,False,False,False,True,False,False,59.0,8.0,0,0.38849542444393365,0.38849542444393365,0.3733131988275582
2020,3,2020_03_MIA_JAX,JAX,MIA,13.0,31.0,-18.0,0.6402604865813224,0,False,4,4,0,grass,outdoors,81.0,12.0,3.0,00-0035289,00-0023682,230.59796324942502,False,False,False,False,True,False,False,False,False,False,False,False,True,81.0,12.0,0,0.5689571050275775,0.5689571050275775,0.6117391339598244
2020,3,2020_03_CHI_ATL,ATL,CHI,26.0,30.0,-4.0,0.5523822023073877,0,False,7,7,0,fieldturf,closed,,,2.5,00-0026143,00-0033869,84.12018560976043,False,False,False,True,False,False,False,False,False,True,False,False,False,59.0,8.0,0,0.5569509613213663,0.5569509613213663,0.5542097059129791
2020,3,2020_03_LA_BUF,BUF,LA,35.0,32.0,3.0,0.5466449153770228,1,False,7,7,0,astroturf,outdoors,79.0,16.0,1.5,00-0034857,00-0033106,74.84950908685465,False,False,True,False,False,False,False,False,False,False,False,False,True,79.0,16.0,0,0.501889127951152,0.501889127951152,0.5287426004066744
2020,3,2020_03_WAS_CLE,CLE,WAS,34.0,20.0,14.0,0.742050591032037,1,False,10,7,0,grass,outdoors,73.0,18.0,7.5,00-0034855,00-0035232,422.66157856193223,False,False,False,False,True,False,False,False,False,False,False,False,True,73.0,18.0,3,0.7378647503776052,0.7378647503776052,0.7403762547702643
2020,3,2020_03_TEN_MIN,MIN,TEN,30.0,31.0,-1.0,0.4547778750852163,0,False,7,7,0,sportturf,dome,,,-3.0,00-0029604,00-0029701,-72.55366686300673,False,False,False,False,False,False,False,True,False,False,True,False,False,59.0,8.0,0,0.5188657940116254,0.5188657940116254,0.4804130426557799
2020,3,2020_03_LV_NE,NE,LV,36.0,20.0,16.0,0.6855880953878791,1,False,7,6,0,grass,outdoors,73.0,8.0,7.0,00-0027939,00-0031280,311.82923158624004,False,False,False,False,True,False,False,False,False,False,False,False,True,73.0,8.0,1,0.7378647503776052,0.7378647503776052,0.7064987573837695
2020,3,2020_03_SF_NYG,NYG,SF,9.0,36.0,-27.0,0.32634926517984414,0,False,7,7,0,fieldturf,outdoors,75.0,2.0,-3.0,00-0035710,00-0033319,-289.89744222351726,False,False,False,True,False,False,False,False,False,False,False,False,True,75.0,2.0,0,0.40040966911935866,0.40040966911935866,0.35597342675564997
2020,3,2020_03_CIN_PHI,PHI,CIN,23.0,23.0,0.0,0.7313131594648048,0,False,7,10,0,grass,outdoors,76.0,5.0,5.5,00-0032950,00-0036442,400.5180907494957,False,False,False,False,True,False,False,False,False,False,False,False,True,76.0,5.0,-3,0.6441270742119717,0.6441270742119717,0.6964387253636716
2020,3,2020_03_HOU_PIT,PIT,HOU,28.0,21.0,7.0,0.6486230583124633,1,False,7,7,0,grass,outdoors,79.0,6.0,4.0,00-0022924,00-0033537,245.19687558335707,False,False,False,False,True,False,False,False,False,False,False,False,True,79.0,6.0,0,0.6159158133982413,0.6159158133982413,0.6355401603467745
2020,3,2020_03_NYJ_IND,IND,NYJ,36.0,7.0,29.0,0.7963124445627416,1,False,7,7,0,fieldturf,closed,,,12.5,00-0022942,00-0034869,545.3617593432789,False,False,False,True,False,False,False,False,False,True,False,False,False,59.0,8.0,0,0.830174968702201,0.830174968702201,0.8098574542185253
2020,3,2020_03_CAR_LAC,LAC,CAR,16.0,21.0,-5.0,0.6725569996402299,0,False,7,7,0,matrixturf,dome,,,6.0,00-0036355,00-0031237,287.90914819552495,False,False,False,False,False,False,True,False,False,False,True,False,False,59.0,8.0,0,0.6680437529664567,0.6680437529664567,0.6707517009707206
2020,3,2020_03_DET_ARI,ARI,DET,23.0,26.0,-3.0,0.7148626047106305,0,False,7,7,0,grass,closed,,,4.5,00-0035228,00-0026498,367.64768405958256,False,False,False,False,True,False,False,False,False,True,False,False,False,59.0,8.0,0,0.6255089439339542,0.6255089439339542,0.67912114039996
2020,3,2020_03_TB_DEN,DEN,TB,10.0,28.0,-18.0,0.43107379361054826,0,False,7,7,0,grass,outdoors,55.0,7.0,-6.0,00-0032436,00-0019596,-110.98857815723045,False,False,False,False,True,False,False,False,False,False,False,False,True,55.0,7.0,0,0.3537029273972566,0.3537029273972566,0.40012544712523157
2020,3,2020_03_DAL_SEA,SEA,DAL,38.0,31.0,7.0,0.7151935708092614,1,False,7,7,0,fieldturf,outdoors,63.0,3.0,5.5,00-0029263,00-0033077,368.29739230781655,False,False,False,True,False,False,False,False,False,False,False,False,True,63.0,3.0,0,0.6595110001364124,0.6595110001364124,0.6929205425401217
2020,3,2020_03_GB_NO,NO,GB,30.0,37.0,-7.0,0.6191234337651774,0,False,6,7,0,astroturf,dome,,,3.5,00-0020531,00-0023459,194.33172466026664,False,False,True,False,False,False,False,False,False,False,True,False,False,59.0,8.0,-1,0.6345619890640131,0.6345619890640131,0.6252988558847117
2020,3,2020_03_KC_BAL,BAL,KC,20.0,34.0,-14.0,0.6710952704463664,0,False,8,8,0,grass,outdoors,73.0,8.0,3.5,00-0034796,00-0033873,285.2571906676703,False,False,False,False,True,False,False,False,False,False,False,False,True,73.0,8.0,0,0.6185193158820735,0.6185193158820735,0.6500648886206493
2020,4,2020_04_DEN_NYJ,NYJ,DEN,28.0,37.0,-9.0,0.5734472418381871,0,False,4,4,0,fieldturf,outdoors,64.0,6.0,1.0,00-0034869,00-0034955,118.37195179467885,False,False,False,True,False,False,False,False,False,False,False,False,True,64.0,6.0,0,0.49497752199089184,0.49497752199089184,0.542059353899269
2020,4,2020_04_ARI_CAR,CAR,ARI,31.0,21.0,10.0,0.454385760724597,1,False,7,7,0,grass,outdoors,68.0,8.0,-3.0,00-0031237,00-0035228,-73.18626963398667,False,False,False,False,True,False,False,False,False,False,False,False,True,68.0,8.0,0,0.4811644017101916,0.4811644017101916,0.4650972171188349
2020,4,2020_04_JAX_CIN,CIN,JAX,33.0,25.0,8.0,0.5391659792069817,1,False,7,10,0,grass,outdoors,64.0,6.0,1.0,00-0036442,00-0035289,62.794210465053624,False,False,False,False,True,False,False,False,False,False,False,False,True,64.0,6.0,-3,0.4409342657160227,0.4409342657160227,0.4998732938105981
2020,4,2020_04_CLE_DAL,DAL,CLE,38.0,49.0,-11.0,0.6831691603777474,0,False,7,7,0,fieldturf,closed,,,3.5,00-0033077,00-0034855,307.3497995993653,False,False,False,True,False,False,False,False,False,True,False,False,False,59.0,8.0,0,0.6371135672133869,0.6371135672133869,0.6647469231120032
2020,4,2020_04_NO_DET,DET,NO,29.0,35.0,-6.0,0.314108038407686,0,False,7,7,0,fieldturf,dome,,,-3.0,00-0026498,00-0020531,-312.39325073657005,False,False,False,True,False,False,False,False,False,False,True,False,False,59.0,8.0,0,0.3729621134861857,0.3729621134861857,0.33764966843908584
2020,4,2020_04_MIN_HOU,HOU,MIN,23.0,31.0,-8.0,0.6024599467038781,0,False,7,7,0,grass,closed,,,3.5,00-0033537,00-0029604,166.29019705119282,False,False,False,False,True,False,False,False,False,True,False,False,False,59.0,8.0,0,0.6231991879389303,0.6231991879389303,0.610755643197899
2020,4,2020_04_SEA_MIA,MIA,SEA,23.0,31.0,-8.0,0.2970807233071287,0,False,10,7,0,grass,outdoors,86.0,13.0,-4.5,00-0023682,00-0029263,-344.49526432111213,False,False,False,False,True,False,False,False,False,False,False,False,True,86.0,13.0,3,0.293030223511991,0.293030223511991,0.29546052338907364
2020,4,2020_04_LAC_TB,TB,LAC,38.0,31.0,7.0,0.6433212897730226,1,False,7,7,0,grass,outdoors,75.0,6.0,7.5,00-0019596,00-0036355,235.92354691449825,False,False,False,False,True,False,False,False,False,False,False,False,True,75.0,6.0,0,0.7384471569492499,0.7384471569492499,0.6813716366435135
2020,4,2020_04_BAL_WAS,WAS,BAL,17.0,31.0,-14.0,0.24463885152467654,0,False,7,6,0,grass,outdoors,65.0,5.0,-14.5,00-0035232,00-0034796,-450.9651718455923,False,False,False,False,True,False,False,False,False,False,False,False,True,65.0,5.0,1,0.21336565873956082,0.21336565873956082,0.23212957441063026
2020,4,2020_04_NYG_LA,LA,NYG,17.0,9.0,8.0,0.7849879269268983,1,False,7,7,0,matrixturf,dome,,,13.5,00-0033106,00-0035710,517.9896630294826,False,False,False,False,False,False,True,False,False,False,True,False,False,59.0,8.0,0,0.830174968702201,0.830174968702201,0.8030627436370195
2020,4,2020_04_IND_CHI,CHI,IND,11.0,19.0,-8.0,0.5144829194673892,0,False,7,7,0,grass,outdoors,52.0,10.0,-3.5,00-0029567,00-0022942,23.179155189111313,False,False,False,False,True,False,False,False,False,False,False,False,True,52.0,10.0,0,0.43358648049858517,0.43358648049858517,0.4821243438798676
2020,4,2020_04_BUF_LV,LV,BUF,23.0,30.0,-7.0,0.476746354706656,0,False,7,7,0,grass,dome,,,-3.0,00-0031280,00-0034857,-37.23269184815332,False,False,False,False,True,False,False,False,False,False,True,False,False,59.0,8.0,0,0.4811644017101916,0.4811644017101916,0.4785135735080702
2020,4,2020_04_PHI_SF,SF,PHI,20.0,25.0,-5.0,0.6704245659766944,0,False,7,7,0,grass,outdoors,84.0,12.0,8.5,00-0033319,00-0032950,284.04237187806285,False,False,False,False,True,False,False,False,False,False,False,False,True,84.0,12.0,0,0.7360499522173767,0.7360499522173767,0.6966747204729673
2020,4,2020_04_NE_KC,KC,NE,26.0,10.0,16.0,0.6920318504646245,1,False,7,8,0,astroturf,outdoors,73.0,14.0,7.0,00-0033873,00-0026625,323.8542456858232,False,False,True,False,False,False,False,False,False,False,False,False,True,73.0,14.0,-1,0.7378647503776052,0.7378647503776052,0.7103650104298167
2020,4,2020_04_ATL_GB,GB,ATL,30.0,16.0,14.0,0.7339135388277291,1,False,8,8,0,grass,outdoors,53.0,9.0,5.0,00-0023459,00-0026143,405.82797167822247,False,False,False,False,True,False,False,False,False,False,False,False,True,53.0,9.0,0,0.6529093000988508,0.6529093000988508,0.7015118433361778
2020,5,2020_05_TB_CHI,CHI,TB,20.0,19.0,1.0,0.4663070563284072,1,False,4,4,0,grass,outdoors,57.0,7.0,-3.5,00-0029567,00-0019596,-53.99053017325053,False,False,False,False,True,False,False,False,False,False,False,False,True,57.0,7.0,0,0.42681447197073935,0.42681447197073935,0.45051002258534006
2020,5,2020_05_CAR_ATL,ATL,CAR,16.0,23.0,-7.0,0.6430577899327397,0,False,6,7,1,fieldturf,closed,,,2.5,00-0026143,00-0031237,235.46428142549684,False,False,False,True,False,False,False,False,False,True,False,False,False,59.0,8.0,-1,0.5883593711287947,0.5883593711287947,0.6211784224111616
2020,5,2020_05_CIN_BAL,BAL,CIN,27.0,3.0,24.0,0.8291846732126117,1,False,7,7,1,grass,outdoors,69.0,3.0,12.5,00-0034796,00-0036442,631.943953579401,False,False,False,False,True,False,False,False,False,False,False,False,True,69.0,3.0,0,0.8561045754372254,0.8561045754372254,0.8399526341024571
2020,5,2020_05_JAX_HOU,HOU,JAX,30.0,14.0,16.0,0.6442827258266987,1,False,7,7,1,grass,closed,,,6.5,00-0033537,00-0035289,237.60056134625765,False,False,False,False,True,False,False,False,False,True,False,False,False,59.0,8.0,0,0.7284413007728442,0.7284413007728442,0.6779461558051569
2020,5,2020_05_LV_KC,KC,LV,32.0,40.0,-8.0,0.776124824118529,0,False,6,7,1,astroturf,outdoors,80.0,16.0,11.0,00-0033873,00-0031280,497.2898868264172,False,False,True,False,False,False,False,False,False,False,False,False,True,80.0,16.0,-1,0.8395336166623037,0.8395336166623037,0.801488341136039
2020,5,2020_05_ARI_NYJ,NYJ,ARI,10.0,30.0,-20.0,0.3313676426388513,0,False,10,7,0,fieldturf,outdoors,64.0,8.0,-7.0,00-0026158,00-0035228,-280.8023626678938,False,False,False,True,False,False,False,False,False,False,False,False,True,64.0,8.0,3,0.250642503676135,0.250642503676135,0.2990775870537648
2020,5,2020_05_PHI_PIT,PIT,PHI,38.0,29.0,9.0,0.6448263440416414,1,False,14,7,0,grass,outdoors,70.0,4.0,7.5,00-0022924,00-0032950,238.54968196727643,False,False,False,False,True,False,False,False,False,False,False,False,True,70.0,4.0,7,0.7384471569492499,0.7384471569492499,0.6822746692046848
2020,5,2020_05_LA_WAS,WAS,LA,10.0,30.0,-20.0,0.27733553912351666,0,False,7,7,0,grass,outdoors,69.0,2.0,-7.0,00-0034577,00-0033106,-383.0867663608951,False,False,False,False,True,False,False,False,False,False,False,False,True,69.0,2.0,0,0.33335301792518773,0.33335301792518773,0.2997425306441851
2020,5,2020_05_MIA_SF,SF,MIA,17.0,43.0,-26.0,0.7420102417872829,0,False,7,7,0,grass,outdoors,73.0,6.0,8.5,00-0031345,00-0023682,422.5772634944794,False,False,False,False,True,False,False,False,False,False,False,False,True,73.0,6.0,0,0.741624377430709,0.741624377430709,0.7418558960446533
2020,5,2020_05_IND_CLE,CLE,IND,32.0,23.0,9.0,0.524662872958228,1,False,7,7,0,grass,outdoors,64.0,16.0,1.0,00-0034855,00-0022942,39.49264646111321,False,False,False,False,True,False,False,False,False,False,False,False,True,64.0,16.0,0,0.4799209594469011,0.4799209594469011,0.5067661075536973
2020,5,2020_05_NYG_DAL,DAL,NYG,37.0,34.0,3.0,0.718975551957445,1,False,7,7,1,fieldturf,closed,,,7.5,00-0033077,00-0035710,375.7542740171227,False,False,False,True,False,False,False,False,False,True,False,False,False,59.0,8.0,0,0.7278448253186882,0.7278448253186882,0.7225232613019423
2020,5,2020_05_MIN_SEA,SEA,MIN,27.0,26.0,1.0,0.671683752324401,1,False,7,7,0,fieldturf,outdoors,54.0,10.0,6.5,00-0029263,00-0029604,286.3241237916923,False,False,False,True,False,False,False,False,False,False,False,False,True,54.0,10.0,0,0.7452185599662285,0.7452185599662285,0.701097675381132
2020,5,2020_05_LAC_NO,NO,LAC,30.0,27.0,3.0,0.7352228392894571,1,False,8,8,0,astroturf,dome,,,7.0,00-0020531,00-0036355,408.5140266876375,False,False,True,False,False,False,False,False,False,False,True,False,False,59.0,8.0,0,0.7278448253186882,0.7278448253186882,0.7322716337011496
2020,5,2020_05_BUF_TEN,TEN,BUF,42.0,16.0,26.0,0.5121569802864822,1,False,16,9,0,grass,outdoors,73.0,3.0,-3.0,00-0029701,00-0034857,19.45500279235879,False,False,False,False,True,False,False,False,False,False,False,False,True,73.0,3.0,7,0.40002033488276345,0.40002033488276345,0.4673023221249947
2020,6,2020_06_CHI_CAR,CAR,CHI,16.0,23.0,-7.0,0.5496243251524952,0,False,7,10,0,grass,outdoors,63.0,6.0,2.0,00-0031237,00-0029567,79.66117287520755,False,False,False,False,True,False,False,False,False,False,False,False,True,63.0,6.0,-3,0.5121471215764435,0.5121471215764435,0.5346334437220746
2020,6,2020_06_CIN_IND,IND,CIN,31.0,27.0,4.0,0.7130215793599983,1,False,7,7,0,fieldturf,closed,,,7.5,00-0022942,00-0036442,364.04186480530063,False,False,False,True,False,False,False,False,False,True,False,False,False,59.0,8.0,0,0.7278448253186882,0.7278448253186882,0.7189508777434743
2020,6,2020_06_DET_JAX,JAX,DET,16.0,34.0,-18.0,0.4950168639989829,0,False,7,14,0,grass,outdoors,78.0,10.0,-3.0,00-0035289,00-0026498,-7.973281594877646,False,False,False,False,True,False,False,False,False,False,False,False,True,78.0,10.0,-7,0.48039001801635456,0.48039001801635456,0.48916612560593153
2020,6,2020_06_ATL_MIN,MIN,ATL,23.0,40.0,-17.0,0.6558531629748041,0,False,7,7,0,sportturf,dome,,,3.5,00-0029604,00-0026143,257.947403537882,False,False,False,False,False,False,False,True,False,False,True,False,False,59.0,8.0,0,0.6749165065446965,0.6749165065446965,0.663478500402761
2020,6,2020_06_DEN_NE,NE,DEN,12.0,18.0,-6.0,0.712105727388686,0,False,13,17,0,grass,outdoors,58.0,7.0,7.0,00-0027939,00-0035704,362.253236065955,False,False,False,False,True,False,False,False,False,False,False,False,True,58.0,7.0,-4,0.7511572677306844,0.7511572677306844,0.7277263435254854
2020,6,2020_06_WAS_NYG,NYG,WAS,20.0,19.0,1.0,0.6429834452014292,1,False,7,7,1,fieldturf,outdoors,62.0,0.0,2.0,00-0035710,00-0034577,235.33473001175363,False,False,False,True,False,False,False,False,False,False,False,False,True,62.0,0.0,0,0.5758296496738996,0.5758296496738996,0.6161219269904175
2020,6,2020_06_BAL_PHI,PHI,BAL,28.0,30.0,-2.0,0.3329607165255193,0,False,7,7,0,grass,outdoors,61.0,7.0,-10.5,00-0032950,00-0034796,-277.92977012615347,False,False,False,False,True,False,False,False,False,False,False,False,True,61.0,7.0,0,0.26879220042356944,0.26879220042356944,0.30729331008473937
2020,6,2020_06_CLE_PIT,PIT,CLE,38.0,7.0,31.0,0.6430591741769366,1,False,7,7,1,grass,outdoors,61.0,9.0,3.0,00-0022924,00-0034855,235.46669369132997,False,False,False,False,True,False,False,False,False,False,False,False,True,61.0,9.0,0,0.5689571050275775,0.5689571050275775,0.613418346517193
2020,6,2020_06_HOU_TEN,TEN,HOU,42.0,36.0,6.0,0.7024934111641893,1,False,5,7,1,grass,outdoors,61.0,10.0,4.0,00-0029701,00-0033537,343.6798599802036,False,False,False,False,True,False,False,False,False,False,False,False,True,61.0,10.0,-2,0.6130970539424511,0.6130970539424511,0.666734868275494
2020,6,2020_06_NYJ_MIA,MIA,NYJ,24.0,0.0,24.0,0.7315051543864063,1,False,7,7,1,grass,outdoors,85.0,15.0,9.5,00-0023682,00-0026158,400.9090199860406,False,False,False,False,True,False,False,False,False,False,False,False,True,85.0,15.0,0,0.7333146122033469,0.7333146122033469,0.7322289375131825
2020,6,2020_06_GB_TB,TB,GB,38.0,10.0,28.0,0.38191707352286386,1,False,10,13,0,grass,outdoors,88.0,12.0,-3.0,00-0019596,00-0023459,-192.5676534688842,False,False,False,False,True,False,False,False,False,False,False,False,True,88.0,12.0,-3,0.42340272530210693,0.42340272530210693,0.3985113342345611
2020,6,2020_06_LA_SF,SF,LA,24.0,16.0,8.0,0.4570619377770943,1,False,7,7,1,grass,outdoors,86.0,10.0,-2.0,00-0031345,00-0033106,-68.87053383540396,False,False,False,False,True,False,False,False,False,False,False,False,True,86.0,10.0,0,0.4438980135911695,0.4438980135911695,0.4517963681027244
2020,6,2020_06_KC_BUF,BUF,KC,17.0,26.0,-9.0,0.3323045744297103,0,False,6,8,0,astroturf,outdoors,51.0,6.0,-5.5,00-0034857,00-0033873,-279.1120714341848,False,False,True,False,False,False,False,False,False,False,False,False,True,51.0,6.0,-2,0.26484585770750346,0.26484585770750346,0.30532108774082756
2020,6,2020_06_ARI_DAL,DAL,ARI,10.0,38.0,-28.0,0.5824903321971666,0,False,8,8,0,fieldturf,closed,,,1.0,00-0027973,00-0035228,133.20195511157462,False,False,False,True,False,False,False,False,False,True,False,False,False,59.0,8.0,0,0.5127457219553386,0.5127457219553386,0.5545924881004354
2020,7,2020_07_NYG_PHI,PHI,NYG,22.0,21.0,1.0,0.7077748267648099,1,False,4,4,1,grass,outdoors,70.0,4.0,5.0,00-0032950,00-0035710,353.840542202862,False,False,False,False,True,False,False,False,False,False,False,False,True,70.0,4.0,0,0.6441270742119717,0.6441270742119717,0.6823157257436746
2020,7,2020_07_DET_ATL,ATL,DET,22.0,23.0,-1.0,0.6514923194843146,0,False,7,7,0,fieldturf,closed,,,1.0,00-0026143,00-0026498,250.24213551302824,False,False,False,True,False,False,False,False,False,True,False,False,False,59.0,8.0,0,0.5337225343194479,0.5337225343194479,0.604384405418368
2020,7,2020_07_CLE_CIN,CIN,CLE,34.0,37.0,-3.0,0.36629544465681646,0,False,7,7,1,grass,outdoors,48.0,8.0,-4.5,00-0036442,00-0034855,-219.25704447235947,False,False,False,False,True,False,False,False,False,False,False,False,True,48.0,8.0,0,0.30417597617729375,0.30417597617729375,0.34144765726500736
2020,7,2020_07_GB_HOU,HOU,GB,20.0,35.0,-15.0,0.3688711533166982,0,False,7,7,0,grass,closed,,,-2.5,00-0033537,00-0023459,-214.82505242519574,False,False,False,False,True,False,False,False,False,True,False,False,False,59.0,8.0,0,0.4610361703592077,0.4610361703592077,0.405737160133702
2020,7,2020_07_CAR_NO,NO,CAR,27.0,24.0,3.0,0.7407241935820238,1,False,13,7,1,astroturf,dome,,,7.0,00-0020531,00-0031237,419.89438514662396,False,False,True,False,False,False,False,False,False,False,True,False,False,59.0,8.0,6,0.7278448253186882,0.7278448253186882,0.7355724462766895
2020,7,2020_07_BUF_NYJ,NYJ,BUF,10.0,18.0,-8.0,0.3339815494483664,0,False,7,6,1,fieldturf,outdoors,52.0,8.0,-9.5,00-0034869,00-0034857,-276.0926493637359,False,False,False,True,False,False,False,False,False,False,False,False,True,52.0,8.0,1,0.21524289547162115,0.21524289547162115,0.28648608785766827
2020,7,2020_07_PIT_TEN,TEN,PIT,24.0,27.0,-3.0,0.5973222032053428,0,False,7,7,0,grass,outdoors,55.0,3.0,1.0,00-0029701,00-0022924,157.7279764701685,False,False,False,False,True,False,False,False,False,False,False,False,True,55.0,3.0,0,0.4691748044699674,0.4691748044699674,0.5460632437111926
2020,7,2020_07_DAL_WAS,WAS,DAL,25.0,3.0,22.0,0.4087238198044135,1,False,7,6,1,grass,outdoors,46.0,5.0,-1.0,00-0034577,00-0027973,-147.6974189897434,False,False,False,False,True,False,False,False,False,False,False,False,True,46.0,5.0,1,0.47214187430737364,0.47214187430737364,0.4340910416055976
2020,7,2020_07_TB_LV,LV,TB,20.0,45.0,-25.0,0.4662824058555558,0,False,14,7,0,grass,dome,,,-3.5,00-0031280,00-0019596,-54.03015097389492,False,False,False,False,True,False,False,False,False,False,True,False,False,59.0,8.0,7,0.40701777491106117,0.40701777491106117,0.442576553477758
2020,7,2020_07_KC_DEN,DEN,KC,16.0,43.0,-27.0,0.336232818282266,0,False,7,6,1,grass,outdoors,14.0,11.0,-7.0,00-0035704,00-0033873,-272.05105059320687,False,False,False,False,True,False,False,False,False,False,False,False,True,14.0,11.0,1,0.2590868115063009,0.2590868115063009,0.30537441557187994
2020,7,2020_07_JAX_LAC,LAC,JAX,39.0,29.0,10.0,0.6692414154083327,1,False,13,7,0,matrixturf,dome,,,8.0,00-0036355,00-0035289,281.9024390208421,False,False,False,False,False,False,True,False,False,False,True,False,False,59.0,8.0,6,0.7100443432068986,0.7100443432068986,0.685562586527759
2020,7,2020_07_SF_NE,NE,SF,6.0,33.0,-27.0,0.669446692524958,0,False,7,7,0,grass,outdoors,49.0,7.0,3.0,00-0027939,00-0031345,282.2734397764083,False,False,False,False,True,False,False,False,False,False,False,False,True,49.0,7.0,0,0.5816488395697762,0.5816488395697762,0.6343275513428853
2020,7,2020_07_SEA_ARI,ARI,SEA,37.0,34.0,3.0,0.37241314698894656,1,False,6,14,1,grass,closed,,,-3.5,00-0035228,00-0029263,-208.75128976549826,False,False,False,False,True,False,False,False,False,True,False,False,False,59.0,8.0,-8,0.3809151323067901,0.3809151323067901,0.375813941116084
2020,7,2020_07_CHI_LA,LA,CHI,24.0,10.0,14.0,0.6880274647042355,1,False,8,8,0,matrixturf,dome,,,6.5,00-0033106,00-0029567,316.3654402912867,False,False,False,False,False,False,True,False,False,False,True,False,False,59.0,8.0,0,0.7278448253186882,0.7278448253186882,0.7039544089500166
2020,8,2020_08_ATL_CAR,CAR,ATL,17.0,25.0,-8.0,0.5577666568006145,0,False,4,4,1,grass,outdoors,76.0,8.0,1.5,00-0031237,00-0026143,92.84121143182232,False,False,False,False,True,False,False,False,False,False,False,False,True,76.0,8.0,0,0.4799209594469011,0.4799209594469011,0.5266283778591292
2020,8,2020_08_PIT_BAL,BAL,PIT,24.0,28.0,-4.0,0.6489209693329384,0,False,14,7,1,grass,outdoors,52.0,7.0,4.0,00-0034796,00-0022924,245.7198318349524,False,False,False,False,True,False,False,False,False,False,False,False,True,52.0,7.0,7,0.6281400342288977,0.6281400342288977,0.6406085952913221
2020,8,2020_08_NE_BUF,BUF,NE,24.0,21.0,3.0,0.6499218805339013,1,False,7,7,1,astroturf,outdoors,41.0,17.0,4.0,00-0034857,00-0027939,247.47833752803228,False,False,True,False,False,False,False,False,False,False,False,False,True,41.0,17.0,0,0.6599927323949708,0.6599927323949708,0.6539502212783291
2020,8,2020_08_TEN_CIN,CIN,TEN,31.0,20.0,11.0,0.30552145854138235,1,False,7,7,0,grass,outdoors,48.0,24.0,-7.5,00-0036442,00-0029701,-328.4564988078979,False,False,False,False,True,False,False,False,False,False,False,False,True,48.0,24.0,0,0.22253729227235342,0.22253729227235342,0.2723277920337708
2020,8,2020_08_LV_CLE,CLE,LV,6.0,16.0,-10.0,0.5759609848736823,0,False,7,7,0,grass,outdoors,49.0,35.0,1.0,00-0034855,00-0031280,122.48578240058978,False,False,False,False,True,False,False,False,False,False,False,False,True,49.0,35.0,0,0.5146758175685723,0.5146758175685723,0.5514469179516384
2020,8,2020_08_IND_DET,DET,IND,21.0,41.0,-20.0,0.39255930838889525,0,False,7,14,0,fieldturf,dome,,,-3.5,00-0026498,00-0022942,-174.62676539534735,False,False,False,True,False,False,False,False,False,False,True,False,False,59.0,8.0,-7,0.3954399128873972,0.3954399128873972,0.39371155018829607
2020,8,2020_08_MIN_GB,GB,MIN,22.0,28.0,-6.0,0.7214858204211732,0,False,7,14,1,grass,outdoors,34.0,23.0,5.5,00-0023459,00-0029604,380.73750117061593,False,False,False,False,True,False,False,False,False,False,False,False,True,34.0,23.0,-7,0.6736251243493894,0.6736251243493894,0.7023415419924597
2020,8,2020_08_NYJ_KC,KC,NYJ,35.0,9.0,26.0,0.8951342784354427,1,False,7,7,0,astroturf,outdoors,52.0,11.0,20.0,00-0033873,00-0034869,857.7172197176048,False,False,True,False,False,False,False,False,False,False,False,False,True,52.0,11.0,0,0.9113298295300433,0.9113298295300433,0.901612498873283
2020,8,2020_08_LA_MIA,MIA,LA,28.0,17.0,11.0,0.33818767467412425,1,False,14,6,0,grass,outdoors,86.0,10.0,-3.5,00-0036212,00-0033106,-268.5524109416161,False,False,False,False,True,False,False,False,False,False,False,False,True,86.0,10.0,8,0.3495282303701996,0.3495282303701996,0.34272389695255434
2020,8,2020_08_LAC_DEN,DEN,LAC,31.0,30.0,1.0,0.5383220795156841,1,False,7,7,1,grass,outdoors,64.0,10.0,-3.0,00-0035704,00-0036355,61.43581427566404,False,False,False,False,True,False,False,False,False,False,False,False,True,64.0,10.0,0,0.45434861834678364,0.45434861834678364,0.5047326950481239
2020,8,2020_08_NO_CHI,CHI,NO,23.0,26.0,-3.0,0.3858991846738152,0,False,6,7,0,grass,outdoors,40.0,20.0,-5.5,00-0029567,00-0020531,-185.8331813044255,False,False,False,False,True,False,False,False,False,False,False,False,True,40.0,20.0,-1,0.2861245591055535,0.2861245591055535,0.3459893344465105
2020,8,2020_08_SF_SEA,SEA,SF,37.0,27.0,10.0,0.6043739031699534,1,False,7,7,1,fieldturf,outdoors,55.0,4.0,1.0,00-0029263,00-0031345,169.48939443842232,False,False,False,True,False,False,False,False,False,False,False,False,True,55.0,4.0,0,0.521785402458911,0.521785402458911,0.5713385028855364
2020,8,2020_08_DAL_PHI,PHI,DAL,23.0,9.0,14.0,0.6768967625523521,1,False,10,7,1,grass,outdoors,49.0,17.0,10.0,00-0032950,00-0036384,295.8187504044506,False,False,False,False,True,False,False,False,False,False,False,False,True,49.0,17.0,3,0.7870270445196863,0.7870270445196863,0.7209488753392859
2020,8,2020_08_TB_NYG,NYG,TB,23.0,25.0,-2.0,0.2782591339407977,0,False,11,8,0,fieldturf,outdoors,39.0,8.0,-13.0,00-0035710,00-0019596,-381.2453388778053,False,False,False,True,False,False,False,False,False,False,False,False,True,39.0,8.0,3,0.17465754162173702,0.17465754162173702,0.23681849701317342
2020,9,2020_09_GB_SF,SF,GB,17.0,34.0,-17.0,0.3872397510872033,0,False,4,4,0,grass,outdoors,78.0,5.0,-6.0,00-0033319,00-0023459,-183.5718941181789,False,False,False,False,True,False,False,False,False,False,False,False,True,78.0,5.0,0,0.3538167595072422,0.3538167595072422,0.3738705544552189
2020,9,2020_09_DEN_ATL,ATL,DEN,34.0,27.0,7.0,0.6621772781252875,1,False,10,7,0,fieldturf,closed,,,4.5,00-0026143,00-0035704,269.2048181691746,False,False,False,True,False,False,False,False,False,True,False,False,False,59.0,8.0,3,0.6452152769827839,0.6452152769827839,0.655392477668286
2020,9,2020_09_SEA_BUF,BUF,SEA,44.0,34.0,10.0,0.43739320415682065,1,False,7,7,0,astroturf,outdoors,69.0,4.0,-3.0,00-0034857,00-0029263,-100.69936164780398,False,False,True,False,False,False,False,False,False,False,False,False,True,69.0,4.0,0,0.471843063059882,0.471843063059882,0.4511731477180452
2020,9,2020_09_BAL_IND,IND,BAL,10.0,24.0,-14.0,0.44681178915710257,0,False,7,7,0,fieldturf,closed,,,1.0,00-0022942,00-0034796,-85.4243344467474,False,False,False,True,False,False,False,False,False,True,False,False,False,59.0,8.0,0,0.49852258417769707,0.49852258417769707,0.4674961071653404
2020,9,2020_09_HOU_JAX,JAX,HOU,25.0,27.0,-2.0,0.2772153258204931,0,False,14,14,1,grass,outdoors,79.0,14.0,-7.0,00-0036312,00-0033537,-383.326720539609,False,False,False,False,True,False,False,False,False,False,False,False,True,79.0,14.0,0,0.29709267369142134,0.29709267369142134,0.2851662649688644
2020,9,2020_09_CAR_KC,KC,CAR,33.0,31.0,2.0,0.8438172449152019,1,False,7,10,0,astroturf,outdoors,71.0,19.0,10.0,00-0033873,00-0031237,674.7636432655037,False,False,True,False,False,False,False,False,False,False,False,False,True,71.0,19.0,-3,0.8578430978451147,0.8578430978451147,0.849427586087167
2020,9,2020_09_DET_MIN,MIN,DET,34.0,20.0,14.0,0.6861602377148307,1,False,7,7,1,sportturf,dome,,,3.0,00-0029604,00-0026498,312.89145546517085,False,False,False,False,False,False,False,True,False,False,True,False,False,59.0,8.0,0,0.6365319004266806,0.6365319004266806,0.6663089027995707
2020,9,2020_09_CHI_TEN,TEN,CHI,24.0,17.0,7.0,0.7155181402469041,1,False,7,7,0,grass,outdoors,77.0,14.0,6.5,00-0029701,00-0029567,368.93498489551587,False,False,False,False,True,False,False,False,False,False,False,False,True,77.0,14.0,0,0.7015765912852203,0.7015765912852203,0.7099415206622306
2020,9,2020_09_NYG_WAS,WAS,NYG,20.0,23.0,-3.0,0.6633341927402235,0,False,14,6,1,grass,outdoors,75.0,1.0,3.0,00-0034577,00-0035710,271.2752624670647,False,False,False,False,True,False,False,False,False,False,False,False,True,75.0,1.0,8,0.569907816334146,0.569907816334146,0.6259636421777925
2020,9,2020_09_LV_LAC,LAC,LV,26.0,31.0,-5.0,0.4518475208660878,0,False,7,7,1,matrixturf,dome,,,-1.0,00-0036355,00-0031280,-77.28348605470106,False,False,False,False,False,False,True,False,False,False,True,False,False,59.0,8.0,0,0.4837544329649433,0.4837544329649433,0.46461028570563
2020,9,2020_09_MIA_ARI,ARI,MIA,31.0,34.0,-3.0,0.7094765641253509,0,False,14,7,0,grass,closed,,,6.0,00-0035228,00-0036212,357.13728688539146,False,False,False,False,True,False,False,False,False,True,False,False,False,59.0,8.0,7,0.6542312655684288,0.6542312655684288,0.6873784447025821
2020,9,2020_09_PIT_DAL,DAL,PIT,19.0,24.0,-5.0,0.2605581637644694,0,False,7,7,0,fieldturf,closed,,,-14.0,00-0031395,00-0022924,-417.2278050218075,False,False,False,True,False,False,False,False,False,True,False,False,False,59.0,8.0,0,0.2746676137706772,0.2746676137706772,0.2662019437669525
2020,9,2020_09_NO_TB,TB,NO,3.0,38.0,-35.0,0.6045338620000604,0,False,6,7,1,grass,outdoors,77.0,17.0,3.0,00-0019596,00-0020531,169.75700787654898,False,False,False,False,True,False,False,False,False,False,False,False,True,77.0,17.0,-1,0.5722568197884964,0.5722568197884964,0.5916230451154347
2020,9,2020_09_NE_NYJ,NYJ,NE,27.0,30.0,-3.0,0.3290941953176148,0,False,8,8,1,fieldturf,outdoors,61.0,2.0,-9.5,00-0026158,00-0027939,-284.91389154836753,False,False,False,True,False,False,False,False,False,False,False,False,True,61.0,2.0,0,0.21426909044596484,0.21426909044596484,0.28316415336895484
2020,10,2020_10_IND_TEN,TEN,IND,17.0,34.0,-17.0,0.6085717352537178,0,False,4,4,1,grass,outdoors,56.0,6.0,-1.0,00-0029701,00-0022942,176.5250109257654,False,False,False,False,True,False,False,False,False,False,False,False,True,56.0,6.0,0,0.43923670658974817,0.43923670658974817,0.5408377237881299
2020,10,2020_10_TB_CAR,CAR,TB,23.0,46.0,-23.0,0.28969808084768056,0,False,7,7,1,grass,outdoors,65.0,15.0,-6.0,00-0031237,00-0019596,-358.7403351024873,False,False,False,False,True,False,False,False,False,False,False,False,True,65.0,15.0,0,0.30406080647777856,0.30406080647777856,0.29544317109971974
2020,10,2020_10_HOU_CLE,CLE,HOU,10.0,7.0,3.0,0.6631545609242133,1,False,14,7,0,grass,outdoors,59.0,25.0,4.5,00-0034855,00-0033537,270.9535596776528,False,False,False,False,True,False,False,False,False,False,False,False,True,59.0,25.0,7,0.6339926648715787,0.6339926648715787,0.6514898025031595
2020,10,2020_10_WAS_DET,DET,WAS,30.0,27.0,3.0,0.6416162724167455,1,False,7,7,0,fieldturf,dome,,,2.5,00-0026498,00-0023436,232.95445654188703,False,False,False,True,False,False,False,False,False,False,True,False,False,59.0,8.0,0,0.591617167479514,0.591617167479514,0.6216166304418529
2020,10,2020_10_JAX_GB,GB,JAX,24.0,20.0,4.0,0.8698426759661543,1,False,10,7,0,grass,outdoors,38.0,23.0,13.5,00-0023459,00-0036312,759.8273837703372,False,False,False,False,True,False,False,False,False,False,False,False,True,38.0,23.0,3,0.8985997245329552,0.8985997245329552,0.8813454953928747
2020,10,2020_10_PHI_NYG,NYG,PHI,27.0,17.0,10.0,0.32779297950440706,1,False,7,14,1,fieldturf,outdoors,56.0,18.0,-4.5,00-0035710,00-0032950,-287.27364408917015,False,False,False,True,False,False,False,False,False,False,False,False,True,56.0,18.0,-7,0.31029145057951774,0.31029145057951774,0.3207923679344513
2020,10,2020_10_BUF_ARI,ARI,BUF,32.0,30.0,2.0,0.5317961389111961,1,False,7,7,0,grass,closed,,,3.0,00-0035228,00-0034857,50.942566671607594,False,False,False,False,True,False,False,False,False,True,False,False,False,59.0,8.0,0,0.5385106458412724,0.5385106458412724,0.5344819416832266
2020,10,2020_10_DEN_LV,LV,DEN,37.0,12.0,25.0,0.6728199732118845,1,False,7,7,1,grass,dome,,,3.5,00-0031280,00-0035704,288.3868939505947,False,False,False,False,True,False,False,False,False,False,True,False,False,59.0,8.0,0,0.6289317286493518,0.6289317286493518,0.6552646753868714
2020,10,2020_10_LAC_MIA,MIA,LAC,29.0,21.0,8.0,0.6543042666633583,1,False,7,7,0,grass,outdoors,83.0,7.0,1.0,00-0036212,00-0036355,255.2053912240285,False,False,False,False,True,False,False,False,False,False,False,False,True,83.0,7.0,0,0.49540727931153916,0.49540727931153916,0.5907454717226306
2020,10,2020_10_SEA_LA,LA,SEA,23.0,16.0,7.0,0.5860887310944942,1,False,14,7,1,matrixturf,dome,,,3.0,00-0033106,00-0029263,139.12782873018904,False,False,False,False,False,False,True,False,False,False,True,False,False,59.0,8.0,7,0.5667769861535575,0.5667769861535575,0.5783640331181196
2020,10,2020_10_SF_NO,NO,SF,27.0,13.0,14.0,0.7346599488237754,1,False,7,10,0,astroturf,dome,,,9.5,00-0020531,00-0033319,407.358208853797,False,False,True,False,False,False,False,False,False,False,True,False,False,59.0,8.0,-3,0.7091078466167127,0.7091078466167127,0.7244391079409502
2020,10,2020_10_CIN_PIT,PIT,CIN,36.0,10.0,26.0,0.8062364826020528,1,False,7,14,1,grass,outdoors,52.0,21.0,6.5,00-0022924,00-0036442,570.2954676757963,False,False,False,False,True,False,False,False,False,False,False,False,True,52.0,21.0,-7,0.7827970584864474,0.7827970584864474,0.7968607129558106
2020,10,2020_10_BAL_NE,NE,BAL,23.0,17.0,6.0,0.2705913659539524,1,False,6,7,0,grass,outdoors,52.0,13.0,-7.0,00-0027939,00-0034796,-396.64972292407697,False,False,False,False,True,False,False,False,False,False,False,False,True,52.0,13.0,-1,0.2823897715290144,0.2823897715290144,0.27531072818397717
2020,10,2020_10_MIN_CHI,CHI,MIN,13.0,19.0,-6.0,0.4822718874431018,0,False,8,8,1,grass,outdoors,44.0,11.0,-3.5,00-0029567,00-0029604,-28.376875351985163,False,False,False,False,True,False,False,False,False,False,False,False,True,44.0,11.0,0,0.3875741724932499,0.3875741724932499,0.444392801463161
2020,11,2020_11_ARI_SEA,SEA,ARI,28.0,21.0,7.0,0.682515345391462,1,False,4,4,1,fieldturf,outdoors,48.0,11.0,3.0,00-0029263,00-0035228,306.1422102693191,False,False,False,True,False,False,False,False,False,False,False,False,True,48.0,11.0,0,0.6150548851923053,0.6150548851923053,0.6555311613117993
2020,11,2020_11_TEN_BAL,BAL,TEN,24.0,30.0,-6.0,0.6956814660341685,0,False,7,10,0,grass,outdoors,53.0,6.0,6.0,00-0034796,00-0029701,330.7267719579324,False,False,False,False,True,False,False,False,False,False,False,False,True,53.0,6.0,-3,0.6559549636895825,0.6559549636895825,0.679790865096334
2020,11,2020_11_DET_CAR,CAR,DET,20.0,0.0,20.0,0.47019510886980703,1,False,7,7,0,grass,outdoors,65.0,7.0,-3.0,00-0033275,00-0026498,-47.74443000332433,False,False,False,False,True,False,False,False,False,False,False,False,True,65.0,7.0,0,0.4613290963397926,0.4613290963397926,0.4666487038578012
2020,11,2020_11_PHI_CLE,CLE,PHI,22.0,17.0,5.0,0.6376017092712915,1,False,7,7,0,grass,outdoors,38.0,8.0,2.5,00-0034855,00-0032950,225.98798025452984,False,False,False,False,True,False,False,False,False,False,False,False,True,38.0,8.0,0,0.6034645660254775,0.6034645660254775,0.6239468519729658
2020,11,2020_11_NE_HOU,HOU,NE,27.0,20.0,7.0,0.40669394304787326,1,False,7,7,0,grass,closed,,,-2.5,00-0033537,00-0027939,-151.05978490154675,False,False,False,False,True,False,False,False,False,True,False,False,False,59.0,8.0,0,0.4803261093082652,0.4803261093082652,0.43614680955203
2020,11,2020_11_PIT_JAX,JAX,PIT,3.0,27.0,-24.0,0.17754831688173595,0,False,7,7,0,grass,outdoors,72.0,3.0,-11.0,00-0036312,00-0022924,-613.2187829307164,False,False,False,False,True,False,False,False,False,False,False,False,True,72.0,3.0,0,0.254887395484588,0.254887395484588,0.20848394832287676
2020,11,2020_11_ATL_NO,NO,ATL,24.0,9.0,15.0,0.7123020232632004,1,False,7,14,1,astroturf,dome,,,3.5,00-0033357,00-0026143,362.63630938299474,False,False,True,False,False,False,False,False,False,False,True,False,False,59.0,8.0,-7,0.6418831960491427,0.6418831960491427,0.6841344923775773
2020,11,2020_11_CIN_WAS,WAS,CIN,20.0,9.0,11.0,0.5102272091937373,1,False,7,7,0,grass,outdoors,57.0,7.0,2.0,00-0023436,00-0036442,16.36581735919771,False,False,False,False,True,False,False,False,False,False,False,False,True,57.0,7.0,0,0.5404059690884758,0.5404059690884758,0.5222987131516327
2020,11,2020_11_MIA_DEN,DEN,MIA,20.0,13.0,7.0,0.37141466558939695,1,False,7,7,0,grass,outdoors,45.0,7.0,-4.0,00-0035704,00-0036212,-210.46106323066277,False,False,False,False,True,False,False,False,False,False,False,False,True,45.0,7.0,0,0.3853271504506761,0.3853271504506761,0.3769796595339086
2020,11,2020_11_NYJ_LAC,LAC,NYJ,34.0,28.0,6.0,0.6992658285731378,1,False,7,13,0,matrixturf,dome,,,10.0,00-0036355,00-0026158,337.5216980765839,False,False,False,False,False,False,True,False,False,False,True,False,False,59.0,8.0,-6,0.7167824618482672,0.7167824618482672,0.7062724818831896
2020,11,2020_11_GB_IND,IND,GB,34.0,31.0,3.0,0.5223217608886852,1,False,10,7,0,fieldturf,closed,,,1.5,00-0022942,00-0023459,35.738572903767675,False,False,False,True,False,False,False,False,False,True,False,False,False,59.0,8.0,3,0.4894604320995509,0.4894604320995509,0.5091772293730314
2020,11,2020_11_DAL_MIN,MIN,DAL,28.0,31.0,-3.0,0.7391507525203105,0,False,6,14,0,sportturf,dome,,,7.0,00-0029604,00-0027973,416.62370033946434,False,False,False,False,False,False,False,True,False,False,True,False,False,59.0,8.0,-8,0.7341310476658813,0.7341310476658813,0.7371428705785388
2020,11,2020_11_KC_LV,LV,KC,31.0,35.0,-4.0,0.28438808434814616,0,False,7,14,1,grass,dome,,,-7.5,00-0031280,00-0033873,-369.1192812915432,False,False,False,False,True,False,False,False,False,False,True,False,False,59.0,8.0,-7,0.2366966995996661,0.2366966995996661,0.2653115304487541
2020,11,2020_11_LA_TB,TB,LA,24.0,27.0,-3.0,0.6450088462855135,0,False,8,8,0,grass,outdoors,69.0,5.0,4.0,00-0019596,00-0033106,238.86846472890082,False,False,False,False,True,False,False,False,False,False,False,False,True,69.0,5.0,0,0.6190967122269312,0.6190967122269312,0.6346439926620806
2020,12,2020_12_HOU_DET,DET,HOU,25.0,41.0,-16.0,0.39995778737781396,0,False,4,4,0,fieldturf,dome,,,-3.0,00-0026498,00-0033537,-162.25639885121333,False,False,False,True,False,False,False,False,False,False,True,False,False,59.0,8.0,0,0.45512617448760273,0.45512617448760273,0.4220251422217295
2020,12,2020_12_WAS_DAL,DAL,WAS,16.0,41.0,-25.0,0.6482946988409204,0,False,4,4,1,fieldturf,closed,,,2.5,00-0027973,00-0023436,244.62070512339668,False,False,False,True,False,False,False,False,False,True,False,False,False,59.0,8.0,0,0.5849447040425197,0.5849447040425197,0.6229547009215601
2020,12,2020_12_LV_ATL,ATL,LV,43.0,6.0,37.0,0.4325031305205522,1,False,7,7,0,fieldturf,closed,,,-3.5,00-0026143,00-0031280,-108.65826738440832,False,False,False,True,False,False,False,False,False,True,False,False,False,59.0,8.0,0,0.4214905723166702,0.4214905723166702,0.42809810723899944
2020,12,2020_12_LAC_BUF,BUF,LAC,27.0,17.0,10.0,0.7210997357569451,1,False,14,7,0,astroturf,outdoors,48.0,7.0,4.5,00-0034857,00-0036355,379.9692861591778,False,False,True,False,False,False,False,False,False,False,False,False,True,48.0,7.0,7,0.6709131433839642,0.6709131433839642,0.7010250988077527
2020,12,2020_12_NYG_CIN,CIN,NYG,17.0,19.0,-2.0,0.3956238296141249,0,False,7,14,0,grass,outdoors,52.0,4.0,-6.5,00-0032434,00-0035710,-169.49318726223748,False,False,False,False,True,False,False,False,False,False,False,False,True,52.0,4.0,-7,0.2613119239640689,0.2613119239640689,0.34189906735410247
2020,12,2020_12_TEN_IND,IND,TEN,26.0,45.0,-19.0,0.6295937814942063,0,False,7,7,1,fieldturf,closed,,,3.0,00-0022942,00-0029701,212.1898115542368,False,False,False,True,False,False,False,False,False,True,False,False,False,59.0,8.0,0,0.5849447040425197,0.5849447040425197,0.6117341505135316
2020,12,2020_12_CLE_JAX,JAX,CLE,25.0,27.0,-2.0,0.3038958218558997,0,False,7,7,0,grass,outdoors,70.0,1.0,-7.5,00-0030520,00-0034855,-331.5257515856637,False,False,False,False,True,False,False,False,False,False,False,False,True,70.0,1.0,0,0.2668147498661868,0.2668147498661868,0.28906339306001455
2020,12,2020_12_CAR_MIN,MIN,CAR,28.0,27.0,1.0,0.6858641473706872,1,False,7,7,0,sportturf,dome,,,3.0,00-0029604,00-0031237,312.3416112736757,False,False,False,False,False,False,False,True,False,False,True,False,False,59.0,8.0,0,0.6301345009399274,0.6301345009399274,0.6635722887983833
2020,12,2020_12_ARI_NE,NE,ARI,20.0,17.0,3.0,0.5831289425944227,1,False,7,10,0,grass,outdoors,52.0,8.0,-1.0,00-0027939,00-0035228,134.25254943977737,False,False,False,False,True,False,False,False,False,False,False,False,True,52.0,8.0,-3,0.44547955151739327,0.44547955151739327,0.5280691861636109
2020,12,2020_12_MIA_NYJ,NYJ,MIA,3.0,20.0,-17.0,0.3458413844423268,0,False,7,7,1,fieldturf,outdoors,54.0,2.0,-7.5,00-0034869,00-0023682,-254.94784400161316,False,False,False,True,False,False,False,False,False,False,False,False,True,54.0,2.0,0,0.245311617616273,0.245311617616273,0.3056294777119053
2020,12,2020_12_NO_DEN,DEN,NO,3.0,31.0,-28.0,0.30488552460696355,0,False,7,7,0,grass,outdoors,38.0,6.0,-17.0,00-0035864,00-0033357,-329.656067120227,False,False,False,False,True,False,False,False,False,False,False,False,True,38.0,6.0,0,0.20474786015286345,0.20474786015286345,0.2648304588253235
2020,12,2020_12_SF_LA,LA,SF,20.0,23.0,-3.0,0.6979193553422431,0,False,6,14,1,matrixturf,dome,,,5.0,00-0033106,00-0033319,334.963816924258,False,False,False,False,False,False,True,False,False,False,True,False,False,59.0,8.0,-8,0.6695181900504673,0.6695181900504673,0.6865588892255328
2020,12,2020_12_KC_TB,TB,KC,24.0,27.0,-3.0,0.3444506390604465,0,False,6,7,0,grass,outdoors,81.0,5.0,-3.5,00-0019596,00-0033873,-257.40912230174615,False,False,False,False,True,False,False,False,False,False,False,False,True,81.0,5.0,-1,0.4144984665339586,0.4144984665339586,0.3724697700498514
2020,12,2020_12_CHI_GB,GB,CHI,41.0,25.0,16.0,0.741878581490299,1,False,7,13,1,grass,outdoors,37.0,13.0,7.5,00-0023459,00-0033869,422.3022017503209,False,False,False,False,True,False,False,False,False,False,False,False,True,37.0,13.0,-6,0.7360836672786606,0.7360836672786606,0.7395606158056436
2020,12,2020_12_SEA_PHI,PHI,SEA,17.0,23.0,-6.0,0.3041934268836328,0,False,8,11,0,grass,outdoors,60.0,16.0,-6.5,00-0032950,00-0029263,-330.9631751225634,False,False,False,False,True,False,False,False,False,False,False,False,True,60.0,16.0,-3,0.23335072389113568,0.23335072389113568,0.275856345686634
2020,12,2020_12_BAL_PIT,PIT,BAL,19.0,14.0,5.0,0.6503784472241038,1,False,10,10,1,grass,outdoors,36.0,14.0,10.5,00-0022924,00-0029665,248.28125130498853,False,False,False,False,True,False,False,False,False,False,False,False,True,36.0,14.0,0,0.7719021127683215,0.7719021127683215,0.6989879134417909
2020,13,2020_13_NO_ATL,ATL,NO,16.0,21.0,-5.0,0.37163386633455414,0,False,7,7,1,fieldturf,closed,,,-2.5,00-0026143,00-0033357,-210.08554906182897,False,False,False,True,False,False,False,False,False,True,False,False,False,59.0,8.0,0,0.47165077922696297,0.47165077922696297,0.4116406314915177
2020,13,2020_13_DET_CHI,CHI,DET,30.0,34.0,-4.0,0.6639546370107181,0,False,7,10,1,grass,outdoors,35.0,5.0,3.0,00-0033869,00-0026498,272.3870678562927,False,False,False,False,True,False,False,False,False,False,False,False,True,35.0,5.0,-3,0.596853768526713,0.596853768526713,0.637114289617116
2020,13,2020_13_IND_HOU,HOU,IND,20.0,26.0,-6.0,0.44188344412033004,0,False,10,7,1,grass,closed,,,-3.5,00-0033537,00-0022942,-93.40867034246578,False,False,False,False,True,False,False,False,False,True,False,False,False,59.0,8.0,3,0.3967696362290151,0.3967696362290151,0.42383792096380407
2020,13,2020_13_CIN_MIA,MIA,CIN,19.0,7.0,12.0,0.7823468106495061,1,False,7,7,0,grass,outdoors,81.0,5.0,10.5,00-0036212,00-0032434,511.75808505822215,False,False,False,False,True,False,False,False,False,False,False,False,True,81.0,5.0,0,0.8288837287556068,0.8288837287556068,0.8009615778919463
2020,13,2020_13_JAX_MIN,MIN,JAX,27.0,24.0,3.0,0.8269331657289837,1,False,7,7,0,sportturf,dome,,,10.5,00-0029604,00-0030520,625.6184125107662,False,False,False,False,False,False,False,True,False,False,True,False,False,59.0,8.0,0,0.8566500697767765,0.8566500697767765,0.8388199273481007
2020,13,2020_13_LV_NYJ,NYJ,LV,28.0,31.0,-3.0,0.2940900914938657,0,False,7,7,0,fieldturf,outdoors,39.0,18.0,-7.5,00-0034869,00-0031280,-350.2405867809074,False,False,False,True,False,False,False,False,False,False,False,False,True,39.0,18.0,0,0.23014314520860082,0.23014314520860082,0.2685113129797598
2020,13,2020_13_CLE_TEN,TEN,CLE,35.0,41.0,-6.0,0.67445485130076,0,False,7,7,0,grass,outdoors,52.0,1.0,4.0,00-0029701,00-0034855,291.3614316607553,False,False,False,False,True,False,False,False,False,False,False,False,True,52.0,1.0,0,0.6528199674026819,0.6528199674026819,0.6658008977415287
2020,13,2020_13_LA_ARI,ARI,LA,28.0,38.0,-10.0,0.41491299380050695,0,False,7,7,1,grass,closed,,,-2.5,00-0035228,00-0033106,-137.47668798457062,False,False,False,False,True,False,False,False,False,True,False,False,False,59.0,8.0,0,0.47345364841051374,0.47345364841051374,0.43832925564450964
2020,13,2020_13_NYG_SEA,SEA,NYG,12.0,17.0,-5.0,0.8088179784880085,0,False,6,7,0,fieldturf,outdoors,51.0,4.0,11.0,00-0029263,00-0027688,576.9391718429769,False,False,False,True,False,False,False,False,False,False,False,False,True,51.0,4.0,-1,0.8597052811728377,0.8597052811728377,0.8291728995619403
2020,13,2020_13_PHI_GB,GB,PHI,30.0,16.0,14.0,0.7697748926480861,1,False,7,6,0,grass,outdoors,34.0,9.0,8.0,00-0023459,00-0032950,482.8162267988224,False,False,False,False,True,False,False,False,False,False,False,False,True,34.0,9.0,1,0.772770594893877,0.772770594893877,0.7709731735464025
2020,13,2020_13_NE_LAC,LAC,NE,0.0,45.0,-45.0,0.4691037821558012,0,False,7,7,0,matrixturf,dome,,,2.5,00-0036355,00-0027939,-49.497011055108416,False,False,False,False,False,False,True,False,False,False,True,False,False,59.0,8.0,0,0.5239310136272927,0.5239310136272927,0.49103467474439777
2020,13,2020_13_DEN_KC,KC,DEN,22.0,16.0,6.0,0.8420310550907234,1,False,7,7,1,astroturf,outdoors,41.0,9.0,13.0,00-0033873,00-0035704,669.3673734366387,False,False,True,False,False,False,False,False,False,False,False,False,True,41.0,9.0,0,0.8822048776974171,0.8822048776974171,0.8581005841334008
2020,13,2020_13_WAS_PIT,PIT,WAS,17.0,23.0,-6.0,0.8318243639574741,0,False,5,11,0,grass,outdoors,34.0,10.0,5.5,00-0022924,00-0023436,639.4449726365121,False,False,False,False,True,False,False,False,False,False,False,False,True,34.0,10.0,-6,0.7160504906384069,0.7160504906384069,0.7855148146298472
2020,13,2020_13_BUF_SF,SF,BUF,24.0,34.0,-10.0,0.4712731774219389,0,True,8,8,0,grass,closed,,,1.5,00-0033319,00-0034857,-46.01358984839648,False,False,False,False,True,False,False,False,False,True,False,False,False,59.0,8.0,0,0.4529309425370094,0.4529309425370094,0.4639362834679671
2020,13,2020_13_DAL_BAL,BAL,DAL,34.0,17.0,17.0,0.8121506482404721,1,False,6,12,0,grass,outdoors,38.0,9.0,8.5,00-0034796,00-0027973,585.6182116681074,False,False,False,False,True,False,False,False,False,False,False,False,True,38.0,9.0,-6,0.8219594784023396,0.8219594784023396,0.8160741803052192
2020,14,2020_14_NE_LA,LA,NE,24.0,3.0,21.0,0.6937897427380261,1,False,4,4,0,matrixturf,dome,,,5.0,00-0033106,00-0027939,327.158787606963,False,False,False,False,False,False,True,False,False,False,True,False,False,59.0,8.0,0,0.6739475006454753,0.6739475006454753,0.6858528459010057
2020,14,2020_14_DEN_CAR,CAR,DEN,27.0,32.0,-5.0,0.6204305505633372,0,False,14,7,0,grass,outdoors,70.0,7.0,4.0,00-0031237,00-0035704,196.55043634452414,False,False,False,False,True,False,False,False,False,False,False,False,True,70.0,7.0,7,0.6190967122269312,0.6190967122269312,0.6198970152287748
2020,14,2020_14_HOU_CHI,CHI,HOU,36.0,7.0,29.0,0.47771762719786137,1,False,7,7,0,grass,outdoors,34.0,1.0,-1.0,00-0033869,00-0033537,-35.67542633334347,False,False,False,False,True,False,False,False,False,False,False,False,True,34.0,1.0,0,0.4615302403075581,0.4615302403075581,0.47124267244174006
2020,14,2020_14_DAL_CIN,CIN,DAL,7.0,30.0,-23.0,0.45429651245543773,0,False,7,5,0,grass,outdoors,44.0,5.0,-3.0,00-0032434,00-0027973,-73.33026765404753,False,False,False,False,True,False,False,False,False,False,False,False,True,44.0,5.0,2,0.4411489511655324,0.4411489511655324,0.44903748793947557
2020,14,2020_14_TEN_JAX,JAX,TEN,10.0,31.0,-21.0,0.22470906566965568,0,False,7,7,1,grass,outdoors,69.0,2.0,-7.5,00-0030520,00-0029701,-495.3727336031523,False,False,False,False,True,False,False,False,False,False,False,False,True,69.0,2.0,0,0.23735902816155818,0.23735902816155818,0.22976905066641667
2020,14,2020_14_KC_MIA,MIA,KC,27.0,33.0,-6.0,0.3440675809000363,0,False,7,7,0,grass,outdoors,81.0,8.0,-7.5,00-0036212,00-0033873,-258.0878679157312,False,False,False,False,True,False,False,False,False,False,False,False,True,81.0,8.0,0,0.3667098609845323,0.3667098609845323,0.3531244929338347
2020,14,2020_14_ARI_NYG,NYG,ARI,7.0,26.0,-19.0,0.4654090953220984,0,False,7,7,0,fieldturf,outdoors,59.0,15.0,-3.0,00-0035710,00-0035228,-55.43399861571952,False,False,False,True,False,False,False,False,False,False,False,False,True,59.0,15.0,0,0.4688398456062041,0.4688398456062041,0.4667813954357407
2020,14,2020_14_MIN_TB,TB,MIN,26.0,14.0,12.0,0.7155855051264464,1,False,14,7,0,grass,outdoors,78.0,5.0,7.0,00-0019596,00-0029604,369.06737309718756,False,False,False,False,True,False,False,False,False,False,False,False,True,78.0,5.0,7,0.7308568578824244,0.7308568578824244,0.7216940462288376
2020,14,2020_14_IND_LV,LV,IND,27.0,44.0,-17.0,0.4763446615838434,0,False,7,7,0,grass,dome,,,-2.5,00-0031280,00-0022942,-37.876818249316415,False,False,False,False,True,False,False,False,False,False,True,False,False,59.0,8.0,0,0.47345364841051374,0.47345364841051374,0.47518825631451156
2020,14,2020_14_NYJ_SEA,SEA,NYJ,40.0,3.0,37.0,0.8729642053394534,1,False,7,7,0,fieldturf,outdoors,43.0,8.0,16.5,00-0029263,00-0034869,770.9702634516251,False,False,False,True,False,False,False,False,False,False,False,False,True,43.0,8.0,0,0.9110010419028525,0.9110010419028525,0.888178939964813
2020,14,2020_14_GB_DET,DET,GB,24.0,31.0,-7.0,0.2654636171786907,0,False,7,7,1,fieldturf,dome,,,-9.5,00-0026498,00-0023459,-407.1046929350748,False,False,False,True,False,False,False,False,False,False,True,False,False,59.0,8.0,0,0.2446342163361102,0.2446342163361102,0.2571318568416585
2020,14,2020_14_ATL_LAC,LAC,ATL,20.0,17.0,3.0,0.42833803676014,1,False,7,7,0,matrixturf,dome,,,1.0,00-0036355,00-0026143,-115.45406158617241,False,False,False,False,False,False,True,False,False,False,True,False,False,59.0,8.0,0,0.4657319948981297,0.4657319948981297,0.4432956200153359
2020,14,2020_14_NO_PHI,PHI,NO,24.0,21.0,3.0,0.21960970425195256,1,False,7,7,0,grass,outdoors,57.0,10.0,-7.5,00-0036389,00-0033357,-507.1769097832921,False,False,False,False,True,False,False,False,False,False,False,False,True,57.0,10.0,0,0.2660989065778934,0.2660989065778934,0.23820538518232892
2020,14,2020_14_WAS_SF,SF,WAS,15.0,23.0,-8.0,0.6347027595883991,0,True,6,6,0,grass,closed,,,3.0,00-0033319,00-0023436,220.97816588000904,False,False,False,False,True,False,False,False,False,True,False,False,False,59.0,8.0,0,0.5730770792569494,0.5730770792569494,0.6100524874558192
2020,14,2020_14_PIT_BUF,BUF,PIT,26.0,15.0,11.0,0.5467243499550402,1,False,6,6,0,astroturf,outdoors,35.0,11.0,2.0,00-0034857,00-0022924,74.97772215033338,False,False,True,False,False,False,False,False,False,False,False,False,True,35.0,11.0,0,0.5701578296108744,0.5701578296108744,0.5560977418173738
2020,14,2020_14_BAL_CLE,CLE,BAL,42.0,47.0,-5.0,0.4034244093884114,0,False,8,6,1,grass,outdoors,34.0,18.0,-3.0,00-0034855,00-0034796,-156.48672969995712,False,False,False,False,True,False,False,False,False,False,False,False,True,34.0,18.0,2,0.42989846166351603,0.42989846166351603,0.41401403029845324
2020,15,2020_15_LAC_LV,LV,LAC,27.0,30.0,-3.0,0.6733198150240965,0,False,4,4,1,grass,dome,,,3.5,00-0031280,00-0036355,289.29550404365835,False,False,False,False,True,False,False,False,False,False,True,False,False,59.0,8.0,0,0.6289317286493518,0.6289317286493518,0.6555645804741986
2020,15,2020_15_BUF_DEN,DEN,BUF,19.0,48.0,-29.0,0.2798819371807104,0,False,6,6,0,grass,outdoors,47.0,24.0,-5.5,00-0035704,00-0034857,-378.01892535310475,False,False,False,False,True,False,False,False,False,False,False,False,True,47.0,24.0,0,0.27934259697744945,0.27934259697744945,0.27966620109940604
2020,15,2020_15_CAR_GB,GB,CAR,24.0,16.0,8.0,0.8143423580084237,1,False,6,6,0,grass,outdoors,33.0,5.0,9.5,00-0023459,00-0031237,591.3906086417068,False,False,False,False,True,False,False,False,False,False,False,False,True,33.0,5.0,0,0.8079532719385126,0.8079532719385126,0.8117867235804592
2020,15,2020_15_TB_ATL,ATL,TB,27.0,31.0,-4.0,0.36690820402711294,0,False,7,7,1,fieldturf,closed,,,-6.0,00-0026143,00-0019596,-218.20149498544285,False,False,False,True,False,False,False,False,False,True,False,False,False,59.0,8.0,0,0.3171231751713601,0.3171231751713601,0.3469941924848118
2020,15,2020_15_JAX_BAL,BAL,JAX,40.0,14.0,26.0,0.8989099310879152,1,False,6,7,0,grass,outdoors,39.0,3.0,13.0,00-0034796,00-0035289,874.0683802829849,False,False,False,False,True,False,False,False,False,False,False,False,True,39.0,3.0,-1,0.9059615060406473,0.9059615060406473,0.901730561069008
2020,15,2020_15_SF_DAL,DAL,SF,41.0,33.0,8.0,0.3861177610301058,1,False,7,7,0,fieldturf,closed,,,-4.0,00-0027973,00-0033319,-185.4642852870738,False,False,False,True,False,False,False,False,False,True,False,False,False,59.0,8.0,0,0.4057336649849962,0.4057336649849962,0.39396412261206193
2020,15,2020_15_HOU_IND,IND,HOU,27.0,20.0,7.0,0.731973484357819,1,False,7,7,1,fieldturf,closed,,,7.5,00-0022942,00-0033537,401.8633500680993,False,False,False,True,False,False,False,False,False,True,False,False,False,59.0,8.0,0,0.7341310476658813,0.7341310476658813,0.7328365096810439
2020,15,2020_15_NE_MIA,MIA,NE,22.0,12.0,10.0,0.5441080566639594,1,False,7,10,1,grass,outdoors,79.0,9.0,-1.5,00-0036212,00-0027939,70.75681825570936,False,False,False,False,True,False,False,False,False,False,False,False,True,79.0,9.0,-3,0.4540359122699275,0.4540359122699275,0.5080791989063467
2020,15,2020_15_CHI_MIN,MIN,CHI,27.0,33.0,-6.0,0.649213750520343,0,False,7,7,1,sportturf,dome,,,2.5,00-0029604,00-0033869,246.2339816032206,False,False,False,False,False,False,False,True,False,False,True,False,False,59.0,8.0,0,0.6275625367283513,0.6275625367283513,0.6405532650035464
2020,15,2020_15_DET_TEN,TEN,DET,46.0,25.0,21.0,0.7972293733158118,1,False,7,7,0,grass,outdoors,46.0,5.0,9.5,00-0029701,00-0026498,547.6268043490919,False,False,False,False,True,False,False,False,False,False,False,False,True,46.0,5.0,0,0.80647299943338,0.80647299943338,0.8009268237628391
2020,15,2020_15_SEA_WAS,WAS,SEA,15.0,20.0,-5.0,0.29785189916123517,0,False,7,7,0,grass,outdoors,43.0,8.0,-6.0,00-0035232,00-0029263,-343.01918853697197,False,False,False,False,True,False,False,False,False,False,False,False,True,43.0,8.0,0,0.27934259697744945,0.27934259697744945,0.29044817828772085
2020,15,2020_15_PHI_ARI,ARI,PHI,33.0,26.0,7.0,0.66425291603033,1,False,7,7,0,grass,closed,,,6.5,00-0035228,00-0036389,272.921929739038,False,False,False,False,True,False,False,False,False,True,False,False,False,59.0,8.0,0,0.7368610185521863,0.7368610185521863,0.6932961570390725
2020,15,2020_15_NYJ_LA,LA,NYJ,20.0,23.0,-3.0,0.88694551896531,0,False,10,7,0,matrixturf,dome,,,17.5,00-0033106,00-0034869,823.9654892656738,False,False,False,False,False,False,True,False,False,False,True,False,False,59.0,8.0,3,0.8978638045862866,0.8978638045862866,0.8913128332137007
2020,15,2020_15_KC_NO,NO,KC,29.0,32.0,-3.0,0.4166673994644446,0,False,7,7,0,astroturf,dome,,,-2.5,00-0020531,00-0033873,-134.58768867301654,False,False,True,False,False,False,False,False,False,False,True,False,False,59.0,8.0,0,0.48786602878798,0.48786602878798,0.4451468511938588
2020,15,2020_15_CLE_NYG,NYG,CLE,6.0,20.0,-14.0,0.29201035258725216,0,False,7,6,0,fieldturf,outdoors,36.0,0.0,-6.0,00-0027688,00-0034855,-354.25608623308034,False,False,False,True,False,False,False,False,False,False,False,False,True,36.0,0.0,1,0.3113011723409838,0.3113011723409838,0.29972668048874485
2020,15,2020_15_PIT_CIN,CIN,PIT,27.0,17.0,10.0,0.20252126512002738,1,False,8,8,1,grass,outdoors,43.0,10.0,-14.5,00-0035652,00-0022924,-548.2441102418617,False,False,False,False,True,False,False,False,False,False,False,False,True,43.0,10.0,0,0.15827406951465808,0.15827406951465808,0.18482238687787966
2020,16,2020_16_MIN_NO,NO,MIN,52.0,33.0,19.0,0.7289531191753514,1,False,5,5,0,astroturf,dome,,,6.5,00-0020531,00-0029604,395.7270494592632,False,False,True,False,False,False,False,False,False,False,True,False,False,59.0,8.0,0,0.7341310476658813,0.7341310476658813,0.7310242905715634
2020,16,2020_16_TB_DET,DET,TB,7.0,47.0,-40.0,0.2825844792881,0,False,6,6,0,fieldturf,dome,,,-12.0,00-0026498,00-0019596,-372.67106076937574,False,False,False,True,False,False,False,False,False,False,True,False,False,59.0,8.0,0,0.2746676137706772,0.2746676137706772,0.2794177330811309
2020,16,2020_16_SF_ARI,ARI,SF,12.0,20.0,-8.0,0.6665563772289345,0,False,6,6,1,grass,closed,,,6.0,00-0035228,00-0033936,277.0603676517042,False,False,False,False,True,False,False,False,False,True,False,False,False,59.0,8.0,0,0.6625419153636466,0.6625419153636466,0.6649505924828194
2020,16,2020_16_MIA_LV,LV,MIA,25.0,26.0,-1.0,0.44800935760222177,0,False,9,6,0,grass,dome,,,-2.0,00-0031280,00-0036212,-83.48678970146564,False,False,False,False,True,False,False,False,False,False,True,False,False,59.0,8.0,3,0.46817966756261403,0.46817966756261403,0.4560774815863787
2020,16,2020_16_NYG_BAL,BAL,NYG,27.0,13.0,14.0,0.8311525537658171,1,False,7,7,0,grass,outdoors,38.0,3.0,10.0,00-0034796,00-0035710,637.527093717231,False,False,False,False,True,False,False,False,False,False,False,False,True,38.0,3.0,0,0.8675332533920873,0.8675332533920873,0.8457048336163252
2020,16,2020_16_CIN_HOU,HOU,CIN,31.0,37.0,-6.0,0.6526805873460972,0,False,7,6,0,grass,closed,,,7.5,00-0033537,00-0032434,252.33720360441177,False,False,False,False,True,False,False,False,False,True,False,False,False,59.0,8.0,1,0.7347187672689443,0.7347187672689443,0.685495859315236
2020,16,2020_16_CHI_JAX,JAX,CHI,17.0,41.0,-24.0,0.3095562919218051,0,False,7,7,0,grass,outdoors,55.0,5.0,-9.5,00-0030520,00-0033869,-320.8777961278235,False,False,False,False,True,False,False,False,False,False,False,False,True,55.0,5.0,0,0.254887395484588,0.254887395484588,0.28768873334691825
2020,16,2020_16_ATL_KC,KC,ATL,17.0,14.0,3.0,0.8262763790891103,1,False,7,7,0,astroturf,outdoors,49.0,8.0,11.0,00-0033873,00-0026143,623.7854664453666,False,False,True,False,False,False,False,False,False,False,False,False,True,49.0,8.0,0,0.8698335190799419,0.8698335190799419,0.843699235085443
2020,16,2020_16_CLE_NYJ,NYJ,CLE,23.0,16.0,7.0,0.2813780735301212,1,False,7,7,0,fieldturf,outdoors,37.0,5.0,-6.5,00-0034869,00-0034855,-375.05446582204485,False,False,False,True,False,False,False,False,False,False,False,False,True,37.0,5.0,0,0.28295814628863275,0.28295814628863275,0.28201010263352577
2020,16,2020_16_IND_PIT,PIT,IND,28.0,24.0,4.0,0.5293735984474455,1,False,6,7,0,grass,outdoors,37.0,6.0,-1.0,00-0022924,00-0022942,47.05193649026707,False,False,False,False,True,False,False,False,False,False,False,False,True,37.0,6.0,-1,0.4496919467053385,0.4496919467053385,0.49750093775060267
2020,16,2020_16_DEN_LAC,LAC,DEN,19.0,16.0,3.0,0.6027428234745615,1,False,10,8,1,matrixturf,dome,,,2.5,00-0036355,00-0035704,166.7626959670334,False,False,False,False,False,False,True,False,False,False,True,False,False,59.0,8.0,2,0.5583027400322109,0.5583027400322109,0.5849667900976213
2020,16,2020_16_CAR_WAS,WAS,CAR,13.0,20.0,-7.0,0.5864881251140635,0,False,7,8,0,grass,outdoors,41.0,6.0,-1.0,00-0035232,00-0031237,139.7864755277603,False,False,False,False,True,False,False,False,False,False,False,False,True,41.0,6.0,-1,0.42199661752475076,0.42199661752475076,0.5206915220783384
2020,16,2020_16_PHI_DAL,DAL,PHI,37.0,17.0,20.0,0.5484725002237677,1,False,7,7,1,fieldturf,closed,,,-3.0,00-0027973,00-0036389,77.80034541560931,False,False,False,True,False,False,False,False,False,True,False,False,False,59.0,8.0,0,0.4580957020205409,0.4580957020205409,0.5123217809424769
2020,16,2020_16_LA_SEA,SEA,LA,20.0,9.0,11.0,0.5946486225979289,1,False,7,7,1,fieldturf,outdoors,45.0,2.0,1.5,00-0029263,00-0033106,153.28655654497805,False,False,False,True,False,False,False,False,False,False,False,False,True,45.0,2.0,0,0.5004287785496735,0.5004287785496735,0.5569606849786267
2020,16,2020_16_TEN_GB,GB,TEN,40.0,14.0,26.0,0.6835496751736068,1,False,8,7,0,grass,outdoors,28.0,15.0,3.0,00-0023459,00-0029701,308.0532213928796,False,False,False,False,True,False,False,False,False,False,False,False,True,28.0,15.0,1,0.596853768526713,0.596853768526713,0.6488713125148493
2020,16,2020_16_BUF_NE,NE,BUF,9.0,38.0,-29.0,0.29965948294773453,0,False,8,9,1,grass,outdoors,41.0,4.0,-7.0,00-0027939,00-0034857,-339.5679586179635,False,False,False,False,True,False,False,False,False,False,False,False,True,41.0,4.0,-1,0.20549495725975517,0.20549495725975517,0.2619936726725428
2020,17,2020_17_MIA_BUF,BUF,MIA,56.0,26.0,30.0,0.6906094894852746,1,False,6,8,1,astroturf,outdoors,35.0,1.0,-3.5,00-0034857,00-0036212,321.1881034906928,False,False,True,False,False,False,False,False,False,False,False,False,True,35.0,1.0,-2,0.37639364250141066,0.37639364250141066,0.5649231506917289
2020,17,2020_17_BAL_CIN,CIN,BAL,3.0,38.0,-35.0,0.2551929070149907,0,False,7,7,1,grass,outdoors,39.0,10.0,-13.5,00-0032434,00-0034796,-428.4421968013548,False,False,False,False,True,False,False,False,False,False,False,False,True,39.0,10.0,0,0.19665858016232288,0.19665858016232288,0.23177917627392355
2020,17,2020_17_PIT_CLE,CLE,PIT,24.0,22.0,2.0,0.6758970853672226,1,False,7,7,1,grass,outdoors,38.0,7.0,10.5,00-0034855,00-0034771,293.9918883042142,False,False,False,False,True,False,False,False,False,False,False,False,True,38.0,7.0,0,0.7719021127683215,0.7719021127683215,0.7142990963276622
2020,17,2020_17_MIN_DET,DET,MIN,35.0,37.0,-2.0,0.35154247058690596,0,False,8,9,1,fieldturf,dome,,,-3.0,00-0026498,00-0029604,-244.90639218339032,False,False,False,True,False,False,False,False,False,False,True,False,False,59.0,8.0,-1,0.42741330447340553,0.42741330447340553,0.3818908041415058
2020,17,2020_17_NYJ_NE,NE,NYJ,28.0,14.0,14.0,0.7533957443902273,1,False,6,7,1,grass,outdoors,33.0,5.0,3.0,00-0027939,00-0034869,446.7223195939413,False,False,False,False,True,False,False,False,False,False,False,False,True,33.0,5.0,-1,0.5913270283713288,0.5913270283713288,0.6885682579826679
2020,17,2020_17_DAL_NYG,NYG,DAL,23.0,19.0,4.0,0.41013606182737344,1,False,7,7,1,fieldturf,outdoors,33.0,6.0,-1.5,00-0035710,00-0027973,-145.36117371061144,False,False,False,True,False,False,False,False,False,False,False,False,True,33.0,6.0,0,0.46401843103818136,0.46401843103818136,0.43168900951169664
2020,17,2020_17_ATL_TB,TB,ATL,44.0,27.0,17.0,0.7144516112073689,1,False,8,7,1,grass,outdoors,65.0,4.0,7.5,00-0019596,00-0026143,366.8415073837286,False,False,False,False,True,False,False,False,False,False,False,False,True,65.0,4.0,1,0.7308568578824244,0.7308568578824244,0.7210137098773911
2020,17,2020_17_NO_CAR,CAR,NO,7.0,33.0,-26.0,0.2968832983187424,0,False,7,9,1,grass,outdoors,57.0,2.0,-6.0,00-0031237,00-0020531,-344.873502656006,False,False,False,False,True,False,False,False,False,False,False,False,True,57.0,2.0,-2,0.288877788624473,0.288877788624473,0.29368109444103463
2020,17,2020_17_GB_CHI,CHI,GB,16.0,35.0,-19.0,0.30287123180361725,0,False,7,7,1,grass,outdoors,32.0,7.0,-4.5,00-0033869,00-0023459,-333.46496095931724,False,False,False,False,True,False,False,False,False,False,False,False,True,32.0,7.0,0,0.27619107741375254,0.27619107741375254,0.2921991700476714
2020,17,2020_17_LV_DEN,DEN,LV,31.0,32.0,-1.0,0.46107228242659853,0,False,7,8,1,grass,outdoors,53.0,10.0,-2.5,00-0035704,00-0031280,-62.41065266853943,False,False,False,False,True,False,False,False,False,False,False,False,True,53.0,10.0,-1,0.45818113835936636,0.45818113835936636,0.4599158247997057
2020,17,2020_17_TEN_HOU,HOU,TEN,38.0,41.0,-3.0,0.26674229470636196,0,False,7,7,1,grass,closed,,,-7.0,00-0033537,00-0029701,-404.4856849098982,False,False,False,False,True,False,False,False,False,True,False,False,False,59.0,8.0,0,0.3008778328969697,0.3008778328969697,0.280396509982605
2020,17,2020_17_JAX_IND,IND,JAX,28.0,14.0,14.0,0.863399614869768,1,False,7,7,1,fieldturf,closed,,,15.5,00-0022942,00-0030520,737.5271482099232,False,False,False,True,False,False,False,False,False,True,False,False,False,59.0,8.0,0,0.894144703002543,0.894144703002543,0.8756976501228779
2020,17,2020_17_LAC_KC,KC,LAC,21.0,38.0,-17.0,0.8427081529558613,0,False,7,7,1,astroturf,outdoors,35.0,6.0,-7.0,00-0026197,00-0036355,671.4070877714233,False,False,True,False,False,False,False,False,False,False,False,False,True,35.0,6.0,0,0.31977989908734544,0.31977989908734544,0.633536851408455
2020,17,2020_17_ARI_LA,LA,ARI,18.0,7.0,11.0,0.6698914094589115,1,False,7,8,1,matrixturf,dome,,,1.0,00-0034899,00-0035752,283.0775844951066,False,False,False,False,False,False,True,False,False,False,True,False,False,59.0,8.0,-1,0.4959077344648318,0.4959077344648318,0.6002979394612796
2020,17,2020_17_SEA_SF,SF,SEA,23.0,26.0,-3.0,0.30651493501581917,0,True,8,7,1,grass,closed,,,-7.0,00-0033936,00-0029263,-326.5852888006339,False,False,False,False,True,False,False,False,False,True,False,False,False,59.0,8.0,1,0.23331787641577806,0.23331787641577806,0.27723611157580275
2020,17,2020_17_WAS_PHI,PHI,WAS,14.0,20.0,-6.0,0.4204572785857773,0,False,7,7,1,grass,outdoors,38.0,10.0,-6.5,00-0036389,00-0023436,-128.35860147149452,False,False,False,False,True,False,False,False,False,False,False,False,True,38.0,10.0,0,0.31282545925451055,0.31282545925451055,0.3774045508532706
2021,1,2021_01_DAL_TB,TB,DAL,31.0,29.0,2.0,0.7422201418836798,1,False,7,7,0,grass ,outdoors,82.0,9.0,10.0,00-0019596,00-0033077,423.0159715075257,False,False,False,False,False,True,False,False,False,False,False,False,True,82.0,9.0,0,0.7808149838032342,0.7808149838032342,0.7576580786515016
2021,1,2021_01_PHI_ATL,ATL,PHI,6.0,32.0,-26.0,0.6849287726651871,0,False,7,7,0,fieldturf,open,,,3.5,00-0026143,00-0036389,310.6064478228757,False,False,False,True,False,False,False,False,False,False,False,True,False,59.0,8.0,0,0.6553738078589232,0.6553738078589232,0.6731067867426815
2021,1,2021_01_PIT_BUF,BUF,PIT,16.0,23.0,-7.0,0.6449803149560981,0,False,7,7,0,a_turf,outdoors,73.0,17.0,6.5,00-0034857,00-0022924,238.81862324646664,True,False,False,False,False,False,False,False,False,False,False,False,True,73.0,17.0,0,0.7556896113023212,0.7556896113023212,0.6892640334945873
2021,1,2021_01_NYJ_CAR,CAR,NYJ,19.0,14.0,5.0,0.6422720018566422,1,False,7,7,0,grass ,outdoors,81.0,0.0,3.5,00-0034869,00-0037013,234.0955907880014,False,False,False,False,False,True,False,False,False,False,False,False,True,81.0,0.0,0,0.6212549907023627,0.6212549907023627,0.6338651973949304
2021,1,2021_01_MIN_CIN,CIN,MIN,27.0,24.0,3.0,0.3928921213433972,1,False,7,7,0,fieldturf,outdoors,81.0,15.0,-3.0,00-0036442,00-0029604,-174.06857031618668,False,False,False,True,False,False,False,False,False,False,False,False,True,81.0,15.0,0,0.4821821447118546,0.4821821447118546,0.42860813069078013
2021,1,2021_01_SF_DET,DET,SF,33.0,41.0,-8.0,0.30975063005151415,0,False,7,7,0,fieldturf,dome,,,-9.5,00-0033106,00-0031345,-320.5141533802535,False,False,False,True,False,False,False,False,False,False,True,False,False,59.0,8.0,0,0.17123975133959898,0.17123975133959898,0.2543462785667481
2021,1,2021_01_JAX_HOU,HOU,JAX,37.0,21.0,16.0,0.6689720558493499,1,False,7,7,1,astroturf,closed,,,-3.5,00-0028118,00-0036971,281.41579759820047,False,False,True,False,False,False,False,False,False,True,False,False,False,59.0,8.0,0,0.5150303409352807,0.5150303409352807,0.6073953698837222
2021,1,2021_01_SEA_IND,IND,SEA,16.0,28.0,-12.0,0.4513762183209929,0,False,7,7,0,fieldturf,closed,,,-3.0,00-0032950,00-0029263,-78.04469943941554,False,False,False,True,False,False,False,False,False,True,False,False,False,59.0,8.0,0,0.4770071115731304,0.4770071115731304,0.4616285756218479
2021,1,2021_01_ARI_TEN,TEN,ARI,13.0,38.0,-25.0,0.6494726432736758,0,False,7,7,0,grass ,outdoors,82.0,8.0,2.5,00-0029701,00-0035228,246.68878461973298,False,False,False,False,False,True,False,False,False,False,False,False,True,82.0,8.0,0,0.5868950619543262,0.5868950619543262,0.624441610745936
2021,1,2021_01_LAC_WAS,WAS,LAC,16.0,20.0,-4.0,0.5437501766137232,0,False,7,7,0,grass ,outdoors,81.0,4.0,2.5,00-0023682,00-0036355,70.1797557646533,False,False,False,False,False,True,False,False,False,False,False,False,True,81.0,4.0,0,0.5358746222819293,0.5358746222819293,0.5405999548810057
2021,1,2021_01_CLE_KC,KC,CLE,33.0,29.0,4.0,0.6994627774816906,1,False,7,7,0,grass ,outdoors,88.0,8.0,5.5,00-0033873,00-0034855,337.8963858946733,False,False,False,False,False,True,False,False,False,False,False,False,True,88.0,8.0,0,0.6296698108991056,0.6296698108991056,0.6715455908486565
2021,1,2021_01_MIA_NE,NE,MIA,16.0,17.0,-1.0,0.565273561182592,0,False,7,7,1,fieldturf,outdoors,81.0,15.0,3.5,00-0036972,00-0036212,105.03713442902867,False,False,False,True,False,False,False,False,False,False,False,False,True,81.0,15.0,0,0.5850656529795795,0.5850656529795795,0.573190397901387
2021,1,2021_01_GB_NO,NO,GB,38.0,3.0,35.0,0.39080294970884044,1,True,7,7,0,grass ,outdoors,86.0,9.0,-4.0,00-0031503,00-0023459,-177.5753244230446,False,False,False,False,False,True,False,False,False,False,False,False,True,86.0,9.0,0,0.47626907031873356,0.47626907031873356,0.42498939795279767
2021,1,2021_01_DEN_NYG,NYG,DEN,13.0,27.0,-14.0,0.5457687214631645,0,False,7,7,0,fieldturf,outdoors,82.0,19.0,-3.0,00-0035710,00-0031237,73.43552260954729,False,False,False,True,False,False,False,False,False,False,False,False,True,82.0,19.0,0,0.49029320140397586,0.49029320140397586,0.523578513439489
2021,1,2021_01_CHI_LA,LA,CHI,34.0,14.0,20.0,0.7702803357292808,1,False,7,7,0,matrixturf,dome,,,9.5,00-0026498,00-0027973,483.95792257673327,False,False,False,False,False,False,True,False,False,False,True,False,False,59.0,8.0,0,0.7782499481538477,0.7782499481538477,0.7734681806991075
2021,1,2021_01_BAL_LV,LV,BAL,33.0,27.0,6.0,0.3826670435627483,1,False,7,7,0,grass,dome,,,-3.0,00-0031280,00-0034796,-191.29729715361094,False,False,False,False,True,False,False,False,False,False,True,False,False,59.0,8.0,0,0.4572079513276952,0.4572079513276952,0.41248340666872707
2021,2,2021_02_NYG_WAS,WAS,NYG,30.0,29.0,1.0,0.6498554839506502,1,False,4,4,1,grass ,outdoors,71.0,0.0,4.0,00-0031800,00-0035710,247.36161341037706,False,False,False,False,False,True,False,False,False,False,False,False,True,71.0,0.0,0,0.6418504039151178,0.6418504039151178,0.6466534519364372
2021,2,2021_02_NO_CAR,CAR,NO,26.0,7.0,19.0,0.3382716128581744,1,False,7,7,1,grass ,outdoors,83.0,4.0,-3.0,00-0034869,00-0031503,-268.4024077205483,False,False,False,False,False,True,False,False,False,False,False,False,True,83.0,4.0,0,0.41854013227616826,0.41854013227616826,0.370379020625372
2021,2,2021_02_CIN_CHI,CHI,CIN,20.0,17.0,3.0,0.6495539386936273,1,False,7,7,0,grass ,outdoors,80.0,0.0,2.0,00-0027973,00-0036442,246.83163009083015,False,False,False,False,False,True,False,False,False,False,False,False,True,80.0,0.0,0,0.5868950619543262,0.5868950619543262,0.6244903879979069
2021,2,2021_02_HOU_CLE,CLE,HOU,31.0,21.0,10.0,0.6572164274889355,1,False,7,7,0,grass ,outdoors,75.0,12.0,13.5,00-0034855,00-0028118,260.36564718032764,False,False,False,False,False,True,False,False,False,False,False,False,True,75.0,12.0,0,0.7745354477648193,0.7745354477648193,0.704144035599289
2021,2,2021_02_LA_IND,IND,LA,24.0,27.0,-3.0,0.44611795681462907,0,False,7,7,0,fieldturf,closed,,,-4.0,00-0032950,00-0026498,-86.54734056959464,False,False,False,True,False,False,False,False,False,True,False,False,False,59.0,8.0,0,0.46387594411443406,0.46387594411443406,0.4532211517345511
2021,2,2021_02_DEN_JAX,JAX,DEN,13.0,23.0,-10.0,0.3087408563619451,0,False,7,7,0,grass ,outdoors,80.0,7.0,-6.0,00-0036971,00-0031237,-322.40500318144063,False,False,False,False,False,True,False,False,False,False,False,False,True,80.0,7.0,0,0.3811332095363671,0.3811332095363671,0.3376977976317139
2021,2,2021_02_BUF_MIA,MIA,BUF,0.0,35.0,-35.0,0.43634132318912633,0,False,7,7,1,grass ,outdoors,89.0,7.0,-3.5,00-0036212,00-0034857,-102.40963876381545,False,False,False,False,False,True,False,False,False,False,False,False,True,89.0,7.0,0,0.473257619671386,0.473257619671386,0.45110784178203023
2021,2,2021_02_NE_NYJ,NYJ,NE,6.0,25.0,-19.0,0.3288525109727273,0,False,7,7,1,fieldturf,outdoors,72.0,13.0,-5.5,00-0037013,00-0036972,-285.35182491693917,False,False,False,True,False,False,False,False,False,False,False,False,True,72.0,13.0,0,0.2971694773571297,0.2971694773571297,0.3161792975264882
2021,2,2021_02_SF_PHI,PHI,SF,11.0,17.0,-6.0,0.5190162046682483,0,False,7,7,0,grass ,outdoors,76.0,13.0,-3.0,00-0036389,00-0031345,30.440610218686892,False,False,False,False,False,True,False,False,False,False,False,False,True,76.0,13.0,0,0.49029320140397586,0.49029320140397586,0.5075270033625393
2021,2,2021_02_LV_PIT,PIT,LV,17.0,26.0,-9.0,0.6408994184500237,0,False,7,6,0,grass ,outdoors,77.0,4.0,5.5,00-0022924,00-0031280,231.70800416718694,False,False,False,False,False,True,False,False,False,False,False,False,True,77.0,4.0,1,0.6511558724573044,0.6511558724573044,0.6450020000529361
2021,2,2021_02_MIN_ARI,ARI,MIN,34.0,33.0,1.0,0.6840658754823069,1,False,7,7,0,grass ,closed,,,4.0,00-0035228,00-0029604,309.0081988124933,False,False,False,False,False,True,False,False,False,True,False,False,False,59.0,8.0,0,0.6428787873338685,0.6428787873338685,0.6675910402229316
2021,2,2021_02_ATL_TB,TB,ATL,48.0,25.0,23.0,0.7269729565166715,1,False,10,7,1,grass ,outdoors,85.0,0.0,13.5,00-0019596,00-0026143,391.7273709780912,False,False,False,False,False,True,False,False,False,False,False,False,True,85.0,0.0,3,0.777377428974026,0.777377428974026,0.7471347454996133
2021,2,2021_02_DAL_LAC,LAC,DAL,17.0,20.0,-3.0,0.6763013407027879,0,False,7,10,0,matrixturf,dome,,,3.0,00-0036355,00-0033077,294.730291148105,False,False,False,False,False,False,True,False,False,False,True,False,False,59.0,8.0,-3,0.6046497116843783,0.6046497116843783,0.647640689095424
2021,2,2021_02_TEN_SEA,SEA,TEN,30.0,33.0,-3.0,0.6708403321975973,0,False,7,7,0,fieldturf,outdoors,62.0,14.0,6.5,00-0029263,00-0029701,284.7952832604393,False,False,False,True,False,False,False,False,False,False,False,False,True,62.0,14.0,0,0.7487046250711739,0.7487046250711739,0.7019860493470279
2021,2,2021_02_KC_BAL,BAL,KC,36.0,35.0,1.0,0.4435048316639073,1,False,6,7,0,grass,outdoors,82.0,8.0,-3.5,00-0034796,00-0033873,-90.77991694320211,False,False,False,False,True,False,False,False,False,False,False,False,True,82.0,8.0,-1,0.46125421330007915,0.46125421330007915,0.450604584318376
2021,2,2021_02_DET_GB,GB,DET,35.0,17.0,18.0,0.8104880772484206,1,False,8,8,1,grass ,outdoors,73.0,12.0,11.5,00-0023459,00-0033106,581.2738765053747,False,False,False,False,False,True,False,False,False,False,False,False,True,73.0,12.0,0,0.8636290521379418,0.8636290521379418,0.8317444672042291
2021,3,2021_03_CAR_HOU,HOU,CAR,9.0,24.0,-15.0,0.36179113059384915,0,False,4,4,0,astroturf,closed,,,-8.0,00-0036898,00-0034869,-227.03942131470836,False,False,True,False,False,False,False,False,False,True,False,False,False,59.0,8.0,0,0.17123975133959898,0.17123975133959898,0.2855705788921491
2021,3,2021_03_WAS_BUF,BUF,WAS,43.0,21.0,22.0,0.7722089786057792,1,False,7,10,0,a_turf,outdoors,67.0,21.0,7.5,00-0034857,00-0031800,488.330630102521,True,False,False,False,False,False,False,False,False,False,False,False,True,67.0,21.0,-3,0.7784970444835922,0.7784970444835922,0.7747242049569044
2021,3,2021_03_CHI_CLE,CLE,CHI,26.0,6.0,20.0,0.6493186332735982,1,False,7,7,0,grass ,outdoors,70.0,22.0,7.5,00-0034855,00-0036945,246.4182130036276,False,False,False,False,False,True,False,False,False,False,False,False,True,70.0,22.0,0,0.7432564610952525,0.7432564610952525,0.6868937644022599
2021,3,2021_03_BAL_DET,DET,BAL,17.0,19.0,-2.0,0.2794634469067645,0,False,6,7,0,fieldturf,dome,,,-7.5,00-0033106,00-0034796,-378.8498573446687,False,False,False,True,False,False,False,False,False,False,True,False,False,59.0,8.0,-1,0.17123975133959898,0.17123975133959898,0.2361739686798983
2021,3,2021_03_ARI_JAX,JAX,ARI,19.0,31.0,-12.0,0.29247731906001795,0,False,7,7,0,grass ,outdoors,81.0,4.0,-8.0,00-0036971,00-0035228,-353.35302595160056,False,False,False,False,False,True,False,False,False,False,False,False,True,81.0,4.0,0,0.22035368999035457,0.22035368999035457,0.2636278674321526
2021,3,2021_03_LAC_KC,KC,LAC,24.0,30.0,-6.0,0.7199215835789966,0,False,7,7,1,grass ,outdoors,81.0,19.0,6.5,00-0033873,00-0036355,377.6290687105462,False,False,False,False,False,True,False,False,False,False,False,False,True,81.0,19.0,0,0.7501261165605381,0.7501261165605381,0.7320033967716132
2021,3,2021_03_NO_NE,NE,NO,13.0,28.0,-15.0,0.5075907795100387,0,False,7,7,0,fieldturf,outdoors,73.0,11.0,3.0,00-0036972,00-0031503,12.146180422900255,False,False,False,True,False,False,False,False,False,False,False,False,True,73.0,11.0,0,0.5582730551910258,0.5582730551910258,0.5278636897824336
2021,3,2021_03_ATL_NYG,NYG,ATL,14.0,17.0,-3.0,0.5948391602429516,0,False,10,7,0,fieldturf,outdoors,69.0,13.0,3.0,00-0035710,00-0026143,153.60277064466428,False,False,False,True,False,False,False,False,False,False,False,False,True,69.0,13.0,3,0.5683313017304799,0.5683313017304799,0.5842360168379629
2021,3,2021_03_CIN_PIT,PIT,CIN,10.0,24.0,-14.0,0.7420749326049415,0,False,7,7,1,grass ,outdoors,67.0,9.0,2.5,00-0022924,00-0036442,422.712447649271,False,False,False,False,False,True,False,False,False,False,False,False,True,67.0,9.0,0,0.6011732033644578,0.6011732033644578,0.685714240908748
2021,3,2021_03_IND_TEN,TEN,IND,25.0,16.0,9.0,0.6916702070009456,1,False,7,7,1,grass ,outdoors,72.0,4.0,4.5,00-0029701,00-0032950,323.17571837040293,False,False,False,False,False,True,False,False,False,False,False,False,True,72.0,4.0,0,0.6519076053166892,0.6519076053166892,0.675765166327243
2021,3,2021_03_NYJ_DEN,DEN,NYJ,26.0,0.0,26.0,0.7229902579454744,1,False,7,7,0,grass ,outdoors,82.0,6.0,10.5,00-0031237,00-0037013,383.7372288558277,False,False,False,False,False,True,False,False,False,False,False,False,True,82.0,6.0,0,0.7728564625694372,0.7728564625694372,0.7429367397950596
2021,3,2021_03_MIA_LV,LV,MIA,31.0,28.0,3.0,0.6569237517749543,1,False,7,7,0,grass,dome,,,4.0,00-0031280,00-0033119,259.8460944476158,False,False,False,False,True,False,False,False,False,False,True,False,False,59.0,8.0,0,0.598359619540716,0.598359619540716,0.6334980988812591
2021,3,2021_03_TB_LA,LA,TB,34.0,24.0,10.0,0.5352751209815909,1,False,7,7,0,matrixturf,dome,,,-1.0,00-0026498,00-0019596,56.53411483164059,False,False,False,False,False,False,True,False,False,False,True,False,False,59.0,8.0,0,0.4914376454146938,0.4914376454146938,0.517740130754832
2021,3,2021_03_SEA_MIN,MIN,SEA,30.0,17.0,13.0,0.4008858556478203,1,False,7,7,0,sportturf,dome,,,-2.0,00-0029604,00-0029263,-160.71016024660418,False,False,False,False,False,False,False,True,False,False,True,False,False,59.0,8.0,0,0.483818091470237,0.483818091470237,0.43405874997678695
2021,3,2021_03_GB_SF,SF,GB,28.0,30.0,-2.0,0.4909146637519842,0,False,7,6,0,grass,outdoors,69.0,15.0,3.5,00-0031345,00-0023459,-14.538138172934278,False,False,False,False,True,False,False,False,False,False,False,False,True,69.0,15.0,1,0.5847548376363333,0.5847548376363333,0.5284507333057238
2021,3,2021_03_PHI_DAL,DAL,PHI,41.0,21.0,20.0,0.6075082542429557,1,False,8,8,1,matrixturf,open,,,3.5,00-0033077,00-0036389,174.74010210825122,False,False,False,False,False,False,True,False,False,False,False,True,False,59.0,8.0,0,0.62695294480473,0.62695294480473,0.6152861304676653
2021,4,2021_04_JAX_CIN,CIN,JAX,24.0,21.0,3.0,0.737128109511746,1,False,4,4,0,fieldturf,outdoors,65.0,0.0,7.5,00-0036442,00-0036971,412.43795906064287,False,False,False,True,False,False,False,False,False,False,False,False,True,65.0,0.0,0,0.756190126372063,0.756190126372063,0.7447529162558728
2021,4,2021_04_WAS_ATL,ATL,WAS,30.0,34.0,-4.0,0.5482908094637393,0,False,7,7,0,fieldturf,open,,,-1.0,00-0026143,00-0031800,77.50689255656718,False,False,False,True,False,False,False,False,False,False,False,True,False,59.0,8.0,0,0.4914376454146938,0.4914376454146938,0.5255495438441211
2021,4,2021_04_HOU_BUF,BUF,HOU,40.0,0.0,40.0,0.8206105550703572,1,False,7,10,0,a_turf,outdoors,67.0,12.0,19.0,00-0034857,00-0036898,608.1958120218542,True,False,False,False,False,False,False,False,False,False,False,False,True,67.0,12.0,-3,0.8665530516833094,0.8665530516833094,0.838987553715538
2021,4,2021_04_DET_CHI,CHI,DET,24.0,14.0,10.0,0.6438553242227961,1,False,7,7,1,grass ,outdoors,72.0,4.0,3.0,00-0036945,00-0033106,236.85480324355606,False,False,False,False,False,True,False,False,False,False,False,False,True,72.0,4.0,0,0.6004275434848666,0.6004275434848666,0.6264842119276244
2021,4,2021_04_CAR_DAL,DAL,CAR,36.0,28.0,8.0,0.6110510110353307,1,False,6,10,0,matrixturf,closed,,,4.5,00-0033077,00-0034869,180.69289688672174,False,False,False,False,False,False,True,False,False,True,False,False,False,59.0,8.0,-4,0.6097590157848143,0.6097590157848143,0.6105342129351241
2021,4,2021_04_IND_MIA,MIA,IND,17.0,27.0,-10.0,0.557282265567064,0,False,7,7,0,grass ,outdoors,85.0,16.0,2.5,00-0033119,00-0032950,92.05578934677882,False,False,False,False,False,True,False,False,False,False,False,False,True,85.0,16.0,0,0.5385764907113575,0.5385764907113575,0.5497999556247813
2021,4,2021_04_CLE_MIN,MIN,CLE,7.0,14.0,-7.0,0.5025230621699027,0,False,7,7,0,sportturf,dome,,,-1.0,00-0029604,00-0034855,4.036933736723958,False,False,False,False,False,False,False,True,False,False,True,False,False,59.0,8.0,0,0.5138253243932008,0.5138253243932008,0.507043967059222
2021,4,2021_04_NYG_NO,NO,NYG,21.0,27.0,-6.0,0.8097486170519308,0,False,7,7,0,sportturf,dome,,,7.5,00-0031503,00-0035710,579.3510337419034,False,False,False,False,False,False,False,True,False,False,True,False,False,59.0,8.0,0,0.8346201232014623,0.8346201232014623,0.8196972195117433
2021,4,2021_04_TEN_NYJ,NYJ,TEN,27.0,24.0,3.0,0.3131553720948596,1,False,7,7,0,fieldturf,outdoors,78.0,9.0,-5.5,00-0037013,00-0029701,-314.16345701774117,False,False,False,True,False,False,False,False,False,False,False,False,True,78.0,9.0,0,0.3248374864429711,0.3248374864429711,0.3178282178341042
2021,4,2021_04_KC_PHI,PHI,KC,30.0,42.0,-12.0,0.3576587830902119,0,False,6,7,0,grass ,outdoors,73.0,8.0,-7.5,00-0036389,00-0033873,-234.21609639167684,False,False,False,False,False,True,False,False,False,False,False,False,True,73.0,8.0,-1,0.16896733287113622,0.16896733287113622,0.28218220300258157
2021,4,2021_04_ARI_LA,LA,ARI,20.0,37.0,-17.0,0.6612998422556114,0,False,7,7,1,matrixturf,dome,,,3.5,00-0026498,00-0035228,267.6368522341327,False,False,False,False,False,False,True,False,False,False,True,False,False,59.0,8.0,0,0.6521185883295645,0.6521185883295645,0.6576273406851927
2021,4,2021_04_SEA_SF,SF,SEA,21.0,28.0,-7.0,0.5675864751277973,0,False,7,7,1,grass,outdoors,80.0,0.0,2.5,00-0031345,00-0029263,108.8043011752446,False,False,False,False,True,False,False,False,False,False,False,False,True,80.0,0.0,0,0.5392470258123163,0.5392470258123163,0.5562506954016049
2021,4,2021_04_BAL_DEN,DEN,BAL,7.0,23.0,-16.0,0.48722268044214867,0,False,7,7,0,grass ,outdoors,77.0,11.0,1.0,00-0031237,00-0034796,-20.448163221278072,False,False,False,False,False,True,False,False,False,False,False,False,True,77.0,11.0,0,0.47554040627694283,0.47554040627694283,0.4825497707760663
2021,4,2021_04_PIT_GB,GB,PIT,27.0,17.0,10.0,0.6797574919016411,1,False,7,7,0,grass ,outdoors,67.0,4.0,6.5,00-0023459,00-0022924,301.0630233676914,False,False,False,False,False,True,False,False,False,False,False,False,True,67.0,4.0,0,0.7428675020021659,0.7428675020021659,0.705001495941851
2021,4,2021_04_TB_NE,NE,TB,17.0,19.0,-2.0,0.3651604293678178,0,False,7,7,0,fieldturf,outdoors,62.0,4.0,-6.0,00-0036972,00-0019596,-221.21421310719236,False,False,False,True,False,False,False,False,False,False,False,False,True,62.0,4.0,0,0.29481861872302784,0.29481861872302784,0.33702370510990176
2021,4,2021_04_LV_LAC,LAC,LV,28.0,14.0,14.0,0.5837691821987053,1,False,8,8,1,matrixturf,dome,,,3.0,00-0036355,00-0031280,135.30628474730295,False,False,False,False,False,False,True,False,False,False,True,False,False,59.0,8.0,0,0.5529025495159757,0.5529025495159757,0.5714225291256134
2021,5,2021_05_LA_SEA,SEA,LA,17.0,26.0,-9.0,0.5122507539470942,0,False,4,4,1,fieldturf,outdoors,56.0,8.0,-2.5,00-0029263,00-0026498,19.60513008623641,False,False,False,True,False,False,False,False,False,False,False,False,True,56.0,8.0,0,0.47622937800008136,0.47622937800008136,0.497842203568289
2021,5,2021_05_NYJ_ATL,ATL,NYJ,27.0,20.0,7.0,0.6370566225267981,1,True,7,7,0,grass,outdoors,63.0,8.0,3.0,00-0026143,00-0037013,225.04468152525556,False,False,False,False,True,False,False,False,False,False,False,False,True,63.0,8.0,0,0.5534155774460988,0.5534155774460988,0.6036002044945183
2021,5,2021_05_PHI_CAR,CAR,PHI,18.0,21.0,-3.0,0.6764371453287468,0,False,7,7,0,grass ,outdoors,76.0,13.0,2.5,00-0034869,00-0036389,294.97845637077273,False,False,False,False,False,True,False,False,False,False,False,False,True,76.0,13.0,0,0.5851756513471204,0.5851756513471204,0.6399325477360962
2021,5,2021_05_GB_CIN,CIN,GB,22.0,25.0,-3.0,0.35041569611195866,0,False,10,7,0,fieldturf,outdoors,76.0,12.0,-2.0,00-0036442,00-0023459,-246.88498916903035,False,False,False,True,False,False,False,False,False,False,False,False,True,76.0,12.0,3,0.41978517263566123,0.41978517263566123,0.37816348672143973
2021,5,2021_05_NE_HOU,HOU,NE,22.0,25.0,-3.0,0.2981127074733509,0,False,7,7,0,astroturf,closed,,,-8.0,00-0036898,00-0036972,-342.5204844723627,False,False,True,False,False,False,False,False,False,True,False,False,False,59.0,8.0,0,0.17123975133959898,0.17123975133959898,0.24736352501985012
2021,5,2021_05_TEN_JAX,JAX,TEN,19.0,37.0,-18.0,0.3035036953485576,0,False,10,7,1,grass ,outdoors,78.0,11.0,-4.0,00-0036971,00-0029701,-332.2674805620871,False,False,False,False,False,True,False,False,False,False,False,False,True,78.0,11.0,3,0.35603608355400407,0.35603608355400407,0.3245166506307362
2021,5,2021_05_DET_MIN,MIN,DET,19.0,17.0,2.0,0.7239836138621543,1,False,7,7,1,sportturf,dome,,,10.0,00-0029604,00-0033106,385.7234101292142,False,False,False,False,False,False,False,True,False,False,True,False,False,59.0,8.0,0,0.7725054840554747,0.7725054840554747,0.7433923619394824
2021,5,2021_05_DEN_PIT,PIT,DEN,27.0,19.0,8.0,0.5482478198849079,1,False,7,7,0,grass ,outdoors,71.0,9.0,-2.0,00-0022924,00-0031237,77.43746215943742,False,False,False,False,False,True,False,False,False,False,False,False,True,71.0,9.0,0,0.48850370316699937,0.48850370316699937,0.5243501731977445
2021,5,2021_05_MIA_TB,TB,MIA,45.0,17.0,28.0,0.7443125556286029,1,False,7,7,0,grass ,outdoors,84.0,7.0,11.0,00-0019596,00-0033119,427.4021080566662,False,False,False,False,False,True,False,False,False,False,False,False,True,84.0,7.0,0,0.7780785631866219,0.7780785631866219,0.7578189586518105
2021,5,2021_05_NO_WAS,WAS,NO,22.0,33.0,-11.0,0.3620302961518874,0,False,7,7,0,grass ,outdoors,70.0,12.0,-2.5,00-0031800,00-0031503,-226.62515869384688,False,False,False,False,False,True,False,False,False,False,False,False,True,70.0,12.0,0,0.4633510708214164,0.4633510708214164,0.402558606019699
2021,5,2021_05_CLE_LAC,LAC,CLE,47.0,42.0,5.0,0.5932814730770407,1,False,6,7,0,matrixturf,dome,,,2.5,00-0036355,00-0034855,151.01903188908702,False,False,False,False,False,False,True,False,False,False,True,False,False,59.0,8.0,-1,0.5364330865192967,0.5364330865192967,0.5705421184539431
2021,5,2021_05_CHI_LV,LV,CHI,9.0,20.0,-11.0,0.6628409372808594,0,False,6,7,0,grass,dome,,,5.5,00-0031280,00-0036945,270.39209304081425,False,False,False,False,True,False,False,False,False,False,True,False,False,59.0,8.0,-1,0.6600284213241012,0.6600284213241012,0.6617159308981562
2021,5,2021_05_SF_ARI,ARI,SF,17.0,10.0,7.0,0.6965720971936399,1,False,7,7,1,grass ,closed,,,6.0,00-0035228,00-0037012,332.41090866980585,False,False,False,False,False,True,False,False,False,True,False,False,False,59.0,8.0,0,0.6422063291047602,0.6422063291047602,0.674825789958088
2021,5,2021_05_NYG_DAL,DAL,NYG,44.0,20.0,24.0,0.6780354714620953,1,False,7,7,1,matrixturf,closed,,,7.5,00-0033077,00-0035710,297.9032898825483,False,False,False,False,False,False,True,False,False,True,False,False,False,59.0,8.0,0,0.7332005174597308,0.7332005174597308,0.7001014898611495
2021,5,2021_05_BUF_KC,KC,BUF,20.0,38.0,-18.0,0.5690835297988371,0,False,7,7,0,grass ,outdoors,76.0,0.0,2.5,00-0033873,00-0034857,111.2451830884079,False,False,False,False,False,True,False,False,False,False,False,False,True,76.0,0.0,0,0.5358746222819293,0.5358746222819293,0.555799966792074
2021,5,2021_05_IND_BAL,BAL,IND,31.0,25.0,6.0,0.6742511935060127,1,False,8,8,0,grass,outdoors,69.0,6.0,7.5,00-0034796,00-0032950,290.9904720059984,False,False,False,False,True,False,False,False,False,False,False,False,True,69.0,6.0,0,0.7428675020021659,0.7428675020021659,0.701697716904474
2021,6,2021_06_TB_PHI,PHI,TB,22.0,28.0,-6.0,0.34937918339276397,0,False,4,4,0,grass ,outdoors,74.0,8.0,-7.0,00-0036389,00-0019596,-248.70767670869873,False,False,False,False,False,True,False,False,False,False,False,False,True,74.0,8.0,0,0.2801703275085464,0.2801703275085464,0.32169564103907694
2021,6,2021_06_MIA_JAX,JAX,MIA,23.0,20.0,3.0,0.3547564004685823,1,True,7,7,0,grass,outdoors,63.0,11.0,-2.5,00-0036971,00-0036212,-239.27862444600282,False,False,False,False,True,False,False,False,False,False,False,False,True,63.0,11.0,0,0.46361957507414076,0.46361957507414076,0.39830167031080566
2021,6,2021_06_LAC_BAL,BAL,LAC,34.0,6.0,28.0,0.6435666535607959,1,False,6,7,0,grass,outdoors,63.0,15.0,3.0,00-0034796,00-0036355,236.351338218096,False,False,False,False,True,False,False,False,False,False,False,False,True,63.0,15.0,-1,0.5453952653650034,0.5453952653650034,0.6042980982824789
2021,6,2021_06_MIN_CAR,CAR,MIN,28.0,34.0,-6.0,0.5196891343177499,0,False,7,7,0,grass ,outdoors,62.0,7.0,-2.5,00-0034869,00-0029604,31.51891323089484,False,False,False,False,False,True,False,False,False,False,False,False,True,62.0,7.0,0,0.4898105091070887,0.4898105091070887,0.5077376842334853
2021,6,2021_06_GB_CHI,CHI,GB,14.0,24.0,-10.0,0.3279998204342894,0,False,7,7,1,grass ,outdoors,59.0,6.0,-5.5,00-0036945,00-0023459,-286.8982187225735,False,False,False,False,False,True,False,False,False,False,False,False,True,59.0,6.0,0,0.2894904521815048,0.2894904521815048,0.31259607313317556
2021,6,2021_06_CIN_DET,DET,CIN,11.0,34.0,-23.0,0.3688505543421661,0,False,7,7,0,fieldturf,dome,,,-3.5,00-0033106,00-0036442,-214.86044546845312,False,False,False,True,False,False,False,False,False,False,True,False,False,59.0,8.0,0,0.44786956678207757,0.44786956678207757,0.40045815931813067
2021,6,2021_06_HOU_IND,IND,HOU,31.0,3.0,28.0,0.7015606696418271,1,False,6,7,1,fieldturf,open,,,10.5,00-0032950,00-0036898,341.896287039963,False,False,False,True,False,False,False,False,False,False,False,True,False,59.0,8.0,-1,0.7621673051201007,0.7621673051201007,0.7258033238331365
2021,6,2021_06_LA_NYG,NYG,LA,11.0,38.0,-27.0,0.3323997740732958,0,False,7,10,0,fieldturf,outdoors,61.0,13.0,-7.5,00-0035710,00-0026498,-278.9404587624239,False,False,False,True,False,False,False,False,False,False,False,False,True,61.0,13.0,-3,0.25408650378459924,0.25408650378459924,0.3010744659578172
2021,6,2021_06_KC_WAS,WAS,KC,13.0,31.0,-18.0,0.3020133112866504,0,False,7,7,0,grass ,outdoors,62.0,13.0,-6.0,00-0031800,00-0033873,-335.0915753830651,False,False,False,False,False,True,False,False,False,False,False,False,True,62.0,13.0,0,0.3025787897221445,0.3025787897221445,0.30223950266084804
2021,6,2021_06_ARI_CLE,CLE,ARI,14.0,37.0,-23.0,0.5744784729679446,0,False,7,7,0,grass ,outdoors,58.0,23.0,3.0,00-0034855,00-0035228,120.05883465332587,False,False,False,False,False,True,False,False,False,False,False,False,True,58.0,23.0,0,0.5622389431512688,0.5622389431512688,0.5695826610412743
2021,6,2021_06_LV_DEN,DEN,LV,24.0,34.0,-10.0,0.6202822745505118,0,False,7,7,1,grass ,outdoors,76.0,8.0,5.0,00-0031237,00-0031280,196.29860281614089,False,False,False,False,False,True,False,False,False,False,False,False,True,76.0,8.0,0,0.62393443898442,0.62393443898442,0.6217431403240751
2021,6,2021_06_DAL_NE,NE,DAL,29.0,35.0,-6.0,0.46109842530698636,0,False,7,7,0,fieldturf,outdoors,62.0,11.0,-3.5,00-0036972,00-0033077,-62.36856914321605,False,False,False,True,False,False,False,False,False,False,False,False,True,62.0,11.0,0,0.4665797322179604,0.4665797322179604,0.463290948071376
2021,6,2021_06_SEA_PIT,PIT,SEA,23.0,20.0,3.0,0.6664943422537417,1,False,7,10,0,grass ,outdoors,49.0,6.0,5.5,00-0022924,00-0030565,276.9487283491943,False,False,False,False,False,True,False,False,False,False,False,False,True,49.0,6.0,-3,0.6458571933328858,0.6458571933328858,0.6582394826853994
2021,6,2021_06_BUF_TEN,TEN,BUF,34.0,31.0,3.0,0.3121721432012943,1,False,8,8,0,grass ,outdoors,66.0,6.0,-6.0,00-0029701,00-0034857,-315.9935287193979,False,False,False,False,False,True,False,False,False,False,False,False,True,66.0,6.0,0,0.22834216607869717,0.22834216607869717,0.2786401523522555
2021,7,2021_07_DEN_CLE,CLE,DEN,17.0,14.0,3.0,0.647470629181148,1,False,4,4,0,grass ,outdoors,59.0,27.0,2.0,00-0028986,00-0031237,243.17579678147325,False,False,False,False,False,True,False,False,False,False,False,False,True,59.0,27.0,0,0.5787072778159346,0.5787072778159346,0.6199652886350626
2021,7,2021_07_CIN_BAL,BAL,CIN,17.0,41.0,-24.0,0.7550988590290597,0,False,7,7,1,grass,outdoors,61.0,6.0,6.5,00-0034796,00-0036442,450.3976227661869,False,False,False,False,True,False,False,False,False,False,False,False,True,61.0,6.0,0,0.7501261165605381,0.7501261165605381,0.7531097620416511
2021,7,2021_07_WAS_GB,GB,WAS,24.0,10.0,14.0,0.7965957262976052,1,False,7,7,0,grass ,outdoors,49.0,11.0,8.5,00-0023459,00-0031800,546.0607244363779,False,False,False,False,False,True,False,False,False,False,False,False,True,49.0,11.0,0,0.8565811816735653,0.8565811816735653,0.8205899084479893
2021,7,2021_07_ATL_MIA,MIA,ATL,28.0,30.0,-2.0,0.4856904128813478,0,False,7,14,0,grass ,outdoors,85.0,9.0,-1.5,00-0036212,00-0026143,-22.901593327218308,False,False,False,False,False,True,False,False,False,False,False,False,True,85.0,9.0,-7,0.46700421592519953,0.46700421592519953,0.47821593409888846
2021,7,2021_07_NYJ_NE,NE,NYJ,54.0,13.0,41.0,0.7309069672692349,1,False,7,14,1,fieldturf,outdoors,52.0,0.0,7.0,00-0036972,00-0037013,399.69160699981626,False,False,False,True,False,False,False,False,False,False,False,False,True,52.0,0.0,-7,0.7712166582245721,0.7712166582245721,0.7470308436513697
2021,7,2021_07_CAR_NYG,NYG,CAR,25.0,3.0,22.0,0.41986690533446636,1,False,7,7,0,fieldturf,outdoors,57.0,0.0,-3.0,00-0035710,00-0034869,-129.3279127123916,False,False,False,True,False,False,False,False,False,False,False,False,True,57.0,0.0,0,0.47477346632583145,0.47477346632583145,0.4418295297310124
2021,7,2021_07_KC_TEN,TEN,KC,27.0,3.0,24.0,0.44471732837738986,1,False,6,7,0,grass ,outdoors,74.0,14.0,-4.0,00-0029701,00-0033873,-88.81537565038387,False,False,False,False,False,True,False,False,False,False,False,False,True,74.0,14.0,-1,0.45082741096688667,0.45082741096688667,0.4471613614131886
2021,7,2021_07_DET_LA,LA,DET,28.0,19.0,9.0,0.8508546489641036,1,False,7,7,0,matrixturf,dome,,,17.0,00-0026498,00-0033106,696.5279891822504,False,False,False,False,False,False,True,False,False,False,True,False,False,59.0,8.0,0,0.8833656487108884,0.8833656487108884,0.8638590488628175
2021,7,2021_07_PHI_LV,LV,PHI,33.0,22.0,11.0,0.6855255011929179,1,False,7,10,0,grass,dome,,,1.0,00-0031280,00-0036389,311.71308447863197,False,False,False,False,True,False,False,False,False,False,True,False,False,59.0,8.0,-3,0.4932834957792513,0.4932834957792513,0.6086286990274512
2021,7,2021_07_HOU_ARI,ARI,HOU,31.0,5.0,26.0,0.812985865321337,1,False,7,7,0,grass ,closed,,,20.5,00-0035228,00-0036898,587.811809221231,False,False,False,False,False,True,False,False,False,True,False,False,False,59.0,8.0,0,0.8566039025038895,0.8566039025038895,0.830433080194358
2021,7,2021_07_CHI_TB,TB,CHI,38.0,3.0,35.0,0.7179704282042503,1,False,10,7,0,grass ,outdoors,83.0,7.0,12.5,00-0019596,00-0036945,373.76658075633566,False,False,False,False,False,True,False,False,False,False,False,False,True,83.0,7.0,3,0.7798037446998303,0.7798037446998303,0.7427037548024823
2021,7,2021_07_IND_SF,SF,IND,18.0,30.0,-12.0,0.5687746103097856,0,False,14,7,0,grass,outdoors,64.0,16.0,3.5,00-0031345,00-0032950,110.74133634847878,False,False,False,False,True,False,False,False,False,False,False,False,True,64.0,16.0,7,0.5903191860028598,0.5903191860028598,0.5773924405870153
2021,7,2021_07_NO_SEA,SEA,NO,10.0,13.0,-3.0,0.3323394021982764,0,False,8,15,0,fieldturf,outdoors,54.0,16.0,-6.0,00-0030565,00-0031503,-279.0492859150078,False,False,False,True,False,False,False,False,False,False,False,False,True,54.0,16.0,-7,0.2265318094084458,0.2265318094084458,0.2900163650823442
2021,8,2021_08_GB_ARI,ARI,GB,21.0,24.0,-3.0,0.6384594075992704,0,False,4,4,0,grass ,open,,,6.5,00-0035228,00-0023459,227.47350989154467,False,False,False,False,False,True,False,False,False,False,False,True,False,59.0,8.0,0,0.7325974424028714,0.7325974424028714,0.6761146215207108
2021,8,2021_08_CAR_ATL,ATL,CAR,13.0,19.0,-6.0,0.6356450368706955,0,False,7,7,1,fieldturf,open,,,2.5,00-0026143,00-0034869,222.60468940408447,False,False,False,True,False,False,False,False,False,False,False,True,False,59.0,8.0,0,0.5812005765902724,0.5812005765902724,0.6138672527585263
2021,8,2021_08_MIA_BUF,BUF,MIA,26.0,11.0,15.0,0.8384609661403115,1,False,13,7,1,a_turf,outdoors,54.0,9.0,15.0,00-0034857,00-0036212,658.7284875943542,True,False,False,False,False,False,False,False,False,False,False,False,True,54.0,9.0,6,0.884109624654701,0.884109624654701,0.8567204295460673
2021,8,2021_08_SF_CHI,CHI,SF,22.0,33.0,-11.0,0.5064914310497697,0,False,7,7,0,grass ,outdoors,53.0,12.0,-4.5,00-0036945,00-0031345,10.386873291330678,False,False,False,False,False,True,False,False,False,False,False,False,True,53.0,12.0,0,0.340796837874657,0.340796837874657,0.4402135937797246
2021,8,2021_08_PIT_CLE,CLE,PIT,10.0,15.0,-5.0,0.6596276699969321,0,False,10,14,1,grass ,outdoors,57.0,13.0,5.5,00-0034855,00-0022924,264.6541731138445,False,False,False,False,False,True,False,False,False,False,False,False,True,57.0,13.0,-4,0.6426515431336427,0.6426515431336427,0.6528372192516163
2021,8,2021_08_PHI_DET,DET,PHI,6.0,44.0,-38.0,0.41556876228974765,0,False,7,7,0,fieldturf,dome,,,-3.0,00-0033106,00-0036389,-136.39641503519698,False,False,False,True,False,False,False,False,False,False,True,False,False,59.0,8.0,0,0.46520967662424234,0.46520967662424234,0.4354251280235455
2021,8,2021_08_LA_HOU,HOU,LA,22.0,38.0,-16.0,0.26434981708490873,0,False,7,7,0,astroturf,closed,,,-17.0,00-0036898,00-0026498,-409.39256801989245,False,False,True,False,False,False,False,False,False,True,False,False,False,59.0,8.0,0,0.23944005462725623,0.23944005462725623,0.25438591210184774
2021,8,2021_08_TEN_IND,IND,TEN,31.0,34.0,-3.0,0.5704167366075175,0,False,7,7,1,fieldturf,open,,,3.0,00-0032950,00-0029701,113.4206506784063,False,False,False,True,False,False,False,False,False,False,False,True,False,59.0,8.0,0,0.5532029873762458,0.5532029873762458,0.5635312369150088
2021,8,2021_08_CIN_NYJ,NYJ,CIN,34.0,31.0,3.0,0.2848613099127368,1,False,7,7,0,fieldturf,outdoors,63.0,11.0,-11.5,00-0034401,00-0036442,-368.18962643762706,False,False,False,True,False,False,False,False,False,False,False,False,True,63.0,11.0,0,0.23944005462725623,0.23944005462725623,0.26669280779854454
2021,8,2021_08_NE_LAC,LAC,NE,24.0,27.0,-3.0,0.6671402815775688,0,False,14,7,0,matrixturf,dome,,,3.5,00-0036355,00-0036972,278.11168231420777,False,False,False,False,False,False,True,False,False,False,True,False,False,59.0,8.0,7,0.6428770958684786,0.6428770958684786,0.6574350072939327
2021,8,2021_08_JAX_SEA,SEA,JAX,31.0,7.0,24.0,0.7631090389024702,1,False,6,14,0,fieldturf,outdoors,54.0,8.0,4.0,00-0030565,00-0036971,467.9203894777647,False,False,False,True,False,False,False,False,False,False,False,False,True,54.0,8.0,-8,0.6629549315275132,0.6629549315275132,0.7230473959524873
2021,8,2021_08_WAS_DEN,DEN,WAS,17.0,10.0,7.0,0.6601321975182987,1,False,10,7,0,grass ,outdoors,41.0,4.0,4.0,00-0031237,00-0031800,265.5533553848452,False,False,False,False,False,True,False,False,False,False,False,False,True,41.0,4.0,3,0.6821660348883805,0.6821660348883805,0.6689457324663314
2021,8,2021_08_TB_NO,NO,TB,36.0,27.0,9.0,0.47836678824545725,1,False,6,7,1,sportturf,dome,,,-4.0,00-0031503,00-0019596,-34.63476150599658,False,False,False,False,False,False,False,True,False,False,True,False,False,59.0,8.0,-1,0.46797000619102413,0.46797000619102413,0.474208075423684
2021,8,2021_08_DAL_MIN,MIN,DAL,16.0,20.0,-4.0,0.6344860999125141,0,False,14,14,0,sportturf,dome,,,4.5,00-0029604,00-0033662,220.60442838455296,False,False,False,False,False,False,False,True,False,False,True,False,False,59.0,8.0,0,0.64858558040458,0.64858558040458,0.6401258921093405
2021,8,2021_08_NYG_KC,KC,NYG,20.0,17.0,3.0,0.7368842902162969,1,False,8,8,0,grass ,outdoors,39.0,4.0,10.5,00-0033873,00-0035710,411.93479288880485,False,False,False,False,False,True,False,False,False,False,False,False,True,39.0,4.0,0,0.7972945203286864,0.7972945203286864,0.7610483822612527
2021,9,2021_09_NYJ_IND,IND,NYJ,45.0,30.0,15.0,0.8113032030564252,1,False,4,4,0,fieldturf,closed,,,10.5,00-0032950,00-0034401,583.4001478195717,False,False,False,True,False,False,False,False,False,True,False,False,False,59.0,8.0,0,0.8421380358871272,0.8421380358871272,0.823637136188706
2021,9,2021_09_MIN_BAL,BAL,MIN,34.0,31.0,3.0,0.6950230378085965,1,False,14,7,0,grass,outdoors,56.0,8.0,7.5,00-0034796,00-0029604,329.48350119421457,False,False,False,False,True,False,False,False,False,False,False,False,True,56.0,8.0,7,0.7196914976538826,0.7196914976538826,0.7048904217467109
2021,9,2021_09_NE_CAR,CAR,NE,6.0,24.0,-18.0,0.428841819346336,0,False,7,7,0,grass ,outdoors,61.0,16.0,-3.5,00-0034869,00-0036972,-114.63122549677985,False,False,False,False,False,True,False,False,False,False,False,False,True,61.0,16.0,0,0.45481591588579023,0.45481591588579023,0.4392314579621177
2021,9,2021_09_CLE_CIN,CIN,CLE,16.0,41.0,-25.0,0.6045031676064199,0,False,7,7,1,fieldturf,outdoors,56.0,0.0,2.5,00-0036442,00-0034855,169.70565281112903,False,False,False,True,False,False,False,False,False,False,False,False,True,56.0,0.0,0,0.5708620677210423,0.5708620677210423,0.5910467276522688
2021,9,2021_09_DEN_DAL,DAL,DEN,16.0,30.0,-14.0,0.7000196703823994,0,False,7,7,0,matrixturf,closed,,,10.5,00-0033077,00-0031237,338.95661225187143,False,False,False,False,False,False,True,False,False,True,False,False,False,59.0,8.0,0,0.7399387375036268,0.7399387375036268,0.7159872972308904
2021,9,2021_09_BUF_JAX,JAX,BUF,9.0,6.0,3.0,0.17362000608048392,1,False,7,7,0,grass ,outdoors,59.0,16.0,-14.5,00-0036971,00-0034857,-624.0742683255456,False,False,False,False,False,True,False,False,False,False,False,False,True,59.0,16.0,0,0.23944005462725623,0.23944005462725623,0.19994802549919286
2021,9,2021_09_HOU_MIA,MIA,HOU,17.0,9.0,8.0,0.7005777529710593,1,False,7,7,0,grass ,outdoors,72.0,19.0,4.0,00-0033119,00-0028118,340.02023256332825,False,False,False,False,False,True,False,False,False,False,False,False,True,72.0,19.0,0,0.6480306199308926,0.6480306199308926,0.6795588997549926
2021,9,2021_09_ATL_NO,NO,ATL,25.0,27.0,-2.0,0.7634960287757916,0,False,7,7,1,sportturf,dome,,,7.0,00-0032156,00-0026143,468.77716954679374,False,False,False,False,False,False,False,True,False,False,True,False,False,59.0,8.0,0,0.7524208720898384,0.7524208720898384,0.7590659661014103
2021,9,2021_09_LV_NYG,NYG,LV,23.0,16.0,7.0,0.3751480442722519,1,False,6,14,0,fieldturf,outdoors,54.0,4.0,-3.0,00-0035710,00-0031280,-204.07760722121662,False,False,False,True,False,False,False,False,False,False,False,False,True,54.0,4.0,-8,0.4361121026136677,0.4361121026136677,0.39953366760881825
2021,9,2021_09_LAC_PHI,PHI,LAC,24.0,27.0,-3.0,0.43591437133063804,0,False,7,7,0,grass ,outdoors,54.0,11.0,-1.0,00-0036389,00-0036355,-103.10409433026618,False,False,False,False,False,True,False,False,False,False,False,False,True,54.0,11.0,0,0.47662253697221707,0.47662253697221707,0.45219763758726966
2021,9,2021_09_GB_KC,KC,GB,13.0,7.0,6.0,0.6227370495038573,1,False,6,10,0,grass ,outdoors,51.0,12.0,7.0,00-0033873,00-0036264,200.47277300993684,False,False,False,False,False,True,False,False,False,False,False,False,True,51.0,12.0,-4,0.7006526575553541,0.7006526575553541,0.653903292724456
2021,9,2021_09_ARI_SF,SF,ARI,17.0,31.0,-14.0,0.5490384795287692,0,False,7,10,1,grass,outdoors,57.0,8.0,5.5,00-0031345,00-0027688,78.71460554795426,False,False,False,False,True,False,False,False,False,False,False,False,True,57.0,8.0,-3,0.5623129689378789,0.5623129689378789,0.554348275292413
2021,9,2021_09_TEN_LA,LA,TEN,16.0,28.0,-12.0,0.7144198215878734,0,False,7,7,0,matrixturf,dome,,,7.0,00-0026498,00-0029701,366.7791800892226,False,False,False,False,False,False,True,False,False,False,True,False,False,59.0,8.0,0,0.724952716722437,0.724952716722437,0.7186329796416988
2021,9,2021_09_CHI_PIT,PIT,CHI,29.0,27.0,2.0,0.6888561990685822,1,False,8,8,0,grass ,outdoors,55.0,7.0,7.0,00-0022924,00-0036945,317.91094075060596,False,False,False,False,False,True,False,False,False,False,False,False,True,55.0,7.0,0,0.7176658683113473,0.7176658683113473,0.7003800667656882
2021,10,2021_10_BAL_MIA,MIA,BAL,22.0,10.0,12.0,0.3033408865867844,1,False,4,4,0,grass ,outdoors,77.0,4.0,-8.5,00-0033119,00-0034796,-332.5756011492217,False,False,False,False,False,True,False,False,False,False,False,False,True,77.0,4.0,0,0.22129392179069604,0.22129392179069604,0.27052210066834903
2021,10,2021_10_ATL_DAL,DAL,ATL,43.0,3.0,40.0,0.6712567813884233,1,False,7,7,0,matrixturf,closed,,,8.0,00-0033077,00-0026143,285.54991716695355,False,False,False,False,False,False,True,False,False,True,False,False,False,59.0,8.0,0,0.7089791329611269,0.7089791329611269,0.6863457220175047
2021,10,2021_10_JAX_IND,IND,JAX,23.0,17.0,6.0,0.8070930725955013,1,False,10,7,1,fieldturf,closed,,,10.5,00-0032950,00-0036971,572.4924648204346,False,False,False,True,False,False,False,False,False,True,False,False,False,59.0,8.0,3,0.8403368656245769,0.8403368656245769,0.8203905898071315
2021,10,2021_10_CLE_NE,NE,CLE,45.0,7.0,38.0,0.6108368837709145,1,False,7,7,0,fieldturf,outdoors,48.0,6.0,2.5,00-0036972,00-0034855,180.33255194861272,False,False,False,True,False,False,False,False,False,False,False,False,True,48.0,6.0,0,0.6203976454411204,0.6203976454411204,0.6146611884389969
2021,10,2021_10_BUF_NYJ,NYJ,BUF,17.0,45.0,-28.0,0.1889778513987206,0,False,10,7,1,fieldturf,outdoors,47.0,4.0,-13.0,00-0034401,00-0034857,-582.6662176609441,False,False,False,True,False,False,False,False,False,False,False,False,True,47.0,4.0,3,0.1573311331586415,0.1573311331586415,0.17631916410268894
2021,10,2021_10_DET_PIT,PIT,DET,16.0,16.0,0.0,0.8063693561950607,0,False,6,14,0,grass ,outdoors,37.0,12.0,9.0,00-0034771,00-0033106,570.635779764638,False,False,False,False,False,True,False,False,False,False,False,False,True,37.0,12.0,-8,0.8074885192257721,0.8074885192257721,0.8068170214073452
2021,10,2021_10_NO_TEN,TEN,NO,23.0,21.0,2.0,0.6626871233348529,1,False,7,7,0,grass ,outdoors,53.0,12.0,3.0,00-0029701,00-0032156,270.116820500827,False,False,False,False,False,True,False,False,False,False,False,False,True,53.0,12.0,0,0.6181333445291458,0.6181333445291458,0.6448656118125701
2021,10,2021_10_TB_WAS,WAS,TB,29.0,19.0,10.0,0.30816199202618133,1,False,14,14,0,grass ,outdoors,47.0,8.0,-10.0,00-0031800,00-0019596,-323.4904971368288,False,False,False,False,False,True,False,False,False,False,False,False,True,47.0,8.0,0,0.20316478260284257,0.20316478260284257,0.26616310825684586
2021,10,2021_10_CAR_ARI,ARI,CAR,10.0,34.0,-24.0,0.7823380345350491,0,False,7,7,0,grass ,closed,,,7.0,00-0027688,00-0033275,511.7374696661692,False,False,False,False,False,True,False,False,False,True,False,False,False,59.0,8.0,0,0.7460337929982892,0.7460337929982892,0.7678163379203451
2021,10,2021_10_MIN_LAC,LAC,MIN,20.0,27.0,-7.0,0.6713936779572356,0,False,7,7,0,matrixturf,dome,,,3.0,00-0036355,00-0029604,285.798089419085,False,False,False,False,False,False,True,False,False,False,True,False,False,59.0,8.0,0,0.6043443578943297,0.6043443578943297,0.6445739499320733
2021,10,2021_10_PHI_DEN,DEN,PHI,13.0,30.0,-17.0,0.6548624843778907,0,False,7,7,0,grass ,outdoors,57.0,19.0,1.0,00-0031237,00-0036389,256.1929329837312,False,False,False,False,False,True,False,False,False,False,False,False,True,57.0,19.0,0,0.5342525248630148,0.5342525248630148,0.6066185005719403
2021,10,2021_10_SEA_GB,GB,SEA,17.0,0.0,17.0,0.732241047896538,1,False,7,14,0,grass ,outdoors,35.0,11.0,3.0,00-0023459,00-0029263,402.40904673196883,False,False,False,False,False,True,False,False,False,False,False,False,True,35.0,11.0,-7,0.6467010779445624,0.6467010779445624,0.6980250599157478
2021,10,2021_10_KC_LV,LV,KC,14.0,41.0,-27.0,0.4118577737588378,0,False,7,7,1,grass,dome,,,-2.5,00-0031280,00-0033873,-142.51628783388193,False,False,False,False,True,False,False,False,False,False,True,False,False,59.0,8.0,0,0.4600381376716745,0.4600381376716745,0.4311299193239725
2021,10,2021_10_LA_SF,SF,LA,31.0,10.0,21.0,0.34111320611466417,1,False,8,8,1,grass,outdoors,59.0,0.0,-3.5,00-0031345,00-0026498,-263.33493204777415,False,False,False,False,True,False,False,False,False,False,False,False,True,59.0,0.0,0,0.39499823870723866,0.39499823870723866,0.362667219151694
2021,11,2021_11_NE_ATL,ATL,NE,0.0,25.0,-25.0,0.2787991567081109,0,False,4,4,0,fieldturf,closed,,,-7.0,00-0026143,00-0036972,-380.17040258257373,False,False,False,True,False,False,False,False,False,True,False,False,False,59.0,8.0,0,0.2926811206615046,0.2926811206615046,0.28435194228946836
2021,11,2021_11_IND_BUF,BUF,IND,15.0,41.0,-26.0,0.6773973515204395,0,False,7,7,0,a_turf,outdoors,49.0,12.0,7.5,00-0034857,00-0032950,296.73466206102336,True,False,False,False,False,False,False,False,False,False,False,False,True,49.0,12.0,0,0.7443396018790156,0.7443396018790156,0.7041742516638699
2021,11,2021_11_WAS_CAR,CAR,WAS,21.0,27.0,-6.0,0.6362240004586004,0,False,7,7,0,grass ,outdoors,54.0,0.0,3.5,00-0027939,00-0031800,223.60496439065477,False,False,False,False,False,True,False,False,False,False,False,False,True,54.0,0.0,0,0.6454355828257838,0.6454355828257838,0.6399086334054738
2021,11,2021_11_BAL_CHI,CHI,BAL,13.0,16.0,-3.0,0.358840018328766,0,False,13,10,0,grass ,outdoors,46.0,9.0,-5.0,00-0036945,00-0035993,-232.16093976075692,False,False,False,False,False,True,False,False,False,False,False,False,True,46.0,9.0,3,0.23181942407479883,0.23181942407479883,0.3080317806271791
2021,11,2021_11_DET_CLE,CLE,DET,13.0,10.0,3.0,0.8154751889013957,1,False,7,7,0,grass ,outdoors,42.0,7.0,13.0,00-0034855,00-0034177,594.394826103695,False,False,False,False,False,True,False,False,False,False,False,False,True,42.0,7.0,0,0.8588245254509675,0.8588245254509675,0.8328149235212244
2021,11,2021_11_SF_JAX,JAX,SF,10.0,30.0,-20.0,0.33846076741824754,0,False,7,6,0,grass ,outdoors,68.0,17.0,-6.5,00-0036971,00-0031345,-268.06444238006736,False,False,False,False,False,True,False,False,False,False,False,False,True,68.0,17.0,1,0.24706842423513817,0.24706842423513817,0.30190383014500377
2021,11,2021_11_GB_MIN,MIN,GB,34.0,31.0,3.0,0.3656880634320364,1,False,7,7,1,sportturf,dome,,,-1.0,00-0029604,00-0023459,-220.30406506312482,False,False,False,False,False,False,False,True,False,False,True,False,False,59.0,8.0,0,0.48159292124508984,0.48159292124508984,0.41205000655725776
2021,11,2021_11_MIA_NYJ,NYJ,MIA,17.0,24.0,-7.0,0.35284414255051033,0,False,7,10,1,fieldturf,outdoors,52.0,4.0,-3.5,00-0026158,00-0036212,-242.62428843212288,False,False,False,True,False,False,False,False,False,False,False,False,True,52.0,4.0,-3,0.4123475268389454,0.4123475268389454,0.37664549626588434
2021,11,2021_11_NO_PHI,PHI,NO,40.0,29.0,11.0,0.44951545584713487,1,False,7,7,0,grass ,outdoors,51.0,4.0,2.5,00-0036389,00-0032156,-81.05145675978393,False,False,False,False,False,True,False,False,False,False,False,False,True,51.0,4.0,0,0.5245181796939061,0.5245181796939061,0.4795165453858433
2021,11,2021_11_HOU_TEN,TEN,HOU,13.0,22.0,-9.0,0.8797513670375686,0,False,7,14,1,grass ,outdoors,59.0,8.0,10.5,00-0029701,00-0028118,796.0311157873019,False,False,False,False,False,True,False,False,False,False,False,False,True,59.0,8.0,-7,0.8767177137278594,0.8767177137278594,0.878537905713685
2021,11,2021_11_CIN_LV,LV,CIN,13.0,32.0,-19.0,0.5656744229746564,0,False,7,14,0,grass,dome,,,-1.0,00-0031280,00-0036442,105.68970317442496,False,False,False,False,True,False,False,False,False,False,True,False,False,59.0,8.0,-7,0.48464705316208145,0.48464705316208145,0.5332634750496265
2021,11,2021_11_DAL_KC,KC,DAL,19.0,9.0,10.0,0.647781424137904,1,False,7,7,0,grass ,outdoors,57.0,17.0,2.5,00-0033873,00-0033077,243.72055759292346,False,False,False,False,False,True,False,False,False,False,False,False,True,57.0,17.0,0,0.5856701049697288,0.5856701049697288,0.6229368964706339
2021,11,2021_11_ARI_SEA,SEA,ARI,13.0,23.0,-10.0,0.5361168051068281,0,False,7,7,1,fieldturf,outdoors,46.0,0.0,2.5,00-0029263,00-0027688,57.88770876539986,False,False,False,True,False,False,False,False,False,False,False,False,True,46.0,0.0,0,0.5779050719233608,0.5779050719233608,0.5528321118334412
2021,11,2021_11_PIT_LAC,LAC,PIT,41.0,37.0,4.0,0.624393571202264,1,False,7,7,0,matrixturf,dome,,,5.5,00-0036355,00-0022924,203.29561174609384,False,False,False,False,False,False,True,False,False,False,True,False,False,59.0,8.0,0,0.6224725025593897,0.6224725025593897,0.6236251437451144
2021,11,2021_11_NYG_TB,TB,NYG,30.0,10.0,20.0,0.7299635167084324,1,False,8,15,0,grass ,outdoors,68.0,6.0,11.5,00-0019596,00-0035710,397.77499304386276,False,False,False,False,False,True,False,False,False,False,False,False,True,68.0,6.0,-7,0.7224178594768252,0.7224178594768252,0.7269452538157896
2021,12,2021_12_CHI_DET,DET,CHI,14.0,16.0,-2.0,0.4148877215896595,0,False,4,4,1,fieldturf,dome,,,-2.0,00-0033106,00-0027973,-137.51832979337922,False,False,False,True,False,False,False,False,False,False,True,False,False,59.0,8.0,0,0.4624291985173995,0.4624291985173995,0.43390431236075544
2021,12,2021_12_LV_DAL,DAL,LV,33.0,36.0,-3.0,0.6717806294535111,0,False,4,4,0,matrixturf,closed,,,7.0,00-0033077,00-0031280,286.49985819705506,False,False,False,False,False,False,True,False,False,True,False,False,False,59.0,8.0,0,0.7321190691572611,0.7321190691572611,0.6959160053350111
2021,12,2021_12_BUF_NO,NO,BUF,6.0,31.0,-25.0,0.4164216784519754,0,False,4,4,0,sportturf,dome,,,-7.0,00-0032156,00-0034857,-134.99210915576413,False,False,False,False,False,False,False,True,False,False,True,False,False,59.0,8.0,0,0.3132266795442247,0.3132266795442247,0.3751436788888751
2021,12,2021_12_PIT_CIN,CIN,PIT,41.0,10.0,31.0,0.6030170410217428,1,False,7,7,1,fieldturf,outdoors,43.0,12.0,3.5,00-0036442,00-0022924,167.2208405803508,False,False,False,True,False,False,False,False,False,False,False,False,True,43.0,12.0,0,0.6779218967425871,0.6779218967425871,0.6329789833100805
2021,12,2021_12_NYJ_HOU,HOU,NYJ,14.0,21.0,-7.0,0.6518919675972534,0,False,7,7,0,astroturf,closed,,,3.0,00-0028118,00-0037013,250.94639391645987,False,False,True,False,False,False,False,False,False,True,False,False,False,59.0,8.0,0,0.5963871228000939,0.5963871228000939,0.6296900296783896
2021,12,2021_12_TB_IND,IND,TB,31.0,38.0,-7.0,0.5174516869325412,0,False,7,6,0,fieldturf,closed,,,-3.0,00-0032950,00-0019596,27.93404628832952,False,False,False,True,False,False,False,False,False,True,False,False,False,59.0,8.0,1,0.448281324618002,0.448281324618002,0.4897835420067255
2021,12,2021_12_ATL_JAX,JAX,ATL,14.0,21.0,-7.0,0.4163701089287459,0,False,7,10,0,grass ,outdoors,61.0,4.0,-1.5,00-0036971,00-0026143,-135.076993643291,False,False,False,False,False,True,False,False,False,False,False,False,True,61.0,4.0,-3,0.45961261964280115,0.45961261964280115,0.433667113214368
2021,12,2021_12_CAR_MIA,MIA,CAR,33.0,10.0,23.0,0.6168782930985013,1,False,7,7,0,grass ,outdoors,74.0,4.0,-1.0,00-0036212,00-0027939,190.52761489573206,False,False,False,False,False,True,False,False,False,False,False,False,True,74.0,4.0,0,0.49705728009380756,0.49705728009380756,0.5689498878966238
2021,12,2021_12_TEN_NE,NE,TEN,36.0,13.0,23.0,0.6830515026296479,1,False,10,7,0,fieldturf,outdoors,33.0,6.0,7.5,00-0036972,00-0029701,307.13238855955865,False,False,False,True,False,False,False,False,False,False,False,False,True,33.0,6.0,3,0.7490473149831929,0.7490473149831929,0.7094498275710659
2021,12,2021_12_PHI_NYG,NYG,PHI,13.0,7.0,6.0,0.42727051205925287,1,False,6,7,1,fieldturf,outdoors,39.0,4.0,-4.0,00-0035710,00-0036389,-117.19847082506342,False,False,False,True,False,False,False,False,False,False,False,False,True,39.0,4.0,-1,0.42546875988207833,0.42546875988207833,0.42654981118838303
2021,12,2021_12_LAC_DEN,DEN,LAC,28.0,13.0,15.0,0.4410882556354869,1,False,14,7,1,grass ,outdoors,62.0,0.0,-2.5,00-0031237,00-0036355,-94.69863913150101,False,False,False,False,False,True,False,False,False,False,False,False,True,62.0,0.0,7,0.44659218392778194,0.44659218392778194,0.44328982695240493
2021,12,2021_12_LA_GB,GB,LA,36.0,28.0,8.0,0.6641395748828129,1,False,7,13,0,grass ,outdoors,37.0,14.0,-2.0,00-0023459,00-0026498,272.71866332017345,False,False,False,False,False,True,False,False,False,False,False,False,True,37.0,14.0,-6,0.5221781107773307,0.5221781107773307,0.60735498924062
2021,12,2021_12_MIN_SF,SF,MIN,34.0,26.0,8.0,0.6202634556123316,1,False,7,7,0,grass,outdoors,68.0,7.0,3.5,00-0031345,00-0029604,196.26664326347617,False,False,False,False,True,False,False,False,False,False,False,False,True,68.0,7.0,0,0.5914454291362786,0.5914454291362786,0.6087362450219105
2021,12,2021_12_CLE_BAL,BAL,CLE,16.0,10.0,6.0,0.655261141623852,1,False,7,7,1,grass,outdoors,43.0,0.0,3.0,00-0034796,00-0034855,256.89865900452673,False,False,False,False,True,False,False,False,False,False,False,False,True,43.0,0.0,0,0.5922355912561542,0.5922355912561542,0.6300509214767729
2021,12,2021_12_SEA_WAS,WAS,SEA,17.0,15.0,2.0,0.5433731824964363,1,False,8,8,0,grass ,outdoors,41.0,9.0,-1.0,00-0031800,00-0029263,69.57195162231314,False,False,False,False,False,True,False,False,False,False,False,False,True,41.0,9.0,0,0.46529067423893433,0.46529067423893433,0.5121401791934355
2021,13,2021_13_DAL_NO,NO,DAL,17.0,27.0,-10.0,0.4621243097006364,0,False,7,7,0,sportturf,dome,,,-6.0,00-0033357,00-0033077,-60.71742041403034,False,False,False,False,False,False,False,True,False,False,True,False,False,59.0,8.0,0,0.3132266795442247,0.3132266795442247,0.4025652576380717
2021,13,2021_13_TB_ATL,ATL,TB,17.0,30.0,-13.0,0.3284049148840863,0,False,7,7,1,fieldturf,closed,,,-11.0,00-0026143,00-0019596,-286.1633053549477,False,False,False,True,False,False,False,False,False,True,False,False,False,59.0,8.0,0,0.2426342207562346,0.2426342207562346,0.2940966372329456
2021,13,2021_13_ARI_CHI,CHI,ARI,22.0,33.0,-11.0,0.26065875729696053,0,False,10,14,0,grass ,outdoors,34.0,8.0,-7.5,00-0027973,00-0035228,-417.0189874375693,False,False,False,False,False,True,False,False,False,False,False,False,True,34.0,8.0,-4,0.1985570804374974,0.1985570804374974,0.23581808655317527
2021,13,2021_13_LAC_CIN,CIN,LAC,22.0,41.0,-19.0,0.66163886048067,0,False,7,7,0,fieldturf,outdoors,48.0,11.0,2.5,00-0036442,00-0036355,268.2424375622136,False,False,False,True,False,False,False,False,False,False,False,False,True,48.0,11.0,0,0.6383815445227226,0.6383815445227226,0.652335934097491
2021,13,2021_13_MIN_DET,DET,MIN,29.0,27.0,2.0,0.30961544955103254,1,False,10,7,1,fieldturf,dome,,,-7.0,00-0033106,00-0029604,-320.7670878866337,False,False,False,True,False,False,False,False,False,False,True,False,False,59.0,8.0,3,0.18699023014290325,0.18699023014290325,0.26056536178778084
2021,13,2021_13_IND_HOU,HOU,IND,0.0,31.0,-31.0,0.2979883653401426,0,False,7,7,1,astroturf,closed,,,-10.0,00-0028118,00-0032950,-342.7582136870109,False,False,True,False,False,False,False,False,False,True,False,False,False,59.0,8.0,0,0.2426342207562346,0.2426342207562346,0.27584670750657936
2021,13,2021_13_NYG_MIA,MIA,NYG,20.0,9.0,11.0,0.7344663379234126,1,False,7,7,0,grass ,outdoors,80.0,11.0,6.5,00-0036212,00-0030520,406.9610178062632,False,False,False,False,False,True,False,False,False,False,False,False,True,80.0,11.0,0,0.7499798171073229,0.7499798171073229,0.7406717295969767
2021,13,2021_13_PHI_NYJ,NYJ,PHI,18.0,33.0,-15.0,0.32419047330305406,0,False,7,7,0,fieldturf,outdoors,45.0,0.0,-5.0,00-0037013,00-0035289,-293.83201899009987,False,False,False,True,False,False,False,False,False,False,False,False,True,45.0,0.0,0,0.3401577398160726,0.3401577398160726,0.33057737990826147
2021,13,2021_13_JAX_LA,LA,JAX,37.0,7.0,30.0,0.8332003580274175,1,False,7,7,0,matrixturf,dome,,,14.0,00-0026498,00-0036971,643.3923182453531,False,False,False,False,False,False,True,False,False,False,True,False,False,59.0,8.0,0,0.8616644116111241,0.8616644116111241,0.8445859794609001
2021,13,2021_13_WAS_LV,LV,WAS,15.0,17.0,-2.0,0.5948302478414227,0,False,10,6,0,grass,dome,,,1.0,00-0031280,00-0031800,153.58797866850247,False,False,False,False,True,False,False,False,False,False,True,False,False,59.0,8.0,4,0.46415861532883124,0.46415861532883124,0.5425615948363861
2021,13,2021_13_BAL_PIT,PIT,BAL,20.0,19.0,1.0,0.37210080134521645,1,False,7,7,1,grass ,outdoors,50.0,7.0,-4.0,00-0022924,00-0034796,-209.2859411853862,False,False,False,False,False,True,False,False,False,False,False,False,True,50.0,7.0,0,0.42525598080991,0.42525598080991,0.39336287313109386
2021,13,2021_13_SF_SEA,SEA,SF,30.0,23.0,7.0,0.4531216571282509,1,False,6,7,1,fieldturf,outdoors,41.0,4.0,-3.0,00-0029263,00-0031345,-75.22628862535035,False,False,False,True,False,False,False,False,False,False,False,False,True,41.0,4.0,-1,0.445481519778424,0.445481519778424,0.45006560218832015
2021,13,2021_13_DEN_KC,KC,DEN,22.0,9.0,13.0,0.7435740429331777,1,False,14,7,1,grass ,outdoors,58.0,22.0,8.5,00-0033873,00-0031237,425.8513565629876,False,False,False,False,False,True,False,False,False,False,False,False,True,58.0,22.0,7,0.751853770019837,0.751853770019837,0.7468859337678415
2021,13,2021_13_NE_BUF,BUF,NE,10.0,14.0,-4.0,0.6415769593890467,0,False,11,8,1,a_turf,outdoors,36.0,27.0,3.0,00-0034857,00-0036972,232.88607131097106,True,False,False,False,False,False,False,False,False,False,False,False,True,36.0,27.0,3,0.6558151647670357,0.6558151647670357,0.6472722415402423
2021,14,2021_14_PIT_MIN,MIN,PIT,36.0,28.0,8.0,0.6183199487176922,1,False,4,4,0,sportturf,dome,,,3.5,00-0029604,00-0022924,192.96933771728123,False,False,False,False,False,False,False,True,False,False,True,False,False,59.0,8.0,0,0.6371322791101627,0.6371322791101627,0.6258448808746804
2021,14,2021_14_ATL_CAR,CAR,ATL,21.0,29.0,-8.0,0.6387361138772749,0,False,14,7,1,grass ,outdoors,48.0,9.0,2.5,00-0027939,00-0026143,227.95308958916337,False,False,False,False,False,True,False,False,False,False,False,False,True,48.0,9.0,7,0.6225350684480426,0.6225350684480426,0.632255695705582
2021,14,2021_14_BAL_CLE,CLE,BAL,24.0,22.0,2.0,0.5097226158326442,1,False,14,7,1,grass ,outdoors,46.0,14.0,3.0,00-0034855,00-0034796,15.558146463394351,False,False,False,False,False,True,False,False,False,False,False,False,True,46.0,14.0,7,0.5988712375732052,0.5988712375732052,0.5453820645288686
2021,14,2021_14_SEA_HOU,HOU,SEA,13.0,33.0,-20.0,0.3195151010204859,0,False,7,7,0,astroturf,open,,,-10.0,00-0036898,00-0029263,-302.40043741546793,False,False,True,False,False,False,False,False,False,False,False,True,False,59.0,8.0,0,0.24740027321914032,0.24740027321914032,0.2906691698999477
2021,14,2021_14_LV_KC,KC,LV,48.0,9.0,39.0,0.7794218964254317,1,False,7,7,1,grass ,outdoors,47.0,19.0,10.0,00-0033873,00-0031280,504.9202572278249,False,False,False,False,False,True,False,False,False,False,False,False,True,47.0,19.0,0,0.806341080685891,0.806341080685891,0.7901895701296154
2021,14,2021_14_NO_NYJ,NYJ,NO,9.0,30.0,-21.0,0.34524826027169675,0,False,7,10,0,fieldturf,outdoors,46.0,13.0,-4.5,00-0037013,00-0033357,-255.9969548938973,False,False,False,True,False,False,False,False,False,False,False,False,True,46.0,13.0,-3,0.3180580261786862,0.3180580261786862,0.33437216663449254
2021,14,2021_14_JAX_TEN,TEN,JAX,20.0,0.0,20.0,0.8535724824433522,1,False,14,7,1,grass ,outdoors,45.0,0.0,8.5,00-0029701,00-0036971,705.1599668352483,False,False,False,False,False,True,False,False,False,False,False,False,True,45.0,0.0,7,0.8581666194941492,0.8581666194941492,0.855410137263671
2021,14,2021_14_DAL_WAS,WAS,DAL,20.0,27.0,-7.0,0.37163509234641806,0,False,7,10,1,grass ,outdoors,48.0,17.0,-6.5,00-0031800,00-0033077,-210.08344902787064,False,False,False,False,False,True,False,False,False,False,False,False,True,48.0,17.0,-3,0.2802971919041043,0.2802971919041043,0.3350999321694925
2021,14,2021_14_DET_DEN,DEN,DET,38.0,10.0,28.0,0.7539408747595769,1,False,7,7,0,grass ,outdoors,63.0,8.0,13.0,00-0031237,00-0033106,447.89683837420984,False,False,False,False,False,True,False,False,False,False,False,False,True,63.0,8.0,0,0.777943784961953,0.777943784961953,0.7635420388405274
2021,14,2021_14_NYG_LAC,LAC,NYG,37.0,21.0,16.0,0.724803686334596,1,False,7,7,0,matrixturf,dome,,,9.5,00-0036355,00-0030520,387.36645194400717,False,False,False,False,False,False,True,False,False,False,True,False,False,59.0,8.0,0,0.7439333253491095,0.7439333253491095,0.7324555419404014
2021,14,2021_14_SF_CIN,CIN,SF,23.0,26.0,-3.0,0.5134405746434825,0,False,7,7,0,fieldturf,outdoors,48.0,9.0,-2.5,00-0036442,00-0031345,21.510101467397114,False,False,False,True,False,False,False,False,False,False,False,False,True,48.0,9.0,0,0.48906652224937636,0.48906652224937636,0.50369095368584
2021,14,2021_14_BUF_TB,TB,BUF,33.0,27.0,6.0,0.6380814348178812,1,False,7,6,0,grass ,outdoors,82.0,4.0,3.5,00-0019596,00-0034857,226.81867500852428,False,False,False,False,False,True,False,False,False,False,False,False,True,82.0,4.0,1,0.6127693790905651,0.6127693790905651,0.6279566125269547
2021,14,2021_14_CHI_GB,GB,CHI,45.0,30.0,15.0,0.8143448781966891,1,False,14,7,1,grass ,outdoors,36.0,8.0,11.5,00-0023459,00-0036945,591.3972763316538,False,False,False,False,False,True,False,False,False,False,False,False,True,36.0,8.0,7,0.8600349161095667,0.8600349161095667,0.8326208933618402
2021,14,2021_14_LA_ARI,ARI,LA,23.0,30.0,-7.0,0.6382852986723354,0,False,8,8,1,grass ,open,,,3.0,00-0035228,00-0026498,227.1718307101248,False,False,False,False,False,True,False,False,False,False,False,True,False,59.0,8.0,0,0.5971013542113004,0.5971013542113004,0.6218117208879215
2021,15,2021_15_KC_LAC,LAC,KC,28.0,34.0,-6.0,0.36306120404640674,0,False,4,4,1,matrixturf,dome,,,-3.0,00-0036355,00-0033873,-224.8408572038569,False,False,False,False,False,False,True,False,False,False,True,False,False,59.0,8.0,0,0.44282969041104336,0.44282969041104336,0.3949685985922614
2021,15,2021_15_NE_IND,IND,NE,27.0,17.0,10.0,0.4991906395288531,1,False,14,13,0,fieldturf,closed,,,-1.0,00-0032950,00-0036972,-1.2949778848942994,False,False,False,True,False,False,False,False,False,True,False,False,False,59.0,8.0,1,0.4603578940016897,0.4603578940016897,0.48365754131798777
2021,15,2021_15_CAR_BUF,BUF,CAR,31.0,14.0,17.0,0.7833103651722992,1,False,7,7,0,a_turf,outdoors,30.0,8.0,14.0,00-0034857,00-0027939,514.0251685933063,True,False,False,False,False,False,False,False,False,False,False,False,True,30.0,8.0,0,0.806341080685891,0.806341080685891,0.7925226513777359
2021,15,2021_15_ARI_DET,DET,ARI,30.0,12.0,18.0,0.2601667969529,1,False,7,6,0,fieldturf,dome,,,-13.0,00-0033106,00-0035228,-418.0407229746753,False,False,False,True,False,False,False,False,False,False,True,False,False,59.0,8.0,1,0.19978111231310902,0.19978111231310902,0.23601252309698362
2021,15,2021_15_HOU_JAX,JAX,HOU,16.0,30.0,-14.0,0.6455722016489225,0,False,7,7,1,grass,outdoors,80.0,12.0,6.0,00-0036971,00-0036898,239.85296176961612,False,False,False,False,True,False,False,False,False,False,False,False,True,80.0,12.0,0,0.6308532977812855,0.6308532977812855,0.6396846401018677
2021,15,2021_15_NYJ_MIA,MIA,NYJ,31.0,24.0,7.0,0.8015015066952826,1,False,14,7,1,grass,outdoors,82.0,9.0,10.5,00-0036212,00-0037013,558.2821368792978,False,False,False,False,True,False,False,False,False,False,False,False,True,82.0,9.0,7,0.8600349161095667,0.8600349161095667,0.8249148704609963
2021,15,2021_15_DAL_NYG,NYG,DAL,6.0,21.0,-15.0,0.336458455375194,0,False,7,7,1,fieldturf,outdoors,37.0,8.0,-11.5,00-0030520,00-0033077,-271.64671427983274,False,False,False,True,False,False,False,False,False,False,False,False,True,37.0,8.0,0,0.22766608245457773,0.22766608245457773,0.2929415062069475
2021,15,2021_15_TEN_PIT,PIT,TEN,19.0,13.0,6.0,0.4656263619988745,1,False,10,7,0,grass,outdoors,32.0,11.0,1.0,00-0022924,00-0029701,-55.0847106760612,False,False,False,False,True,False,False,False,False,False,False,False,True,32.0,11.0,3,0.4485049199045343,0.4485049199045343,0.45877778516113843
2021,15,2021_15_CIN_DEN,DEN,CIN,10.0,15.0,-5.0,0.6163666764808069,0,False,7,7,0,grass,outdoors,61.0,19.0,3.0,00-0031237,00-0036442,189.66193229725906,False,False,False,False,True,False,False,False,False,False,False,False,True,61.0,19.0,0,0.5569868181250317,0.5569868181250317,0.5926147331384968
2021,15,2021_15_ATL_SF,SF,ATL,31.0,13.0,18.0,0.6914525789963203,1,False,7,7,0,grass,outdoors,46.0,0.0,9.5,00-0031345,00-0026143,322.76761017928874,False,False,False,False,True,False,False,False,False,False,False,False,True,46.0,0.0,0,0.7500086907045047,0.7500086907045047,0.714875023679594
2021,15,2021_15_GB_BAL,BAL,GB,30.0,31.0,-1.0,0.2667823666675617,0,False,7,7,0,grass,outdoors,43.0,11.0,-9.5,00-0035993,00-0023459,-404.4037382382988,False,False,False,False,True,False,False,False,False,False,False,False,True,43.0,11.0,0,0.24071434632289282,0.24071434632289282,0.25635515852969415
2021,15,2021_15_NO_TB,TB,NO,0.0,9.0,-9.0,0.7270785082052671,0,False,7,7,1,grass,outdoors,75.0,0.0,11.5,00-0019596,00-0033357,391.940113199076,False,False,False,False,True,False,False,False,False,False,False,False,True,75.0,0.0,0,0.7727194392503116,0.7727194392503116,0.7453348806232849
2021,15,2021_15_LV_CLE,CLE,LV,14.0,16.0,-2.0,0.5611348322721653,0,False,7,7,0,grass,outdoors,40.0,8.0,-3.0,00-0033319,00-0031280,98.30759539716438,False,False,False,False,True,False,False,False,False,False,False,False,True,40.0,8.0,0,0.4717641380055224,0.4717641380055224,0.5253865545655082
2021,15,2021_15_MIN_CHI,CHI,MIN,9.0,17.0,-8.0,0.3327660476843553,0,False,8,11,1,grass,outdoors,37.0,8.0,-7.0,00-0036945,00-0029604,-278.280421579854,False,False,False,False,True,False,False,False,False,False,False,False,True,37.0,8.0,-3,0.2114304387401423,0.2114304387401423,0.2842318041066701
2021,15,2021_15_SEA_LA,LA,SEA,20.0,10.0,10.0,0.6420425137385459,1,False,6,7,1,matrixturf,dome,,,7.5,00-0026498,00-0029263,233.6961185538757,False,False,False,False,False,False,True,False,False,False,True,False,False,59.0,8.0,-1,0.7280788846313576,0.7280788846313576,0.6764570620956707
2021,15,2021_15_WAS_PHI,PHI,WAS,27.0,17.0,10.0,0.7754126508867657,1,False,14,7,1,grass,outdoors,42.0,7.0,10.0,00-0036389,00-0031395,495.6522503955524,False,False,False,False,True,False,False,False,False,False,False,False,True,42.0,7.0,7,0.8079007975381434,0.8079007975381434,0.7884079095473168
2021,16,2021_16_SF_TEN,TEN,SF,20.0,17.0,3.0,0.5173123900296609,1,False,4,4,0,grass,outdoors,48.0,7.0,-3.5,00-0029701,00-0031345,27.710901562710475,False,False,False,False,True,False,False,False,False,False,False,False,True,48.0,7.0,0,0.45155223729048,0.45155223729048,0.4910083289339885
2021,16,2021_16_CLE_GB,GB,CLE,24.0,22.0,2.0,0.7630980478125963,1,False,6,6,0,grass,outdoors,35.0,11.0,7.5,00-0023459,00-0034855,467.89606974964346,False,False,False,False,True,False,False,False,False,False,False,False,True,35.0,11.0,0,0.7768294202745821,0.7768294202745821,0.7685905967973906
2021,16,2021_16_IND_ARI,ARI,IND,16.0,22.0,-6.0,0.5258761817954477,0,False,6,6,0,grass,closed,,,3.0,00-0035228,00-0032950,41.43891271107076,False,False,False,False,True,False,False,False,False,True,False,False,False,59.0,8.0,0,0.5341970898370765,0.5341970898370765,0.5292045450120992
2021,16,2021_16_DET_ATL,ATL,DET,20.0,16.0,4.0,0.6912950909087282,1,False,7,7,0,fieldturf,open,,,7.5,00-0026143,00-0034177,322.472379132962,False,False,False,True,False,False,False,False,False,False,False,True,False,59.0,8.0,0,0.7394334679295205,0.7394334679295205,0.7105504417170451
2021,16,2021_16_TB_CAR,CAR,TB,6.0,32.0,-26.0,0.26448996578260586,0,False,7,7,1,grass,outdoors,73.0,8.0,-11.5,00-0034869,00-0019596,-409.10434745403046,False,False,False,False,True,False,False,False,False,False,False,False,True,73.0,8.0,0,0.23300865064487142,0.23300865064487142,0.2518974397275121
2021,16,2021_16_BAL_CIN,CIN,BAL,41.0,21.0,20.0,0.6608841042439744,1,False,7,7,1,fieldturf,outdoors,52.0,0.0,7.5,00-0036442,00-0026300,266.8946264660794,False,False,False,True,False,False,False,False,False,False,False,False,True,52.0,0.0,0,0.7824409125833461,0.7824409125833461,0.7095068275797232
2021,16,2021_16_LAC_HOU,HOU,LAC,41.0,29.0,12.0,0.2996714578182631,1,False,7,10,0,astroturf,closed,,,-13.5,00-0036898,00-0036355,-339.5451347852715,False,False,True,False,False,False,False,False,False,True,False,False,False,59.0,8.0,-3,0.23944005462725623,0.23944005462725623,0.27557889654186035
2021,16,2021_16_LA_MIN,MIN,LA,23.0,30.0,-7.0,0.4169163644102043,0,False,6,7,0,sportturf,dome,,,-3.5,00-0029604,00-0026498,-134.17799864577526,False,False,False,False,False,False,False,True,False,False,True,False,False,59.0,8.0,-1,0.45266015035711954,0.45266015035711954,0.4312138787889704
2021,16,2021_16_BUF_NE,NE,BUF,21.0,33.0,-12.0,0.5797760929846787,0,False,7,7,1,fieldturf,outdoors,38.0,13.0,1.0,00-0036972,00-0034857,128.74172050487692,False,False,False,True,False,False,False,False,False,False,False,False,True,38.0,13.0,0,0.4863799185195643,0.4863799185195643,0.542417623198633
2021,16,2021_16_JAX_NYJ,NYJ,JAX,26.0,21.0,5.0,0.6657166820317143,1,False,7,7,0,fieldturf,outdoors,47.0,0.0,2.5,00-0037013,00-0036971,275.5501147506219,False,False,False,True,False,False,False,False,False,False,False,False,True,47.0,0.0,0,0.6283593968834242,0.6283593968834242,0.6507737679723983
2021,16,2021_16_NYG_PHI,PHI,NYG,34.0,10.0,24.0,0.7321512347875739,1,False,7,7,1,grass,outdoors,53.0,9.0,11.0,00-0036389,00-0036197,402.22583408108596,False,False,False,False,True,False,False,False,False,False,False,False,True,53.0,9.0,0,0.777943784961953,0.777943784961953,0.7504682548573256
2021,16,2021_16_CHI_SEA,SEA,CHI,24.0,25.0,-1.0,0.7327326876245873,0,False,7,6,0,fieldturf,outdoors,25.0,11.0,7.0,00-0029263,00-0029567,403.41265008965104,False,False,False,True,False,False,False,False,False,False,False,False,True,25.0,11.0,1,0.7561887342332543,0.7561887342332543,0.7421151062680541
2021,16,2021_16_PIT_KC,KC,PIT,36.0,10.0,26.0,0.7690483028544092,1,False,10,7,0,grass,outdoors,60.0,22.0,10.5,00-0033873,00-0022924,481.17807787867974,False,False,False,False,True,False,False,False,False,False,False,False,True,60.0,22.0,3,0.8079007975381434,0.8079007975381434,0.7845893007279028
2021,16,2021_16_DEN_LV,LV,DEN,17.0,13.0,4.0,0.5758011212514831,1,False,7,7,1,grass,dome,,,-1.0,00-0031280,00-0035704,122.22397062265529,False,False,False,False,True,False,False,False,False,False,True,False,False,59.0,8.0,0,0.4787496662121577,0.4787496662121577,0.536980539235753
2021,16,2021_16_WAS_DAL,DAL,WAS,56.0,14.0,42.0,0.7279315055055361,1,False,7,7,1,matrixturf,closed,,,10.5,00-0033077,00-0031800,393.66124213470835,False,False,False,False,False,False,True,False,False,True,False,False,False,59.0,8.0,0,0.7705186247699599,0.7705186247699599,0.7449663532113056
2021,16,2021_16_MIA_NO,NO,MIA,3.0,20.0,-17.0,0.5315172782260338,0,False,8,8,0,sportturf,dome,,,-3.0,00-0036929,00-0036212,50.49459382461641,False,False,False,False,False,False,False,True,False,False,True,False,False,59.0,8.0,0,0.45577691793446984,0.45577691793446984,0.5012211341094082
2021,17,2021_17_LA_BAL,BAL,LA,19.0,20.0,-1.0,0.3188972670053908,0,False,7,7,0,grass,outdoors,59.0,6.0,-7.0,00-0035993,00-0026498,-303.5376587785655,False,False,False,False,True,False,False,False,False,False,False,False,True,59.0,6.0,0,0.279060255097657,0.279060255097657,0.3029624622422973
2021,17,2021_17_ATL_BUF,BUF,ATL,29.0,15.0,14.0,0.8019875914973353,1,False,7,7,0,a_turf,outdoors,26.0,11.0,14.0,00-0034857,00-0026143,559.5053751448334,True,False,False,False,False,False,False,False,False,False,False,False,True,26.0,11.0,0,0.8588245254509675,0.8588245254509675,0.8247223650787883
2021,17,2021_17_NYG_CHI,CHI,NYG,29.0,3.0,26.0,0.6844368387197439,1,False,7,7,0,grass,outdoors,25.0,13.0,7.0,00-0027973,00-0030520,309.6950042768892,False,False,False,False,True,False,False,False,False,False,False,False,True,25.0,13.0,0,0.7443396018790156,0.7443396018790156,0.7083979439834526
2021,17,2021_17_KC_CIN,CIN,KC,34.0,31.0,3.0,0.3219966505575331,1,False,7,7,0,fieldturf,outdoors,33.0,13.0,-3.5,00-0036442,00-0033873,-297.84443384550167,False,False,False,True,False,False,False,False,False,False,False,False,True,33.0,13.0,0,0.3763280859496967,0.3763280859496967,0.3437292247143986
2021,17,2021_17_LV_IND,IND,LV,20.0,23.0,-3.0,0.7473039632774633,0,False,8,7,0,fieldturf,closed,,,8.5,00-0032950,00-0031280,433.7138735356223,False,False,False,True,False,False,False,False,False,True,False,False,False,59.0,8.0,1,0.7466667694187775,0.7466667694187775,0.747049085733989
2021,17,2021_17_JAX_NE,NE,JAX,50.0,10.0,40.0,0.8894652100568142,1,False,7,7,0,fieldturf,outdoors,46.0,4.0,17.5,00-0036972,00-0036971,834.1160328094929,False,False,False,True,False,False,False,False,False,False,False,False,True,46.0,4.0,0,0.8791464970378194,0.8791464970378194,0.8853377248492162
2021,17,2021_17_TB_NYJ,NYJ,TB,24.0,28.0,-4.0,0.20365060033692714,0,False,7,7,0,fieldturf,outdoors,57.0,9.0,-14.5,00-0037013,00-0019596,-545.452900744424,False,False,False,True,False,False,False,False,False,False,False,False,True,57.0,9.0,0,0.23944005462725623,0.23944005462725623,0.2179663820530588
2021,17,2021_17_MIA_TEN,TEN,MIA,34.0,3.0,31.0,0.6323417499957396,1,False,10,6,0,grass,outdoors,43.0,13.0,3.0,00-0029701,00-0036212,216.9104613757197,False,False,False,False,True,False,False,False,False,False,False,False,True,43.0,13.0,4,0.5990778461746354,0.5990778461746354,0.6190361884672979
2021,17,2021_17_PHI_WAS,WAS,PHI,16.0,20.0,-4.0,0.33798944107605333,0,False,7,7,1,grass,outdoors,62.0,4.0,-6.5,00-0031800,00-0036389,-268.9067401083534,False,False,False,False,True,False,False,False,False,False,False,False,True,62.0,4.0,0,0.27683259118412235,0.27683259118412235,0.31352670111928094
2021,17,2021_17_DEN_LAC,LAC,DEN,34.0,13.0,21.0,0.6575855393222884,1,False,7,7,1,matrixturf,dome,,,8.0,00-0036355,00-0035704,261.02119070200416,False,False,False,False,False,False,True,False,False,False,True,False,False,59.0,8.0,0,0.7333725888372643,0.7333725888372643,0.6879003591282787
2021,17,2021_17_HOU_SF,SF,HOU,23.0,7.0,16.0,0.7141931977135573,1,False,10,7,0,grass,outdoors,50.0,6.0,14.0,00-0037012,00-0036898,366.3349778784913,False,False,False,False,True,False,False,False,False,False,False,False,True,50.0,6.0,3,0.7811078694537177,0.7811078694537177,0.7409590664096215
2021,17,2021_17_ARI_DAL,DAL,ARI,22.0,25.0,-3.0,0.6617457496069967,0,False,7,8,0,matrixturf,closed,,,6.5,00-0033077,00-0035228,268.4334341291343,False,False,False,False,False,False,True,False,False,True,False,False,False,59.0,8.0,-1,0.7685846901340557,0.7685846901340557,0.7044813258178204
2021,17,2021_17_CAR_NO,NO,CAR,18.0,10.0,8.0,0.7813956392521082,1,False,6,7,1,sportturf,dome,,,7.0,00-0033357,00-0034869,509.5272311398497,False,False,False,False,False,False,False,True,False,False,True,False,False,59.0,8.0,-1,0.7686408440996629,0.7686408440996629,0.77629372119113
2021,17,2021_17_DET_SEA,SEA,DET,51.0,29.0,22.0,0.7886688157101218,1,False,7,7,0,fieldturf,outdoors,37.0,0.0,8.5,00-0029263,00-0034177,526.7679936126433,False,False,False,True,False,False,False,False,False,False,False,False,True,37.0,0.0,0,0.7788987158806004,0.7788987158806004,0.7847607757783133
2021,17,2021_17_MIN_GB,GB,MIN,37.0,10.0,27.0,0.788074267285574,1,False,8,7,1,grass,outdoors,11.0,9.0,13.0,00-0023459,00-0032245,525.3425749317616,False,False,False,False,True,False,False,False,False,False,False,False,True,11.0,9.0,1,0.8079007975381434,0.8079007975381434,0.7960048793866017
2021,17,2021_17_CLE_PIT,PIT,CLE,26.0,14.0,12.0,0.5447083279572821,1,False,8,9,1,grass,outdoors,25.0,12.0,-1.0,00-0022924,00-0034855,71.72488892543618,False,False,False,False,True,False,False,False,False,False,False,False,True,25.0,12.0,-1,0.4561093199471966,0.4561093199471966,0.5092687247532479
2021,18,2021_18_KC_DEN,DEN,KC,24.0,28.0,-4.0,0.24299316098177168,0,False,7,7,1,grass,outdoors,41.0,4.0,-11.5,00-0035704,00-0033873,-454.5355955721046,False,False,False,False,True,False,False,False,False,False,False,False,True,41.0,4.0,0,0.21823371573002023,0.21823371573002023,0.23308938288107112
2021,18,2021_18_DAL_PHI,PHI,DAL,26.0,51.0,-25.0,0.3530077540660153,0,False,7,7,1,grass,outdoors,31.0,8.0,-6.5,00-0035289,00-0033077,-242.33771475931212,False,False,False,False,True,False,False,False,False,False,False,False,True,31.0,8.0,0,0.27473635539685126,0.27473635539685126,0.3216991945983497
2021,18,2021_18_PIT_BAL,BAL,PIT,13.0,16.0,-3.0,0.6491002713346548,0,False,7,6,1,grass,outdoors,36.0,0.0,3.0,00-0035993,00-0022924,246.03467868827695,False,False,False,False,True,False,False,False,False,False,False,False,True,36.0,0.0,1,0.594652849467609,0.594652849467609,0.6273213025878364
2021,18,2021_18_CIN_CLE,CLE,CIN,21.0,16.0,5.0,0.5684126289566372,1,False,6,7,1,grass,outdoors,38.0,22.0,6.5,00-0028986,00-0032434,110.15105689651685,False,False,False,False,True,False,False,False,False,False,False,False,True,38.0,22.0,-1,0.6836821511789777,0.6836821511789777,0.6145204378455734
2021,18,2021_18_GB_DET,DET,GB,37.0,30.0,7.0,0.16059654698301967,1,False,7,7,1,fieldturf,dome,,,-4.0,00-0033106,00-0023459,-661.5184656042983,False,False,False,True,False,False,False,False,False,False,True,False,False,59.0,8.0,0,0.3417939334789111,0.3417939334789111,0.23307550158137624
2021,18,2021_18_TEN_HOU,HOU,TEN,25.0,28.0,-3.0,0.2904110335790278,0,False,7,7,1,astroturf,closed,,,-10.5,00-0036898,00-0029701,-357.35544208612504,False,False,True,False,False,False,False,False,False,True,False,False,False,59.0,8.0,0,0.2426342207562346,0.2426342207562346,0.2713003084499105
2021,18,2021_18_IND_JAX,JAX,IND,26.0,11.0,15.0,0.1581799739323415,1,False,7,7,1,grass,outdoors,76.0,19.0,-14.0,00-0036971,00-0032950,-668.7331141354994,False,False,False,False,True,False,False,False,False,False,False,False,True,76.0,19.0,0,0.2168919187929655,0.2168919187929655,0.1816647518765911
2021,18,2021_18_CHI_MIN,MIN,CHI,31.0,17.0,14.0,0.6829264638254157,1,False,7,7,1,sportturf,dome,,,3.5,00-0029604,00-0027973,306.90138602031675,False,False,False,False,False,False,False,True,False,False,True,False,False,59.0,8.0,0,0.632605541571344,0.632605541571344,0.662798094923787
2021,18,2021_18_WAS_NYG,NYG,WAS,7.0,22.0,-15.0,0.348620591194282,0,False,7,7,1,fieldturf,outdoors,38.0,0.0,-6.0,00-0036197,00-0031800,-250.04323282738184,False,False,False,True,False,False,False,False,False,False,False,False,True,38.0,0.0,0,0.29719156645882877,0.29719156645882877,0.32804898130010074
2021,18,2021_18_SEA_ARI,ARI,SEA,30.0,38.0,-8.0,0.690084964190483,0,False,7,7,1,grass,open,,,5.5,00-0035228,00-0029263,320.2066178557787,False,False,False,False,True,False,False,False,False,False,False,True,False,59.0,8.0,0,0.6228941865467846,0.6228941865467846,0.6632086531330037
2021,18,2021_18_NO_ATL,ATL,NO,20.0,30.0,-10.0,0.32106084215894787,0,False,7,7,1,fieldturf,closed,,,-4.5,00-0026143,00-0033357,-299.5603493608854,False,False,False,True,False,False,False,False,False,True,False,False,False,59.0,8.0,0,0.3176659188761238,0.3176659188761238,0.3197028728458182
2021,18,2021_18_NYJ_BUF,BUF,NYJ,27.0,10.0,17.0,0.8867196159052582,1,False,7,7,1,a_turf,outdoors,36.0,19.0,16.0,00-0034857,00-0037013,823.0651231617983,True,False,False,False,False,False,False,False,False,False,False,False,True,36.0,19.0,0,0.8841572052483103,0.8841572052483103,0.8856946516424791
2021,18,2021_18_SF_LA,LA,SF,24.0,27.0,-3.0,0.6537152279101087,0,False,7,7,1,matrixturf,dome,,,3.0,00-0026498,00-0031345,254.16413921266994,False,False,False,False,False,False,True,False,False,False,True,False,False,59.0,8.0,0,0.5971013542113004,0.5971013542113004,0.6310696784305854
2021,18,2021_18_NE_MIA,MIA,NE,33.0,24.0,9.0,0.383137903714029,1,False,7,7,1,grass,outdoors,75.0,8.0,-6.0,00-0036212,00-0036972,-190.50020232148418,False,False,False,False,True,False,False,False,False,False,False,False,True,75.0,8.0,0,0.2658751032212983,0.2658751032212983,0.33623278351693675
2021,18,2021_18_CAR_TB,TB,CAR,41.0,17.0,24.0,0.8597393273782767,1,False,7,7,1,grass,outdoors,80.0,4.0,11.0,00-0019596,00-0034869,725.2506387877195,False,False,False,False,True,False,False,False,False,False,False,False,True,80.0,4.0,0,0.8958006339424051,0.8958006339424051,0.874163850003928
2021,18,2021_18_LAC_LV,LV,LAC,35.0,32.0,3.0,0.4727509059697354,1,False,7,7,1,grass,dome,,,-3.5,00-0031280,00-0036355,-43.64179085833695,False,False,False,False,True,False,False,False,False,False,True,False,False,59.0,8.0,0,0.43654993062879105,0.43654993062879105,0.45827051583335765
2022,1,2022_01_BUF_LA,LA,BUF,10.0,31.0,-21.0,0.5150296792465471,0,False,7,7,0,matrixturf,dome,,,-1.0,00-0026498,00-0034857,24.05473354636132,False,False,False,False,False,False,True,False,False,False,True,False,False,59.0,8.0,0,0.4771925781074802,0.4771925781074802,0.49989483879092034
2022,1,2022_01_NO_ATL,ATL,NO,26.0,27.0,-1.0,0.34436389642096266,0,False,7,7,1,fieldturf,closed,,,-6.0,00-0032268,00-0031503,-257.56279127456526,False,False,False,True,False,False,False,False,False,True,False,False,False,59.0,8.0,0,0.2620219320704502,0.2620219320704502,0.3114271106807577
2022,1,2022_01_CLE_CAR,CAR,CLE,24.0,26.0,-2.0,0.5142072613920378,0,False,7,7,0,grass,outdoors,,,2.5,00-0034855,00-0033119,22.73773891590927,False,False,False,False,True,False,False,False,False,False,False,False,True,59.0,8.0,0,0.50406277117061,0.50406277117061,0.5101494653034667
2022,1,2022_01_SF_CHI,CHI,SF,19.0,10.0,9.0,0.34733937864279213,1,False,7,7,0,grass,outdoors,,,-6.5,00-0036945,00-0037012,-252.30197339514237,False,False,False,False,True,False,False,False,False,False,False,False,True,59.0,8.0,0,0.2758397829630505,0.2758397829630505,0.31873954037089547
2022,1,2022_01_PIT_CIN,CIN,PIT,20.0,23.0,-3.0,0.736939136696327,0,False,7,7,1,fieldturf,outdoors,,,7.5,00-0036442,00-0033869,412.04795258703905,False,False,False,True,False,False,False,False,False,False,False,False,True,59.0,8.0,0,0.7331392622843301,0.7331392622843301,0.7354191869315283
2022,1,2022_01_PHI_DET,DET,PHI,35.0,38.0,-3.0,0.3555324848033848,0,False,7,7,0,fieldturf,dome,,,-6.0,00-0033106,00-0036389,-237.92311805785258,False,False,False,True,False,False,False,False,False,False,True,False,False,59.0,8.0,0,0.2838958532473897,0.2838958532473897,0.32687783218098676
2022,1,2022_01_IND_HOU,HOU,IND,20.0,20.0,0.0,0.3473585832672243,0,False,7,7,1,astroturf,closed,,,-7.0,00-0036898,00-0026143,-252.2680875157821,False,False,True,False,False,False,False,False,False,True,False,False,False,59.0,8.0,0,0.2620219320704502,0.2620219320704502,0.3132239227885147
2022,1,2022_01_NE_MIA,MIA,NE,20.0,7.0,13.0,0.6079714300444036,1,False,7,7,1,grass,outdoors,,,3.0,00-0036212,00-0036972,175.5172684516427,False,False,False,False,True,False,False,False,False,False,False,False,True,59.0,8.0,0,0.5480991236648073,0.5480991236648073,0.584022507492565
2022,1,2022_01_BAL_NYJ,NYJ,BAL,9.0,24.0,-15.0,0.3002318439824634,0,False,7,7,0,fieldturf,outdoors,,,-6.5,00-0026158,00-0034796,-338.47763401151616,False,False,False,True,False,False,False,False,False,False,False,False,True,59.0,8.0,0,0.279582573317391,0.279582573317391,0.29197213571643443
2022,1,2022_01_JAX_WAS,WAS,JAX,28.0,22.0,6.0,0.641303523503851,1,False,7,7,0,grass,outdoors,,,3.0,00-0032950,00-0036971,232.41051957870081,False,False,False,False,True,False,False,False,False,False,False,False,True,59.0,8.0,0,0.5521148339169513,0.5521148339169513,0.6056280476690912
2022,1,2022_01_KC_ARI,ARI,KC,21.0,44.0,-23.0,0.3458846520453174,0,False,7,7,0,grass,closed,,,-6.0,00-0035228,00-0033873,-254.87134601621548,False,False,False,False,True,False,False,False,False,True,False,False,False,59.0,8.0,0,0.2758397829630505,0.2758397829630505,0.3178667044124106
2022,1,2022_01_LV_LAC,LAC,LV,24.0,19.0,5.0,0.6316085457264571,1,False,7,7,1,matrixturf,dome,,,3.5,00-0036355,00-0031280,215.6494821316708,False,False,False,False,False,False,True,False,False,False,True,False,False,59.0,8.0,0,0.61038889715588,0.61038889715588,0.6231206862982263
2022,1,2022_01_GB_MIN,MIN,GB,23.0,7.0,16.0,0.5065824679516385,1,False,7,7,1,sportturf,dome,,,2.5,00-0029604,00-0023459,10.53255723601918,False,False,False,False,False,False,False,True,False,False,True,False,False,59.0,8.0,0,0.5346808451081511,0.5346808451081511,0.5178218188142436
2022,1,2022_01_NYG_TEN,TEN,NYG,20.0,21.0,-1.0,0.7870722274709046,0,False,7,7,0,grass,outdoors,,,5.5,00-0029701,00-0035710,522.9468031216472,False,False,False,False,True,False,False,False,False,False,False,False,True,59.0,8.0,0,0.6420189196758543,0.6420189196758543,0.7290509043528844
2022,1,2022_01_TB_DAL,DAL,TB,3.0,19.0,-16.0,0.5005298785867095,0,False,7,7,0,matrixturf,closed,,,-2.5,00-0033077,00-0019596,0.8478060561214473,False,False,False,False,False,False,True,False,False,True,False,False,False,59.0,8.0,0,0.4630752340392629,0.4630752340392629,0.48554802076773085
2022,1,2022_01_DEN_SEA,SEA,DEN,17.0,16.0,1.0,0.6491629321996037,1,False,7,7,0,fieldturf,outdoors,,,-6.0,00-0030565,00-0029263,246.14472598302487,False,False,False,True,False,False,False,False,False,False,False,False,True,59.0,8.0,0,0.3434995857052033,0.3434995857052033,0.5268975936018435
2022,2,2022_02_LAC_KC,KC,LAC,27.0,24.0,3.0,0.701527914313951,1,False,4,4,1,grass,outdoors,,,4.0,00-0033873,00-0036355,341.83371116108316,False,False,False,False,True,False,False,False,False,False,False,False,True,59.0,8.0,0,0.6107562492231281,0.6107562492231281,0.6652192482776218
2022,2,2022_02_MIA_BAL,BAL,MIA,38.0,42.0,-4.0,0.5454254469118256,0,False,7,7,0,grass,outdoors,,,3.0,00-0034796,00-0036212,72.88167731904775,False,False,False,False,True,False,False,False,False,False,False,False,True,59.0,8.0,0,0.515524713778411,0.515524713778411,0.5334651536584598
2022,2,2022_02_NYJ_CLE,CLE,NYJ,30.0,31.0,-1.0,0.7318373051005396,0,False,7,7,0,grass,outdoors,,,6.5,00-0033119,00-0026158,401.58574465105767,False,False,False,False,True,False,False,False,False,False,False,False,True,59.0,8.0,0,0.7252887137792541,0.7252887137792541,0.7292178685720254
2022,2,2022_02_WAS_DET,DET,WAS,36.0,27.0,9.0,0.46715316926807415,1,False,7,7,0,fieldturf,dome,,,-1.0,00-0033106,00-0032950,-52.630728561339524,False,False,False,True,False,False,False,False,False,False,True,False,False,59.0,8.0,0,0.4771925781074802,0.4771925781074802,0.4711689328038366
2022,2,2022_02_IND_JAX,JAX,IND,24.0,0.0,24.0,0.33339230084245736,1,False,7,7,1,grass,outdoors,,,-3.0,00-0036971,00-0026143,-277.15273540090027,False,False,False,False,True,False,False,False,False,False,False,False,True,59.0,8.0,0,0.42626704939547,0.42626704939547,0.3705422002636624
2022,2,2022_02_TB_NO,NO,TB,10.0,20.0,-10.0,0.4007568018021646,0,False,7,7,1,sportturf,dome,,,-2.5,00-0031503,00-0019596,-160.92510347908694,False,False,False,False,False,False,False,True,False,False,True,False,False,59.0,8.0,0,0.4797905621381763,0.4797905621381763,0.4323703059365693
2022,2,2022_02_CAR_NYG,NYG,CAR,19.0,16.0,3.0,0.550387271780239,1,False,7,7,0,fieldturf,outdoors,,,-1.0,00-0035710,00-0034855,80.89422107054864,False,False,False,True,False,False,False,False,False,False,False,False,True,59.0,8.0,0,0.4771925781074802,0.4771925781074802,0.5211093943111356
2022,2,2022_02_NE_PIT,PIT,NE,14.0,17.0,-3.0,0.4892552874994915,0,False,7,7,0,grass,outdoors,,,-3.0,00-0033869,00-0036972,-17.194187058913712,False,False,False,False,True,False,False,False,False,False,False,False,True,59.0,8.0,0,0.46104294875187996,0.46104294875187996,0.47797035200044685
2022,2,2022_02_ATL_LA,LA,ATL,31.0,27.0,4.0,0.7293538330546182,1,False,10,7,0,matrixturf,dome,,,10.5,00-0026498,00-0032268,396.53866848754996,False,False,False,False,False,False,True,False,False,False,True,False,False,59.0,8.0,3,0.7759965336623805,0.7759965336623805,0.7480109132977231
2022,2,2022_02_SEA_SF,SF,SEA,27.0,7.0,20.0,0.6923500611793644,1,False,7,6,1,grass,outdoors,,,8.5,00-0037012,00-0030565,324.45164885572393,False,False,False,False,True,False,False,False,False,False,False,False,True,59.0,8.0,1,0.730935147754989,0.730935147754989,0.7077840958096142
2022,2,2022_02_CIN_DAL,DAL,CIN,20.0,17.0,3.0,0.4380420213435172,1,False,7,7,0,matrixturf,closed,,,-7.5,00-0033662,00-0036442,-99.64489244371579,False,False,False,False,False,False,True,False,False,True,False,False,False,59.0,8.0,0,0.21421344293932978,0.21421344293932978,0.34851058998184226
2022,2,2022_02_HOU_DEN,DEN,HOU,16.0,9.0,7.0,0.7397948650451833,1,False,6,7,0,grass,outdoors,,,10.5,00-0029263,00-0036898,417.96105513631454,False,False,False,False,True,False,False,False,False,False,False,False,True,59.0,8.0,-1,0.7759965336623805,0.7759965336623805,0.7542755324920623
2022,2,2022_02_ARI_LV,LV,ARI,23.0,29.0,-6.0,0.6567718814819088,0,False,7,7,0,grass,dome,,,5.5,00-0031280,00-0035228,259.57658046577114,False,False,False,False,True,False,False,False,False,False,True,False,False,59.0,8.0,0,0.6099877425464477,0.6099877425464477,0.6380582259077243
2022,2,2022_02_CHI_GB,GB,CHI,27.0,10.0,17.0,0.7115916453074488,1,False,7,7,1,grass,outdoors,,,10.5,00-0023459,00-0036945,361.25073636105833,False,False,False,False,True,False,False,False,False,False,False,False,True,59.0,8.0,0,0.7759965336623805,0.7759965336623805,0.7373536006494215
2022,2,2022_02_TEN_BUF,BUF,TEN,41.0,7.0,34.0,0.6530953239147598,1,False,11,8,0,a_turf,outdoors,,,10.0,00-0034857,00-0029701,253.06922541324928,True,False,False,False,False,False,False,False,False,False,False,False,True,59.0,8.0,3,0.7759965336623805,0.7759965336623805,0.7022558078138081
2022,2,2022_02_MIN_PHI,PHI,MIN,24.0,7.0,17.0,0.5790099136780964,1,False,8,8,0,grass,outdoors,,,2.5,00-0036389,00-0029604,127.48412560780436,False,False,False,False,True,False,False,False,False,False,False,False,True,59.0,8.0,0,0.5064992658638755,0.5064992658638755,0.550005654552408
2022,3,2022_03_PIT_CLE,CLE,PIT,29.0,17.0,12.0,0.6605611993122467,1,False,4,4,1,grass,outdoors,,,4.5,00-0033119,00-0033869,266.3184432109277,False,False,False,False,True,False,False,False,False,False,False,False,True,59.0,8.0,0,0.6057520766024268,0.6057520766024268,0.6386375502283188
2022,3,2022_03_NO_CAR,CAR,NO,22.0,14.0,8.0,0.3729051808708536,1,False,7,7,1,grass,outdoors,,,-2.0,00-0034855,00-0031503,-207.90943013333242,False,False,False,False,True,False,False,False,False,False,False,False,True,59.0,8.0,0,0.4480418461698497,0.4480418461698497,0.40295984699045206
2022,3,2022_03_HOU_CHI,CHI,HOU,23.0,20.0,3.0,0.6520630378498748,1,False,7,7,0,grass,outdoors,,,3.0,00-0036945,00-0036898,251.2479683810448,False,False,False,False,True,False,False,False,False,False,False,False,True,59.0,8.0,0,0.5521148339169513,0.5521148339169513,0.6120837562767054
2022,3,2022_03_KC_IND,IND,KC,20.0,17.0,3.0,0.3469988813687788,1,False,7,10,0,fieldturf,open,,,-4.5,00-0026143,00-0033873,-252.9029144476226,False,False,False,True,False,False,False,False,False,False,False,True,False,59.0,8.0,-3,0.28458274527828087,0.28458274527828087,0.32203242693257966
2022,3,2022_03_BUF_MIA,MIA,BUF,21.0,19.0,2.0,0.40654015451195236,1,False,7,6,1,grass,outdoors,,,-4.0,00-0036212,00-0034857,-151.3147397701604,False,False,False,False,True,False,False,False,False,False,False,False,True,59.0,8.0,1,0.4439234093451556,0.4439234093451556,0.42149345644523367
2022,3,2022_03_DET_MIN,MIN,DET,28.0,24.0,4.0,0.6727197834001091,1,False,6,7,1,sportturf,dome,,,6.5,00-0029604,00-0033106,288.2048552436328,False,False,False,False,False,False,False,True,False,False,True,False,False,59.0,8.0,-1,0.7217340198526659,0.7217340198526659,0.6923254779811319
2022,3,2022_03_BAL_NE,NE,BAL,26.0,37.0,-11.0,0.5907500403357142,0,False,7,7,0,fieldturf,outdoors,,,-2.5,00-0036972,00-0034796,146.8267466618725,False,False,False,True,False,False,False,False,False,False,False,False,True,59.0,8.0,0,0.43715162992234247,0.43715162992234247,0.5293106761703655
2022,3,2022_03_CIN_NYJ,NYJ,CIN,12.0,27.0,-15.0,0.27049365022277083,0,False,7,7,0,fieldturf,outdoors,,,-6.5,00-0026158,00-0036442,-396.84777936936644,False,False,False,True,False,False,False,False,False,False,False,False,True,59.0,8.0,0,0.279582573317391,0.279582573317391,0.2741292194606189
2022,3,2022_03_LV_TEN,TEN,LV,24.0,22.0,2.0,0.6403719183612562,1,False,6,7,0,grass,outdoors,,,-1.5,00-0029701,00-0031280,230.79149565529048,False,False,False,False,True,False,False,False,False,False,False,False,True,59.0,8.0,-1,0.4801510402931887,0.4801510402931887,0.5762835671340292
2022,3,2022_03_PHI_WAS,WAS,PHI,8.0,24.0,-16.0,0.3134350707799529,0,False,7,6,1,grass,outdoors,,,-6.0,00-0032950,00-0036389,-313.6434291742734,False,False,False,False,True,False,False,False,False,False,False,False,True,59.0,8.0,1,0.2522775899694211,0.2522775899694211,0.28897207845574024
2022,3,2022_03_JAX_LAC,LAC,JAX,10.0,38.0,-28.0,0.7036060535454115,0,False,10,7,0,matrixturf,dome,,,6.5,00-0036355,00-0036971,345.8116587420346,False,False,False,False,False,False,True,False,False,False,True,False,False,59.0,8.0,3,0.7252887137792541,0.7252887137792541,0.7122791176389485
2022,3,2022_03_LA_ARI,ARI,LA,12.0,20.0,-8.0,0.4602836872678059,0,False,7,7,1,grass,closed,,,-3.5,00-0035228,00-0026498,-63.680257550630955,False,False,False,False,True,False,False,False,False,True,False,False,False,59.0,8.0,0,0.4521597264625518,0.4521597264625518,0.45703410294570423
2022,3,2022_03_ATL_SEA,SEA,ATL,23.0,27.0,-4.0,0.66094354893282,0,False,7,7,0,fieldturf,outdoors,,,1.0,00-0030565,00-0032268,267.0007271373049,False,False,False,True,False,False,False,False,False,False,False,False,True,59.0,8.0,0,0.525315752682776,0.525315752682776,0.6066924304328024
2022,3,2022_03_GB_TB,TB,GB,12.0,14.0,-2.0,0.6458087896574327,0,False,7,7,0,grass,outdoors,,,1.0,00-0019596,00-0023459,240.26662368242526,False,False,False,False,True,False,False,False,False,False,False,False,True,59.0,8.0,0,0.5139482100437541,0.5139482100437541,0.5930645578119613
2022,3,2022_03_SF_DEN,DEN,SF,11.0,10.0,1.0,0.46062076607242414,1,False,7,7,0,grass,outdoors,,,-1.0,00-0029263,00-0031345,-63.13753611963895,False,False,False,False,True,False,False,False,False,False,False,False,True,59.0,8.0,0,0.47231067026943946,0.47231067026943946,0.46529672775123027
2022,3,2022_03_DAL_NYG,NYG,DAL,16.0,23.0,-7.0,0.45945574181284154,0,False,8,8,1,fieldturf,outdoors,,,1.0,00-0035710,00-0033662,-65.01355940064948,False,False,False,True,False,False,False,False,False,False,False,False,True,59.0,8.0,0,0.46214620414302054,0.46214620414302054,0.46053192674491317
2022,4,2022_04_MIA_CIN,CIN,MIA,27.0,15.0,12.0,0.5579052425373412,1,False,4,4,0,fieldturf,outdoors,,,4.0,00-0036442,00-0036212,93.06595568761398,False,False,False,True,False,False,False,False,False,False,False,False,True,59.0,8.0,0,0.5145255151665943,0.5145255151665943,0.5405533515890424
2022,4,2022_04_MIN_NO,NO,MIN,25.0,28.0,-3.0,0.36007431422307407,0,True,7,7,0,,outdoors,,,-4.0,00-0027973,00-0029604,-230.01664603760358,False,False,False,False,False,False,False,False,True,False,False,False,True,59.0,8.0,0,0.44725865241627116,0.44725865241627116,0.3949480495003529
2022,4,2022_04_CLE_ATL,ATL,CLE,23.0,20.0,3.0,0.45653904158827224,1,False,7,10,0,fieldturf,open,,,-1.0,00-0032268,00-0033119,-69.71346008473796,False,False,False,True,False,False,False,False,False,False,False,True,False,59.0,8.0,-3,0.4693617132192569,0.4693617132192569,0.4616681102406661
2022,4,2022_04_BUF_BAL,BAL,BUF,20.0,23.0,-3.0,0.4004092832535118,0,False,7,7,0,grass,outdoors,,,-3.0,00-0034796,00-0034857,-161.5040206306664,False,False,False,False,True,False,False,False,False,False,False,False,True,59.0,8.0,0,0.44725865241627116,0.44725865241627116,0.41914903091861555
2022,4,2022_04_WAS_DAL,DAL,WAS,25.0,10.0,15.0,0.6935023016277373,1,False,6,7,1,matrixturf,closed,,,3.0,00-0033662,00-0032950,326.6177250591701,False,False,False,False,False,False,True,False,False,True,False,False,False,59.0,8.0,-1,0.5680931839009051,0.5680931839009051,0.6433386545370043
2022,4,2022_04_SEA_DET,DET,SEA,45.0,48.0,-3.0,0.5428861743428511,0,False,7,7,0,fieldturf,dome,,,3.0,00-0033106,00-0030565,68.7868971763713,False,False,False,True,False,False,False,False,False,False,True,False,False,59.0,8.0,0,0.5258277267786583,0.5258277267786583,0.5360627953171739
2022,4,2022_04_LAC_HOU,HOU,LAC,24.0,34.0,-10.0,0.36969859690458484,0,False,7,7,0,astroturf,closed,,,-5.5,00-0036898,00-0036355,-213.40402075349115,False,False,True,False,False,False,False,False,False,True,False,False,False,59.0,8.0,0,0.27944578430568695,0.27944578430568695,0.3335974718650257
2022,4,2022_04_TEN_IND,IND,TEN,17.0,24.0,-7.0,0.6189594506146897,0,False,7,7,1,fieldturf,open,,,4.5,00-0026143,00-0029701,194.0535857400833,False,False,False,True,False,False,False,False,False,False,False,True,False,59.0,8.0,0,0.6417932282024273,0.6417932282024273,0.6280929616497848
2022,4,2022_04_CHI_NYG,NYG,CHI,20.0,12.0,8.0,0.5471318066445232,1,False,6,7,0,fieldturf,outdoors,,,3.0,00-0035710,00-0036945,75.63544677301675,False,False,False,True,False,False,False,False,False,False,False,False,True,59.0,8.0,-1,0.5258277267786583,0.5258277267786583,0.5386101746981773
2022,4,2022_04_JAX_PHI,PHI,JAX,29.0,21.0,8.0,0.7111062303969596,1,False,7,7,0,grass,outdoors,,,6.5,00-0036389,00-0036971,360.3051148693281,False,False,False,False,True,False,False,False,False,False,False,False,True,59.0,8.0,0,0.7252887137792541,0.7252887137792541,0.7167792237498773
2022,4,2022_04_NYJ_PIT,PIT,NYJ,20.0,24.0,-4.0,0.7592789365589255,0,False,10,7,0,grass,outdoors,,,3.0,00-0033869,00-0037013,459.4921460666213,False,False,False,False,True,False,False,False,False,False,False,False,True,59.0,8.0,3,0.5875822831377356,0.5875822831377356,0.6906002751904495
2022,4,2022_04_ARI_CAR,CAR,ARI,16.0,26.0,-10.0,0.5034571614055938,0,False,7,7,0,grass,outdoors,,,1.0,00-0034855,00-0035228,5.531546400539122,False,False,False,False,True,False,False,False,False,False,False,False,True,59.0,8.0,0,0.4771925781074802,0.4771925781074802,0.4929513280863484
2022,4,2022_04_NE_GB,GB,NE,27.0,24.0,3.0,0.7105016636995809,1,False,7,7,0,grass,outdoors,,,10.0,00-0023459,00-0026625,359.1286955724418,False,False,False,False,True,False,False,False,False,False,False,False,True,59.0,8.0,0,0.7759965336623805,0.7759965336623805,0.7366996116847008
2022,4,2022_04_DEN_LV,LV,DEN,32.0,23.0,9.0,0.5948222463349858,1,False,7,7,1,grass,dome,,,2.5,00-0031280,00-0029263,153.57469859978104,False,False,False,False,True,False,False,False,False,False,True,False,False,59.0,8.0,0,0.4964370804694369,0.4964370804694369,0.5554681799887662
2022,4,2022_04_KC_TB,TB,KC,31.0,41.0,-10.0,0.5824055803182553,0,False,7,7,0,grass,outdoors,,,1.0,00-0019596,00-0033873,133.0625619115638,False,False,False,False,True,False,False,False,False,False,False,False,True,59.0,8.0,0,0.48281345972668793,0.48281345972668793,0.5425687320816284
2022,4,2022_04_LA_SF,SF,LA,24.0,9.0,15.0,0.5495715938363088,1,False,8,8,1,grass,outdoors,,,1.0,00-0031345,00-0026498,79.57596433161451,False,False,False,False,True,False,False,False,False,False,False,False,True,59.0,8.0,0,0.4670160320159479,0.4670160320159479,0.5165493691081644
2022,5,2022_05_IND_DEN,DEN,IND,9.0,12.0,-3.0,0.5804441114042742,0,False,4,4,0,grass,outdoors,,,3.5,00-0029263,00-0026143,129.8387104522904,False,False,False,False,True,False,False,False,False,False,False,False,True,59.0,8.0,0,0.5640106420699651,0.5640106420699651,0.5738707236705506
2022,5,2022_05_NYG_GB,GB,NYG,22.0,27.0,-5.0,0.7075979081771989,0,True,7,7,0,,outdoors,,,8.5,00-0023459,00-0035710,353.4984496929271,False,False,False,False,False,False,False,False,True,False,False,False,True,59.0,8.0,0,0.730935147754989,0.730935147754989,0.7169328040083149
2022,5,2022_05_PIT_BUF,BUF,PIT,38.0,3.0,35.0,0.7931724606338638,1,False,7,7,0,a_turf,outdoors,,,14.0,00-0034857,00-0038102,537.6621495484197,True,False,False,False,False,False,False,False,False,False,False,False,True,59.0,8.0,0,0.848335259963242,0.848335259963242,0.8152375803656151
2022,5,2022_05_LAC_CLE,CLE,LAC,28.0,30.0,-2.0,0.5733331771106791,0,False,7,7,0,grass,outdoors,,,-1.0,00-0033119,00-0036355,118.18542970625852,False,False,False,False,True,False,False,False,False,False,False,False,True,59.0,8.0,0,0.4771925781074802,0.4771925781074802,0.5348769375093996
2022,5,2022_05_HOU_JAX,JAX,HOU,6.0,13.0,-7.0,0.6420670590502732,0,False,7,7,1,grass,outdoors,,,7.0,00-0036971,00-0036898,233.73883940496123,False,False,False,False,True,False,False,False,False,False,False,False,True,59.0,8.0,0,0.730935147754989,0.730935147754989,0.6776142945321595
2022,5,2022_05_CHI_MIN,MIN,CHI,29.0,22.0,7.0,0.681975597115324,1,False,7,7,1,sportturf,dome,,,10.0,00-0029604,00-0036945,305.14630295219547,False,False,False,False,False,False,False,True,False,False,True,False,False,59.0,8.0,0,0.7759965336623805,0.7759965336623805,0.7195839717341466
2022,5,2022_05_DET_NE,NE,DET,29.0,0.0,29.0,0.6409697014577026,1,False,7,7,0,fieldturf,outdoors,,,3.0,00-0038108,00-0033106,231.83016248241248,False,False,False,True,False,False,False,False,False,False,False,False,True,59.0,8.0,0,0.5686351603544366,0.5686351603544366,0.6120358850163963
2022,5,2022_05_SEA_NO,NO,SEA,39.0,32.0,7.0,0.6177252018574444,1,False,7,7,0,sportturf,dome,,,5.5,00-0027973,00-0030565,191.96159381127376,False,False,False,False,False,False,False,True,False,False,True,False,False,59.0,8.0,0,0.6392059375376852,0.6392059375376852,0.6263174961295407
2022,5,2022_05_MIA_NYJ,NYJ,MIA,40.0,17.0,23.0,0.3493351068234582,1,False,7,10,1,fieldturf,outdoors,,,-3.0,00-0037013,00-0031237,-248.78523986628292,False,False,False,True,False,False,False,False,False,False,False,False,True,59.0,8.0,-3,0.4362598550658826,0.4362598550658826,0.38410500612042797
2022,5,2022_05_ATL_TB,TB,ATL,21.0,15.0,6.0,0.7313254334228156,1,False,7,7,1,grass,outdoors,,,10.5,00-0019596,00-0032268,400.54307700145085,False,False,False,False,True,False,False,False,False,False,False,False,True,59.0,8.0,0,0.7759965336623805,0.7759965336623805,0.7491938735186416
2022,5,2022_05_TEN_WAS,WAS,TEN,17.0,21.0,-4.0,0.378358867554924,0,False,7,7,0,grass,outdoors,,,-1.0,00-0032950,00-0029701,-198.60793537872252,False,False,False,False,True,False,False,False,False,False,False,False,True,59.0,8.0,0,0.46334053817300563,0.46334053817300563,0.41235153580215667
2022,5,2022_05_SF_CAR,CAR,SF,15.0,37.0,-22.0,0.3204234461163705,0,False,7,6,0,grass,outdoors,,,-6.0,00-0034855,00-0031345,-300.73059966689704,False,False,False,False,True,False,False,False,False,False,False,False,True,59.0,8.0,1,0.2621414925059367,0.2621414925059367,0.297110664672197
2022,5,2022_05_PHI_ARI,ARI,PHI,17.0,20.0,-3.0,0.39500434830506154,0,False,7,7,0,grass,closed,,,-5.5,00-0035228,00-0036389,-170.52979900645786,False,False,False,False,True,False,False,False,False,True,False,False,False,59.0,8.0,0,0.27944578430568695,0.27944578430568695,0.3487809227053117
2022,5,2022_05_DAL_LA,LA,DAL,10.0,22.0,-12.0,0.6109656733679685,0,False,6,7,0,matrixturf,dome,,,5.5,00-0026498,00-0033662,180.54927741239337,False,False,False,False,False,False,True,False,False,False,True,False,False,59.0,8.0,-1,0.6350977666525229,0.6350977666525229,0.6206185106817903
2022,5,2022_05_CIN_BAL,BAL,CIN,19.0,17.0,2.0,0.6033353965733966,1,False,7,10,1,grass,outdoors,,,3.0,00-0034796,00-0036442,167.75286373697037,False,False,False,False,True,False,False,False,False,False,False,False,True,59.0,8.0,-3,0.5480991236648073,0.5480991236648073,0.5812408874099609
2022,5,2022_05_LV_KC,KC,LV,30.0,29.0,1.0,0.7520365112406835,1,False,8,8,1,grass,outdoors,,,7.5,00-0033873,00-0031280,443.8013449484089,False,False,False,False,True,False,False,False,False,False,False,False,True,59.0,8.0,0,0.7266428259070667,0.7266428259070667,0.7418790371072368
2022,6,2022_06_WAS_CHI,CHI,WAS,7.0,12.0,-5.0,0.5863589406377017,0,False,4,4,0,grass,outdoors,,,-1.0,00-0036945,00-0032950,139.57341494318527,False,False,False,False,True,False,False,False,False,False,False,False,True,59.0,8.0,0,0.45114270990433136,0.45114270990433136,0.5322724483443535
2022,6,2022_06_SF_ATL,ATL,SF,28.0,14.0,14.0,0.3471042946471293,1,False,7,7,0,fieldturf,open,,,-3.5,00-0032268,00-0031345,-252.71684185537566,False,False,False,True,False,False,False,False,False,False,False,True,False,59.0,8.0,0,0.43023997398511293,0.43023997398511293,0.38035856638232274
2022,6,2022_06_NE_CLE,CLE,NE,15.0,38.0,-23.0,0.6203012409421826,0,False,7,7,0,grass,outdoors,,,2.5,00-0033119,00-0038108,196.33081340551587,False,False,False,False,True,False,False,False,False,False,False,False,True,59.0,8.0,0,0.5407473830925578,0.5407473830925578,0.5884796978023327
2022,6,2022_06_NYJ_GB,GB,NYJ,10.0,27.0,-17.0,0.7803397573864786,0,False,7,7,0,grass,outdoors,,,7.5,00-0023459,00-0037013,507.0589641524298,False,False,False,False,True,False,False,False,False,False,False,False,True,59.0,8.0,0,0.779677624633424,0.779677624633424,0.7800749042852568
2022,6,2022_06_JAX_IND,IND,JAX,34.0,27.0,7.0,0.6907441336689158,1,False,10,7,1,fieldturf,open,,,1.0,00-0026143,00-0036971,321.44019617366297,False,False,False,True,False,False,False,False,False,False,False,True,False,59.0,8.0,3,0.5079540803250757,0.5079540803250757,0.6176281123313798
2022,6,2022_06_MIN_MIA,MIA,MIN,16.0,24.0,-8.0,0.4270630735237638,0,False,7,7,0,grass,outdoors,,,-3.0,00-0031237,00-0029604,-117.5375676830873,False,False,False,False,True,False,False,False,False,False,False,False,True,59.0,8.0,0,0.45618209595321163,0.45618209595321163,0.4387106824955429
2022,6,2022_06_CIN_NO,NO,CIN,26.0,30.0,-4.0,0.44225199608929894,0,False,7,7,0,sportturf,dome,,,-3.0,00-0027973,00-0036442,-92.81096318635443,False,False,False,False,False,False,False,True,False,False,True,False,False,59.0,8.0,0,0.4782007010477556,0.4782007010477556,0.45663147807268156
2022,6,2022_06_BAL_NYG,NYG,BAL,24.0,20.0,4.0,0.3703514953574822,1,False,7,7,0,fieldturf,outdoors,,,-5.5,00-0035710,00-0034796,-212.28367696316735,False,False,False,True,False,False,False,False,False,False,False,False,True,59.0,8.0,0,0.27944578430568695,0.27944578430568695,0.3339892109367641
2022,6,2022_06_TB_PIT,PIT,TB,20.0,18.0,2.0,0.3363494323505371,1,False,7,7,0,grass,outdoors,,,-10.0,00-0038102,00-0019596,-271.84206424848566,False,False,False,False,True,False,False,False,False,False,False,False,True,59.0,8.0,0,0.26002858363225223,0.26002858363225223,0.3058210928632231
2022,6,2022_06_CAR_LA,LA,CAR,24.0,10.0,14.0,0.7536385988963751,1,False,7,7,0,matrixturf,dome,,,10.0,00-0026498,00-0033275,447.2453493078847,False,False,False,False,False,False,True,False,False,False,True,False,False,59.0,8.0,0,0.7721990290594185,0.7721990290594185,0.7610627709615925
2022,6,2022_06_ARI_SEA,SEA,ARI,19.0,9.0,10.0,0.49520912318062205,1,False,7,7,1,fieldturf,outdoors,,,-2.5,00-0030565,00-0035228,-7.665637510815593,False,False,False,True,False,False,False,False,False,False,False,False,True,59.0,8.0,0,0.4590433896948987,0.4590433896948987,0.48074282978633276
2022,6,2022_06_BUF_KC,KC,BUF,20.0,24.0,-4.0,0.5125745372285707,0,False,6,7,0,grass,outdoors,,,-2.5,00-0033873,00-0034857,20.12350282532789,False,False,False,False,True,False,False,False,False,False,False,False,True,59.0,8.0,-1,0.4630752340392629,0.4630752340392629,0.49277481595284756
2022,6,2022_06_DAL_PHI,PHI,DAL,26.0,17.0,9.0,0.6564826356775072,1,False,7,7,1,grass,outdoors,,,6.5,00-0036389,00-0033662,259.06343280290713,False,False,False,False,True,False,False,False,False,False,False,False,True,59.0,8.0,0,0.7252887137792541,0.7252887137792541,0.684005066918206
2022,6,2022_06_DEN_LAC,LAC,DEN,19.0,16.0,3.0,0.6918793131186507,1,False,8,11,1,matrixturf,dome,,,3.5,00-0036355,00-0029263,323.5679962607921,False,False,False,False,False,False,True,False,False,False,True,False,False,59.0,8.0,-3,0.61038889715588,0.61038889715588,0.6592831467335424
2022,7,2022_07_NO_ARI,ARI,NO,42.0,34.0,8.0,0.5904557445836783,1,False,4,4,0,grass,open,,,2.5,00-0035228,00-0027973,146.33988714936302,False,False,False,False,True,False,False,False,False,False,False,True,False,59.0,8.0,0,0.5096915930647675,0.5096915930647675,0.558150083976114
2022,7,2022_07_CLE_BAL,BAL,CLE,23.0,20.0,3.0,0.7346290060143995,1,False,7,7,1,grass,outdoors,,,6.5,00-0034796,00-0033119,407.29471752963076,False,False,False,False,True,False,False,False,False,False,False,False,True,59.0,8.0,0,0.7252887137792541,0.7252887137792541,0.7308928891203413
2022,7,2022_07_TB_CAR,CAR,TB,21.0,3.0,18.0,0.26790693783128267,1,False,7,7,1,grass,outdoors,,,-13.0,00-0033275,00-0019596,-402.10718667289285,False,False,False,False,True,False,False,False,False,False,False,False,True,59.0,8.0,0,0.2502172248557555,0.2502172248557555,0.26083105264107176
2022,7,2022_07_ATL_CIN,CIN,ATL,35.0,17.0,18.0,0.6525343861341293,1,False,7,7,0,fieldturf,outdoors,,,6.5,00-0036442,00-0032268,252.0792518638891,False,False,False,True,False,False,False,False,False,False,False,False,True,59.0,8.0,0,0.7275218398759575,0.7275218398759575,0.6825293676308606
2022,7,2022_07_DET_DAL,DAL,DET,24.0,6.0,18.0,0.7526394225704024,1,False,7,14,0,matrixturf,closed,,,7.0,00-0033077,00-0033106,445.09566354345156,False,False,False,False,False,False,True,False,False,True,False,False,False,59.0,8.0,-7,0.7096743529725182,0.7096743529725182,0.7354533947312487
2022,7,2022_07_NYG_JAX,JAX,NYG,17.0,23.0,-6.0,0.520712136673073,0,False,7,7,0,grass,outdoors,,,3.0,00-0036971,00-0035710,33.15839363778794,False,False,False,False,True,False,False,False,False,False,False,False,True,59.0,8.0,0,0.515524713778411,0.515524713778411,0.5186371675152082
2022,7,2022_07_IND_TEN,TEN,IND,19.0,10.0,9.0,0.6623962111076829,1,False,14,7,1,grass,outdoors,,,2.5,00-0029701,00-0026143,269.59635897098775,False,False,False,False,True,False,False,False,False,False,False,False,True,59.0,8.0,7,0.5384524398367145,0.5384524398367145,0.6128187025992955
2022,7,2022_07_GB_WAS,WAS,GB,23.0,21.0,2.0,0.3169441487478259,1,False,10,7,0,grass,outdoors,,,-4.0,00-0031800,00-0023459,-307.1404232870412,False,False,False,False,True,False,False,False,False,False,False,False,True,59.0,8.0,3,0.351520274084672,0.351520274084672,0.33077459888256433
2022,7,2022_07_NYJ_DEN,DEN,NYJ,9.0,16.0,-7.0,0.4623123308261129,0,False,6,7,0,grass,outdoors,,,-2.0,00-0034955,00-0037013,-60.414859038234155,False,False,False,False,True,False,False,False,False,False,False,False,True,59.0,8.0,-1,0.4609971471608423,0.4609971471608423,0.46178625736000467
2022,7,2022_07_HOU_LV,LV,HOU,38.0,20.0,18.0,0.6770790801286509,1,False,13,14,0,grass,dome,,,7.0,00-0031280,00-0036898,296.1522450427417,False,False,False,False,True,False,False,False,False,False,True,False,False,59.0,8.0,-1,0.723184395609192,0.723184395609192,0.6955212063208673
2022,7,2022_07_SEA_LAC,LAC,SEA,23.0,37.0,-14.0,0.6767926844982011,0,False,6,7,0,matrixturf,dome,,,5.5,00-0036355,00-0030565,295.6284153156423,False,False,False,False,False,False,True,False,False,False,True,False,False,59.0,8.0,-1,0.6350977666525229,0.6350977666525229,0.6601147173599298
2022,7,2022_07_KC_SF,SF,KC,23.0,44.0,-21.0,0.4411532357922547,0,False,7,7,0,,outdoors,,,-1.0,00-0031345,00-0033873,-94.5932088721145,False,False,False,False,False,False,False,False,True,False,False,False,True,59.0,8.0,0,0.47231067026943946,0.47231067026943946,0.4536162095831286
2022,7,2022_07_PIT_MIA,MIA,PIT,16.0,10.0,6.0,0.6438638365076288,1,False,7,7,0,grass,outdoors,,,7.5,00-0036212,00-0038102,236.8696521239932,False,False,False,False,True,False,False,False,False,False,False,False,True,59.0,8.0,0,0.730935147754989,0.730935147754989,0.6786923610065729
2022,7,2022_07_CHI_NE,NE,CHI,14.0,33.0,-19.0,0.6917347522256995,0,False,8,11,0,fieldturf,outdoors,,,9.5,00-0036972,00-0036945,323.2967878695118,False,False,False,True,False,False,False,False,False,False,False,False,True,59.0,8.0,-3,0.7439458836848114,0.7439458836848114,0.7126192048093443
2022,8,2022_08_BAL_TB,TB,BAL,22.0,27.0,-5.0,0.6255236166023254,0,False,4,4,0,grass,outdoors,,,2.0,00-0019596,00-0034796,205.22413850899844,False,False,False,False,True,False,False,False,False,False,False,False,True,59.0,8.0,0,0.5363313395426367,0.5363313395426367,0.5898467057784499
2022,8,2022_08_DEN_JAX,JAX,DEN,17.0,21.0,-4.0,0.46896580896129886,0,True,7,7,0,,outdoors,,,1.0,00-0036971,00-0029263,-49.71861811403424,False,False,False,False,False,False,False,False,True,False,False,False,True,59.0,8.0,0,0.4771925781074802,0.4771925781074802,0.4722565166197714
2022,8,2022_08_CAR_ATL,ATL,CAR,37.0,34.0,3.0,0.661719752709655,1,False,7,7,1,fieldturf,closed,,,4.5,00-0032268,00-0033275,268.3869784375593,False,False,False,True,False,False,False,False,False,True,False,False,False,59.0,8.0,0,0.6417932282024273,0.6417932282024273,0.6537491429067639
2022,8,2022_08_CHI_DAL,DAL,CHI,49.0,29.0,20.0,0.6999074934107762,1,False,7,6,0,matrixturf,open,,,10.5,00-0033077,00-0036945,338.74295664732574,False,False,False,False,False,False,True,False,False,False,False,True,False,59.0,8.0,1,0.7759965336623805,0.7759965336623805,0.7303431095114179
2022,8,2022_08_MIA_DET,DET,MIA,27.0,31.0,-4.0,0.3412750669347691,0,False,7,7,0,fieldturf,dome,,,-3.5,00-0033106,00-0036212,-263.04689873526985,False,False,False,True,False,False,False,False,False,False,True,False,False,59.0,8.0,0,0.43023997398511293,0.43023997398511293,0.37686102975490665
2022,8,2022_08_ARI_MIN,MIN,ARI,34.0,26.0,8.0,0.657500671524625,1,False,14,10,0,sportturf,dome,,,4.0,00-0029604,00-0035228,260.8704353348431,False,False,False,False,False,False,False,True,False,False,True,False,False,59.0,8.0,4,0.6392059375376852,0.6392059375376852,0.650182777929849
2022,8,2022_08_LV_NO,NO,LV,24.0,0.0,24.0,0.47677072474753385,1,False,10,7,0,sportturf,dome,,,-1.0,00-0031503,00-0031280,-37.19361535164359,False,False,False,False,False,False,False,True,False,False,True,False,False,59.0,8.0,3,0.48871069449969845,0.48871069449969845,0.48154671264839966
2022,8,2022_08_NE_NYJ,NYJ,NE,17.0,22.0,-5.0,0.5209061024721066,0,False,7,6,1,fieldturf,outdoors,,,-3.0,00-0037013,00-0036972,33.46927739503087,False,False,False,True,False,False,False,False,False,False,False,False,True,59.0,8.0,1,0.439782261451691,0.439782261451691,0.48845656606394033
2022,8,2022_08_PIT_PHI,PHI,PIT,35.0,13.0,22.0,0.7466447136513662,1,False,14,7,0,grass,outdoors,,,11.0,00-0036389,00-0038102,432.31866275673144,False,False,False,False,True,False,False,False,False,False,False,False,True,59.0,8.0,7,0.7721990290594185,0.7721990290594185,0.7568664398145871
2022,8,2022_08_TEN_HOU,HOU,TEN,10.0,17.0,-7.0,0.35341632081913316,0,False,7,7,1,astroturf,closed,,,-1.0,00-0036898,00-0038128,-241.62235315494894,False,False,True,False,False,False,False,False,False,True,False,False,False,59.0,8.0,0,0.4593083599133469,0.4593083599133469,0.39577313645681866
2022,8,2022_08_WAS_IND,IND,WAS,16.0,17.0,-1.0,0.6527203697819567,0,False,7,7,0,fieldturf,closed,,,3.0,00-0036879,00-0031800,252.40740297963873,False,False,False,True,False,False,False,False,False,True,False,False,False,59.0,8.0,0,0.5686351603544366,0.5686351603544366,0.6190862860109487
2022,8,2022_08_SF_LA,LA,SF,14.0,31.0,-17.0,0.5676164195547034,0,False,14,7,1,matrixturf,dome,,,-1.0,00-0026498,00-0031345,108.85310437209732,False,False,False,False,False,False,True,False,False,False,True,False,False,59.0,8.0,7,0.454108065573695,0.454108065573695,0.5222130779623001
2022,8,2022_08_NYG_SEA,SEA,NYG,27.0,13.0,14.0,0.6619942116753147,1,False,7,7,0,fieldturf,outdoors,,,3.0,00-0030565,00-0035710,268.87751665942295,False,False,False,True,False,False,False,False,False,False,False,False,True,59.0,8.0,0,0.573475561692734,0.573475561692734,0.6265867516822824
2022,8,2022_08_GB_BUF,BUF,GB,27.0,17.0,10.0,0.7400082611045391,1,False,14,7,0,a_turf,outdoors,,,10.5,00-0034857,00-0023459,418.4045971035765,True,False,False,False,False,False,False,False,False,False,False,False,True,59.0,8.0,7,0.7759965336623805,0.7759965336623805,0.7544035701276757
2022,8,2022_08_CIN_CLE,CLE,CIN,32.0,13.0,19.0,0.3785394658138314,1,False,8,8,1,grass,outdoors,66.0,9.0,-3.0,00-0033119,00-0036442,-198.3008286369871,False,False,False,False,True,False,False,False,False,False,False,False,True,66.0,9.0,0,0.4371866524116377,0.4371866524116377,0.4019983404529539
2022,9,2022_09_PHI_HOU,HOU,PHI,17.0,29.0,-12.0,0.26114689005779707,0,False,4,4,0,astroturf,closed,,,-14.0,00-0036898,00-0036389,-416.00643453542983,False,False,True,False,False,False,False,False,False,True,False,False,False,59.0,8.0,0,0.2636349401088413,0.2636349401088413,0.26214211007821475
2022,9,2022_09_LAC_ATL,ATL,LAC,17.0,20.0,-3.0,0.5112384578977336,0,False,7,14,0,fieldturf,open,,,-2.5,00-0032268,00-0036355,17.984561715108207,False,False,False,True,False,False,False,False,False,False,False,True,False,59.0,8.0,-7,0.45470871948684305,0.45470871948684305,0.4886265625333774
2022,9,2022_09_MIA_CHI,CHI,MIA,32.0,35.0,-3.0,0.43764748196430214,0,False,7,7,0,grass,outdoors,58.0,17.0,-4.0,00-0036945,00-0036212,-100.28606356703867,False,False,False,False,True,False,False,False,False,False,False,False,True,58.0,17.0,0,0.4652180455431089,0.4652180455431089,0.44867570739582485
2022,9,2022_09_CAR_CIN,CIN,CAR,42.0,21.0,21.0,0.7172940945793231,1,False,6,7,0,fieldturf,outdoors,68.0,11.0,7.0,00-0036442,00-0033275,372.43151056629307,False,False,False,True,False,False,False,False,False,False,False,False,True,68.0,11.0,-1,0.7007909931468905,0.7007909931468905,0.7106928540063502
2022,9,2022_09_GB_DET,DET,GB,15.0,9.0,6.0,0.3185346887560337,1,False,7,7,1,fieldturf,dome,,,-4.0,00-0033106,00-0023459,-304.20558690875555,False,False,False,True,False,False,False,False,False,False,True,False,False,59.0,8.0,0,0.3816980415249136,0.3816980415249136,0.34380002986358565
2022,9,2022_09_LV_JAX,JAX,LV,27.0,20.0,7.0,0.3985987754112362,1,False,7,7,0,grass,outdoors,81.0,14.0,-2.5,00-0036971,00-0031280,-164.52278849325847,False,False,False,False,True,False,False,False,False,False,False,False,True,81.0,14.0,0,0.47048060743266085,0.47048060743266085,0.42735150821980605
2022,9,2022_09_IND_NE,NE,IND,26.0,3.0,23.0,0.686817576791945,1,False,7,7,0,fieldturf,outdoors,78.0,13.0,5.0,00-0036972,00-0036879,314.1131513919176,False,False,False,True,False,False,False,False,False,False,False,False,True,78.0,13.0,0,0.6417932282024273,0.6417932282024273,0.6688078373561379
2022,9,2022_09_BUF_NYJ,NYJ,BUF,20.0,17.0,3.0,0.29572197457241145,1,False,7,7,1,fieldturf,outdoors,69.0,17.0,-11.0,00-0037013,00-0034857,-347.1013851373858,False,False,False,True,False,False,False,False,False,False,False,False,True,69.0,17.0,0,0.2502172248557555,0.2502172248557555,0.277520074685749
2022,9,2022_09_MIN_WAS,WAS,MIN,17.0,20.0,-3.0,0.3529892370481418,0,False,7,7,0,grass,outdoors,71.0,11.0,-3.0,00-0031800,00-0029604,-242.37014520313406,False,False,False,False,True,False,False,False,False,False,False,False,True,71.0,11.0,0,0.44725865241627116,0.44725865241627116,0.3906970031953935
2022,9,2022_09_SEA_ARI,ARI,SEA,21.0,31.0,-10.0,0.5179096301135829,0,False,7,7,1,grass,open,,,1.5,00-0035228,00-0030565,28.667672772777752,False,False,False,False,True,False,False,False,False,False,False,True,False,59.0,8.0,0,0.47314613328863564,0.47314613328863564,0.500004231383604
2022,9,2022_09_LA_TB,TB,LA,16.0,13.0,3.0,0.6507208041126291,1,False,10,7,0,grass,outdoors,88.0,2.0,3.0,00-0019596,00-0026498,248.88363491492953,False,False,False,False,True,False,False,False,False,False,False,False,True,88.0,2.0,3,0.5541746912512163,0.5541746912512163,0.612102358968064
2022,9,2022_09_TEN_KC,KC,TEN,20.0,17.0,3.0,0.6896740679966195,1,False,14,7,0,grass,outdoors,54.0,7.0,14.0,00-0033873,00-0038128,319.43839282321346,False,False,False,False,True,False,False,False,False,False,False,False,True,54.0,7.0,7,0.7745275912137505,0.7745275912137505,0.723615477283472
2022,9,2022_09_BAL_NO,NO,BAL,13.0,27.0,-14.0,0.4967756040387796,0,False,8,11,0,sportturf,dome,,,-1.0,00-0027973,00-0034796,-5.1591050558374985,False,False,False,False,False,False,False,True,False,False,True,False,False,59.0,8.0,-3,0.5016982880359302,0.5016982880359302,0.49874467763763985
2022,10,2022_10_ATL_CAR,CAR,ATL,25.0,15.0,10.0,0.44032921145380605,1,False,4,4,1,grass,outdoors,61.0,12.0,-2.5,00-0033275,00-0032268,-95.93043130856458,False,False,False,False,True,False,False,False,False,False,False,False,True,61.0,12.0,0,0.4541858527814255,0.4541858527814255,0.4458718679848538
2022,10,2022_10_SEA_TB,TB,SEA,21.0,16.0,5.0,0.5221988910993635,1,True,7,7,0,,outdoors,,,2.5,00-0019596,00-0030565,35.54159080390811,False,False,False,False,False,False,False,False,True,False,False,False,True,59.0,8.0,0,0.50406277117061,0.50406277117061,0.5149444431278621
2022,10,2022_10_MIN_BUF,BUF,MIN,30.0,33.0,-3.0,0.6627968903296682,0,False,7,7,0,a_turf,outdoors,38.0,11.0,6.5,00-0034857,00-0029604,270.3132582813519,True,False,False,False,False,False,False,False,False,False,False,False,True,38.0,11.0,0,0.7244342795818601,0.7244342795818601,0.687451846030545
2022,10,2022_10_DET_CHI,CHI,DET,30.0,31.0,-1.0,0.6632298179589214,0,False,7,7,1,grass,outdoors,34.0,13.0,3.0,00-0036945,00-0033106,271.0883272911555,False,False,False,False,True,False,False,False,False,False,False,False,True,34.0,13.0,0,0.5965818465460859,0.5965818465460859,0.6365706293937872
2022,10,2022_10_JAX_KC,KC,JAX,27.0,17.0,10.0,0.8445537262753117,1,False,7,7,0,grass,outdoors,33.0,7.0,10.0,00-0033873,00-0036971,677.0032751740243,False,False,False,False,True,False,False,False,False,False,False,False,True,33.0,7.0,0,0.8643908825690345,0.8643908825690345,0.8524885887928009
2022,10,2022_10_CLE_MIA,MIA,CLE,39.0,17.0,22.0,0.6623483785993002,1,False,7,13,0,grass,outdoors,85.0,7.0,3.0,00-0036212,00-0033119,269.5108044601699,False,False,False,False,True,False,False,False,False,False,False,False,True,85.0,7.0,-6,0.5590515286090891,0.5590515286090891,0.6210296386032157
2022,10,2022_10_HOU_NYG,NYG,HOU,24.0,16.0,8.0,0.7009129634425408,1,False,14,10,0,fieldturf,outdoors,50.0,15.0,5.5,00-0035710,00-0036898,340.65963822481706,False,False,False,True,False,False,False,False,False,False,False,False,True,50.0,15.0,4,0.6853629818417172,0.6853629818417172,0.6946929708022114
2022,10,2022_10_NO_PIT,PIT,NO,20.0,10.0,10.0,0.5269975217888639,1,False,14,6,0,grass,outdoors,37.0,15.0,1.0,00-0038102,00-0027973,43.23808728686522,False,False,False,False,True,False,False,False,False,False,False,False,True,37.0,15.0,8,0.475966398693389,0.475966398693389,0.506585072550674
2022,10,2022_10_DEN_TEN,TEN,DEN,17.0,10.0,7.0,0.7410068349825457,1,False,7,14,0,grass,outdoors,36.0,9.0,2.5,00-0029701,00-0029263,420.48327111770567,False,False,False,False,True,False,False,False,False,False,False,False,True,36.0,9.0,-7,0.595045569684406,0.595045569684406,0.6826223288632898
2022,10,2022_10_IND_LV,LV,IND,20.0,25.0,-5.0,0.6168536978055766,0,False,7,7,0,grass,dome,,,4.5,00-0031280,00-0026143,190.48598834160038,False,False,False,False,True,False,False,False,False,False,True,False,False,59.0,8.0,0,0.6099877425464477,0.6099877425464477,0.6141073157019251
2022,10,2022_10_DAL_GB,GB,DAL,31.0,28.0,3.0,0.4000103251976912,1,False,7,14,0,grass,outdoors,33.0,8.0,-3.5,00-0023459,00-0033077,-162.1688346544786,False,False,False,False,True,False,False,False,False,False,False,False,True,33.0,8.0,-7,0.4434743732965407,0.4434743732965407,0.417395944437231
2022,10,2022_10_ARI_LA,LA,ARI,17.0,27.0,-10.0,0.668464526966759,0,False,7,7,1,matrixturf,dome,,,3.5,00-0034899,00-0027688,280.49940798656803,False,False,False,False,False,False,True,False,False,False,True,False,False,59.0,8.0,0,0.61038889715588,0.61038889715588,0.6452342750424074
2022,10,2022_10_LAC_SF,SF,LAC,22.0,16.0,6.0,0.7605742611548111,1,False,14,7,0,grass,outdoors,57.0,6.0,8.5,00-0031345,00-0036355,462.3321813672236,False,False,False,False,True,False,False,False,False,False,False,False,True,57.0,6.0,7,0.7548042334487104,0.7548042334487104,0.7582662500723708
2022,10,2022_10_WAS_PHI,PHI,WAS,21.0,32.0,-11.0,0.784954028589303,0,False,11,8,1,grass,outdoors,43.0,6.0,11.0,00-0036389,00-0031800,517.909331189906,False,False,False,False,True,False,False,False,False,False,False,False,True,43.0,6.0,3,0.8298461287081361,0.8298461287081361,0.8029108686368363
2022,11,2022_11_TEN_GB,GB,TEN,17.0,27.0,-10.0,0.5151406579219227,0,False,4,4,0,grass,outdoors,25.0,11.0,3.0,00-0023459,00-0029701,24.23246120416085,False,False,False,False,True,False,False,False,False,False,False,False,True,25.0,11.0,0,0.5643860310529066,0.5643860310529066,0.5348388071743162
2022,11,2022_11_CHI_ATL,ATL,CHI,27.0,24.0,3.0,0.6398243194980231,1,False,10,7,0,fieldturf,closed,,,3.0,00-0032268,00-0036945,229.840689630625,False,False,False,True,False,False,False,False,False,True,False,False,False,59.0,8.0,3,0.5686351603544366,0.5686351603544366,0.6113486558405885
2022,11,2022_11_CAR_BAL,BAL,CAR,13.0,3.0,10.0,0.7471533035547486,1,False,13,10,0,grass,outdoors,36.0,2.0,13.0,00-0034796,00-0033275,433.3948110213481,False,False,False,False,True,False,False,False,False,False,False,False,True,36.0,2.0,3,0.8097391609217015,0.8097391609217015,0.7721876465015298
2022,11,2022_11_CLE_BUF,BUF,CLE,31.0,23.0,8.0,0.7193258353347461,1,True,7,7,0,fieldturf,dome,,,7.5,00-0034857,00-0033119,376.4479973522313,False,False,False,True,False,False,False,False,False,False,True,False,False,59.0,8.0,0,0.7192474582828524,0.7192474582828524,0.7192944845139886
2022,11,2022_11_WAS_HOU,HOU,WAS,10.0,23.0,-13.0,0.35841053118771365,0,False,7,6,0,astroturf,closed,,,-3.0,00-0036898,00-0031800,-232.90783116331556,False,False,True,False,False,False,False,False,False,True,False,False,False,59.0,8.0,1,0.43010364095584286,0.43010364095584286,0.38708777509496534
2022,11,2022_11_PHI_IND,IND,PHI,16.0,17.0,-1.0,0.2870639091876541,0,False,7,6,0,fieldturf,closed,,,-6.5,00-0036879,00-0036389,-363.8747644504731,False,False,False,True,False,False,False,False,False,True,False,False,False,59.0,8.0,1,0.26576662827908976,0.26576662827908976,0.2785449968242284
2022,11,2022_11_NYJ_NE,NE,NYJ,10.0,3.0,7.0,0.6532350711551214,1,False,14,14,1,fieldturf,outdoors,42.0,2.0,3.5,00-0036972,00-0037013,253.31597562300826,False,False,False,True,False,False,False,False,False,False,False,False,True,42.0,2.0,0,0.6736652228196839,0.6736652228196839,0.6614071318209463
2022,11,2022_11_LA_NO,NO,LA,27.0,20.0,7.0,0.5958343844809144,1,False,7,7,0,sportturf,dome,,,2.5,00-0027973,00-0026498,155.2552066798572,False,False,False,False,False,False,False,True,False,False,True,False,False,59.0,8.0,0,0.531126949139377,0.531126949139377,0.5699514103442994
2022,11,2022_11_DET_NYG,NYG,DET,18.0,31.0,-13.0,0.6712424095807903,0,False,7,7,0,fieldturf,outdoors,35.0,21.0,3.0,00-0035710,00-0033106,285.52386636759246,False,False,False,True,False,False,False,False,False,False,False,False,True,35.0,21.0,0,0.6164564076369855,0.6164564076369855,0.6493280088032684
2022,11,2022_11_LV_DEN,DEN,LV,16.0,22.0,-6.0,0.5997228853986863,0,False,7,7,1,grass,outdoors,49.0,11.0,2.5,00-0029263,00-0031280,161.7242388450847,False,False,False,False,True,False,False,False,False,False,False,False,True,49.0,11.0,0,0.5223330313329885,0.5223330313329885,0.5687669437724072
2022,11,2022_11_DAL_MIN,MIN,DAL,3.0,40.0,-37.0,0.5628760476537988,0,False,7,7,0,sportturf,dome,,,-1.5,00-0029604,00-0033077,101.13705647428128,False,False,False,False,False,False,False,True,False,False,True,False,False,59.0,8.0,0,0.4928029647826766,0.4928029647826766,0.53484681450535
2022,11,2022_11_CIN_PIT,PIT,CIN,30.0,37.0,-7.0,0.3952686796993329,0,False,7,14,1,grass,outdoors,27.0,12.0,-3.5,00-0038102,00-0036442,-170.0874101096098,False,False,False,False,True,False,False,False,False,False,False,False,True,27.0,12.0,-7,0.4358473093655831,0.4358473093655831,0.411500131565833
2022,11,2022_11_KC_LAC,LAC,KC,27.0,30.0,-3.0,0.3338717691557278,0,False,7,7,1,matrixturf,dome,,,-5.5,00-0036355,00-0033873,-276.290078494834,False,False,False,False,False,False,True,False,False,False,True,False,False,59.0,8.0,0,0.2626501269392979,0.2626501269392979,0.3053831122691558
2022,11,2022_11_SF_ARI,ARI,SF,10.0,38.0,-28.0,0.3592690998330049,0,True,8,8,1,,outdoors,,,-10.0,00-0027688,00-0031345,-231.41514673718925,False,False,False,False,False,False,False,False,True,False,False,False,True,59.0,8.0,0,0.2146210070348066,0.2146210070348066,0.3014098627137256
2022,12,2022_12_BUF_DET,DET,BUF,25.0,28.0,-3.0,0.2839680678762567,0,False,4,4,0,fieldturf,dome,,,-10.0,00-0033106,00-0034857,-369.9451876480495,False,False,False,True,False,False,False,False,False,False,True,False,False,59.0,8.0,0,0.26856404827800523,0.26856404827800523,0.2778064600369561
2022,12,2022_12_NYG_DAL,DAL,NYG,28.0,20.0,8.0,0.7686172862888765,1,False,4,4,1,matrixturf,closed,,,10.5,00-0033077,00-0035710,480.2080238359763,False,False,False,False,False,False,True,False,False,True,False,False,False,59.0,8.0,0,0.8226021358101465,0.8226021358101465,0.7902112260973845
2022,12,2022_12_NE_MIN,MIN,NE,33.0,26.0,7.0,0.6215064378763812,1,False,4,4,0,sportturf,dome,,,2.5,00-0029604,00-0036972,198.37888227804785,False,False,False,False,False,False,False,True,False,False,True,False,False,59.0,8.0,0,0.5675153211916775,0.5675153211916775,0.5999099912024997
2022,12,2022_12_DEN_CAR,CAR,DEN,23.0,10.0,13.0,0.5131368542724919,1,False,7,7,0,grass,outdoors,66.0,15.0,-1.0,00-0034869,00-0029263,21.02380535883008,False,False,False,False,True,False,False,False,False,False,False,False,True,66.0,15.0,0,0.4771925781074802,0.4771925781074802,0.4987591438064872
2022,12,2022_12_TB_CLE,CLE,TB,23.0,17.0,6.0,0.3889137950658464,1,False,7,14,0,grass,outdoors,56.0,14.0,-3.0,00-0033119,00-0019596,-180.75212997838307,False,False,False,False,True,False,False,False,False,False,False,False,True,56.0,14.0,-7,0.4353190666887546,0.4353190666887546,0.4074759037150097
2022,12,2022_12_BAL_JAX,JAX,BAL,28.0,27.0,1.0,0.32337469211428627,1,False,14,7,0,grass,outdoors,77.0,19.0,-3.5,00-0036971,00-0034796,-295.3223886975996,False,False,False,False,True,False,False,False,False,False,False,False,True,77.0,19.0,7,0.34120637216970046,0.34120637216970046,0.330507364136452
2022,12,2022_12_HOU_MIA,MIA,HOU,30.0,15.0,15.0,0.835675763756662,1,False,14,7,0,grass,outdoors,84.0,13.0,14.0,00-0036212,00-0034577,650.5596676645462,False,False,False,False,True,False,False,False,False,False,False,False,True,84.0,13.0,7,0.8663752384017294,0.8663752384017294,0.847955553614689
2022,12,2022_12_CHI_NYJ,NYJ,CHI,31.0,10.0,21.0,0.6474977449299139,1,False,7,7,0,fieldturf,outdoors,50.0,9.0,8.5,00-0034401,00-0032156,243.22331649603905,False,False,False,True,False,False,False,False,False,False,False,False,True,50.0,9.0,0,0.7452519062970231,0.7452519062970231,0.6865994094767576
2022,12,2022_12_CIN_TEN,TEN,CIN,16.0,20.0,-4.0,0.5637684532164204,0,False,10,7,0,grass,outdoors,56.0,14.0,-1.0,00-0029701,00-0036442,102.58818010952679,False,False,False,False,True,False,False,False,False,False,False,False,True,56.0,14.0,3,0.4581332731599041,0.4581332731599041,0.5215143811938139
2022,12,2022_12_ATL_WAS,WAS,ATL,19.0,13.0,6.0,0.6770361668727215,1,False,7,7,0,grass,outdoors,46.0,9.0,3.5,00-0031800,00-0032268,296.0737394152664,False,False,False,False,True,False,False,False,False,False,False,False,True,46.0,9.0,0,0.6312638864804263,0.6312638864804263,0.6587272547158034
2022,12,2022_12_LAC_ARI,ARI,LAC,24.0,25.0,-1.0,0.5132996570632089,0,False,6,7,0,grass,closed,,,-2.5,00-0035228,00-0036355,21.28447200337158,False,False,False,False,True,False,False,False,False,True,False,False,False,59.0,8.0,-1,0.4594139107195501,0.4594139107195501,0.4917453585257454
2022,12,2022_12_LV_SEA,SEA,LV,34.0,40.0,-6.0,0.6871454392575437,0,False,14,7,0,fieldturf,outdoors,44.0,8.0,4.0,00-0030565,00-0031280,314.72302056245377,False,False,False,True,False,False,False,False,False,False,False,False,True,44.0,8.0,7,0.7025231079159608,0.7025231079159608,0.6932965067209106
2022,12,2022_12_LA_KC,KC,LA,26.0,10.0,16.0,0.8343483468029198,1,False,7,7,0,grass,outdoors,44.0,6.0,16.5,00-0033873,00-0035939,646.7055553659308,False,False,False,False,True,False,False,False,False,False,False,False,True,44.0,6.0,0,0.8844555042564736,0.8844555042564736,0.8543912097843414
2022,12,2022_12_NO_SF,SF,NO,13.0,0.0,13.0,0.7022070579707724,1,False,6,7,0,grass,outdoors,59.0,2.0,9.5,00-0031345,00-0027973,343.1319581250239,False,False,False,False,True,False,False,False,False,False,False,False,True,59.0,2.0,-1,0.736997667625987,0.736997667625987,0.7161233018328582
2022,12,2022_12_GB_PHI,PHI,GB,40.0,33.0,7.0,0.7022204875391569,1,False,7,10,0,grass,outdoors,62.0,24.0,6.5,00-0036389,00-0023459,343.15764717807826,False,False,False,False,True,False,False,False,False,False,False,False,True,62.0,24.0,-3,0.7111492516566732,0.7111492516566732,0.7057919931861634
2022,12,2022_12_PIT_IND,IND,PIT,17.0,24.0,-7.0,0.6128749973692145,0,False,8,8,0,fieldturf,closed,,,2.5,00-0026143,00-0038102,183.7653402359192,False,False,False,True,False,False,False,False,False,True,False,False,False,59.0,8.0,0,0.5439762275782976,0.5439762275782976,0.5853154894528477
2022,13,2022_13_BUF_NE,NE,BUF,10.0,24.0,-14.0,0.3617032944375539,0,False,7,7,1,fieldturf,outdoors,35.0,2.0,-3.5,00-0036972,00-0034857,-227.1915935437442,False,False,False,True,False,False,False,False,False,False,False,False,True,35.0,2.0,0,0.4365946527546204,0.4365946527546204,0.3916598377643805
2022,13,2022_13_PIT_ATL,ATL,PIT,16.0,19.0,-3.0,0.5072671580028365,0,False,7,6,0,fieldturf,closed,,,-1.0,00-0032268,00-0038102,11.628271660618772,False,False,False,True,False,False,False,False,False,True,False,False,False,59.0,8.0,1,0.4771925781074802,0.4771925781074802,0.495237326044694
2022,13,2022_13_DEN_BAL,BAL,DEN,10.0,9.0,1.0,0.7840050565981839,1,False,7,7,0,grass,outdoors,63.0,8.0,9.5,00-0034796,00-0029263,515.6641891355298,False,False,False,False,True,False,False,False,False,False,False,False,True,63.0,8.0,0,0.7726400360233587,0.7726400360233587,0.7794590483682537
2022,13,2022_13_GB_CHI,CHI,GB,19.0,28.0,-9.0,0.3852928254928017,0,False,7,7,1,grass,outdoors,38.0,12.0,-4.0,00-0036945,00-0023459,-186.856953807602,False,False,False,False,True,False,False,False,False,False,False,False,True,38.0,12.0,0,0.43961791654964166,0.43961791654964166,0.40702286191553766
2022,13,2022_13_JAX_DET,DET,JAX,40.0,14.0,26.0,0.6208925308117886,1,False,10,7,0,fieldturf,dome,,,1.0,00-0033106,00-0036971,197.33531357311767,False,False,False,True,False,False,False,False,False,False,True,False,False,59.0,8.0,3,0.5012554762515846,0.5012554762515846,0.573037708987707
2022,13,2022_13_CLE_HOU,HOU,CLE,14.0,27.0,-13.0,0.25377195435573385,0,False,7,7,0,astroturf,closed,,,-7.5,00-0034577,00-0033537,-431.43807938399095,False,False,True,False,False,False,False,False,False,True,False,False,False,59.0,8.0,0,0.26078460691499045,0.26078460691499045,0.2565770153794365
2022,13,2022_13_NYJ_MIN,MIN,NYJ,27.0,22.0,5.0,0.7257116015910059,1,False,10,7,0,sportturf,dome,,,3.0,00-0029604,00-0034401,389.1890364522187,False,False,False,False,False,False,False,True,False,False,True,False,False,59.0,8.0,3,0.643832653432762,0.643832653432762,0.6929600223277084
2022,13,2022_13_WAS_NYG,NYG,WAS,20.0,20.0,0.0,0.44842055406229536,0,False,10,7,1,fieldturf,outdoors,40.0,9.0,-2.5,00-0035710,00-0031800,-82.82174151179365,False,False,False,True,False,False,False,False,False,False,False,False,True,40.0,9.0,3,0.43101655819165585,0.43101655819165585,0.44145895571403954
2022,13,2022_13_TEN_PHI,PHI,TEN,35.0,10.0,25.0,0.6792704383174001,1,False,7,7,0,grass,outdoors,60.0,7.0,5.0,00-0036389,00-0029701,300.16842252862455,False,False,False,False,True,False,False,False,False,False,False,False,True,60.0,7.0,0,0.6206284162184705,0.6206284162184705,0.6558136294778283
2022,13,2022_13_SEA_LA,LA,SEA,23.0,27.0,-4.0,0.3156756880215054,0,False,7,7,1,matrixturf,dome,,,-7.0,00-0034899,00-0030565,-309.4866250903078,False,False,False,False,False,False,True,False,False,False,True,False,False,59.0,8.0,0,0.2669318145209567,0.2669318145209567,0.29617813862128595
2022,13,2022_13_MIA_SF,SF,MIA,33.0,17.0,16.0,0.6926277006609843,1,False,7,7,0,grass,outdoors,38.0,6.0,4.5,00-0031345,00-0036212,324.97316482350726,False,False,False,False,True,False,False,False,False,False,False,False,True,38.0,6.0,0,0.6880340397288254,0.6880340397288254,0.6907902362881208
2022,13,2022_13_KC_CIN,CIN,KC,27.0,24.0,3.0,0.3914857054342834,1,False,7,7,0,fieldturf,outdoors,57.0,2.0,-2.5,00-0036442,00-0033873,-176.42856046731973,False,False,False,True,False,False,False,False,False,False,False,False,True,57.0,2.0,0,0.43807788216206694,0.43807788216206694,0.4101225761253968
2022,13,2022_13_LAC_LV,LV,LAC,27.0,20.0,7.0,0.5982220010048447,1,False,7,7,1,grass,dome,,,2.5,00-0031280,00-0036355,159.22489176996945,False,False,False,False,True,False,False,False,False,False,True,False,False,59.0,8.0,0,0.4964370804694369,0.4964370804694369,0.5575080327906816
2022,13,2022_13_IND_DAL,DAL,IND,54.0,19.0,35.0,0.7985198925130892,1,False,10,6,0,matrixturf,closed,,,11.0,00-0033077,00-0026143,550.8276901330886,False,False,False,False,False,False,True,False,False,True,False,False,False,59.0,8.0,4,0.8525804107889906,0.8525804107889906,0.8201440998234497
2022,13,2022_13_NO_TB,TB,NO,17.0,16.0,1.0,0.6637749106525144,1,False,8,8,1,grass,outdoors,69.0,2.0,3.5,00-0019596,00-0027973,272.06490303136985,False,False,False,False,True,False,False,False,False,False,False,False,True,69.0,2.0,0,0.5912763502924683,0.5912763502924683,0.6347754865084959
2022,14,2022_14_LV_LA,LA,LV,17.0,16.0,1.0,0.34771964537050815,1,False,4,4,0,matrixturf,dome,,,-6.5,00-0034855,00-0031280,-251.631169172087,False,False,False,False,False,False,True,False,False,False,True,False,False,59.0,8.0,0,0.28091003106341494,0.28091003106341494,0.3209957996476709
2022,14,2022_14_NYJ_BUF,BUF,NYJ,20.0,12.0,8.0,0.8186037372622279,1,False,10,7,1,a_turf,outdoors,36.0,11.0,10.0,00-0034857,00-0034401,602.7664777352741,True,False,False,False,False,False,False,False,False,False,False,False,True,36.0,11.0,3,0.8859795053170747,0.8859795053170747,0.8455540444841667
2022,14,2022_14_CLE_CIN,CIN,CLE,23.0,10.0,13.0,0.730185992349817,1,False,7,7,1,fieldturf,outdoors,47.0,8.0,4.5,00-0036442,00-0033537,398.22656986451716,False,False,False,True,False,False,False,False,False,False,False,False,True,47.0,8.0,0,0.7068933154257854,0.7068933154257854,0.7208689215802043
2022,14,2022_14_HOU_DAL,DAL,HOU,27.0,23.0,4.0,0.8906231210017933,1,False,7,7,0,matrixturf,closed,,,17.0,00-0033077,00-0036898,838.8487319040112,False,False,False,False,False,False,True,False,False,True,False,False,False,59.0,8.0,0,0.8636308737542029,0.8636308737542029,0.8798262221027571
2022,14,2022_14_MIN_DET,DET,MIN,34.0,23.0,11.0,0.41724813743549766,1,False,7,7,1,fieldturf,dome,,,2.5,00-0033106,00-0029604,-133.63215017919913,False,False,False,True,False,False,False,False,False,False,True,False,False,59.0,8.0,0,0.49511211735026894,0.49511211735026894,0.4483937294014062
2022,14,2022_14_PHI_NYG,NYG,PHI,22.0,48.0,-26.0,0.31562761222349356,0,False,7,7,1,fieldturf,outdoors,37.0,6.0,-7.5,00-0035710,00-0036389,-309.575647881189,False,False,False,True,False,False,False,False,False,False,False,False,True,37.0,6.0,0,0.21148153376257356,0.21148153376257356,0.2739691808391256
2022,14,2022_14_BAL_PIT,PIT,BAL,14.0,16.0,-2.0,0.5138890844762798,0,False,7,7,1,grass,outdoors,42.0,12.0,1.5,00-0038102,00-0035993,22.228253643405527,False,False,False,False,True,False,False,False,False,False,False,False,True,42.0,12.0,0,0.49103408011949656,0.49103408011949656,0.5047470827335665
2022,14,2022_14_JAX_TEN,TEN,JAX,22.0,36.0,-14.0,0.7853270289999098,0,False,7,7,1,grass,outdoors,54.0,8.0,3.0,00-0029701,00-0036971,518.793769385617,False,False,False,False,True,False,False,False,False,False,False,False,True,54.0,8.0,0,0.5837944309661894,0.5837944309661894,0.7047139897864216
2022,14,2022_14_KC_DEN,DEN,KC,28.0,34.0,-6.0,0.22405377268193924,0,False,7,7,1,grass,outdoors,55.0,4.0,-8.5,00-0029263,00-0033873,-496.8788573708595,False,False,False,False,True,False,False,False,False,False,False,False,True,55.0,4.0,0,0.24179862274226072,0.24179862274226072,0.23115171270606782
2022,14,2022_14_CAR_SEA,SEA,CAR,24.0,30.0,-6.0,0.731631028053541,0,False,7,14,0,fieldturf,outdoors,45.0,4.0,3.5,00-0030565,00-0034869,401.16541288221487,False,False,False,True,False,False,False,False,False,False,False,False,True,45.0,4.0,-7,0.6768853867017015,0.6768853867017015,0.7097327715128052
2022,14,2022_14_TB_SF,SF,TB,35.0,7.0,28.0,0.6883239680938419,1,False,7,6,0,grass,outdoors,54.0,8.0,3.5,00-0037834,00-0019596,316.9181287575109,False,False,False,False,True,False,False,False,False,False,False,False,True,54.0,8.0,1,0.5909113607088311,0.5909113607088311,0.6493589251398376
2022,14,2022_14_MIA_LAC,LAC,MIA,23.0,17.0,6.0,0.41878545968591224,1,False,7,7,0,matrixturf,dome,,,-3.0,00-0036355,00-0036212,-131.10447589131522,False,False,False,False,False,False,True,False,False,False,True,False,False,59.0,8.0,0,0.452529339243231,0.452529339243231,0.43228301150883974
2022,14,2022_14_NE_ARI,ARI,NE,13.0,27.0,-14.0,0.443482613458281,0,False,15,11,0,grass,closed,,,-2.0,00-0035228,00-0036972,-90.81592597369865,False,False,False,False,True,False,False,False,False,True,False,False,False,59.0,8.0,4,0.4293369358942303,0.4293369358942303,0.4378243424326607
2022,15,2022_15_SF_SEA,SEA,SF,13.0,21.0,-8.0,0.383843243121634,0,False,4,4,1,fieldturf,outdoors,,,-3.0,00-0030565,00-0037834,-189.30686336264085,False,False,False,True,False,False,False,False,False,False,False,False,True,59.0,8.0,0,0.43961791654964166,0.43961791654964166,0.40615311249283703
2022,15,2022_15_IND_MIN,MIN,IND,39.0,36.0,3.0,0.7197986000148054,1,False,6,13,0,sportturf,dome,,,3.5,00-0029604,00-0026143,377.38512816407325,False,False,False,False,False,False,False,True,False,False,True,False,False,59.0,8.0,-7,0.6701679238697273,0.6701679238697273,0.6999463295567743
2022,15,2022_15_BAL_CLE,CLE,BAL,13.0,3.0,10.0,0.4783261906472801,1,False,6,6,1,grass,outdoors,34.0,12.0,2.5,00-0033537,00-0035993,-34.69983971717592,False,False,False,False,True,False,False,False,False,False,False,False,True,34.0,12.0,0,0.5490637913236867,0.5490637913236867,0.5066212309178427
2022,15,2022_15_MIA_BUF,BUF,MIA,32.0,29.0,3.0,0.7636621244217241,1,False,6,6,1,a_turf,outdoors,29.0,4.0,7.0,00-0034857,00-0036212,469.1451953969211,True,False,False,False,False,False,False,False,False,False,False,False,True,29.0,4.0,0,0.7874228660563831,0.7874228660563831,0.7731664210755878
2022,15,2022_15_PIT_CAR,CAR,PIT,16.0,24.0,-8.0,0.5455608576519195,0,False,7,7,0,grass,outdoors,47.0,7.0,2.5,00-0034869,00-0038102,73.10014307500285,False,False,False,False,True,False,False,False,False,False,False,False,True,47.0,7.0,0,0.5450107715028488,0.5450107715028488,0.5453408231922913
2022,15,2022_15_PHI_CHI,CHI,PHI,20.0,25.0,-5.0,0.23443765590863128,0,False,14,7,0,grass,outdoors,17.0,17.0,-8.5,00-0036945,00-0036389,-473.36838448831696,False,False,False,False,True,False,False,False,False,False,False,False,True,17.0,17.0,7,0.1950072920857976,0.1950072920857976,0.2186655103794978
2022,15,2022_15_KC_HOU,HOU,KC,24.0,30.0,-6.0,0.15905136021648886,0,False,7,7,0,astroturf,closed,,,-14.5,00-0036898,00-0033873,-666.1213669624636,False,False,True,False,False,False,False,False,False,True,False,False,False,59.0,8.0,0,0.26078460691499045,0.26078460691499045,0.1997446588958895
2022,15,2022_15_DAL_JAX,JAX,DAL,40.0,34.0,6.0,0.266732239409956,1,False,7,7,0,grass,outdoors,54.0,9.0,-4.0,00-0036971,00-0033077,-404.50624909754634,False,False,False,False,True,False,False,False,False,False,False,False,True,54.0,9.0,0,0.38205022369368513,0.38205022369368513,0.31285943312344766
2022,15,2022_15_ATL_NO,NO,ATL,21.0,18.0,3.0,0.6590752319445256,1,False,13,14,1,sportturf,dome,,,5.0,00-0027973,00-0038122,263.67034293897945,False,False,False,False,False,False,False,True,False,False,True,False,False,59.0,8.0,-1,0.6392059375376852,0.6392059375376852,0.6511275141817894
2022,15,2022_15_DET_NYJ,NYJ,DET,17.0,20.0,-3.0,0.5497852165558608,0,False,7,7,0,fieldturf,outdoors,38.0,13.0,2.0,00-0037013,00-0033106,79.92116846616977,False,False,False,True,False,False,False,False,False,False,False,False,True,38.0,13.0,0,0.5485317492092996,0.5485317492092996,0.5492838296172363
2022,15,2022_15_ARI_DEN,DEN,ARI,24.0,15.0,9.0,0.4668449822528855,1,False,7,6,0,grass,outdoors,37.0,4.0,1.5,00-0034955,00-0027688,-53.12598526062149,False,False,False,False,True,False,False,False,False,False,False,False,True,37.0,4.0,1,0.4971730180051883,0.4971730180051883,0.47897619655380663
2022,15,2022_15_NE_LV,LV,NE,30.0,24.0,6.0,0.50110669224128,1,False,10,6,0,grass,dome,,,1.0,00-0031280,00-0036972,1.7707104776638172,False,False,False,False,True,False,False,False,False,False,True,False,False,59.0,8.0,4,0.4581332731599041,0.4581332731599041,0.48391732460872966
2022,15,2022_15_TEN_LAC,LAC,TEN,17.0,14.0,3.0,0.5715569997653122,1,False,7,7,0,matrixturf,dome,,,3.0,00-0036355,00-0029701,115.28260312663883,False,False,False,False,False,False,True,False,False,False,True,False,False,59.0,8.0,0,0.5230253307588976,0.5230253307588976,0.5521443321627463
2022,15,2022_15_CIN_TB,TB,CIN,23.0,34.0,-11.0,0.3918524807038656,0,False,7,7,0,grass,outdoors,66.0,6.0,-3.5,00-0019596,00-0036442,-175.81281549197513,False,False,False,False,True,False,False,False,False,False,False,False,True,66.0,6.0,0,0.4360662044290953,0.4360662044290953,0.40953797019395743
2022,15,2022_15_NYG_WAS,WAS,NYG,12.0,20.0,-8.0,0.6757465948118296,0,False,14,7,1,grass,outdoors,35.0,13.0,4.5,00-0031800,00-0035710,293.7171284565687,False,False,False,False,True,False,False,False,False,False,False,False,True,35.0,13.0,7,0.678303995749283,0.678303995749283,0.6767695551868109
2022,15,2022_15_LA_GB,GB,LA,24.0,12.0,12.0,0.6752023063820961,1,False,15,11,0,grass,outdoors,15.0,4.0,8.0,00-0023459,00-0034855,292.7239407175848,False,False,False,False,True,False,False,False,False,False,False,False,True,15.0,4.0,4,0.7557850527796119,0.7557850527796119,0.7074354049411025
2022,16,2022_16_JAX_NYJ,NYJ,JAX,3.0,19.0,-16.0,0.5990357168678039,0,False,4,4,0,fieldturf,outdoors,43.0,17.0,2.5,00-0037013,00-0036971,160.57954799443414,False,False,False,True,False,False,False,False,False,False,False,False,True,43.0,17.0,0,0.5579669399884534,0.5579669399884534,0.5826082061160637
2022,16,2022_16_ATL_BAL,BAL,ATL,17.0,9.0,8.0,0.7401786697998589,1,False,7,6,0,grass,outdoors,17.0,9.0,6.5,00-0035993,00-0038122,418.75895979084305,False,False,False,False,True,False,False,False,False,False,False,False,True,17.0,9.0,1,0.7419693157149496,0.7419693157149496,0.7408949281658952
2022,16,2022_16_DET_CAR,CAR,DET,37.0,23.0,14.0,0.45095136021585486,1,False,6,6,0,grass,outdoors,20.0,12.0,-2.5,00-0034869,00-0033106,-78.73101988020905,False,False,False,False,True,False,False,False,False,False,False,False,True,20.0,12.0,0,0.4646972155535381,0.4646972155535381,0.45644970235092813
2022,16,2022_16_BUF_CHI,CHI,BUF,13.0,35.0,-22.0,0.19120131507998903,0,False,6,7,0,grass,outdoors,7.0,17.0,-8.0,00-0036945,00-0034857,-576.8892652453995,False,False,False,False,True,False,False,False,False,False,False,False,True,7.0,17.0,-1,0.23211455092430858,0.23211455092430858,0.20756660941771685
2022,16,2022_16_NO_CLE,CLE,NO,10.0,17.0,-7.0,0.6653885705514413,0,False,7,6,0,grass,outdoors,6.0,27.0,3.0,00-0033537,00-0027973,274.9604960462131,False,False,False,False,True,False,False,False,False,False,False,False,True,6.0,27.0,1,0.5590578908341289,0.5590578908341289,0.6228562986645163
2022,16,2022_16_SEA_KC,KC,SEA,24.0,10.0,14.0,0.7754654442515605,1,False,6,9,0,grass,outdoors,12.0,9.0,10.5,00-0033873,00-0030565,495.7735215265007,False,False,False,False,True,False,False,False,False,False,False,False,True,12.0,9.0,-3,0.8512293238433113,0.8512293238433113,0.8057709960882609
2022,16,2022_16_NYG_MIN,MIN,NYG,27.0,24.0,3.0,0.7254240433563486,1,False,7,6,0,sportturf,dome,,,4.5,00-0029604,00-0035710,388.6113758023006,False,False,False,False,False,False,False,True,False,False,True,False,False,59.0,8.0,1,0.644035010947913,0.644035010947913,0.6928684303929744
2022,16,2022_16_CIN_NE,NE,CIN,18.0,22.0,-4.0,0.3906901446772834,0,False,6,6,0,fieldturf,outdoors,21.0,2.0,-3.0,00-0036972,00-0036442,-177.76486199671416,False,False,False,True,False,False,False,False,False,False,False,False,True,21.0,2.0,0,0.4405899149576836,0.4405899149576836,0.4106500527894435
2022,16,2022_16_HOU_TEN,TEN,HOU,14.0,19.0,-5.0,0.8012561672387141,0,False,6,6,1,grass,outdoors,22.0,14.0,3.0,00-0038128,00-0036898,557.6655929223807,False,False,False,False,True,False,False,False,False,False,False,False,True,22.0,14.0,0,0.6094917976684826,0.6094917976684826,0.7245504194106215
2022,16,2022_16_WAS_SF,SF,WAS,37.0,20.0,17.0,0.740398149012949,1,False,9,6,0,grass,outdoors,54.0,2.0,6.5,00-0037834,00-0031800,419.21558630350535,False,False,False,False,True,False,False,False,False,False,False,False,True,54.0,2.0,3,0.7434017491661284,0.7434017491661284,0.7415995890742209
2022,16,2022_16_PHI_DAL,DAL,PHI,40.0,34.0,6.0,0.6391652649311305,1,False,6,6,1,matrixturf,closed,,,4.0,00-0033077,00-0035289,228.69719823406163,False,False,False,False,False,False,True,False,False,True,False,False,False,59.0,8.0,0,0.6350977666525229,0.6350977666525229,0.6375382656196875
2022,16,2022_16_LV_PIT,PIT,LV,13.0,10.0,3.0,0.5965048396235351,1,False,6,6,0,grass,outdoors,9.0,21.0,2.5,00-0038102,00-0031280,156.3691445378226,False,False,False,False,True,False,False,False,False,False,False,False,True,9.0,21.0,0,0.5449936168771876,0.5449936168771876,0.5759003505249961
2022,16,2022_16_GB_MIA,MIA,GB,20.0,26.0,-6.0,0.6323231629873463,0,False,8,6,0,grass,outdoors,45.0,14.0,3.5,00-0036212,00-0023459,216.87848209295956,False,False,False,False,True,False,False,False,False,False,False,False,True,45.0,14.0,2,0.6312638864804263,0.6312638864804263,0.6318994523845782
2022,16,2022_16_DEN_LA,LA,DEN,51.0,14.0,37.0,0.5511099970965265,1,False,6,7,0,matrixturf,dome,,,-3.0,00-0034855,00-0029263,82.06261826068939,False,False,False,False,False,False,True,False,False,False,True,False,False,59.0,8.0,-1,0.45738400581878746,0.45738400581878746,0.513619600585431
2022,16,2022_16_TB_ARI,ARI,TB,16.0,19.0,-3.0,0.29565795351405133,0,False,7,7,0,grass,open,,,-7.5,00-0035146,00-0019596,-347.2243503827387,False,False,False,False,True,False,False,False,False,False,False,True,False,59.0,8.0,0,0.26078460691499045,0.26078460691499045,0.281708614874427
2022,16,2022_16_LAC_IND,IND,LAC,3.0,20.0,-17.0,0.3878515709790287,0,False,9,8,0,fieldturf,closed,,,-3.5,00-0029567,00-0036355,-182.5408267107317,False,False,False,True,False,False,False,False,False,True,False,False,False,59.0,8.0,1,0.4240823205420495,0.4240823205420495,0.40234387080423706
2022,17,2022_17_DAL_TEN,TEN,DAL,13.0,27.0,-14.0,0.327202683884866,0,False,5,5,0,grass,outdoors,56.0,4.0,-14.0,00-0033949,00-0033077,-288.3457248985577,False,False,False,False,True,False,False,False,False,False,False,False,True,56.0,4.0,0,0.25139055569737034,0.25139055569737034,0.2968778326098678
2022,17,2022_17_ARI_ATL,ATL,ARI,20.0,19.0,1.0,0.6742124844773498,1,False,8,7,0,fieldturf,closed,,,7.0,00-0038122,00-0035040,290.9199776460258,False,False,False,True,False,False,False,False,False,True,False,False,False,59.0,8.0,1,0.7192474582828524,0.7192474582828524,0.6922264739995508
2022,17,2022_17_CHI_DET,DET,CHI,41.0,10.0,31.0,0.6996026976107771,1,False,8,8,1,fieldturf,dome,,,4.5,00-0033106,00-0036945,338.16266371317323,False,False,False,True,False,False,False,False,False,False,True,False,False,59.0,8.0,0,0.6417932282024273,0.6417932282024273,0.6764789098474372
2022,17,2022_17_JAX_HOU,HOU,JAX,3.0,31.0,-28.0,0.3362372772803333,0,False,8,10,1,astroturf,closed,,,-3.5,00-0036898,00-0036971,-272.043058878393,False,False,True,False,False,False,False,False,False,True,False,False,False,59.0,8.0,-2,0.41667432429415213,0.41667432429415213,0.36841209608586084
2022,17,2022_17_DEN_KC,KC,DEN,27.0,24.0,3.0,0.8793407594946673,1,False,8,7,1,grass,outdoors,47.0,2.0,13.5,00-0033873,00-0029263,794.4808445202952,False,False,False,False,True,False,False,False,False,False,False,False,True,47.0,2.0,1,0.8854627289976252,0.8854627289976252,0.8817895472958505
2022,17,2022_17_MIA_NE,NE,MIA,23.0,21.0,2.0,0.6407016751903071,1,False,8,7,1,fieldturf,outdoors,53.0,2.0,3.0,00-0036972,00-0031237,231.36436461207774,False,False,False,True,False,False,False,False,False,False,False,False,True,53.0,2.0,1,0.5770147291762237,0.5770147291762237,0.6152268967846737
2022,17,2022_17_IND_NYG,NYG,IND,38.0,10.0,28.0,0.6418305649800837,1,False,8,6,0,fieldturf,outdoors,52.0,14.0,5.5,00-0035710,00-0029567,233.32727790582314,False,False,False,True,False,False,False,False,False,False,False,False,True,52.0,14.0,2,0.6716971497405644,0.6716971497405644,0.653777198884276
2022,17,2022_17_NO_PHI,PHI,NO,10.0,20.0,-10.0,0.709580728778129,0,False,8,8,0,grass,outdoors,54.0,11.0,5.5,00-0035289,00-0027973,357.3394524218641,False,False,False,False,True,False,False,False,False,False,False,False,True,54.0,11.0,0,0.6424604163685478,0.6424604163685478,0.6827326038142966
2022,17,2022_17_CAR_TB,TB,CAR,30.0,24.0,6.0,0.6903491215670656,1,False,7,8,1,grass,outdoors,75.0,2.0,3.5,00-0019596,00-0034869,320.7007914712038,False,False,False,False,True,False,False,False,False,False,False,False,True,75.0,2.0,-1,0.5912763502924683,0.5912763502924683,0.6507200130572267
2022,17,2022_17_CLE_WAS,WAS,CLE,10.0,24.0,-14.0,0.5241584741099945,0,False,8,8,0,grass,outdoors,59.0,9.0,1.0,00-0032950,00-0033537,38.683680043864975,False,False,False,False,True,False,False,False,False,False,False,False,True,59.0,9.0,0,0.4710569246207132,0.4710569246207132,0.5029178543142819
2022,17,2022_17_SF_LV,LV,SF,34.0,37.0,-3.0,0.3002587354618734,0,False,8,8,0,grass,dome,,,-10.0,00-0035264,00-0037834,-338.4264360519135,False,False,False,False,True,False,False,False,False,False,True,False,False,59.0,8.0,0,0.23715053661011645,0.23715053661011645,0.2750154559211706
2022,17,2022_17_NYJ_SEA,SEA,NYJ,23.0,6.0,17.0,0.6217078123599854,1,False,8,10,0,fieldturf,outdoors,45.0,2.0,-1.0,00-0030565,00-0034401,198.72133884994264,False,False,False,True,False,False,False,False,False,False,False,False,True,45.0,2.0,-2,0.5135572876229137,0.5135572876229137,0.5784476024651567
2022,17,2022_17_MIN_GB,GB,MIN,41.0,17.0,24.0,0.5504758648292208,1,False,7,8,1,grass,outdoors,39.0,7.0,3.0,00-0023459,00-0029604,81.03742683486934,False,False,False,False,True,False,False,False,False,False,False,False,True,39.0,7.0,-1,0.5549963528897223,0.5549963528897223,0.5522840600534213
2022,17,2022_17_LA_LAC,LAC,LA,31.0,10.0,21.0,0.6559693543842177,1,False,6,7,0,matrixturf,dome,,,6.5,00-0036355,00-0034855,258.1533329909172,False,False,False,False,False,False,True,False,False,False,True,False,False,59.0,8.0,-1,0.7074853863146136,0.7074853863146136,0.676575767156376
2022,17,2022_17_PIT_BAL,BAL,PIT,13.0,16.0,-3.0,0.6508055708797769,0,False,8,8,1,grass,outdoors,44.0,2.0,1.0,00-0035993,00-0038102,249.03282591313865,False,False,False,False,True,False,False,False,False,False,False,False,True,44.0,2.0,0,0.5210505091633593,0.5210505091633593,0.5989035461932098
2022,18,2022_18_KC_LV,LV,KC,13.0,31.0,-18.0,0.2706713164868916,0,False,6,6,1,grass,dome,,,-9.0,00-0035264,00-0033873,-396.48770757184127,False,False,False,False,True,False,False,False,False,False,True,False,False,59.0,8.0,0,0.2549823339943567,0.2549823339943567,0.2643957234898776
2022,18,2022_18_TEN_JAX,JAX,TEN,20.0,16.0,4.0,0.7176719016494773,1,False,6,9,1,grass,outdoors,56.0,4.0,6.0,00-0036971,00-0033949,373.1770556632931,False,False,False,False,True,False,False,False,False,False,False,False,True,56.0,4.0,-3,0.6453570481159151,0.6453570481159151,0.6887459602360524
2022,18,2022_18_TB_ATL,ATL,TB,30.0,17.0,13.0,0.5566703300182906,1,False,7,7,1,fieldturf,closed,,,6.0,00-0038122,00-0027948,91.06381131112813,False,False,False,True,False,False,False,False,False,True,False,False,False,59.0,8.0,0,0.5145255151665943,0.5145255151665943,0.5398124040776121
2022,18,2022_18_NE_BUF,BUF,NE,35.0,23.0,12.0,0.7695990829892108,1,False,6,7,1,a_turf,outdoors,30.0,6.0,8.0,00-0034857,00-0036972,482.4195195653339,True,False,False,False,False,False,False,False,False,False,False,False,True,30.0,6.0,-1,0.7874228660563831,0.7874228660563831,0.7767285962160797
2022,18,2022_18_MIN_CHI,CHI,MIN,13.0,29.0,-16.0,0.2677458917621653,0,False,7,7,1,grass,outdoors,32.0,2.0,-6.5,00-0033958,00-0029604,-402.43569218850837,False,False,False,False,True,False,False,False,False,False,False,False,True,32.0,2.0,0,0.22851219838602513,0.22851219838602513,0.2520524144117092
2022,18,2022_18_BAL_CIN,CIN,BAL,27.0,16.0,11.0,0.7148872526679233,1,False,6,7,1,fieldturf,outdoors,38.0,7.0,11.0,00-0036442,00-0037175,367.6960539887277,False,False,False,True,False,False,False,False,False,False,False,False,True,38.0,7.0,-1,0.808589012311281,0.808589012311281,0.7523679565252663
2022,18,2022_18_HOU_IND,IND,HOU,31.0,32.0,-1.0,0.6775162706480233,0,False,7,7,1,fieldturf,closed,,,3.0,00-0036879,00-0036898,296.95235393631975,False,False,False,True,False,False,False,False,False,True,False,False,False,59.0,8.0,0,0.5695020381983953,0.5695020381983953,0.6343105776681721
2022,18,2022_18_NYJ_MIA,MIA,NYJ,11.0,6.0,5.0,0.6653665828164043,1,False,7,7,1,grass,outdoors,75.0,9.0,3.5,00-0037327,00-0026158,274.92099420987773,False,False,False,False,True,False,False,False,False,False,False,False,True,75.0,9.0,0,0.5803690509690846,0.5803690509690846,0.6313675700774763
2022,18,2022_18_CAR_NO,NO,CAR,7.0,10.0,-3.0,0.6620106319559125,0,False,7,7,1,sportturf,dome,,,3.5,00-0027973,00-0034869,268.90687066679453,False,False,False,False,False,False,False,True,False,False,True,False,False,59.0,8.0,0,0.6694532333522019,0.6694532333522019,0.6649876725144281
2022,18,2022_18_CLE_PIT,PIT,CLE,28.0,14.0,14.0,0.6238710049303939,1,False,7,7,1,grass,outdoors,36.0,8.0,2.5,00-0038102,00-0033537,202.4045870334258,False,False,False,False,True,False,False,False,False,False,False,False,True,36.0,8.0,0,0.5806919570074106,0.5806919570074106,0.6065993857612006
2022,18,2022_18_LAC_DEN,DEN,LAC,31.0,28.0,3.0,0.3459701881554533,1,False,7,7,1,grass,outdoors,43.0,4.0,6.0,00-0029263,00-0036355,-254.7201297333023,False,False,False,False,True,False,False,False,False,False,False,False,True,43.0,4.0,0,0.5339196891268647,0.5339196891268647,0.42114998854401786
2022,18,2022_18_NYG_PHI,PHI,NYG,22.0,16.0,6.0,0.7690328836744302,1,False,7,7,1,grass,outdoors,43.0,12.0,16.5,00-0036389,00-0033550,481.14335335081313,False,False,False,False,True,False,False,False,False,False,False,False,True,43.0,12.0,0,0.8611862115698689,0.8611862115698689,0.8058942148326056
2022,18,2022_18_LA_SEA,SEA,LA,19.0,16.0,3.0,0.6672669082408278,1,False,7,7,1,fieldturf,outdoors,45.0,4.0,5.5,00-0030565,00-0034855,278.3397943257415,False,False,False,True,False,False,False,False,False,False,False,False,True,45.0,4.0,0,0.7118318253644963,0.7118318253644963,0.6850928750902952
2022,18,2022_18_ARI_SF,SF,ARI,38.0,13.0,25.0,0.8728086492728379,1,False,7,7,1,grass,outdoors,57.0,2.0,14.0,00-0037834,00-0035040,770.4094772411792,False,False,False,False,True,False,False,False,False,False,False,False,True,57.0,2.0,0,0.8739514230638487,0.8739514230638487,0.8732657587892422
2022,18,2022_18_DAL_WAS,WAS,DAL,26.0,6.0,20.0,0.27051378468431514,1,False,7,10,1,grass,outdoors,42.0,7.0,-7.5,00-0037077,00-0033077,-396.806965883409,False,False,False,False,True,False,False,False,False,False,False,False,True,42.0,7.0,-3,0.21778201203294892,0.21778201203294892,0.24942107562376864
2022,18,2022_18_DET_GB,GB,DET,16.0,20.0,-4.0,0.6646064713266305,0,False,7,7,1,grass,outdoors,21.0,4.0,5.5,00-0023459,00-0033106,273.5562152800793,False,False,False,False,True,False,False,False,False,False,False,False,True,21.0,4.0,0,0.6880340397288254,0.6880340397288254,0.6739774986875084
2023,1,2023_01_DET_KC,KC,DET,20.0,21.0,-1.0,0.7166516721493368,0,False,7,7,0,,outdoors,,,4.0,00-0033873,00-0033106,371.1651713642342,False,False,False,False,False,False,False,False,True,False,False,False,True,59.0,8.0,0,0.6580778874237917,0.6580778874237917,0.6932221582591187
2023,1,2023_01_CAR_ATL,ATL,CAR,24.0,10.0,14.0,0.650697352258905,1,False,7,7,1,,closed,,,3.5,00-0038122,00-0039150,248.8423622032032,False,False,False,False,False,False,False,False,True,True,False,False,False,59.0,8.0,0,0.6119660979727563,0.6119660979727563,0.6352048505444455
2023,1,2023_01_HOU_BAL,BAL,HOU,25.0,9.0,16.0,0.7274089693661769,1,False,7,7,0,,outdoors,,,9.5,00-0034796,00-0039163,392.6064990028389,False,False,False,False,False,False,False,False,True,False,False,False,True,59.0,8.0,0,0.7391919752873491,0.7391919752873491,0.7321221717346458
2023,1,2023_01_CIN_CLE,CLE,CIN,24.0,3.0,21.0,0.42138560323313895,1,False,7,7,1,,outdoors,,,-1.0,00-0033537,00-0036442,-126.83517506155444,False,False,False,False,False,False,False,False,True,False,False,False,True,59.0,8.0,0,0.47278408819601,0.47278408819601,0.4419449972182874
2023,1,2023_01_JAX_IND,IND,JAX,21.0,31.0,-10.0,0.37132883959776947,0,False,7,7,1,,closed,,,-4.0,00-0039164,00-0036971,-210.6081169669526,False,False,False,False,False,False,False,False,True,True,False,False,False,59.0,8.0,0,0.4382848705795816,0.4382848705795816,0.39811125199049435
2023,1,2023_01_TB_MIN,MIN,TB,17.0,20.0,-3.0,0.6613539321633135,0,False,7,7,0,,dome,,,4.0,00-0029604,00-0034855,267.7334527249474,False,False,False,False,False,False,False,False,True,False,True,False,False,59.0,8.0,0,0.6498212239983561,0.6498212239983561,0.6567408488973305
2023,1,2023_01_TEN_NO,NO,TEN,16.0,15.0,1.0,0.6561148681646812,1,False,7,7,0,,dome,,,3.0,00-0031280,00-0029701,258.41127799925295,False,False,False,False,False,False,False,False,True,False,True,False,False,59.0,8.0,0,0.5719664179596117,0.5719664179596117,0.6224554880826534
2023,1,2023_01_SF_PIT,PIT,SF,7.0,30.0,-23.0,0.4290326786426016,0,False,7,7,0,,outdoors,,,-1.5,00-0038102,00-0037834,-114.31955498072509,False,False,False,False,False,False,False,False,True,False,False,False,True,59.0,8.0,0,0.462587509212064,0.462587509212064,0.44245461087038657
2023,1,2023_01_ARI_WAS,WAS,ARI,20.0,16.0,4.0,0.6459902651713477,1,False,7,7,0,,outdoors,,,7.0,00-0037077,00-0033949,240.5840088012889,False,False,False,False,False,False,False,False,True,False,False,False,True,59.0,8.0,0,0.7252513484947478,0.7252513484947478,0.6776946985007077
2023,1,2023_01_GB_CHI,CHI,GB,20.0,38.0,-18.0,0.460915683087523,0,False,7,7,1,,outdoors,,,1.0,00-0036945,00-0036264,-62.66274582122349,False,False,False,False,False,False,False,False,True,False,False,False,True,59.0,8.0,0,0.47278408819601,0.47278408819601,0.46566304513091783
2023,1,2023_01_LV_DEN,DEN,LV,16.0,17.0,-1.0,0.5958010773010899,0,False,7,7,1,,outdoors,,,3.0,00-0029263,00-0031345,155.1998834951697,False,False,False,False,False,False,False,False,True,False,False,False,True,59.0,8.0,0,0.5202770349916402,0.5202770349916402,0.56559146037731
2023,1,2023_01_MIA_LAC,LAC,MIA,34.0,36.0,-2.0,0.6377618727838732,0,False,7,7,0,,dome,,,3.0,00-0036355,00-0036212,226.26526718790564,False,False,False,False,False,False,False,False,True,False,True,False,False,59.0,8.0,0,0.5719664179596117,0.5719664179596117,0.6114436908541686
2023,1,2023_01_PHI_NE,NE,PHI,20.0,25.0,-5.0,0.4317959063752877,0,False,7,7,0,,outdoors,,,-3.5,00-0036972,00-0036389,-109.81105451180268,False,False,False,False,False,False,False,False,True,False,False,False,True,59.0,8.0,0,0.45760230012164,0.45760230012164,0.44211846387382864
2023,1,2023_01_LA_SEA,SEA,LA,13.0,30.0,-17.0,0.6823551193638945,0,False,7,7,1,,outdoors,,,4.5,00-0030565,00-0026498,305.8464775953744,False,False,False,False,False,False,False,False,True,False,False,False,True,59.0,8.0,0,0.6498212239983561,0.6498212239983561,0.6693415612176792
2023,1,2023_01_DAL_NYG,NYG,DAL,0.0,40.0,-40.0,0.3889737882527245,0,False,7,7,1,,outdoors,,,-3.5,00-0035710,00-0033077,-180.65115961482377,False,False,False,False,False,False,False,False,True,False,False,False,True,59.0,8.0,0,0.45760230012164,0.45760230012164,0.4164251930002907
2023,1,2023_01_BUF_NYJ,NYJ,BUF,22.0,16.0,6.0,0.2933680988673735,1,False,7,7,1,,outdoors,,,-2.5,00-0023459,00-0034857,-351.63270025197755,False,False,False,False,False,False,False,False,True,False,False,False,True,59.0,8.0,0,0.4260702929906918,0.4260702929906918,0.3464489765167008
2023,2,2023_02_MIN_PHI,PHI,MIN,34.0,28.0,6.0,0.6992083316074816,1,False,4,4,0,,outdoors,,,6.0,00-0036389,00-0029604,337.4123386624036,False,False,False,False,False,False,False,False,True,False,False,False,True,59.0,8.0,0,0.6498212239983561,0.6498212239983561,0.6794534885638315
2023,2,2023_02_GB_ATL,ATL,GB,25.0,24.0,1.0,0.5923976958935108,1,False,7,7,0,,open,,,3.0,00-0038122,00-0036264,149.5544954991479,False,False,False,False,False,False,False,False,True,False,False,True,False,59.0,8.0,0,0.5202770349916402,0.5202770349916402,0.5635494315327625
2023,2,2023_02_LV_BUF,BUF,LV,38.0,10.0,28.0,0.7417707982682855,1,False,6,7,0,,outdoors,,,7.5,00-0034857,00-0031345,422.077091553777,False,False,False,False,False,False,False,False,True,False,False,False,True,59.0,8.0,-1,0.732461725420277,0.732461725420277,0.7380471691290821
2023,2,2023_02_BAL_CIN,CIN,BAL,24.0,27.0,-3.0,0.6921524461041298,0,False,7,7,1,,outdoors,,,3.5,00-0036442,00-0034796,324.0806094538269,False,False,False,False,False,False,False,False,True,False,False,False,True,59.0,8.0,0,0.6220627160545804,0.6220627160545804,0.66411655408431
2023,2,2023_02_SEA_DET,DET,SEA,31.0,37.0,-6.0,0.6810781758799169,0,False,10,7,0,,dome,,,4.5,00-0033106,00-0030565,303.4924351903762,False,False,False,False,False,False,False,False,True,False,True,False,False,59.0,8.0,3,0.6498212239983561,0.6498212239983561,0.6685753951272926
2023,2,2023_02_IND_HOU,HOU,IND,20.0,31.0,-11.0,0.5050141490136053,0,False,7,7,1,,open,,,-1.0,00-0039163,00-0039164,8.02290737491842,False,False,False,False,False,False,False,False,True,False,False,True,False,59.0,8.0,0,0.47278408819601,0.47278408819601,0.49212212468656713
2023,2,2023_02_KC_JAX,JAX,KC,9.0,17.0,-8.0,0.38087639987825567,0,False,7,10,0,,outdoors,,,-3.5,00-0036971,00-0033873,-194.3320068482278,False,False,False,False,False,False,False,False,True,False,False,False,True,59.0,8.0,-3,0.4382848705795816,0.4382848705795816,0.4038397881587861
2023,2,2023_02_CHI_TB,TB,CHI,27.0,17.0,10.0,0.6915890153229468,1,False,7,7,0,,outdoors,,,2.5,00-0034855,00-0036945,323.0234445432271,False,False,False,False,False,False,False,False,True,False,False,False,True,59.0,8.0,0,0.5697189574069329,0.5697189574069329,0.6428409921565412
2023,2,2023_02_LAC_TEN,TEN,LAC,27.0,24.0,3.0,0.4409912330921035,1,False,7,7,0,,outdoors,,,-2.5,00-0029701,00-0036355,-94.85606423640061,False,False,False,False,False,False,False,False,True,False,False,False,True,59.0,8.0,0,0.462587509212064,0.462587509212064,0.44962974354008767
2023,2,2023_02_NYG_ARI,ARI,NYG,28.0,31.0,-3.0,0.40853696339361806,0,False,7,7,0,,closed,,,-5.0,00-0033949,00-0035710,-148.00671786048935,False,False,False,False,False,False,False,False,True,True,False,False,False,59.0,8.0,0,0.3282902684736057,0.3282902684736057,0.3764382854256131
2023,2,2023_02_SF_LA,LA,SF,23.0,30.0,-7.0,0.335121204210353,0,False,7,7,1,,dome,,,-7.5,00-0026498,00-0037834,-274.0449968283004,False,False,False,False,False,False,False,False,True,False,True,False,False,59.0,8.0,0,0.23304235941460305,0.23304235941460305,0.294289666292053
2023,2,2023_02_NYJ_DAL,DAL,NYJ,30.0,10.0,20.0,0.7202055677521004,1,False,7,6,0,,open,,,8.5,00-0033077,00-0037013,378.19260761424164,False,False,False,False,False,False,False,False,True,False,False,True,False,59.0,8.0,1,0.732461725420277,0.732461725420277,0.725108030819371
2023,2,2023_02_WAS_DEN,DEN,WAS,33.0,35.0,-2.0,0.5347077042398548,0,False,7,7,0,,outdoors,,,4.0,00-0029263,00-0037077,55.621779696272,False,False,False,False,False,False,False,False,True,False,False,False,True,59.0,8.0,0,0.5392301407625504,0.5392301407625504,0.5365166788489331
2023,2,2023_02_MIA_NE,NE,MIA,17.0,24.0,-7.0,0.5200927635393557,0,False,7,7,1,,outdoors,,,-2.0,00-0036972,00-0036212,32.16574369431484,False,False,False,False,False,False,False,False,True,False,False,False,True,59.0,8.0,0,0.462587509212064,0.462587509212064,0.497090661808439
2023,2,2023_02_NO_CAR,CAR,NO,17.0,20.0,-3.0,0.4462665192706653,0,False,8,8,1,,outdoors,,,-3.0,00-0039150,00-0031280,-86.30685555686614,False,False,False,False,False,False,False,False,True,False,False,False,True,59.0,8.0,0,0.45760230012164,0.45760230012164,0.45080083161105516
2023,2,2023_02_CLE_PIT,PIT,CLE,26.0,22.0,4.0,0.4980166799517521,1,False,8,8,1,,outdoors,,,-2.5,00-0038102,00-0033537,-3.1733287205650385,False,False,False,False,False,False,False,False,True,False,False,False,True,59.0,8.0,0,0.462587509212064,0.462587509212064,0.48384501165587684
2023,3,2023_03_NYG_SF,SF,NYG,30.0,12.0,18.0,0.7781042777958226,1,False,4,4,0,grass,outdoors,77.0,13.0,10.5,00-0037834,00-0035710,501.86119865398473,False,False,False,False,True,False,False,False,False,False,False,False,True,77.0,13.0,0,0.8314314216770124,0.8314314216770124,0.7994351353482985
2023,3,2023_03_IND_BAL,BAL,IND,19.0,22.0,-3.0,0.7477680177071194,0,False,7,7,0,grass,outdoors,68.0,3.0,7.5,00-0034796,00-0035289,434.6974257644034,False,False,False,False,True,False,False,False,False,False,False,False,True,68.0,3.0,0,0.756246535798584,0.756246535798584,0.7511594249437052
2023,3,2023_03_TEN_CLE,CLE,TEN,27.0,3.0,24.0,0.6488916743892454,1,False,6,7,0,grass,outdoors,68.0,5.0,3.5,00-0033537,00-0029701,245.66839814952576,False,False,False,False,True,False,False,False,False,False,False,False,True,68.0,5.0,-1,0.609600684869022,0.609600684869022,0.6331752785811561
2023,3,2023_03_ATL_DET,DET,ATL,20.0,6.0,14.0,0.6185660763647323,1,False,7,7,0,fieldturf,dome,,,3.0,00-0033106,00-0038122,193.38655405301344,False,False,False,True,False,False,False,False,False,False,True,False,False,59.0,8.0,0,0.5719664179596117,0.5719664179596117,0.599926213002684
2023,3,2023_03_NO_GB,GB,NO,18.0,17.0,1.0,0.5675707810671062,1,False,7,6,0,grass,outdoors,68.0,10.0,-1.5,00-0036264,00-0031280,108.7787234372191,False,False,False,False,True,False,False,False,False,False,False,False,True,68.0,10.0,1,0.462587509212064,0.462587509212064,0.5255774723250893
2023,3,2023_03_HOU_JAX,JAX,HOU,17.0,37.0,-20.0,0.7738291342471789,0,False,7,7,1,grass,outdoors,84.0,6.0,7.5,00-0036971,00-0039163,492.02413426522577,False,False,False,False,True,False,False,False,False,False,False,False,True,84.0,6.0,0,0.7580994483855181,0.7580994483855181,0.7675372599025145
2023,3,2023_03_DEN_MIA,MIA,DEN,70.0,20.0,50.0,0.7034653312486718,1,False,7,7,0,grass,outdoors,86.0,5.0,6.0,00-0036212,00-0029263,345.54178268135536,False,False,False,False,True,False,False,False,False,False,False,False,True,86.0,5.0,0,0.6377414689463952,0.6377414689463952,0.6771757863277612
2023,3,2023_03_LAC_MIN,MIN,LAC,24.0,28.0,-4.0,0.6132815738239862,0,False,10,7,0,sportturf,dome,,,1.0,00-0029604,00-0036355,184.45092823827736,False,False,False,False,False,False,False,True,False,False,True,False,False,59.0,8.0,3,0.5733170935587563,0.5733170935587563,0.5972957817178942
2023,3,2023_03_NE_NYJ,NYJ,NE,10.0,15.0,-5.0,0.44650585102832796,0,False,7,7,1,fieldturf,outdoors,64.0,14.0,-2.5,00-0037013,00-0036972,-85.91947067671488,False,False,False,True,False,False,False,False,False,False,False,False,True,64.0,14.0,0,0.462587509212064,0.462587509212064,0.45293851430182236
2023,3,2023_03_BUF_WAS,WAS,BUF,3.0,37.0,-34.0,0.34032203259987875,0,False,7,7,0,grass,outdoors,65.0,1.0,-5.5,00-0037077,00-0034857,-264.74378548616045,False,False,False,False,True,False,False,False,False,False,False,False,True,65.0,1.0,0,0.29208317801697214,0.29208317801697214,0.32102649076671613
2023,3,2023_03_CAR_SEA,SEA,CAR,37.0,27.0,10.0,0.6805759823827736,1,False,7,6,0,fieldturf,outdoors,61.0,2.0,5.0,00-0030565,00-0027973,302.56801742232346,False,False,False,True,False,False,False,False,False,False,False,False,True,61.0,2.0,1,0.6864876451566368,0.6864876451566368,0.682940647492319
2023,3,2023_03_DAL_ARI,ARI,DAL,28.0,16.0,12.0,0.2847797986157878,1,False,7,7,0,grass,open,,,-11.5,00-0033949,00-0033077,-368.3496896192969,False,False,False,False,True,False,False,False,False,False,False,True,False,59.0,8.0,0,0.23645951058484163,0.23645951058484163,0.2654516834034093
2023,3,2023_03_CHI_KC,KC,CHI,41.0,10.0,31.0,0.8415908327108497,1,False,7,7,0,grass,outdoors,,,13.0,00-0033873,00-0036945,668.0450388907099,False,False,False,False,True,False,False,False,False,False,False,False,True,59.0,8.0,0,0.8953108917565843,0.8953108917565843,0.8630788563291435
2023,3,2023_03_PIT_LV,LV,PIT,18.0,23.0,-5.0,0.5148586449335394,0,False,7,6,0,grass,dome,,,3.0,00-0031345,00-0038102,23.78083396510724,False,False,False,False,True,False,False,False,False,False,True,False,False,59.0,8.0,1,0.5140153727859629,0.5140153727859629,0.5145213360745088
2023,3,2023_03_PHI_TB,TB,PHI,11.0,25.0,-14.0,0.3751790392332137,0,False,8,11,0,grass,outdoors,90.0,4.0,-6.0,00-0034855,00-0036389,-204.02471837462048,False,False,False,False,True,False,False,False,False,False,False,False,True,90.0,4.0,-3,0.2851037492967625,0.2851037492967625,0.3391489232586332
2023,3,2023_03_LA_CIN,CIN,LA,19.0,16.0,3.0,0.6996135304170462,1,False,8,8,0,fieldturf,outdoors,74.0,7.0,3.0,00-0036442,00-0026498,338.18328225425694,False,False,False,True,False,False,False,False,False,False,False,False,True,74.0,7.0,0,0.5857619175498456,0.5857619175498456,0.6540728852701659
2023,4,2023_04_DET_GB,GB,DET,20.0,34.0,-14.0,0.5622879905395352,0,False,4,4,1,grass,outdoors,64.0,8.0,-2.5,00-0036264,00-0033106,100.18119034056316,False,False,False,False,True,False,False,False,False,False,False,False,True,64.0,8.0,0,0.44946620213865796,0.44946620213865796,0.5171592751791843
2023,4,2023_04_ATL_JAX,JAX,ATL,23.0,7.0,16.0,0.5493339084112436,1,True,7,7,0,,outdoors,,,3.5,00-0036971,00-0038122,79.19191071694146,False,False,False,False,False,False,False,False,True,False,False,False,True,59.0,8.0,0,0.5794206330502629,0.5794206330502629,0.5613685982668514
2023,4,2023_04_MIA_BUF,BUF,MIA,48.0,20.0,28.0,0.6840828153138422,1,False,7,7,1,a_turf,outdoors,70.0,2.0,2.5,00-0034857,00-0036212,309.03955194088087,True,False,False,False,False,False,False,False,False,False,False,False,True,70.0,2.0,0,0.6037873762384689,0.6037873762384689,0.6519646396836929
2023,4,2023_04_MIN_CAR,CAR,MIN,13.0,21.0,-8.0,0.4037276742731506,0,False,7,7,0,grass,outdoors,78.0,7.0,-4.5,00-0039150,00-0029604,-155.98276319140152,False,False,False,False,True,False,False,False,False,False,False,False,True,78.0,7.0,0,0.39254117881434314,0.39254117881434314,0.3992530760896276
2023,4,2023_04_DEN_CHI,CHI,DEN,28.0,31.0,-3.0,0.46918580704488,0,False,7,7,0,grass,outdoors,80.0,2.0,-3.0,00-0036945,00-0029263,-49.36526953755491,False,False,False,False,True,False,False,False,False,False,False,False,True,80.0,2.0,0,0.4393377626291595,0.4393377626291595,0.45724658927859185
2023,4,2023_04_BAL_CLE,CLE,BAL,3.0,28.0,-25.0,0.49989314902167914,0,False,7,7,1,grass,outdoors,71.0,7.0,-2.0,00-0038583,00-0034796,-0.1709615679159171,False,False,False,False,True,False,False,False,False,False,False,False,True,71.0,7.0,0,0.44946620213865796,0.44946620213865796,0.47972237026847064
2023,4,2023_04_PIT_HOU,HOU,PIT,30.0,6.0,24.0,0.3431599651162243,1,False,7,7,0,astroturf,open,,,-3.0,00-0039163,00-0038102,-259.69752067276374,False,False,True,False,False,False,False,False,False,False,False,True,False,59.0,8.0,0,0.37890558764138776,0.37890558764138776,0.3574582141262897
2023,4,2023_04_LA_IND,IND,LA,23.0,29.0,-6.0,0.535683493805376,0,False,7,6,0,fieldturf,open,,,-1.0,00-0039164,00-0026498,57.19081796933594,False,False,False,True,False,False,False,False,False,False,False,True,False,59.0,8.0,1,0.45962091502345476,0.45962091502345476,0.5052584622926075
2023,4,2023_04_TB_NO,NO,TB,9.0,26.0,-17.0,0.6463502068970275,0,False,7,6,1,sportturf,dome,,,4.0,00-0031280,00-0034855,241.2137337527951,False,False,False,False,False,False,False,True,False,False,True,False,False,59.0,8.0,1,0.659971332631406,0.659971332631406,0.6517986571907788
2023,4,2023_04_WAS_PHI,PHI,WAS,34.0,31.0,3.0,0.7193611881670152,1,False,6,7,1,grass,outdoors,,,9.5,00-0036389,00-0037077,376.5180416502252,False,False,False,False,True,False,False,False,False,False,False,False,True,59.0,8.0,-1,0.7391919752873491,0.7391919752873491,0.7272935030151488
2023,4,2023_04_CIN_TEN,TEN,CIN,27.0,3.0,24.0,0.4022059585881765,1,False,7,6,0,grass,outdoors,82.0,4.0,-2.5,00-0029701,00-0036442,-158.51279602217875,False,False,False,False,True,False,False,False,False,False,False,False,True,82.0,4.0,1,0.444286980009507,0.444286980009507,0.41903836715670867
2023,4,2023_04_LV_LAC,LAC,LV,24.0,17.0,7.0,0.6728930251702585,1,False,7,7,1,matrixturf,dome,,,7.0,00-0036355,00-0038579,288.5196429044272,False,False,False,False,False,False,True,False,False,False,True,False,False,59.0,8.0,0,0.7252513484947478,0.7252513484947478,0.6938363545000543
2023,4,2023_04_NE_DAL,DAL,NE,38.0,3.0,35.0,0.6693357490894742,1,False,7,7,0,matrixturf,closed,,,6.5,00-0033077,00-0036972,282.07291538339126,False,False,False,False,False,False,True,False,False,True,False,False,False,59.0,8.0,0,0.7142058766707334,0.7142058766707334,0.6872838001219779
2023,4,2023_04_ARI_SF,SF,ARI,35.0,16.0,19.0,0.8008169557916125,1,False,10,7,1,grass,outdoors,75.0,9.0,15.0,00-0037834,00-0033949,556.5632717003905,False,False,False,False,True,False,False,False,False,False,False,False,True,75.0,9.0,3,0.8591396734168353,0.8591396734168353,0.8241460428417016
2023,4,2023_04_KC_NYJ,NYJ,KC,20.0,23.0,-3.0,0.3120057852225747,0,False,7,7,0,fieldturf,outdoors,69.0,5.0,-9.5,00-0037013,00-0033873,-316.3034796506504,False,False,False,True,False,False,False,False,False,False,False,False,True,69.0,5.0,0,0.22016993990522896,0.22016993990522896,0.27527144709563645
2023,4,2023_04_SEA_NYG,NYG,SEA,3.0,24.0,-21.0,0.4389853031218571,0,False,11,8,0,fieldturf,outdoors,67.0,8.0,-2.5,00-0035710,00-0030565,-98.11246735634191,False,False,False,True,False,False,False,False,False,False,False,False,True,67.0,8.0,3,0.44946620213865796,0.44946620213865796,0.4431776627285774
2023,5,2023_05_CHI_WAS,WAS,CHI,20.0,40.0,-20.0,0.7350945843034918,0,False,4,4,0,grass,outdoors,70.0,1.0,6.0,00-0037077,00-0036945,408.25053467448635,False,False,False,False,True,False,False,False,False,False,False,False,True,70.0,1.0,0,0.6550798615410592,0.6550798615410592,0.7030886951985188
2023,5,2023_05_JAX_BUF,BUF,JAX,20.0,25.0,-5.0,0.7178423279177719,0,True,7,7,0,,outdoors,,,5.5,00-0034857,00-0036971,373.5135641541062,False,False,False,False,False,False,False,False,True,False,False,False,True,59.0,8.0,0,0.6580778874237917,0.6580778874237917,0.6939365517201799
2023,5,2023_05_HOU_ATL,ATL,HOU,21.0,19.0,2.0,0.6270780513957729,1,False,7,7,0,fieldturf,open,,,2.5,00-0038122,00-0039163,207.88074883787618,False,False,False,True,False,False,False,False,False,False,False,True,False,59.0,8.0,0,0.5697189574069329,0.5697189574069329,0.6041344138002369
2023,5,2023_05_CAR_DET,DET,CAR,42.0,24.0,18.0,0.7271961348631077,1,False,10,7,0,fieldturf,dome,,,9.5,00-0033106,00-0039150,392.1772533980415,False,False,False,True,False,False,False,False,False,False,True,False,False,59.0,8.0,3,0.7391919752873491,0.7391919752873491,0.7319944710328044
2023,5,2023_05_TEN_IND,IND,TEN,23.0,16.0,7.0,0.44686023498524063,1,False,7,7,1,fieldturf,open,,,-2.5,00-0039164,00-0029701,-85.34593476318544,False,False,False,True,False,False,False,False,False,False,False,True,False,59.0,8.0,0,0.44946620213865796,0.44946620213865796,0.44790262184660756
2023,5,2023_05_NYG_MIA,MIA,NYG,31.0,16.0,15.0,0.6966334503516022,1,False,7,6,0,grass,outdoors,88.0,8.0,12.5,00-0036212,00-0035710,332.5270268199699,False,False,False,False,True,False,False,False,False,False,False,False,True,88.0,8.0,1,0.8165145894210963,0.8165145894210963,0.7445859059793998
2023,5,2023_05_NO_NE,NE,NO,0.0,34.0,-34.0,0.5904319381845662,0,False,7,7,0,fieldturf,outdoors,61.0,10.0,2.5,00-0036972,00-0031280,146.30050842498213,False,False,False,True,False,False,False,False,False,False,False,False,True,61.0,10.0,0,0.5179868907257082,0.5179868907257082,0.561453919201023
2023,5,2023_05_BAL_PIT,PIT,BAL,17.0,10.0,7.0,0.40279104231737967,1,False,7,7,1,grass,outdoors,53.0,13.0,-4.5,00-0038102,00-0034796,-157.53965718430564,False,False,False,False,True,False,False,False,False,False,False,False,True,53.0,13.0,0,0.28709200694343134,0.28709200694343134,0.35651142816780035
2023,5,2023_05_CIN_ARI,ARI,CIN,20.0,34.0,-14.0,0.41414476112784593,0,False,7,7,0,grass,closed,,,-3.0,00-0033949,00-0036442,-138.74285966045002,False,False,False,False,True,False,False,False,False,True,False,False,False,59.0,8.0,0,0.4445054390308275,0.4445054390308275,0.4262890322890386
2023,5,2023_05_PHI_LA,LA,PHI,14.0,23.0,-9.0,0.3271050502075234,0,False,7,7,0,matrixturf,dome,,,-3.5,00-0026498,00-0036389,-288.52314050580753,False,False,False,False,False,False,True,False,False,False,True,False,False,59.0,8.0,0,0.41521332045871545,0.41521332045871545,0.3623483583080003
2023,5,2023_05_NYJ_DEN,DEN,NYJ,21.0,31.0,-10.0,0.5821555330795024,0,False,7,7,0,grass,outdoors,73.0,9.0,2.5,00-0029263,00-0037013,132.65135056881968,False,False,False,False,True,False,False,False,False,False,False,False,True,73.0,9.0,0,0.5179868907257082,0.5179868907257082,0.5564880761379848
2023,5,2023_05_KC_MIN,MIN,KC,20.0,27.0,-7.0,0.3389343017880013,0,False,7,7,0,sportturf,dome,,,-3.5,00-0029604,00-0033873,-267.21877540019807,False,False,False,False,False,False,False,True,False,False,True,False,False,59.0,8.0,0,0.44747809704130936,0.44747809704130936,0.38235181988932454
2023,5,2023_05_DAL_SF,SF,DAL,42.0,10.0,32.0,0.6618428417435828,1,False,7,7,0,grass,outdoors,78.0,10.0,3.5,00-0037834,00-0033077,268.6069503594569,False,False,False,False,True,False,False,False,False,False,False,False,True,78.0,10.0,0,0.5816178134516118,0.5816178134516118,0.6297528304267944
2023,5,2023_05_GB_LV,LV,GB,17.0,13.0,4.0,0.48902786859924413,1,False,8,11,0,grass,dome,,,1.0,00-0031345,00-0036264,-17.558228995532055,False,False,False,False,True,False,False,False,False,False,True,False,False,59.0,8.0,-3,0.45962091502345476,0.45962091502345476,0.4772650871689284
2023,6,2023_06_DEN_KC,KC,DEN,19.0,8.0,11.0,0.847727120672627,1,False,4,4,1,grass,outdoors,,,10.5,00-0033873,00-0029263,686.7538489272396,False,False,False,False,True,False,False,False,False,False,False,False,True,59.0,8.0,0,0.8828531275158997,0.8828531275158997,0.8617775234099361
2023,6,2023_06_BAL_TEN,TEN,BAL,16.0,24.0,-8.0,0.32346502065092136,0,True,7,7,0,,outdoors,,,-5.5,00-0029701,00-0034796,-295.1572689408561,False,False,False,False,False,False,False,False,True,False,False,False,True,59.0,8.0,0,0.2829091326528036,0.2829091326528036,0.3072426654516742
2023,6,2023_06_WAS_ATL,ATL,WAS,16.0,24.0,-8.0,0.6071472981877982,0,False,7,10,0,fieldturf,closed,,,1.5,00-0038122,00-0037077,174.13467617411095,False,False,False,True,False,False,False,False,False,True,False,False,False,59.0,8.0,-3,0.5073007599416073,0.5073007599416073,0.5672086828893218
2023,6,2023_06_MIN_CHI,CHI,MIN,13.0,19.0,-6.0,0.3708039738684897,0,False,10,7,1,grass,outdoors,53.0,16.0,-3.0,00-0036945,00-0029604,-211.50772190758386,False,False,False,False,True,False,False,False,False,False,False,False,True,53.0,16.0,3,0.4055280470541636,0.4055280470541636,0.38469360314275924
2023,6,2023_06_SEA_CIN,CIN,SEA,17.0,13.0,4.0,0.618330129994486,1,False,7,13,0,fieldturf,outdoors,57.0,15.0,3.0,00-0036442,00-0030565,192.98659417821614,False,False,False,True,False,False,False,False,False,False,False,False,True,57.0,15.0,-6,0.5748370295164623,0.5748370295164623,0.6009328898032765
2023,6,2023_06_SF_CLE,CLE,SF,19.0,17.0,2.0,0.2972816830326377,1,False,14,7,0,grass,outdoors,53.0,15.0,-9.5,00-0033275,00-0037834,-344.1104029454454,False,False,False,False,True,False,False,False,False,False,False,False,True,53.0,15.0,7,0.19401675871041602,0.19401675871041602,0.255975713303749
2023,6,2023_06_NO_HOU,HOU,NO,20.0,13.0,7.0,0.416452952149288,1,False,7,7,0,astroturf,closed,,,-2.0,00-0039163,00-0031280,-134.9406334786156,False,False,True,False,False,False,False,False,False,True,False,False,False,59.0,8.0,0,0.44946620213865796,0.44946620213865796,0.429658252145036
2023,6,2023_06_IND_JAX,JAX,IND,37.0,20.0,17.0,0.6834908199448324,1,False,7,7,1,grass,outdoors,,,4.0,00-0036971,00-0035289,307.9443916181349,False,False,False,False,True,False,False,False,False,False,False,False,True,59.0,8.0,0,0.610486828896784,0.610486828896784,0.654289223525613
2023,6,2023_06_CAR_MIA,MIA,CAR,42.0,21.0,21.0,0.7490175467311319,1,False,7,7,0,grass,outdoors,87.0,12.0,14.0,00-0036212,00-0039150,437.35175229094045,False,False,False,False,True,False,False,False,False,False,False,False,True,87.0,12.0,0,0.8293132852606335,0.8293132852606335,0.7811358421429325
2023,6,2023_06_NE_LV,LV,NE,21.0,17.0,4.0,0.642314150508914,1,False,6,7,0,grass,dome,,,3.0,00-0031345,00-0036972,234.16897169867846,False,False,False,False,True,False,False,False,False,False,True,False,False,59.0,8.0,-1,0.5557834026383472,0.5557834026383472,0.6077018513606873
2023,6,2023_06_ARI_LA,LA,ARI,26.0,9.0,17.0,0.7357898078836218,1,False,7,7,1,matrixturf,dome,,,7.0,00-0026498,00-0033949,409.67980888244074,False,False,False,False,False,False,True,False,False,False,True,False,False,59.0,8.0,0,0.732461725420277,0.732461725420277,0.7344585748982839
2023,6,2023_06_PHI_NYJ,NYJ,PHI,20.0,14.0,6.0,0.33250163521591114,1,False,7,7,0,fieldturf,outdoors,59.0,11.0,-6.5,00-0037013,00-0036389,-278.75686499333347,False,False,False,True,False,False,False,False,False,False,False,False,True,59.0,11.0,0,0.2794648503946406,0.2794648503946406,0.31128692128740293
2023,6,2023_06_DET_TB,TB,DET,6.0,20.0,-14.0,0.4861161864204372,0,False,14,7,0,grass,outdoors,77.0,13.0,-3.0,00-0034855,00-0033106,-22.21981369864303,False,False,False,False,True,False,False,False,False,False,False,False,True,77.0,13.0,7,0.42449277829059506,0.42449277829059506,0.46146682316850035
2023,6,2023_06_NYG_BUF,BUF,NYG,14.0,9.0,5.0,0.8427105650094763,1,False,7,7,0,a_turf,outdoors,46.0,7.0,15.5,00-0034857,00-0028118,671.4143666797356,True,False,False,False,False,False,False,False,False,False,False,False,True,46.0,7.0,0,0.9078547904511803,0.9078547904511803,0.868768255186158
2023,6,2023_06_DAL_LAC,LAC,DAL,17.0,20.0,-3.0,0.4769405425048429,0,False,15,8,0,matrixturf,dome,,,-1.5,00-0036355,00-0033077,-36.921323512076,False,False,False,False,False,False,True,False,False,False,True,False,False,59.0,8.0,7,0.44946620213865796,0.44946620213865796,0.46595080635836894
2023,7,2023_07_JAX_NO,NO,JAX,24.0,31.0,-7.0,0.5632655278028714,0,False,4,4,0,sportturf,dome,,,2.5,00-0031280,00-0036971,101.77030073777308,False,False,False,False,False,False,False,True,False,False,True,False,False,59.0,8.0,0,0.5554817314346244,0.5554817314346244,0.5601520092555726
2023,7,2023_07_DET_BAL,BAL,DET,38.0,6.0,32.0,0.5908778549662888,1,False,7,7,0,grass,outdoors,62.0,16.0,3.0,00-0034796,00-0033106,147.03822651594513,False,False,False,False,True,False,False,False,False,False,False,False,True,62.0,16.0,0,0.5202770349916402,0.5202770349916402,0.5626375269764293
2023,7,2023_07_LV_CHI,CHI,LV,30.0,12.0,18.0,0.3998540060050116,1,False,7,7,0,grass,outdoors,52.0,8.0,-2.5,00-0038416,00-0026625,-162.42938137821164,False,False,False,False,True,False,False,False,False,False,False,False,True,52.0,8.0,0,0.44946620213865796,0.44946620213865796,0.41969888445847015
2023,7,2023_07_CLE_IND,IND,CLE,38.0,39.0,-1.0,0.3925268699089432,0,False,7,7,0,fieldturf,open,,,-3.5,00-0035289,00-0033537,-174.68118027507887,False,False,False,True,False,False,False,False,False,False,False,True,False,59.0,8.0,0,0.4445054390308275,0.4445054390308275,0.41331829755769695
2023,7,2023_07_BUF_NE,NE,BUF,29.0,25.0,4.0,0.2948515182268655,1,False,7,7,1,fieldturf,outdoors,55.0,13.0,-7.5,00-0036972,00-0034857,-348.7745965990112,False,False,False,True,False,False,False,False,False,False,False,False,True,55.0,13.0,0,0.25784370741550494,0.25784370741550494,0.2800483939023213
2023,7,2023_07_WAS_NYG,NYG,WAS,14.0,7.0,7.0,0.39566959061500323,1,False,7,7,1,fieldturf,outdoors,54.0,14.0,-3.0,00-0028118,00-0037077,-169.4166351713853,False,False,False,True,False,False,False,False,False,False,False,False,True,54.0,14.0,0,0.4445054390308275,0.4445054390308275,0.41520392998133293
2023,7,2023_07_ATL_TB,TB,ATL,13.0,16.0,-3.0,0.6648975506764232,0,False,7,7,1,grass,outdoors,79.0,3.0,3.0,00-0034855,00-0038122,274.0786662823898,False,False,False,False,True,False,False,False,False,False,False,False,True,79.0,3.0,0,0.5697080956006354,0.5697080956006354,0.6268217686461081
2023,7,2023_07_PIT_LA,LA,PIT,17.0,24.0,-7.0,0.5969273497308625,0,False,7,14,0,matrixturf,dome,,,3.5,00-0026498,00-0038102,157.07143776974152,False,False,False,False,False,False,True,False,False,False,True,False,False,59.0,8.0,-7,0.5617636141920272,0.5617636141920272,0.5828618555153284
2023,7,2023_07_ARI_SEA,SEA,ARI,20.0,10.0,10.0,0.7226759651006839,1,False,7,7,1,fieldturf,outdoors,56.0,5.0,9.5,00-0030565,00-0033949,383.10972682465626,False,False,False,True,False,False,False,False,False,False,False,False,True,56.0,5.0,0,0.7700583638608167,0.7700583638608167,0.741628924604737
2023,7,2023_07_GB_DEN,DEN,GB,19.0,17.0,2.0,0.43957839584651737,1,False,10,13,0,grass,outdoors,72.0,9.0,1.5,00-0029263,00-0036264,-97.14931549317419,False,False,False,False,True,False,False,False,False,False,False,False,True,72.0,9.0,-3,0.45962091502345476,0.45962091502345476,0.4475954035172923
2023,7,2023_07_LAC_KC,KC,LAC,31.0,17.0,14.0,0.7504402946076772,1,False,10,6,1,grass,outdoors,72.0,10.0,5.5,00-0033873,00-0036355,440.38476280870833,False,False,False,False,True,False,False,False,False,False,False,False,True,72.0,10.0,4,0.6191273432370377,0.6191273432370377,0.6979151140594214
2023,7,2023_07_MIA_PHI,PHI,MIA,31.0,17.0,14.0,0.6773898838182653,1,False,7,7,0,grass,outdoors,55.0,17.0,3.0,00-0036389,00-0036212,296.7209931812074,False,False,False,False,True,False,False,False,False,False,False,False,True,55.0,17.0,0,0.5586788043382088,0.5586788043382088,0.6299054520262427
2023,7,2023_07_SF_MIN,MIN,SF,22.0,17.0,5.0,0.35442295107145105,1,False,8,8,0,sportturf,dome,,,-7.0,00-0029604,00-0037834,-239.86143573735035,False,False,False,False,False,False,False,True,False,False,True,False,False,59.0,8.0,0,0.2501393371170939,0.2501393371170939,0.3127095054897082
2023,8,2023_08_TB_BUF,BUF,TB,24.0,18.0,6.0,0.7239240056995997,1,False,4,4,0,a_turf,outdoors,66.0,10.0,10.0,00-0034857,00-0034855,385.6041011550142,True,False,False,False,False,False,False,False,False,False,False,False,True,66.0,10.0,0,0.8159630916837164,0.8159630916837164,0.7607396400932463
2023,8,2023_08_HOU_CAR,CAR,HOU,15.0,13.0,2.0,0.42852164261452774,1,False,14,14,0,grass,outdoors,77.0,14.0,-3.0,00-0039150,00-0039163,-115.15414722474486,False,False,False,False,True,False,False,False,False,False,False,False,True,77.0,14.0,0,0.4445054390308275,0.4445054390308275,0.43491516118104767
2023,8,2023_08_LA_DAL,DAL,LA,43.0,20.0,23.0,0.7063970361585646,1,False,13,7,0,matrixturf,closed,,,6.5,00-0033077,00-0026498,351.17962482609676,False,False,False,False,False,False,True,False,False,True,False,False,False,59.0,8.0,6,0.7079399620540946,0.7079399620540946,0.7070142065167766
2023,8,2023_08_MIN_GB,GB,MIN,10.0,24.0,-14.0,0.49049953751318126,0,False,7,6,1,grass,outdoors,39.0,8.0,-1.0,00-0036264,00-0029604,-15.202569709096503,False,False,False,False,True,False,False,False,False,False,False,False,True,39.0,8.0,1,0.45962091502345476,0.45962091502345476,0.4781480885172907
2023,8,2023_08_NO_IND,IND,NO,27.0,38.0,-11.0,0.42918376566783706,0,False,7,10,0,fieldturf,closed,,,-2.0,00-0035289,00-0031280,-114.07285646244038,False,False,False,True,False,False,False,False,False,True,False,False,False,59.0,8.0,-3,0.44946620213865796,0.44946620213865796,0.4372967402561654
2023,8,2023_08_NE_MIA,MIA,NE,31.0,17.0,14.0,0.6834621677694626,1,False,7,7,1,grass,outdoors,83.0,17.0,7.5,00-0036212,00-0036972,307.89141453515407,False,False,False,False,True,False,False,False,False,False,False,False,True,83.0,17.0,0,0.7252513484947478,0.7252513484947478,0.7001778400595766
2023,8,2023_08_NYJ_NYG,NYG,NYJ,10.0,13.0,-3.0,0.4102196211554428,0,False,7,14,0,fieldturf,outdoors,52.0,6.0,-3.0,00-0028118,00-0037013,-145.2230202869061,False,False,False,True,False,False,False,False,False,False,False,False,True,52.0,6.0,-7,0.4393377626291595,0.4393377626291595,0.4218668777449295
2023,8,2023_08_JAX_PIT,PIT,JAX,10.0,20.0,-10.0,0.50499368124602,0,False,7,10,0,grass,outdoors,58.0,2.0,-2.5,00-0038102,00-0036971,7.99015566647534,False,False,False,False,True,False,False,False,False,False,False,False,True,58.0,2.0,-3,0.444286980009507,0.444286980009507,0.48071100075141476
2023,8,2023_08_ATL_TEN,TEN,ATL,28.0,23.0,5.0,0.4949323331124954,1,False,14,7,0,grass,outdoors,77.0,7.0,-2.5,00-0039152,00-0038122,-8.108544677672436,False,False,False,False,True,False,False,False,False,False,False,False,True,77.0,7.0,7,0.44946620213865796,0.44946620213865796,0.4767458807229604
2023,8,2023_08_PHI_WAS,WAS,PHI,31.0,38.0,-7.0,0.33409588334751866,0,False,7,7,1,grass,outdoors,69.0,4.0,-7.0,00-0037077,00-0036389,-275.8870654066061,False,False,False,False,True,False,False,False,False,False,False,False,True,69.0,4.0,0,0.25757192362752285,0.25757192362752285,0.3034862994595203
2023,8,2023_08_CLE_SEA,SEA,CLE,24.0,20.0,4.0,0.686562962483809,1,False,7,7,0,fieldturf,outdoors,47.0,3.0,4.0,00-0030565,00-0033275,313.63977342698337,False,False,False,True,False,False,False,False,False,False,False,False,True,47.0,3.0,0,0.7158221174189148,0.7158221174189148,0.6982666244578513
2023,8,2023_08_BAL_ARI,ARI,BAL,24.0,31.0,-7.0,0.3116420442721792,0,False,7,7,0,grass,closed,,,-9.5,00-0033949,00-0034796,-316.9815007823738,False,False,False,False,True,False,False,False,False,True,False,False,False,59.0,8.0,0,0.27307364405162404,0.27307364405162404,0.29621468418395713
2023,8,2023_08_KC_DEN,DEN,KC,24.0,9.0,15.0,0.2273877715119361,1,False,7,7,1,grass,outdoors,26.0,7.0,-7.0,00-0029263,00-0033873,-489.24818927155826,False,False,False,False,True,False,False,False,False,False,False,False,True,26.0,7.0,0,0.23078531131756194,0.23078531131756194,0.22874678743418644
2023,8,2023_08_CIN_SF,SF,CIN,17.0,31.0,-14.0,0.6988508919464983,0,False,6,14,0,grass,outdoors,74.0,10.0,4.0,00-0037834,00-0036442,336.73275422090046,False,False,False,False,True,False,False,False,False,False,False,False,True,74.0,10.0,-8,0.6134011386218654,0.6134011386218654,0.6646709906166451
2023,8,2023_08_CHI_LAC,LAC,CHI,30.0,13.0,17.0,0.719206421211465,1,False,7,7,0,matrixturf,dome,,,9.5,00-0036355,00-0038416,376.21144282364736,False,False,False,False,False,False,True,False,False,False,True,False,False,59.0,8.0,0,0.7391919752873491,0.7391919752873491,0.7272006428418187
2023,8,2023_08_LV_DET,DET,LV,26.0,14.0,12.0,0.7038468502066295,1,False,8,8,0,fieldturf,dome,,,7.0,00-0033106,00-0031345,346.2736286806732,False,False,False,True,False,False,False,False,False,False,True,False,False,59.0,8.0,0,0.7304617395842425,0.7304617395842425,0.7144928059576747
2023,9,2023_09_TEN_PIT,PIT,TEN,20.0,16.0,4.0,0.6604362146471007,1,False,4,4,0,grass,outdoors,40.0,5.0,3.5,00-0038102,00-0039152,266.09549534398747,False,False,False,False,True,False,False,False,False,False,False,False,True,40.0,5.0,0,0.6211964475666956,0.6211964475666956,0.6447403078149386
2023,9,2023_09_MIA_KC,KC,MIA,21.0,14.0,7.0,0.6125377372953604,1,True,7,7,0,grass,outdoors,,,1.0,00-0033873,00-0036212,183.19683797975557,False,False,False,False,True,False,False,False,False,False,False,False,True,59.0,8.0,0,0.49368986770847145,0.49368986770847145,0.5649985894606049
2023,9,2023_09_MIN_ATL,ATL,MIN,28.0,31.0,-3.0,0.4741854727005271,0,False,7,7,0,fieldturf,open,,,3.5,00-0031800,00-0038598,-41.34000123289723,False,False,False,True,False,False,False,False,False,False,False,True,False,59.0,8.0,0,0.5824083851630006,0.5824083851630006,0.5174746376855165
2023,9,2023_09_SEA_BAL,BAL,SEA,37.0,3.0,34.0,0.7197526822599485,1,False,7,7,0,grass,outdoors,70.0,6.0,6.0,00-0034796,00-0030565,377.29406607528483,False,False,False,False,True,False,False,False,False,False,False,False,True,70.0,6.0,0,0.6466706543155888,0.6466706543155888,0.6905198710822046
2023,9,2023_09_ARI_CLE,CLE,ARI,27.0,0.0,27.0,0.7359729534362762,1,False,7,7,0,grass,outdoors,56.0,7.0,13.0,00-0033537,00-0038582,410.05672920053325,False,False,False,False,True,False,False,False,False,False,False,False,True,56.0,7.0,0,0.8360202047012814,0.8360202047012814,0.7759918539422783
2023,9,2023_09_LA_GB,GB,LA,20.0,3.0,17.0,0.6836335426249195,1,False,7,7,0,grass,outdoors,51.0,8.0,3.5,00-0036264,00-0034955,308.2083202947618,False,False,False,False,True,False,False,False,False,False,False,False,True,51.0,8.0,0,0.5934904794496313,0.5934904794496313,0.6475763173548043
2023,9,2023_09_TB_HOU,HOU,TB,39.0,37.0,2.0,0.5518017657380878,1,False,7,10,0,astroturf,closed,,,2.5,00-0039163,00-0034855,83.18129600007605,False,False,True,False,False,False,False,False,False,True,False,False,False,59.0,8.0,-3,0.5147893355202724,0.5147893355202724,0.5369967936509616
2023,9,2023_09_WAS_NE,NE,WAS,17.0,20.0,-3.0,0.611031878636141,0,False,7,7,0,fieldturf,outdoors,62.0,6.0,2.5,00-0036972,00-0037077,180.66069691955445,False,False,False,True,False,False,False,False,False,False,False,False,True,62.0,6.0,0,0.586513533586173,0.586513533586173,0.6012245406161537
2023,9,2023_09_CHI_NO,NO,CHI,24.0,17.0,7.0,0.73800926966421,1,False,7,7,0,sportturf,dome,,,9.0,00-0031280,00-0038416,414.25890492190075,False,False,False,False,False,False,False,True,False,False,True,False,False,59.0,8.0,0,0.723962640849664,0.723962640849664,0.7323906181383916
2023,9,2023_09_IND_CAR,CAR,IND,13.0,27.0,-14.0,0.5203074156212718,0,False,7,7,0,grass,outdoors,75.0,2.0,-1.5,00-0039150,00-0035289,32.509748506572755,False,False,False,False,True,False,False,False,False,False,False,False,True,75.0,2.0,0,0.444286980009507,0.444286980009507,0.4898992413765659
2023,9,2023_09_NYG_LV,LV,NYG,30.0,6.0,24.0,0.5976641048777588,1,False,6,7,0,grass,dome,,,1.0,00-0038579,00-0035710,158.29663954879246,False,False,False,False,True,False,False,False,False,False,True,False,False,59.0,8.0,-1,0.4340601037068086,0.4340601037068086,0.5322225044093787
2023,9,2023_09_DAL_PHI,PHI,DAL,28.0,23.0,5.0,0.6731557298449046,1,False,7,7,1,grass,outdoors,64.0,6.0,3.5,00-0036389,00-0033077,288.99715199008295,False,False,False,False,True,False,False,False,False,False,False,False,True,64.0,6.0,0,0.6125174164857268,0.6125174164857268,0.6489004045012334
2023,9,2023_09_BUF_CIN,CIN,BUF,24.0,18.0,6.0,0.5278378580305624,1,False,7,10,0,fieldturf,outdoors,51.0,5.0,1.5,00-0036442,00-0034857,44.58668070586853,False,False,False,True,False,False,False,False,False,False,False,False,True,51.0,5.0,-3,0.4568761982785214,0.4568761982785214,0.499453194129746
2023,9,2023_09_LAC_NYJ,NYJ,LAC,6.0,27.0,-21.0,0.4819842000115167,0,False,8,8,0,fieldturf,outdoors,48.0,4.0,-3.0,00-0037013,00-0036355,-28.837764099339935,False,False,False,True,False,False,False,False,False,False,False,False,True,48.0,4.0,0,0.4393377626291595,0.4393377626291595,0.4649256250585738
2023,10,2023_10_CAR_CHI,CHI,CAR,16.0,13.0,3.0,0.6298090311988025,1,False,4,4,0,grass,outdoors,51.0,8.0,3.0,00-0038416,00-0039150,212.55905758778937,False,False,False,False,True,False,False,False,False,False,False,False,True,51.0,8.0,0,0.5678444628324724,0.5678444628324724,0.6050232038522705
2023,10,2023_10_IND_NE,NE,IND,6.0,10.0,-4.0,0.4689062338829141,0,True,7,7,0,grass,outdoors,,,-1.0,00-0036972,00-0035289,-49.81430758975121,False,False,False,False,True,False,False,False,False,False,False,False,True,59.0,8.0,0,0.4666566673125736,0.4666566673125736,0.46800640725477793
2023,10,2023_10_CLE_BAL,BAL,CLE,31.0,33.0,-2.0,0.7191986448951452,0,False,7,7,1,grass,outdoors,49.0,4.0,6.0,00-0034796,00-0033537,376.1960403840081,False,False,False,False,True,False,False,False,False,False,False,False,True,49.0,4.0,0,0.6860089290566936,0.6860089290566936,0.7059227585597645
2023,10,2023_10_HOU_CIN,CIN,HOU,27.0,30.0,-3.0,0.7498084030670327,0,False,7,7,0,fieldturf,outdoors,56.0,6.0,5.5,00-0036442,00-0039163,439.0362796991784,False,False,False,True,False,False,False,False,False,False,False,False,True,56.0,6.0,0,0.7060243086397566,0.7060243086397566,0.7322947652961223
2023,10,2023_10_SF_JAX,JAX,SF,3.0,34.0,-31.0,0.44801075478704655,0,False,14,14,0,grass,outdoors,59.0,11.0,-3.0,00-0036971,00-0037834,-83.48452977179991,False,False,False,False,True,False,False,False,False,False,False,False,True,59.0,11.0,0,0.45150313574338474,0.45150313574338474,0.44940770716958184
2023,10,2023_10_NO_MIN,MIN,NO,27.0,19.0,8.0,0.5477823991317406,1,False,7,7,0,sportturf,dome,,,-3.0,00-0033949,00-0031280,76.68585775031124,False,False,False,False,False,False,False,True,False,False,True,False,False,59.0,8.0,0,0.48338710268449325,0.48338710268449325,0.5220242805528417
2023,10,2023_10_GB_PIT,PIT,GB,23.0,19.0,4.0,0.6622249869122235,1,False,10,7,0,grass,outdoors,50.0,5.0,3.0,00-0038102,00-0036264,269.2901301955463,False,False,False,False,True,False,False,False,False,False,False,False,True,50.0,5.0,3,0.5816756487996545,0.5816756487996545,0.6300052516671959
2023,10,2023_10_TEN_TB,TB,TEN,20.0,6.0,14.0,0.6692773597873484,1,False,7,10,0,grass,outdoors,85.0,6.0,2.5,00-0034855,00-0039152,281.9673934811678,False,False,False,False,True,False,False,False,False,False,False,False,True,85.0,6.0,-3,0.5704674806541713,0.5704674806541713,0.6297534081340775
2023,10,2023_10_ATL_ARI,ARI,ATL,25.0,23.0,2.0,0.44619780150983523,1,False,7,7,0,grass,closed,,,-2.0,00-0035228,00-0031800,-86.41809028412113,False,False,False,False,True,False,False,False,False,True,False,False,False,59.0,8.0,0,0.45647781936756165,0.45647781936756165,0.4503098086529258
2023,10,2023_10_DET_LAC,LAC,DET,38.0,41.0,-3.0,0.49944144254712913,0,False,6,13,0,matrixturf,dome,,,-2.5,00-0036355,00-0033106,-0.8936922963532545,False,False,False,False,False,False,True,False,False,False,True,False,False,59.0,8.0,-7,0.45647781936756165,0.45647781936756165,0.48225599327530216
2023,10,2023_10_NYG_DAL,DAL,NYG,49.0,17.0,32.0,0.8207997480313344,1,False,7,7,1,matrixturf,closed,,,17.5,00-0033077,00-0038476,608.7101043288419,False,False,False,False,False,False,True,False,False,True,False,False,False,59.0,8.0,0,0.8696756812935951,0.8696756812935951,0.8403501213362387
2023,10,2023_10_WAS_SEA,SEA,WAS,29.0,26.0,3.0,0.6671216072750084,1,False,7,7,0,fieldturf,outdoors,52.0,4.0,6.0,00-0030565,00-0037077,278.07804511145696,False,False,False,True,False,False,False,False,False,False,False,False,True,52.0,4.0,0,0.7158221174189148,0.7158221174189148,0.6866018113325709
2023,10,2023_10_NYJ_LV,LV,NYJ,16.0,12.0,4.0,0.4951527511149304,1,False,7,6,0,grass,dome,,,-1.0,00-0038579,00-0037013,-7.755841195350799,False,False,False,False,True,False,False,False,False,False,True,False,False,59.0,8.0,1,0.4666566673125736,0.4666566673125736,0.4837543175939877
2023,10,2023_10_DEN_BUF,BUF,DEN,22.0,24.0,-2.0,0.7730158990694457,0,False,8,15,0,a_turf,outdoors,49.0,10.0,7.5,00-0034857,00-0029263,490.1678565231851,True,False,False,False,False,False,False,False,False,False,False,False,True,49.0,10.0,-7,0.7106191348276945,0.7106191348276945,0.7480571933727451
2023,11,2023_11_CIN_BAL,BAL,CIN,34.0,20.0,14.0,0.6709018137039938,1,False,4,4,1,grass,outdoors,56.0,1.0,4.0,00-0034796,00-0036442,284.9066612494148,False,False,False,False,True,False,False,False,False,False,False,False,True,56.0,1.0,0,0.674794104937597,0.674794104937597,0.6724587301974351
2023,11,2023_11_DAL_CAR,CAR,DAL,10.0,33.0,-23.0,0.266197665639811,0,False,10,7,0,grass,outdoors,65.0,2.0,-11.0,00-0039150,00-0033077,-405.60022255376253,False,False,False,False,True,False,False,False,False,False,False,False,True,65.0,2.0,3,0.19658704051019785,0.19658704051019785,0.23835341558796574
2023,11,2023_11_PIT_CLE,CLE,PIT,13.0,10.0,3.0,0.5828134519241692,1,False,7,7,1,grass,outdoors,48.0,11.0,2.5,00-0038583,00-0038102,133.733470535587,False,False,False,False,True,False,False,False,False,False,False,False,True,48.0,11.0,0,0.5302067271394088,0.5302067271394088,0.561770762010265
2023,11,2023_11_CHI_DET,DET,CHI,31.0,26.0,5.0,0.8095244426958756,1,False,7,10,1,fieldturf,dome,,,8.0,00-0033106,00-0036945,578.7692356994481,False,False,False,True,False,False,False,False,False,False,True,False,False,59.0,8.0,-3,0.7788861085424891,0.7788861085424891,0.797269109034521
2023,11,2023_11_LAC_GB,GB,LAC,23.0,20.0,3.0,0.4521757322219442,1,False,7,7,0,grass,outdoors,45.0,5.0,-3.0,00-0036264,00-0036355,-76.75346556277694,False,False,False,False,True,False,False,False,False,False,False,False,True,45.0,5.0,0,0.4361726396707078,0.4361726396707078,0.4457744952014496
2023,11,2023_11_ARI_HOU,HOU,ARI,21.0,16.0,5.0,0.7251028963092803,1,False,7,7,0,astroturf,closed,,,5.5,00-0039163,00-0035228,387.96668459089926,False,False,True,False,False,False,False,False,False,True,False,False,False,59.0,8.0,0,0.651192316174806,0.651192316174806,0.6955386642554906
2023,11,2023_11_TEN_JAX,JAX,TEN,34.0,14.0,20.0,0.7001313214145385,1,False,7,7,1,grass,outdoors,75.0,3.0,6.5,00-0036971,00-0039152,339.16931147865745,False,False,False,False,True,False,False,False,False,False,False,False,True,75.0,3.0,0,0.7408982485302469,0.7408982485302469,0.7164380922608218
2023,11,2023_11_LV_MIA,MIA,LV,20.0,13.0,7.0,0.6718431453459497,1,False,14,7,0,grass,outdoors,82.0,7.0,14.0,00-0036212,00-0038579,286.6132756518621,False,False,False,False,True,False,False,False,False,False,False,False,True,82.0,7.0,7,0.788861080231814,0.788861080231814,0.7186503193002954
2023,11,2023_11_NYG_WAS,WAS,NYG,19.0,31.0,-12.0,0.6907984068972342,0,False,7,7,1,grass,outdoors,56.0,7.0,7.5,00-0037077,00-0038476,321.5418284246274,False,False,False,False,True,False,False,False,False,False,False,False,True,56.0,7.0,0,0.7532864221887023,0.7532864221887023,0.7157936130138214
2023,11,2023_11_TB_SF,SF,TB,27.0,14.0,13.0,0.7490659161856432,1,False,7,7,0,grass,outdoors,65.0,10.0,13.5,00-0037834,00-0034855,437.4546779504323,False,False,False,False,True,False,False,False,False,False,False,False,True,65.0,10.0,0,0.8231480768722066,0.8231480768722066,0.7786987804602685
2023,11,2023_11_NYJ_BUF,BUF,NYJ,32.0,6.0,26.0,0.7487857208146831,1,False,6,7,1,a_turf,outdoors,40.0,9.0,8.0,00-0034857,00-0037013,436.8586314750557,True,False,False,False,False,False,False,False,False,False,False,False,True,40.0,9.0,-1,0.7258755456732542,0.7258755456732542,0.7396216507581115
2023,11,2023_11_SEA_LA,LA,SEA,17.0,16.0,1.0,0.47616543426742763,1,False,14,7,1,matrixturf,dome,,,2.5,00-0026498,00-0030565,-38.16423015617261,False,False,False,False,False,False,True,False,False,False,True,False,False,59.0,8.0,7,0.5147893355202724,0.5147893355202724,0.4916149947685655
2023,11,2023_11_MIN_DEN,DEN,MIN,21.0,20.0,1.0,0.4909019442974608,1,False,6,7,0,grass,outdoors,53.0,3.0,2.5,00-0029263,00-0033949,-14.558496031208445,False,False,False,False,True,False,False,False,False,False,False,False,True,53.0,3.0,-1,0.5294661380255662,0.5294661380255662,0.5063276217887029
2023,11,2023_11_PHI_KC,KC,PHI,17.0,21.0,-4.0,0.6065419833103102,0,False,15,15,0,grass,outdoors,45.0,12.0,2.5,00-0033873,00-0036389,173.11983124794986,False,False,False,False,True,False,False,False,False,False,False,False,True,45.0,12.0,0,0.5655917971268495,0.5655917971268495,0.5901619088369259
2023,12,2023_12_GB_DET,DET,GB,22.0,29.0,-7.0,0.6822784048395002,0,False,4,4,1,fieldturf,dome,,,8.5,00-0033106,00-0036264,305.7049121535159,False,False,False,True,False,False,False,False,False,False,True,False,False,59.0,8.0,0,0.7166118284769603,0.7166118284769603,0.6960117742944842
2023,12,2023_12_WAS_DAL,DAL,WAS,45.0,10.0,35.0,0.7953254596201379,1,False,4,4,1,matrixturf,closed,,,13.0,00-0033077,00-0037077,542.9321217597861,False,False,False,False,False,False,True,False,False,True,False,False,False,59.0,8.0,0,0.8662993649745555,0.8662993649745555,0.8237150217619049
2023,12,2023_12_SF_SEA,SEA,SF,13.0,31.0,-18.0,0.2857089995983025,0,False,4,4,1,fieldturf,outdoors,39.0,4.0,-7.0,00-0030565,00-0037834,-366.52665359449685,False,False,False,True,False,False,False,False,False,False,False,False,True,39.0,4.0,0,0.2103762794991958,0.2103762794991958,0.25557591155865983
2023,12,2023_12_MIA_NYJ,NYJ,MIA,13.0,34.0,-21.0,0.22801540513146562,0,False,5,5,1,fieldturf,outdoors,48.0,11.0,-9.5,00-0034177,00-0036212,-487.82056078166295,False,False,False,True,False,False,False,False,False,False,False,False,True,48.0,11.0,0,0.24366915923095406,0.24366915923095406,0.234276906771261
2023,12,2023_12_NO_ATL,ATL,NO,24.0,15.0,9.0,0.4352860266187152,1,False,14,14,1,fieldturf,closed,,,-2.0,00-0038122,00-0031280,-104.12640547760459,False,False,False,True,False,False,False,False,False,True,False,False,False,59.0,8.0,0,0.45171803936173827,0.45171803936173827,0.44185883171592444
2023,12,2023_12_PIT_CIN,CIN,PIT,10.0,16.0,-6.0,0.5432317696878373,0,False,10,7,1,fieldturf,outdoors,48.0,9.0,-2.0,00-0035100,00-0038102,69.34398125399377,False,False,False,True,False,False,False,False,False,False,False,False,True,48.0,9.0,3,0.45171803936173827,0.45171803936173827,0.5066262775573976
2023,12,2023_12_JAX_HOU,HOU,JAX,21.0,24.0,-3.0,0.4427258959430538,0,False,7,7,1,astroturf,closed,,,-1.0,00-0039163,00-0036971,-92.04255728409025,False,False,True,False,False,False,False,False,False,True,False,False,False,59.0,8.0,0,0.4618809447443323,0.4618809447443323,0.45038791546356516
2023,12,2023_12_TB_IND,IND,TB,27.0,20.0,7.0,0.5655738602469462,1,False,14,7,0,fieldturf,closed,,,2.5,00-0035289,00-0034855,105.52598253952938,False,False,False,True,False,False,False,False,False,True,False,False,False,59.0,8.0,7,0.5147893355202724,0.5147893355202724,0.5452600503562767
2023,12,2023_12_NE_NYG,NYG,NE,10.0,7.0,3.0,0.48348234261520406,1,False,7,14,0,fieldturf,outdoors,43.0,6.0,-4.5,00-0038476,00-0036972,-26.437872114987336,False,False,False,True,False,False,False,False,False,False,False,False,True,43.0,6.0,-7,0.2840742313803146,0.2840742313803146,0.4037190981212483
2023,12,2023_12_CAR_TEN,TEN,CAR,17.0,10.0,7.0,0.6626821375956076,1,False,7,7,0,grass,outdoors,51.0,13.0,3.5,00-0039152,00-0039150,270.10789882324565,False,False,False,False,True,False,False,False,False,False,False,False,True,51.0,13.0,0,0.5934904794496313,0.5934904794496313,0.6350054743372171
2023,12,2023_12_LA_ARI,ARI,LA,14.0,37.0,-23.0,0.4171240024454252,0,False,7,7,1,grass,closed,,,-3.0,00-0035228,00-0026498,-133.83636839877178,False,False,False,False,True,False,False,False,False,True,False,False,False,59.0,8.0,0,0.44133239224266296,0.44133239224266296,0.42680735836432027
2023,12,2023_12_CLE_DEN,DEN,CLE,29.0,12.0,17.0,0.5137530485436224,1,False,7,7,0,grass,outdoors,40.0,5.0,1.5,00-0029263,00-0038583,22.010429713259725,False,False,False,False,True,False,False,False,False,False,False,False,True,40.0,5.0,0,0.45913419887159435,0.45913419887159435,0.49190550867481114
2023,12,2023_12_KC_LV,LV,KC,17.0,31.0,-14.0,0.33624497248855406,0,False,7,6,1,grass,dome,,,-9.0,00-0038579,00-0033873,-272.0292671341144,False,False,False,False,True,False,False,False,False,False,True,False,False,59.0,8.0,1,0.2344150434489267,0.2344150434489267,0.29551300087270316
2023,12,2023_12_BUF_PHI,PHI,BUF,37.0,34.0,3.0,0.6736651244440751,1,False,6,7,0,grass,outdoors,47.0,6.0,2.5,00-0036389,00-0034857,289.9236238693823,False,False,False,False,True,False,False,False,False,False,False,False,True,47.0,6.0,-1,0.5794416833947228,0.5794416833947228,0.6359757480243342
2023,12,2023_12_BAL_LAC,LAC,BAL,10.0,20.0,-10.0,0.3674725853971385,0,False,7,10,0,matrixturf,dome,,,-3.0,00-0036355,00-0034796,-217.22993783858655,False,False,False,False,False,False,True,False,False,False,True,False,False,59.0,8.0,-3,0.42216720769336646,0.42216720769336646,0.38935043431562966
2023,12,2023_12_CHI_MIN,MIN,CHI,10.0,12.0,-2.0,0.8131956585712856,0,False,8,8,1,sportturf,dome,,,3.0,00-0033949,00-0036945,588.3639905859227,False,False,False,False,False,False,False,True,False,False,True,False,False,59.0,8.0,0,0.6319445104619565,0.6319445104619565,0.7406951993275539
2023,13,2023_13_SEA_DAL,DAL,SEA,41.0,35.0,6.0,0.713659652141377,1,False,7,7,0,matrixturf,closed,,,9.5,00-0033077,00-0030565,365.2900160973641,False,False,False,False,False,False,True,False,False,True,False,False,False,59.0,8.0,0,0.7258089605098862,0.7258089605098862,0.7185193754887806
2023,13,2023_13_DEN_HOU,HOU,DEN,22.0,17.0,5.0,0.5976698821196191,1,False,7,7,0,astroturf,closed,,,3.5,00-0039163,00-0029263,158.30624981915685,False,False,True,False,False,False,False,False,False,True,False,False,False,59.0,8.0,0,0.5619796725262739,0.5619796725262739,0.583393798282281
2023,13,2023_13_LAC_NE,NE,LAC,0.0,6.0,-6.0,0.3203840417308451,0,False,7,7,0,fieldturf,outdoors,44.0,8.0,-4.5,00-0038108,00-0036355,-300.802985902392,False,False,False,True,False,False,False,False,False,False,False,False,True,44.0,8.0,0,0.2725914755297221,0.2725914755297221,0.3012670152503959
2023,13,2023_13_DET_NO,NO,DET,28.0,33.0,-5.0,0.3855845480066186,0,False,7,10,0,sportturf,dome,,,-4.0,00-0031280,00-0033106,-186.36433676380196,False,False,False,False,False,False,False,True,False,False,True,False,False,59.0,8.0,-3,0.44430080264012,0.44430080264012,0.4090710498600192
2023,13,2023_13_ATL_NYJ,NYJ,ATL,8.0,13.0,-5.0,0.4592148566373149,0,False,9,7,0,fieldturf,outdoors,50.0,8.0,-2.0,00-0034177,00-0038122,-65.40154198899124,False,False,False,True,False,False,False,False,False,False,False,False,True,50.0,8.0,2,0.45171803936173827,0.45171803936173827,0.45621612972708425
2023,13,2023_13_ARI_PIT,PIT,ARI,10.0,24.0,-14.0,0.7989645170057574,0,False,7,7,0,grass,outdoors,56.0,12.0,6.0,00-0038102,00-0035228,551.9340442948151,False,False,False,False,True,False,False,False,False,False,False,False,True,56.0,12.0,0,0.6454208790334167,0.6454208790334167,0.7375470618168212
2023,13,2023_13_IND_TEN,TEN,IND,28.0,31.0,-3.0,0.5028377253272515,0,False,7,7,1,grass,outdoors,53.0,13.0,-1.5,00-0039152,00-0035289,4.540409274002144,False,False,False,False,True,False,False,False,False,False,False,False,True,53.0,13.0,0,0.45171803936173827,0.45171803936173827,0.4823898509410462
2023,13,2023_13_MIA_WAS,WAS,MIA,15.0,45.0,-30.0,0.33998079379981494,0,False,10,9,0,grass,outdoors,53.0,2.0,-8.5,00-0037077,00-0036212,-265.3519230839187,False,False,False,False,True,False,False,False,False,False,False,False,True,53.0,2.0,1,0.17807191727029117,0.17807191727029117,0.27521724318800544
2023,13,2023_13_CAR_TB,TB,CAR,21.0,18.0,3.0,0.7274038911971528,1,False,7,7,1,grass,outdoors,81.0,8.0,4.0,00-0034855,00-0039150,392.5962548888922,False,False,False,False,True,False,False,False,False,False,False,False,True,81.0,8.0,0,0.6220170318864138,0.6220170318864138,0.6852491474728571
2023,13,2023_13_CLE_LA,LA,CLE,36.0,19.0,17.0,0.5874121370122073,1,False,7,7,0,matrixturf,dome,,,3.5,00-0026498,00-0026158,141.31099861459563,False,False,False,False,False,False,True,False,False,False,True,False,False,59.0,8.0,0,0.5884943085866835,0.5884943085866835,0.5878450056419977
2023,13,2023_13_SF_PHI,PHI,SF,19.0,42.0,-23.0,0.5183943501189415,0,False,7,10,0,grass,outdoors,52.0,44.0,-3.0,00-0036389,00-0037834,29.444248352783696,False,False,False,False,True,False,False,False,False,False,False,False,True,52.0,44.0,-3,0.3920169360895947,0.3920169360895947,0.4678433845072028
2023,13,2023_13_KC_GB,GB,KC,27.0,19.0,8.0,0.3132789581259884,1,False,10,7,0,grass,outdoors,31.0,9.0,-5.5,00-0036264,00-0033873,-313.9336494139296,False,False,False,False,True,False,False,False,False,False,False,False,True,31.0,9.0,3,0.1873358601186032,0.1873358601186032,0.2629017189230343
2023,13,2023_13_CIN_JAX,JAX,CIN,31.0,34.0,-3.0,0.6479593684571746,0,False,8,8,0,grass,outdoors,61.0,4.0,10.0,00-0036971,00-0035100,244.0325567729098,False,False,False,False,True,False,False,False,False,False,False,False,True,61.0,4.0,0,0.7918835857623583,0.7918835857623583,0.7055290553792481
2023,14,2023_14_NE_PIT,PIT,NE,18.0,21.0,-3.0,0.7163673214918542,0,False,4,4,0,grass,outdoors,42.0,5.0,6.0,00-0033869,00-0038108,370.6052155093259,False,False,False,False,True,False,False,False,False,False,False,False,True,42.0,5.0,0,0.6752979301591594,0.6752979301591594,0.6999395649587763
2023,14,2023_14_TB_ATL,ATL,TB,25.0,29.0,-4.0,0.5337412496648651,0,False,7,7,1,fieldturf,closed,,,1.5,00-0038122,00-0034855,54.06817283248051,False,False,False,True,False,False,False,False,False,True,False,False,False,59.0,8.0,0,0.4618809447443323,0.4618809447443323,0.5049971276966521
2023,14,2023_14_LA_BAL,BAL,LA,37.0,31.0,6.0,0.7549260831639003,1,False,14,7,0,grass,outdoors,57.0,5.0,7.5,00-0034796,00-0026498,450.02398997927065,False,False,False,False,True,False,False,False,False,False,False,False,True,57.0,5.0,7,0.7522140376923003,0.7522140376923003,0.7538412649752603
2023,14,2023_14_DET_CHI,CHI,DET,28.0,13.0,15.0,0.30747418247372965,1,False,13,7,1,grass,outdoors,36.0,12.0,-3.0,00-0036945,00-0033106,-324.781757882471,False,False,False,False,True,False,False,False,False,False,False,False,True,36.0,12.0,6,0.3957165445574214,0.3957165445574214,0.3427711273072064
2023,14,2023_14_IND_CIN,CIN,IND,34.0,14.0,20.0,0.677009052760091,1,False,6,7,0,fieldturf,outdoors,40.0,9.0,3.0,00-0035100,00-0035289,296.02413959602615,False,False,False,True,False,False,False,False,False,False,False,False,True,40.0,9.0,-1,0.5839170340997425,0.5839170340997425,0.6397722452959516
2023,14,2023_14_JAX_CLE,CLE,JAX,31.0,27.0,4.0,0.48706163556215354,1,False,7,6,0,grass,outdoors,39.0,11.0,2.5,00-0026158,00-0036971,-20.706005541704407,False,False,False,False,True,False,False,False,False,False,False,False,True,39.0,11.0,1,0.5239560840767046,0.5239560840767046,0.501819414967974
2023,14,2023_14_CAR_NO,NO,CAR,28.0,6.0,22.0,0.7287558572919651,1,False,7,7,1,sportturf,dome,,,5.5,00-0031280,00-0039150,395.3277856657433,False,False,False,False,False,False,False,True,False,False,True,False,False,59.0,8.0,0,0.6708265444306607,0.6708265444306607,0.7055841321474434
2023,14,2023_14_HOU_NYJ,NYJ,HOU,30.0,6.0,24.0,0.3999288359117481,1,False,7,7,0,fieldturf,outdoors,58.0,7.0,-3.5,00-0037013,00-0039163,-162.30465357488634,False,False,False,True,False,False,False,False,False,False,False,False,True,58.0,7.0,0,0.44133239224266296,0.44133239224266296,0.416490258444114
2023,14,2023_14_MIN_LV,LV,MIN,0.0,3.0,-3.0,0.36911203988465047,0,False,14,13,0,grass,dome,,,-3.0,00-0038579,00-0033949,-214.4112233805564,False,False,False,False,True,False,False,False,False,False,True,False,False,59.0,8.0,1,0.40243166617421544,0.40243166617421544,0.38243989040047643
2023,14,2023_14_SEA_SF,SF,SEA,28.0,16.0,12.0,0.8255415808474627,1,False,7,10,1,grass,outdoors,63.0,5.0,14.5,00-0037834,00-0035704,621.7412820008608,False,False,False,False,True,False,False,False,False,False,False,False,True,63.0,5.0,-3,0.8642648767164165,0.8642648767164165,0.8410308991950441
2023,14,2023_14_BUF_KC,KC,BUF,17.0,20.0,-3.0,0.6206010514160035,0,False,7,14,0,grass,outdoors,45.0,5.0,2.0,00-0033873,00-0034857,196.8400639873546,False,False,False,False,True,False,False,False,False,False,False,False,True,45.0,5.0,-7,0.5794416833947228,0.5794416833947228,0.6041373042074912
2023,14,2023_14_DEN_LAC,LAC,DEN,7.0,24.0,-17.0,0.665388000412644,0,False,7,7,1,matrixturf,dome,,,3.0,00-0036355,00-0029263,274.9594717530009,False,False,False,False,False,False,True,False,False,False,True,False,False,59.0,8.0,0,0.5749682798663206,0.5749682798663206,0.6292201121941147
2023,14,2023_14_PHI_DAL,DAL,PHI,33.0,13.0,20.0,0.6174472415138933,1,False,10,7,1,matrixturf,closed,,,3.5,00-0033077,00-0036389,191.49082062818735,False,False,False,False,False,False,True,False,False,True,False,False,False,59.0,8.0,3,0.6148763219896599,0.6148763219896599,0.6164188737042
2023,14,2023_14_TEN_MIA,MIA,TEN,27.0,28.0,-1.0,0.7656745112984672,0,False,8,8,0,grass,outdoors,64.0,9.0,14.0,00-0036212,00-0039152,473.61841330351524,False,False,False,False,True,False,False,False,False,False,False,False,True,64.0,9.0,0,0.8381323070065627,0.8381323070065627,0.7946576295817054
2023,14,2023_14_GB_NYG,NYG,GB,24.0,22.0,2.0,0.30794835924777314,1,False,15,8,0,fieldturf,outdoors,39.0,14.0,-6.0,00-0038476,00-0036264,-323.8913896246075,False,False,False,True,False,False,False,False,False,False,False,False,True,39.0,14.0,7,0.1773388063623181,0.1773388063623181,0.2557045380935911
2023,15,2023_15_LAC_LV,LV,LAC,63.0,21.0,42.0,0.59382068559201,1,False,4,4,1,grass,dome,,,3.0,00-0038579,00-0035282,151.91306979182167,False,False,False,False,True,False,False,False,False,False,True,False,False,59.0,8.0,0,0.5233393004732971,0.5233393004732971,0.5656281315445248
2023,15,2023_15_MIN_CIN,CIN,MIN,27.0,24.0,3.0,0.6763926706310197,1,False,6,6,0,fieldturf,outdoors,53.0,5.0,3.0,00-0035100,00-0033319,294.8971786865229,False,False,False,True,False,False,False,False,False,False,False,False,True,53.0,5.0,0,0.5975983471356906,0.5975983471356906,0.644874941232888
2023,15,2023_15_PIT_IND,IND,PIT,30.0,13.0,17.0,0.5979604059488624,1,False,6,9,0,fieldturf,closed,,,1.5,00-0035289,00-0033869,158.78958581491466,False,False,False,True,False,False,False,False,False,True,False,False,False,59.0,8.0,-3,0.4412130908133336,0.4412130908133336,0.5352614798946509
2023,15,2023_15_DEN_DET,DET,DEN,42.0,17.0,25.0,0.693319523472438,1,False,6,6,0,fieldturf,dome,,,5.5,00-0033106,00-0029263,326.2738212976539,False,False,False,True,False,False,False,False,False,False,True,False,False,59.0,8.0,0,0.6526087033683389,0.6526087033683389,0.6770351954307983
2023,15,2023_15_ATL_CAR,CAR,ATL,9.0,7.0,2.0,0.34742207356767724,1,False,7,7,1,grass,outdoors,47.0,11.0,-3.0,00-0039150,00-0038122,-252.15606736688335,False,False,False,False,True,False,False,False,False,False,False,False,True,47.0,11.0,0,0.42216720769336646,0.42216720769336646,0.37732012721795294
2023,15,2023_15_CHI_CLE,CLE,CHI,20.0,17.0,3.0,0.6766888113304314,1,False,7,7,0,grass,outdoors,45.0,15.0,3.0,00-0026158,00-0036945,295.4384868413105,False,False,False,False,True,False,False,False,False,False,False,False,True,45.0,15.0,0,0.5678444628324724,0.5678444628324724,0.6331510719312478
2023,15,2023_15_TB_GB,GB,TB,20.0,34.0,-14.0,0.6897143020547779,0,False,6,7,0,grass,outdoors,42.0,8.0,4.0,00-0036264,00-0034855,319.5135910072033,False,False,False,False,True,False,False,False,False,False,False,False,True,42.0,8.0,-1,0.6192122402337095,0.6192122402337095,0.6615134773263506
2023,15,2023_15_NYJ_MIA,MIA,NYJ,30.0,0.0,30.0,0.7444798890607789,1,False,6,7,1,grass,outdoors,76.0,15.0,7.5,00-0036212,00-0037013,427.75388817744,False,False,False,False,True,False,False,False,False,False,False,False,True,76.0,15.0,-1,0.723962640849664,0.723962640849664,0.7362729897763329
2023,15,2023_15_KC_NE,NE,KC,17.0,27.0,-10.0,0.274610103485456,0,False,10,7,0,fieldturf,outdoors,53.0,7.0,-10.0,00-0038108,00-0033873,-388.54280498896367,False,False,False,True,False,False,False,False,False,False,False,False,True,53.0,7.0,3,0.1920137209517185,0.1920137209517185,0.241571550471961
2023,15,2023_15_NYG_NO,NO,NYG,24.0,6.0,18.0,0.7221130126043843,1,False,7,6,0,sportturf,dome,,,6.0,00-0031280,00-0038476,381.98685716694234,False,False,False,False,False,False,False,True,False,False,True,False,False,59.0,8.0,1,0.6708265444306607,0.6708265444306607,0.7015984253348948
2023,15,2023_15_HOU_TEN,TEN,HOU,16.0,19.0,-3.0,0.6398214745395671,0,False,6,7,1,grass,outdoors,48.0,9.0,3.0,00-0039152,00-0028986,229.83575152879087,False,False,False,False,True,False,False,False,False,False,False,False,True,48.0,9.0,-1,0.5678444628324724,0.5678444628324724,0.6110306698567292
2023,15,2023_15_SF_ARI,ARI,SF,29.0,45.0,-16.0,0.18069627013703285,0,False,14,7,1,grass,open,,,-12.5,00-0035228,00-0037834,-604.6549253766185,False,False,False,False,True,False,False,False,False,False,False,True,False,59.0,8.0,7,0.20844921885347872,0.20844921885347872,0.1917974496236112
2023,15,2023_15_WAS_LA,LA,WAS,28.0,20.0,8.0,0.6909960819172174,1,False,7,14,0,matrixturf,dome,,,6.5,00-0026498,00-0037077,321.9120787565864,False,False,False,False,False,False,True,False,False,False,True,False,False,59.0,8.0,-7,0.7195010636912393,0.7195010636912393,0.7023980746268261
2023,15,2023_15_DAL_BUF,BUF,DAL,31.0,10.0,21.0,0.5428010480807962,1,False,7,7,0,a_turf,outdoors,48.0,9.0,2.0,00-0034857,00-0033077,68.64968772376643,True,False,False,False,False,False,False,False,False,False,False,False,True,48.0,9.0,0,0.5448467444296154,0.5448467444296154,0.5436193266203239
2023,15,2023_15_BAL_JAX,JAX,BAL,7.0,23.0,-16.0,0.35481678433755776,0,False,7,7,0,grass,outdoors,58.0,13.0,-4.0,00-0036971,00-0034796,-239.1731103832657,False,False,False,False,True,False,False,False,False,False,False,False,True,58.0,13.0,0,0.42216720769336646,0.42216720769336646,0.3817569536798813
2023,15,2023_15_PHI_SEA,SEA,PHI,20.0,17.0,3.0,0.35654106052754153,1,False,8,8,0,fieldturf,outdoors,46.0,2.0,-5.0,00-0035704,00-0036389,-236.1635227437552,False,False,False,True,False,False,False,False,False,False,False,False,True,46.0,2.0,0,0.23990156656594394,0.23990156656594394,0.30988526294290253
2023,16,2023_16_NO_LA,LA,NO,30.0,22.0,8.0,0.6336265513625218,1,False,4,4,0,matrixturf,dome,,,4.0,00-0026498,00-0031280,219.12263220663237,False,False,False,False,False,False,True,False,False,False,True,False,False,59.0,8.0,0,0.6062025970592165,0.6062025970592165,0.6226569696411997
2023,16,2023_16_CIN_PIT,PIT,CIN,34.0,11.0,23.0,0.3174233278359681,1,False,7,7,1,grass,outdoors,49.0,5.0,-3.0,00-0034771,00-0035100,-306.2554235509141,False,False,False,False,True,False,False,False,False,False,False,False,True,49.0,5.0,0,0.4070272837543184,0.4070272837543184,0.35326491020330825
2023,16,2023_16_BUF_LAC,LAC,BUF,22.0,24.0,-2.0,0.27712642297980494,0,False,9,6,0,matrixturf,dome,,,-13.0,00-0035282,00-0034857,-383.50421810343204,False,False,False,False,False,False,True,False,False,False,True,False,False,59.0,8.0,3,0.21160524975575296,0.21160524975575296,0.25091795369018416
2023,16,2023_16_IND_ATL,ATL,IND,29.0,10.0,19.0,0.5059644542116184,1,False,7,8,0,fieldturf,closed,,,3.0,00-0031800,00-0035289,9.543579435914129,False,False,False,True,False,False,False,False,False,True,False,False,False,59.0,8.0,-1,0.517080508292203,0.517080508292203,0.5104108758438523
2023,16,2023_16_GB_CAR,CAR,GB,30.0,33.0,-3.0,0.33878839172825254,0,False,7,7,0,grass,outdoors,67.0,1.0,-3.5,00-0039150,00-0036264,-267.47928915012886,False,False,False,False,True,False,False,False,False,False,False,False,True,67.0,1.0,0,0.4268575100416738,0.4268575100416738,0.374016039053621
2023,16,2023_16_CLE_HOU,HOU,CLE,22.0,36.0,-14.0,0.4002065463001774,0,False,7,7,0,astroturf,closed,,,-3.0,00-0028986,00-0026158,-161.8418290118001,False,False,True,False,False,False,False,False,False,True,False,False,False,59.0,8.0,0,0.44133239224266296,0.44133239224266296,0.4166568846771716
2023,16,2023_16_DET_MIN,MIN,DET,24.0,30.0,-6.0,0.47651113954188984,0,False,8,8,1,sportturf,dome,,,-2.5,00-0033319,00-0033106,-37.60986017949168,False,False,False,False,False,False,False,True,False,False,True,False,False,59.0,8.0,0,0.4900650302912145,0.4900650302912145,0.4819326958416197
2023,16,2023_16_WAS_NYJ,NYJ,WAS,30.0,28.0,2.0,0.6425058169449369,1,False,7,7,0,fieldturf,outdoors,45.0,2.0,3.0,00-0032156,00-0037077,234.50271180486055,False,False,False,True,False,False,False,False,False,False,False,False,True,45.0,2.0,0,0.5975983471356906,0.5975983471356906,0.6245428290212384
2023,16,2023_16_SEA_TEN,TEN,SEA,17.0,20.0,-3.0,0.3675277880491015,0,False,7,6,0,grass,outdoors,61.0,4.0,-3.0,00-0029701,00-0030565,-217.13494257149034,False,False,False,False,True,False,False,False,False,False,False,False,True,61.0,4.0,1,0.39740319579605404,0.39740319579605404,0.3794779511478825
2023,16,2023_16_JAX_TB,TB,JAX,30.0,12.0,18.0,0.5190505887604393,1,False,7,7,0,grass,outdoors,72.0,11.0,-2.0,00-0034855,00-0036971,30.495704602425945,False,False,False,False,True,False,False,False,False,False,False,False,True,72.0,11.0,0,0.45171803936173827,0.45171803936173827,0.4921175690009589
2023,16,2023_16_ARI_CHI,CHI,ARI,27.0,16.0,11.0,0.7066987770789119,1,False,7,7,0,grass,outdoors,52.0,4.0,4.5,00-0036945,00-0035228,351.7617486922166,False,False,False,False,True,False,False,False,False,False,False,False,True,52.0,4.0,0,0.6735833724238711,0.6735833724238711,0.6934526152168956
2023,16,2023_16_DAL_MIA,MIA,DAL,22.0,20.0,2.0,0.5508462999681633,1,False,7,7,0,grass,outdoors,75.0,15.0,1.5,00-0036212,00-0033077,81.63627092759947,False,False,False,False,True,False,False,False,False,False,False,False,True,75.0,15.0,0,0.4618809447443323,0.4618809447443323,0.5152601578786309
2023,16,2023_16_NE_DEN,DEN,NE,23.0,26.0,-3.0,0.6793893280070801,0,False,8,7,0,grass,outdoors,28.0,9.0,7.0,00-0029263,00-0038108,300.3867281803117,False,False,False,False,True,False,False,False,False,False,False,False,True,28.0,9.0,1,0.7389550470209705,0.7389550470209705,0.7032156156126362
2023,16,2023_16_LV_KC,KC,LV,14.0,20.0,-6.0,0.7437806538287546,0,False,8,11,1,grass,outdoors,38.0,11.0,11.0,00-0033873,00-0038579,426.284909057208,False,False,False,False,True,False,False,False,False,False,False,False,True,38.0,11.0,-3,0.8206719707804913,0.8206719707804913,0.7745371806094492
2023,16,2023_16_NYG_PHI,PHI,NYG,33.0,25.0,8.0,0.7940627076450902,1,False,7,8,1,grass,outdoors,51.0,5.0,14.0,00-0036389,00-0038476,539.8362874428327,False,False,False,False,True,False,False,False,False,False,False,False,True,51.0,5.0,-1,0.836408828344699,0.836408828344699,0.8110011559249337
2023,16,2023_16_BAL_SF,SF,BAL,19.0,33.0,-14.0,0.7303232903683047,0,False,8,8,0,grass,outdoors,56.0,8.0,6.5,00-0037834,00-0034796,398.50537191356705,False,False,False,False,True,False,False,False,False,False,False,False,True,56.0,8.0,0,0.746739266808013,0.746739266808013,0.7368896809441879
2023,17,2023_17_NYJ_CLE,CLE,NYJ,37.0,20.0,17.0,0.7432337412600567,1,False,4,4,0,grass,outdoors,47.0,6.0,6.5,00-0026158,00-0032156,425.13776578344726,False,False,False,False,True,False,False,False,False,False,False,False,True,47.0,6.0,0,0.7578226791049002,0.7578226791049002,0.7490693163979941
2023,17,2023_17_DET_DAL,DAL,DET,20.0,19.0,1.0,0.7176968321969248,1,False,6,6,0,matrixturf,closed,,,5.5,00-0033077,00-0033106,373.22627359880534,False,False,False,False,False,False,True,False,False,True,False,False,False,59.0,8.0,0,0.651192316174806,0.651192316174806,0.6910950257880772
2023,17,2023_17_MIA_BAL,BAL,MIA,56.0,19.0,37.0,0.6811320145913632,1,False,6,7,0,grass,outdoors,50.0,7.0,3.0,00-0034796,00-0036212,303.5915852408906,False,False,False,False,True,False,False,False,False,False,False,False,True,50.0,7.0,-1,0.5816756487996545,0.5816756487996545,0.6413494682746796
2023,17,2023_17_NE_BUF,BUF,NE,27.0,21.0,6.0,0.8317597611932814,1,False,8,7,1,a_turf,outdoors,35.0,4.0,15.0,00-0034857,00-0038108,639.260279890128,True,False,False,False,False,False,False,False,False,False,False,False,True,35.0,4.0,1,0.8868549173797937,0.8868549173797937,0.8537978236678864
2023,17,2023_17_ATL_CHI,CHI,ATL,37.0,17.0,20.0,0.6397896735558504,1,False,7,7,0,grass,outdoors,32.0,5.0,3.0,00-0036945,00-0031800,229.78055452056694,False,False,False,False,True,False,False,False,False,False,False,False,True,32.0,5.0,0,0.5816756487996545,0.5816756487996545,0.616544063653372
2023,17,2023_17_TEN_HOU,HOU,TEN,26.0,3.0,23.0,0.6883383464563096,1,False,7,7,1,astroturf,closed,,,5.0,00-0039163,00-0039152,316.94493763328734,False,False,True,False,False,False,False,False,False,True,False,False,False,59.0,8.0,0,0.6428596172526605,0.6428596172526605,0.67014685477485
2023,17,2023_17_LV_IND,IND,LV,23.0,20.0,3.0,0.5789046135426862,1,False,7,6,0,fieldturf,closed,,,3.5,00-0035289,00-0038579,127.31133655007297,False,False,False,True,False,False,False,False,False,True,False,False,False,59.0,8.0,1,0.5857320946621349,0.5857320946621349,0.5816356059904657
2023,17,2023_17_CAR_JAX,JAX,CAR,26.0,0.0,26.0,0.7475896420843556,1,False,7,7,0,grass,outdoors,56.0,8.0,3.5,00-0033936,00-0039150,434.3192212279607,False,False,False,False,True,False,False,False,False,False,False,False,True,56.0,8.0,0,0.5962617340731791,0.5962617340731791,0.687058478879885
2023,17,2023_17_LA_NYG,NYG,LA,25.0,26.0,-1.0,0.28530725345775015,0,False,6,10,0,fieldturf,outdoors,41.0,10.0,-6.0,00-0028118,00-0026498,-367.31441734273096,False,False,False,True,False,False,False,False,False,False,False,False,True,41.0,10.0,-4,0.22949772959279857,0.22949772959279857,0.26298344391176953
2023,17,2023_17_ARI_PHI,PHI,ARI,31.0,35.0,-4.0,0.8423872211986351,0,False,6,7,0,grass,outdoors,45.0,9.0,12.0,00-0036389,00-0035228,670.4394133142976,False,False,False,False,True,False,False,False,False,False,False,False,True,45.0,9.0,-1,0.9027202956937502,0.9027202956937502,0.8665204509966811
2023,17,2023_17_NO_TB,TB,NO,13.0,23.0,-10.0,0.6480905346272814,0,False,7,10,1,grass,outdoors,66.0,5.0,2.5,00-0034855,00-0031280,244.2625834614118,False,False,False,False,True,False,False,False,False,False,False,False,True,66.0,5.0,-3,0.5704674806541713,0.5704674806541713,0.6170413130380373
2023,17,2023_17_SF_WAS,WAS,SF,10.0,27.0,-17.0,0.18436964058301755,0,False,7,6,0,grass,outdoors,48.0,7.0,-14.0,00-0037077,00-0037834,-594.8074411099516,False,False,False,False,True,False,False,False,False,False,False,False,True,48.0,7.0,1,0.21649217891278394,0.21649217891278394,0.1972186559149241
2023,17,2023_17_PIT_SEA,SEA,PIT,23.0,30.0,-7.0,0.7010921680699163,0,False,7,8,0,fieldturf,outdoors,47.0,4.0,4.5,00-0030565,00-0034771,341.0016351108737,False,False,False,True,False,False,False,False,False,False,False,False,True,47.0,4.0,-1,0.6943629143340592,0.6943629143340592,0.6984004665755734
2023,17,2023_17_LAC_DEN,DEN,LAC,16.0,9.0,7.0,0.6550080983044406,1,False,7,8,1,grass,outdoors,41.0,6.0,3.5,00-0035264,00-0035282,256.45066238909686,False,False,False,False,True,False,False,False,False,False,False,False,True,41.0,6.0,-1,0.6211964475666956,0.6211964475666956,0.6414834380093426
2023,17,2023_17_CIN_KC,KC,CIN,25.0,17.0,8.0,0.7364347689196526,1,False,6,8,0,grass,outdoors,36.0,12.0,7.5,00-0033873,00-0035100,411.00790773502484,False,False,False,False,True,False,False,False,False,False,False,False,True,36.0,12.0,-2,0.7310784886391458,0.7310784886391458,0.7342922568074499
2023,17,2023_17_GB_MIN,MIN,GB,10.0,33.0,-23.0,0.5815307795516058,0,False,7,7,1,sportturf,dome,,,1.0,00-0038598,00-0036264,131.62422477996256,False,False,False,False,False,False,False,True,False,False,True,False,False,59.0,8.0,0,0.5042206490874228,0.5042206490874228,0.5506067273659326
2023,18,2023_18_PIT_BAL,BAL,PIT,10.0,17.0,-7.0,0.7980272935305022,0,False,6,6,1,grass,outdoors,38.0,15.0,-3.0,00-0035993,00-0034771,549.6040909998318,False,False,False,False,True,False,False,False,False,False,False,False,True,38.0,15.0,0,0.4952238605351341,0.4952238605351341,0.676905920332355
2023,18,2023_18_HOU_IND,IND,HOU,19.0,23.0,-4.0,0.5467276213355573,0,False,6,6,1,fieldturf,closed,,,-1.5,00-0035289,00-0039163,74.98300247365503,False,False,False,True,False,False,False,False,False,True,False,False,False,59.0,8.0,0,0.45171803936173827,0.45171803936173827,0.5087237885460296
2023,18,2023_18_TB_CAR,CAR,TB,0.0,9.0,-9.0,0.301910595247352,0,False,7,7,1,grass,outdoors,54.0,19.0,-5.0,00-0039150,00-0034855,-335.28650011187926,False,False,False,False,True,False,False,False,False,False,False,False,True,54.0,19.0,0,0.2853083895567553,0.2853083895567553,0.2952697129711133
2023,18,2023_18_CLE_CIN,CIN,CLE,31.0,14.0,17.0,0.7010863174928509,1,False,7,10,1,fieldturf,outdoors,38.0,12.0,7.5,00-0035100,00-0032436,340.9904679223627,False,False,False,True,False,False,False,False,False,False,False,False,True,38.0,12.0,-3,0.723844887532912,0.723844887532912,0.7101897455088753
2023,18,2023_18_MIN_DET,DET,MIN,30.0,20.0,10.0,0.65279461787344,1,False,8,7,1,fieldturf,dome,,,3.5,00-0033106,00-0033319,252.53842990164205,False,False,False,True,False,False,False,False,False,False,True,False,False,59.0,8.0,1,0.6249436251861382,0.6249436251861382,0.6416542207985193
2023,18,2023_18_NYJ_NE,NE,NYJ,3.0,17.0,-14.0,0.6428822901716105,0,False,7,10,1,fieldturf,outdoors,33.0,14.0,2.5,00-0038108,00-0032156,235.158478856536,False,False,False,True,False,False,False,False,False,False,False,False,True,33.0,14.0,-3,0.5849505847298666,0.5849505847298666,0.6197096079949129
2023,18,2023_18_ATL_NO,NO,ATL,48.0,17.0,31.0,0.659692999892491,1,False,7,7,1,sportturf,dome,,,3.5,00-0031280,00-0038122,264.77056937175627,False,False,False,False,False,False,False,True,False,False,True,False,False,59.0,8.0,0,0.6667707561266549,0.6667707561266549,0.6625241023861566
2023,18,2023_18_JAX_TEN,TEN,JAX,28.0,20.0,8.0,0.311072159479785,1,False,7,7,1,grass,outdoors,41.0,11.0,-3.5,00-0029701,00-0036971,-318.04465018901914,False,False,False,False,True,False,False,False,False,False,False,False,True,41.0,11.0,0,0.4120942521262937,0.4120942521262937,0.3514809965383885
2023,18,2023_18_SEA_ARI,ARI,SEA,20.0,21.0,-1.0,0.4152217937116846,0,False,7,7,1,grass,closed,,,-2.5,00-0035228,00-0030565,-136.96792825858478,False,False,False,False,True,False,False,False,False,True,False,False,False,59.0,8.0,0,0.44628619351127485,0.44628619351127485,0.42764755363152074
2023,18,2023_18_CHI_GB,GB,CHI,17.0,9.0,8.0,0.6574839628836369,1,False,7,7,1,grass,outdoors,34.0,7.0,2.5,00-0036264,00-0036945,260.84075695978186,False,False,False,False,True,False,False,False,False,False,False,False,True,34.0,7.0,0,0.5827107882132485,0.5827107882132485,0.6275746930154815
2023,18,2023_18_KC_LAC,LAC,KC,12.0,13.0,-1.0,0.4344250668512033,0,False,7,7,1,matrixturf,dome,,,3.5,00-0035282,00-0027948,-105.52772922549937,False,False,False,False,False,False,True,False,False,False,True,False,False,59.0,8.0,0,0.5824083851630006,0.5824083851630006,0.49361839417592224
2023,18,2023_18_DEN_LV,LV,DEN,27.0,14.0,13.0,0.6684454839271234,1,False,7,7,1,grass,dome,,,3.5,00-0038579,00-0035264,280.4650378223256,False,False,False,False,True,False,False,False,False,False,True,False,False,59.0,8.0,0,0.5846011471150039,0.5846011471150039,0.6349077492022757
2023,18,2023_18_PHI_NYG,NYG,PHI,27.0,10.0,17.0,0.2827899751348033,1,False,7,7,1,fieldturf,outdoors,36.0,12.0,-4.5,00-0028118,00-0036389,-372.2656938500249,False,False,False,True,False,False,False,False,False,False,False,False,True,36.0,12.0,0,0.2659008122665279,0.2659008122665279,0.2760343099874931
2023,18,2023_18_LA_SF,SF,LA,20.0,21.0,-1.0,0.7803617429197689,0,False,7,7,1,grass,outdoors,52.0,11.0,5.5,00-0034869,00-0032950,507.11027124670665,False,False,False,False,True,False,False,False,False,False,False,False,True,52.0,11.0,0,0.6511183983079635,0.6511183983079635,0.7286644050750467
2023,18,2023_18_DAL_WAS,WAS,DAL,10.0,38.0,-28.0,0.23506193777696985,0,False,7,8,1,grass,outdoors,48.0,13.0,-13.0,00-0037077,00-0033077,-471.9783286836059,False,False,False,False,True,False,False,False,False,False,False,False,True,48.0,13.0,-1,0.24366915923095406,0.24366915923095406,0.23850482635856354
2023,18,2023_18_BUF_MIA,MIA,BUF,14.0,21.0,-7.0,0.4325623374318372,0,False,7,7,1,grass,outdoors,63.0,6.0,-2.5,00-0036212,00-0034857,-108.56177954041351,False,False,False,False,True,False,False,False,False,False,False,False,True,63.0,6.0,0,0.4411142543217271,0.4411142543217271,0.4359831041877931
2024,1,2024_01_BAL_KC,KC,BAL,27.0,20.0,7.0,0.5576013379054839,1,False,7,7,0,grass,outdoors,67.0,8.0,3.0,00-0033873,00-0034796,92.57313313544593,False,False,False,False,True,False,False,False,False,False,False,False,True,67.0,8.0,0,0.5273222274545438,0.5273222274545438,0.5454896937251079
2024,1,2024_01_GB_PHI,PHI,GB,34.0,29.0,5.0,0.5306235880701563,1,True,7,7,0,,outdoors,,,2.0,00-0036389,00-0036264,49.05914622450527,False,False,False,False,False,False,False,False,True,False,False,False,True,59.0,8.0,0,0.4860197663246748,0.4860197663246748,0.5127820593719636
2024,1,2024_01_PIT_ATL,ATL,PIT,10.0,18.0,-8.0,0.5289468324111741,0,False,7,7,0,fieldturf,closed,,,4.0,00-0029604,00-0036945,46.3667803873518,False,False,False,True,False,False,False,False,False,True,False,False,False,59.0,8.0,0,0.591258722024766,0.591258722024766,0.5538715882566109
2024,1,2024_01_ARI_BUF,BUF,ARI,34.0,28.0,6.0,0.7768461479637548,1,False,7,7,0,a_turf,outdoors,61.0,20.0,6.5,00-0034857,00-0035228,498.9523479890854,True,False,False,False,False,False,False,False,False,False,False,False,True,61.0,20.0,0,0.7344813271304009,0.7344813271304009,0.7599002196304132
2024,1,2024_01_TEN_CHI,CHI,TEN,24.0,17.0,7.0,0.6272985390671009,1,False,7,7,0,grass,outdoors,67.0,8.0,4.0,00-0039918,00-0039152,208.25793593494427,False,False,False,False,True,False,False,False,False,False,False,False,True,67.0,8.0,0,0.6105775590973799,0.6105775590973799,0.6206101470792125
2024,1,2024_01_NE_CIN,CIN,NE,10.0,16.0,-6.0,0.7041727880431119,0,False,7,7,0,fieldturf,outdoors,66.0,5.0,8.0,00-0036442,00-0033119,346.8992892454989,False,False,False,True,False,False,False,False,False,False,False,False,True,66.0,5.0,0,0.7581261062734248,0.7581261062734248,0.7257541153352371
2024,1,2024_01_HOU_IND,IND,HOU,27.0,29.0,-2.0,0.49835816569768543,0,False,7,7,1,fieldturf,closed,,,-3.0,00-0039164,00-0039163,-2.626944325388214,False,False,False,True,False,False,False,False,False,True,False,False,False,59.0,8.0,0,0.42661197334121437,0.42661197334121437,0.469659688755097
2024,1,2024_01_JAX_MIA,MIA,JAX,20.0,17.0,3.0,0.6915855433152439,1,False,7,7,0,grass,outdoors,91.0,10.0,3.5,00-0036212,00-0036971,323.01693333787654,False,False,False,False,True,False,False,False,False,False,False,False,True,91.0,10.0,0,0.6093053462035054,0.6093053462035054,0.6586734644705485
2024,1,2024_01_CAR_NO,NO,CAR,47.0,10.0,37.0,0.7372877971917952,1,False,7,7,1,sportturf,dome,,,3.5,00-0031280,00-0039150,412.7676668321071,False,False,False,False,False,False,False,True,False,False,True,False,False,59.0,8.0,0,0.6404709280823998,0.6404709280823998,0.698561049548037
2024,1,2024_01_MIN_NYG,NYG,MIN,6.0,28.0,-22.0,0.5097321670402188,0,False,7,7,0,fieldturf,outdoors,64.0,10.0,-1.0,00-0035710,00-0034869,15.57343418174093,False,False,False,True,False,False,False,False,False,False,False,False,True,64.0,10.0,0,0.4685005979012268,0.4685005979012268,0.49323953938462206
2024,1,2024_01_LV_LAC,LAC,LV,22.0,10.0,12.0,0.5593363047109813,1,False,7,7,1,matrixturf,dome,,,3.0,00-0036355,00-0035289,95.38756875774848,False,False,False,False,False,False,True,False,False,False,True,False,False,59.0,8.0,0,0.5217116988021122,0.5217116988021122,0.5442864623474337
2024,1,2024_01_DEN_SEA,SEA,DEN,26.0,20.0,6.0,0.6445985472295347,1,False,7,7,0,fieldturf,outdoors,65.0,7.0,6.5,00-0030565,00-0039732,238.1518848825235,False,False,False,True,False,False,False,False,False,False,False,False,True,65.0,7.0,0,0.7551107641041434,0.7551107641041434,0.6888034339793782
2024,1,2024_01_DAL_CLE,CLE,DAL,17.0,33.0,-16.0,0.48396562196750464,0,False,7,7,0,grass,outdoors,69.0,17.0,2.5,00-0033537,00-0033077,-25.66380486202613,False,False,False,False,True,False,False,False,False,False,False,False,True,69.0,17.0,0,0.5216679319435831,0.5216679319435831,0.499046545957936
2024,1,2024_01_WAS_TB,TB,WAS,37.0,20.0,17.0,0.7363688534566296,1,False,7,7,0,grass,outdoors,93.0,6.0,4.0,00-0034855,00-0039910,410.8720795084783,False,False,False,False,True,False,False,False,False,False,False,False,True,93.0,6.0,0,0.6322467892427983,0.6322467892427983,0.6947200277710971
2024,1,2024_01_LA_DET,DET,LA,26.0,20.0,6.0,0.6959138951545553,1,False,7,7,0,fieldturf,dome,,,5.0,00-0033106,00-0026498,331.1660151592823,False,False,False,True,False,False,False,False,False,False,True,False,False,59.0,8.0,0,0.6446473826870556,0.6446473826870556,0.6754072901675554
2024,1,2024_01_NYJ_SF,SF,NYJ,32.0,19.0,13.0,0.7835729127363595,1,False,7,7,0,grass,outdoors,76.0,10.0,3.5,00-0037834,00-0023459,514.6441625672937,False,False,False,False,True,False,False,False,False,False,False,False,True,76.0,10.0,0,0.5437223637903413,0.5437223637903413,0.6876326931579523
2024,2,2024_02_BUF_MIA,MIA,BUF,10.0,31.0,-21.0,0.5364536587614517,0,False,4,4,1,grass,outdoors,86.0,3.0,2.5,00-0036212,00-0034857,58.429528110256214,False,False,False,False,True,False,False,False,False,False,False,False,True,86.0,3.0,0,0.5160518828776599,0.5160518828776599,0.528292948407935
2024,2,2024_02_LV_BAL,BAL,LV,23.0,26.0,-3.0,0.7487902540693039,0,False,10,7,0,grass,outdoors,76.0,10.0,9.0,00-0034796,00-0035289,436.86827133741275,False,False,False,False,True,False,False,False,False,False,False,False,True,76.0,10.0,3,0.7428802880255655,0.7428802880255655,0.7464262676518085
2024,2,2024_02_LAC_CAR,CAR,LAC,3.0,26.0,-23.0,0.3682310635902394,0,False,7,7,0,grass,outdoors,78.0,13.0,-5.0,00-0039150,00-0036355,-215.92523561221338,False,False,False,False,True,False,False,False,False,False,False,False,True,78.0,13.0,0,0.3688678048170429,0.3688678048170429,0.3684857600809608
2024,2,2024_02_NO_DAL,DAL,NO,19.0,44.0,-25.0,0.6583495497351889,0,False,7,7,0,matrixturf,closed,,,6.5,00-0033077,00-0031280,262.37915269378,False,False,False,False,False,False,True,False,False,True,False,False,False,59.0,8.0,0,0.7320197846692343,0.7320197846692343,0.687817643708807
2024,2,2024_02_TB_DET,DET,TB,16.0,20.0,-4.0,0.7311283765751974,0,False,7,7,0,fieldturf,dome,,,7.5,00-0033106,00-0034855,400.14201309256185,False,False,False,True,False,False,False,False,False,False,True,False,False,59.0,8.0,0,0.7473643879593521,0.7473643879593521,0.7376227811288593
2024,2,2024_02_IND_GB,GB,IND,16.0,10.0,6.0,0.5895548450062184,1,False,9,7,0,grass,outdoors,85.0,7.0,-3.0,00-0038128,00-0039164,144.85017501596457,False,False,False,False,True,False,False,False,False,False,False,False,True,85.0,7.0,2,0.4191546497625758,0.4191546497625758,0.5213947669087613
2024,2,2024_02_CLE_JAX,JAX,CLE,13.0,18.0,-5.0,0.6412113446596385,0,False,7,7,0,grass,outdoors,80.0,12.0,3.0,00-0036971,00-0033537,232.25024083543565,False,False,False,False,True,False,False,False,False,False,False,False,True,80.0,12.0,0,0.5668815702406674,0.5668815702406674,0.61147943489205
2024,2,2024_02_SF_MIN,MIN,SF,23.0,17.0,6.0,0.3139616223635262,1,False,7,6,0,sportturf,dome,,,-4.5,00-0034869,00-0037834,-312.6651254284847,False,False,False,False,False,False,False,True,False,False,True,False,False,59.0,8.0,1,0.2939997699749782,0.2939997699749782,0.30597688140810697
2024,2,2024_02_SEA_NE,NE,SEA,20.0,23.0,-3.0,0.3826091504423185,0,False,7,7,0,fieldturf,outdoors,77.0,5.0,-3.5,00-0033119,00-0030565,-191.39532713420206,False,False,False,True,False,False,False,False,False,False,False,False,True,77.0,5.0,0,0.4232218388124285,0.4232218388124285,0.3988542257903625
2024,2,2024_02_NYJ_TEN,TEN,NYJ,17.0,24.0,-7.0,0.4919593526683149,0,False,7,6,0,grass,outdoors,80.0,13.0,-3.5,00-0039152,00-0023459,-12.866144903355714,False,False,False,False,True,False,False,False,False,False,False,False,True,80.0,13.0,1,0.4231437398843055,0.4231437398843055,0.4644331075547111
2024,2,2024_02_NYG_WAS,WAS,NYG,21.0,18.0,3.0,0.5369654057227574,1,False,7,7,1,grass,outdoors,82.0,11.0,1.5,00-0039910,00-0035710,59.25276084175519,False,False,False,False,True,False,False,False,False,False,False,False,True,82.0,11.0,0,0.49558408622198896,0.49558408622198896,0.5204128779224501
2024,2,2024_02_LA_ARI,ARI,LA,41.0,10.0,31.0,0.44198553732387225,1,False,7,7,1,grass,closed,,,-1.0,00-0035228,00-0026498,-93.24308810568289,False,False,False,False,True,False,False,False,False,True,False,False,False,59.0,8.0,0,0.4534633346736389,0.4534633346736389,0.44657665626377896
2024,2,2024_02_PIT_DEN,DEN,PIT,6.0,13.0,-7.0,0.4094797459034878,0,False,7,7,0,grass,outdoors,83.0,4.0,-3.0,00-0039732,00-0036945,-146.44659737673632,False,False,False,False,True,False,False,False,False,False,False,False,True,83.0,4.0,0,0.4387581139628157,0.4387581139628157,0.421191093127219
2024,2,2024_02_CIN_KC,KC,CIN,26.0,25.0,1.0,0.7015538441605609,1,False,10,7,0,grass,outdoors,89.0,8.0,6.5,00-0033873,00-0036442,341.8832472941428,False,False,False,False,True,False,False,False,False,False,False,False,True,89.0,8.0,3,0.7391690872872672,0.7391690872872672,0.7165999414112434
2024,2,2024_02_CHI_HOU,HOU,CHI,19.0,13.0,6.0,0.7150667151002006,1,False,7,7,0,astroturf,closed,,,6.0,00-0039163,00-0039918,368.0483125514675,False,False,True,False,False,False,False,False,False,True,False,False,False,59.0,8.0,0,0.6174515700269423,0.6174515700269423,0.6760206570708973
2024,2,2024_02_ATL_PHI,PHI,ATL,21.0,22.0,-1.0,0.7443368947062102,0,False,10,8,0,grass,outdoors,71.0,9.0,5.5,00-0036389,00-0029604,427.4532659827253,False,False,False,False,True,False,False,False,False,False,False,False,True,71.0,9.0,2,0.6298039946977366,0.6298039946977366,0.6985237347028208
2024,3,2024_03_NE_NYJ,NYJ,NE,24.0,3.0,21.0,0.7032152113671639,1,False,4,4,1,fieldturf,outdoors,75.0,5.0,6.5,00-0023459,00-0033119,345.06228761251293,False,False,False,True,False,False,False,False,False,False,False,False,True,75.0,5.0,0,0.7614195670889534,0.7614195670889534,0.7264969536558796
2024,3,2024_03_NYG_CLE,CLE,NYG,15.0,21.0,-6.0,0.7205344284789583,0,False,7,7,0,grass,outdoors,76.0,4.0,6.5,00-0033537,00-0035710,378.84563690158944,False,False,False,False,True,False,False,False,False,False,False,False,True,76.0,4.0,0,0.7456050330403955,0.7456050330403955,0.7305626703035333
2024,3,2024_03_CHI_IND,IND,CHI,21.0,16.0,5.0,0.5659085711421498,1,False,7,7,0,fieldturf,closed,,,1.5,00-0039164,00-0039918,106.07094103433283,False,False,False,True,False,False,False,False,False,True,False,False,False,59.0,8.0,0,0.49170238287077844,0.49170238287077844,0.5362260958336013
2024,3,2024_03_HOU_MIN,MIN,HOU,34.0,7.0,27.0,0.5716850822272295,1,False,7,7,0,sportturf,dome,,,-2.0,00-0034869,00-0039163,115.49182800451403,False,False,False,False,False,False,False,True,False,False,True,False,False,59.0,8.0,0,0.4571829722258252,0.4571829722258252,0.5258842382266677
2024,3,2024_03_PHI_NO,NO,PHI,12.0,15.0,-3.0,0.6530993603977244,0,False,7,6,0,sportturf,dome,,,2.5,00-0031280,00-0036389,253.07635193428916,False,False,False,False,False,False,False,True,False,False,True,False,False,59.0,8.0,1,0.5901777415581235,0.5901777415581235,0.6279307128618841
2024,3,2024_03_LAC_PIT,PIT,LAC,20.0,10.0,10.0,0.6466256299750889,1,False,7,7,0,grass,outdoors,72.0,2.0,3.0,00-0036945,00-0036355,241.69578772009243,False,False,False,False,True,False,False,False,False,False,False,False,True,72.0,2.0,0,0.5786671383464762,0.5786671383464762,0.6194422333236438
2024,3,2024_03_DEN_TB,TB,DEN,7.0,26.0,-19.0,0.7300085281587154,0,False,7,7,0,grass,outdoors,85.0,6.0,6.0,00-0034855,00-0039732,397.8663375027534,False,False,False,False,True,False,False,False,False,False,False,False,True,85.0,6.0,0,0.6322467892427983,0.6322467892427983,0.6909038325923487
2024,3,2024_03_GB_TEN,TEN,GB,14.0,30.0,-16.0,0.5127297150553761,0,False,7,7,0,grass,outdoors,87.0,7.0,3.0,00-0039152,00-0038128,20.371946429943755,False,False,False,False,True,False,False,False,False,False,False,False,True,87.0,7.0,0,0.5273222274545438,0.5273222274545438,0.5185667200150432
2024,3,2024_03_CAR_LV,LV,CAR,22.0,36.0,-14.0,0.7521934629757064,0,False,7,7,0,grass,dome,,,5.5,00-0035289,00-0027973,444.1380825471711,False,False,False,False,True,False,False,False,False,False,True,False,False,59.0,8.0,0,0.6196027193399625,0.6196027193399625,0.6991571655214088
2024,3,2024_03_MIA_SEA,SEA,MIA,24.0,3.0,21.0,0.6682561983866063,1,False,7,10,0,fieldturf,outdoors,64.0,2.0,4.0,00-0030565,00-0037327,280.1234565588405,False,False,False,True,False,False,False,False,False,False,False,False,True,64.0,2.0,-3,0.6612651114356101,0.6612651114356101,0.6654597636062078
2024,3,2024_03_DET_ARI,ARI,DET,13.0,20.0,-7.0,0.3916212676939982,0,False,7,7,0,grass,closed,,,-3.0,00-0035228,00-0033106,-176.20095363639197,False,False,False,False,True,False,False,False,False,True,False,False,False,59.0,8.0,0,0.43212378976484944,0.43212378976484944,0.4078222765223387
2024,3,2024_03_BAL_DAL,DAL,BAL,25.0,28.0,-3.0,0.5334673443596575,0,False,7,7,0,matrixturf,closed,,,-1.5,00-0033077,00-0034796,53.62793578434495,False,False,False,False,False,False,True,False,False,True,False,False,False,59.0,8.0,0,0.4412561315104842,0.4412561315104842,0.4965828592199881
2024,3,2024_03_SF_LA,LA,SF,27.0,24.0,3.0,0.2921516883735688,1,False,7,7,1,matrixturf,dome,,,-6.0,00-0026498,00-0037834,-353.9826694030446,False,False,False,False,False,False,True,False,False,False,True,False,False,59.0,8.0,0,0.2733505166985324,0.2733505166985324,0.2846312197035542
2024,3,2024_03_KC_ATL,ATL,KC,17.0,22.0,-5.0,0.32386406108414334,0,False,6,7,0,fieldturf,closed,,,-3.0,00-0029604,00-0033873,-294.4281142807501,False,False,False,True,False,False,False,False,False,True,False,False,False,59.0,8.0,-1,0.415354308955753,0.415354308955753,0.3604601602327872
2024,3,2024_03_JAX_BUF,BUF,JAX,47.0,10.0,37.0,0.7655807102329485,1,False,11,8,0,a_turf,outdoors,68.0,5.0,4.0,00-0034857,00-0036971,473.40931826237005,True,False,False,False,False,False,False,False,False,False,False,False,True,68.0,5.0,3,0.6530150169224049,0.6530150169224049,0.720554432908731
2024,3,2024_03_WAS_CIN,CIN,WAS,33.0,38.0,-5.0,0.7003035723427331,0,False,8,8,0,fieldturf,outdoors,69.0,5.0,7.5,00-0036442,00-0039910,339.4975445145093,False,False,False,True,False,False,False,False,False,False,False,False,True,69.0,5.0,0,0.7581261062734248,0.7581261062734248,0.7234325859150098
2024,4,2024_04_DAL_NYG,NYG,DAL,15.0,20.0,-5.0,0.33139541025551483,0,False,4,4,1,fieldturf,outdoors,74.0,3.0,-5.5,00-0035710,00-0033077,-280.75223333434394,False,False,False,True,False,False,False,False,False,False,False,False,True,74.0,3.0,0,0.25411856351114936,0.25411856351114936,0.30048467155776865
2024,4,2024_04_NO_ATL,ATL,NO,26.0,24.0,2.0,0.4476524167378718,1,False,7,7,1,fieldturf,closed,,,2.5,00-0029604,00-0031280,-84.0641808588451,False,False,False,True,False,False,False,False,False,True,False,False,False,59.0,8.0,0,0.5093094140559973,0.5093094140559973,0.47231521566512197
2024,4,2024_04_CIN_CAR,CAR,CIN,24.0,34.0,-10.0,0.30887629034461317,0,False,7,6,0,grass,outdoors,78.0,6.0,-4.5,00-0027973,00-0036442,-322.151198309287,False,False,False,False,True,False,False,False,False,False,False,False,True,78.0,6.0,1,0.32802644666853775,0.32802644666853775,0.316536352874183
2024,4,2024_04_LA_CHI,CHI,LA,24.0,18.0,6.0,0.5912253086767031,1,False,7,7,0,grass,outdoors,70.0,16.0,3.0,00-0039918,00-0026498,147.61322016663826,False,False,False,False,True,False,False,False,False,False,False,False,True,70.0,16.0,0,0.5423627063045818,0.5423627063045818,0.5716802677278545
2024,4,2024_04_MIN_GB,GB,MIN,29.0,31.0,-2.0,0.5875401819322663,0,False,7,7,1,grass,outdoors,71.0,15.0,2.5,00-0036264,00-0034869,141.52233926908423,False,False,False,False,True,False,False,False,False,False,False,False,True,71.0,15.0,0,0.5311321151369733,0.5311321151369733,0.5649769552141491
2024,4,2024_04_JAX_HOU,HOU,JAX,24.0,20.0,4.0,0.7043659123042644,1,False,7,6,1,astroturf,closed,,,5.5,00-0039163,00-0036971,347.27019341238326,False,False,True,False,False,False,False,False,False,True,False,False,False,59.0,8.0,1,0.6318831094564235,0.6318831094564235,0.675372791165128
2024,4,2024_04_PIT_IND,IND,PIT,27.0,24.0,3.0,0.3870588471849603,1,False,7,7,0,fieldturf,closed,,,-2.5,00-0039164,00-0036945,-183.87687651133277,False,False,False,True,False,False,False,False,False,True,False,False,False,59.0,8.0,0,0.424397108334521,0.424397108334521,0.4019941516447846
2024,4,2024_04_DEN_NYJ,NYJ,DEN,9.0,10.0,-1.0,0.7008822114868627,0,False,10,7,0,fieldturf,outdoors,67.0,8.0,7.5,00-0023459,00-0039732,340.60096252872177,False,False,False,True,False,False,False,False,False,False,False,False,True,67.0,8.0,3,0.7554914916936344,0.7554914916936344,0.7227259235695713
2024,4,2024_04_PHI_TB,TB,PHI,33.0,16.0,17.0,0.5045033659358213,1,False,7,7,0,grass,outdoors,88.0,9.0,-1.0,00-0034855,00-0036389,7.2055803433495935,False,False,False,False,True,False,False,False,False,False,False,False,True,88.0,9.0,0,0.4685005979012268,0.4685005979012268,0.49010225872198354
2024,4,2024_04_WAS_ARI,ARI,WAS,14.0,42.0,-28.0,0.6502378545997916,0,False,7,6,0,grass,closed,,,3.5,00-0035228,00-0039910,248.03395488669543,False,False,False,False,True,False,False,False,False,True,False,False,False,59.0,8.0,1,0.6221570952868652,0.6221570952868652,0.6390055508746211
2024,4,2024_04_NE_SF,SF,NE,30.0,13.0,17.0,0.7696114200172314,1,False,7,10,0,grass,outdoors,71.0,5.0,10.5,00-0037834,00-0033119,482.447350637937,False,False,False,False,True,False,False,False,False,False,False,False,True,71.0,5.0,-3,0.7699769730550675,0.7699769730550675,0.7697576412323659
2024,4,2024_04_KC_LAC,LAC,KC,10.0,17.0,-7.0,0.2947676179130359,0,False,7,7,1,matrixturf,dome,,,-7.5,00-0036355,00-0033873,-348.9360233824756,False,False,False,False,False,False,True,False,False,False,True,False,False,59.0,8.0,0,0.2452893350022084,0.2452893350022084,0.27497630474870494
2024,4,2024_04_CLE_LV,LV,CLE,20.0,16.0,4.0,0.4849525032525679,1,False,7,7,0,grass,dome,,,-2.5,00-0035289,00-0033537,-24.083267360510607,False,False,False,False,True,False,False,False,False,False,True,False,False,59.0,8.0,0,0.4479200725994882,0.4479200725994882,0.470139530991336
2024,4,2024_04_BUF_BAL,BAL,BUF,35.0,10.0,25.0,0.5326340629231014,1,False,7,6,0,grass,outdoors,68.0,8.0,2.5,00-0034796,00-0034857,52.28883410489416,False,False,False,False,True,False,False,False,False,False,False,False,True,68.0,8.0,1,0.5325139963857425,0.5325139963857425,0.5325860363081578
2024,4,2024_04_TEN_MIA,MIA,TEN,12.0,31.0,-19.0,0.6644611743816392,0,False,8,8,0,grass,outdoors,86.0,9.0,2.5,00-0035993,00-0039152,273.29550950626896,False,False,False,False,True,False,False,False,False,False,False,False,True,86.0,9.0,0,0.5784755309857011,0.5784755309857011,0.630066917023264
2024,4,2024_04_SEA_DET,DET,SEA,42.0,29.0,13.0,0.6439378809581121,1,False,8,8,0,fieldturf,dome,,,3.5,00-0033106,00-0030565,236.99882239662733,False,False,False,True,False,False,False,False,False,False,True,False,False,59.0,8.0,0,0.6408874658375416,0.6408874658375416,0.6427177149098839
2024,5,2024_05_TB_ATL,ATL,TB,36.0,30.0,6.0,0.48602903002129483,1,False,4,4,1,fieldturf,closed,,,2.5,00-0029604,00-0034855,-22.359372219541918,False,False,False,True,False,False,False,False,False,True,False,False,False,59.0,8.0,0,0.5093094140559973,0.5093094140559973,0.4953411836351758
2024,5,2024_05_NYJ_MIN,MIN,NYJ,23.0,17.0,6.0,0.6616121516621184,1,True,7,7,0,grass,outdoors,59.0,8.0,2.5,00-0034869,00-0023459,268.19471708140605,False,False,False,False,True,False,False,False,False,False,False,False,True,59.0,8.0,0,0.5784755309857011,0.5784755309857011,0.6283575033915515
2024,5,2024_05_CAR_CHI,CHI,CAR,36.0,10.0,26.0,0.7450398042931486,1,False,7,7,0,grass,outdoors,74.0,7.0,4.0,00-0039918,00-0027973,428.9320831306675,False,False,False,False,True,False,False,False,False,False,False,False,True,74.0,7.0,0,0.636731655170812,0.636731655170812,0.701716544644214
2024,5,2024_05_BAL_CIN,CIN,BAL,38.0,41.0,-3.0,0.369208226600267,0,False,7,7,1,fieldturf,outdoors,81.0,10.0,-2.5,00-0036442,00-0034796,-214.24601154233267,False,False,False,True,False,False,False,False,False,False,False,False,True,81.0,10.0,0,0.4337118774523186,0.4337118774523186,0.3950096869410876
2024,5,2024_05_BUF_HOU,HOU,BUF,23.0,20.0,3.0,0.43170113651440906,1,False,7,7,0,astroturf,closed,,,1.0,00-0039163,00-0034857,-109.96556529803958,False,False,True,False,False,False,False,False,False,True,False,False,False,59.0,8.0,0,0.4590443328580029,0.4590443328580029,0.4426384150518466
2024,5,2024_05_IND_JAX,JAX,IND,37.0,34.0,3.0,0.6146051841026088,1,False,7,7,1,grass,outdoors,74.0,4.0,3.5,00-0036971,00-0026158,186.68471196742328,False,False,False,False,True,False,False,False,False,False,False,False,True,74.0,4.0,0,0.602082323325278,0.602082323325278,0.6095960397916764
2024,5,2024_05_MIA_NE,NE,MIA,10.0,15.0,-5.0,0.48956483172751525,0,False,7,6,1,fieldturf,outdoors,65.0,2.0,-2.0,00-0033119,00-0035993,-16.698694006306525,False,False,False,True,False,False,False,False,False,False,False,False,True,65.0,2.0,1,0.4423637239167866,0.4423637239167866,0.47068438860322376
2024,5,2024_05_CLE_WAS,WAS,CLE,34.0,13.0,21.0,0.5942199637469815,1,False,7,7,0,grass,outdoors,73.0,5.0,3.0,00-0039910,00-0033537,152.57533199878256,False,False,False,False,True,False,False,False,False,False,False,False,True,73.0,5.0,0,0.5423627063045818,0.5423627063045818,0.5734770607700217
2024,5,2024_05_LV_DEN,DEN,LV,34.0,18.0,16.0,0.636708958850728,1,False,7,7,1,grass,outdoors,73.0,7.0,3.0,00-0039732,00-0035289,224.44335136286577,False,False,False,False,True,False,False,False,False,False,False,False,True,73.0,7.0,0,0.5731727557087867,0.5731727557087867,0.6112944775939515
2024,5,2024_05_ARI_SF,SF,ARI,23.0,24.0,-1.0,0.7864323417849013,0,False,7,7,1,grass,outdoors,89.0,3.0,7.0,00-0037834,00-0035228,521.4212046382298,False,False,False,False,True,False,False,False,False,False,False,False,True,89.0,3.0,0,0.741919497730876,0.741919497730876,0.7686272041632911
2024,5,2024_05_GB_LA,LA,GB,19.0,24.0,-5.0,0.4197020959130812,0,False,7,7,0,matrixturf,dome,,,-3.0,00-0026498,00-0036264,-129.59857410064527,False,False,False,False,False,False,True,False,False,False,True,False,False,59.0,8.0,0,0.4387581139628157,0.4387581139628157,0.42732450313297504
2024,5,2024_05_NYG_SEA,SEA,NYG,20.0,29.0,-9.0,0.6919039850622958,0,False,6,10,0,fieldturf,outdoors,61.0,3.0,7.0,00-0030565,00-0035710,323.6142899506218,False,False,False,True,False,False,False,False,False,False,False,False,True,61.0,3.0,-4,0.7581261062734248,0.7581261062734248,0.7183928335467473
2024,5,2024_05_DAL_PIT,PIT,DAL,17.0,20.0,-3.0,0.599986903309622,0,False,7,10,0,grass,outdoors,67.0,6.0,2.5,00-0036945,00-0033077,162.16421554507642,False,False,False,False,True,False,False,False,False,False,False,False,True,67.0,6.0,-3,0.549316337454583,0.549316337454583,0.5797186769676064
2024,5,2024_05_NO_KC,KC,NO,26.0,13.0,13.0,0.659792988087019,1,False,8,8,0,grass,outdoors,70.0,1.0,5.5,00-0033873,00-0031280,264.94873620336296,False,False,False,False,True,False,False,False,False,False,False,False,True,70.0,1.0,0,0.6311320012547046,0.6311320012547046,0.6483285933540932
2024,6,2024_06_SF_SEA,SEA,SF,24.0,36.0,-12.0,0.3974484338784798,0,False,4,4,1,fieldturf,outdoors,59.0,10.0,-3.5,00-0030565,00-0037834,-166.44321961551546,False,False,False,True,False,False,False,False,False,False,False,False,True,59.0,10.0,0,0.42552349625066704,0.42552349625066704,0.4086784588273547
2024,6,2024_06_JAX_CHI,CHI,JAX,35.0,16.0,19.0,0.5301620587906605,1,True,7,7,0,grass,outdoors,54.0,3.0,-1.5,00-0039918,00-0036971,48.31796072139589,False,False,False,False,True,False,False,False,False,False,False,False,True,54.0,3.0,0,0.4479200725994882,0.4479200725994882,0.49726526431419155
2024,6,2024_06_WAS_BAL,BAL,WAS,30.0,23.0,7.0,0.7465720377256915,1,False,7,7,0,grass,outdoors,75.0,8.0,6.5,00-0034796,00-0039910,432.1650011207746,False,False,False,False,True,False,False,False,False,False,False,False,True,75.0,8.0,0,0.7344813271304009,0.7344813271304009,0.7417357534875753
2024,6,2024_06_ARI_GB,GB,ARI,34.0,13.0,21.0,0.6917103899882945,1,False,7,7,0,grass,outdoors,50.0,4.0,5.5,00-0036264,00-0035228,323.2510892072424,False,False,False,False,True,False,False,False,False,False,False,False,True,50.0,4.0,0,0.6615472622342732,0.6615472622342732,0.679645138886686
2024,6,2024_06_HOU_NE,NE,HOU,21.0,41.0,-20.0,0.26700852143110004,0,False,7,7,0,fieldturf,outdoors,53.0,5.0,-6.5,00-0039851,00-0039163,-403.9414012152922,False,False,False,True,False,False,False,False,False,False,False,False,True,53.0,5.0,0,0.2614707649861646,0.2614707649861646,0.26479341885312585
2024,6,2024_06_TB_NO,NO,TB,27.0,51.0,-24.0,0.47678254726730357,0,False,6,10,1,sportturf,dome,,,-3.5,00-0039376,00-0034855,-37.17465842425942,False,False,False,False,False,False,False,True,False,False,True,False,False,59.0,8.0,-4,0.4258104932842461,0.4258104932842461,0.45639372567408054
2024,6,2024_06_CLE_PHI,PHI,CLE,20.0,16.0,4.0,0.6646078507649846,1,False,14,7,0,grass,outdoors,82.0,10.0,8.0,00-0036389,00-0033537,273.55869066924765,False,False,False,False,True,False,False,False,False,False,False,False,True,82.0,10.0,7,0.743657791753877,0.743657791753877,0.6962278271605415
2024,6,2024_06_IND_TEN,TEN,IND,17.0,20.0,-3.0,0.6093092875636847,0,False,13,7,1,grass,outdoors,80.0,12.0,2.5,00-0039152,00-0026158,177.76390798595875,False,False,False,False,True,False,False,False,False,False,False,False,True,80.0,12.0,6,0.5514952500273346,0.5514952500273346,0.5861836725491447
2024,6,2024_06_LAC_DEN,DEN,LAC,16.0,23.0,-7.0,0.5743242848251706,0,False,7,14,1,grass,outdoors,65.0,7.0,-3.0,00-0039732,00-0036355,119.80654741285038,False,False,False,False,True,False,False,False,False,False,False,False,True,65.0,7.0,-7,0.43045421403755,0.43045421403755,0.5167762565101224
2024,6,2024_06_PIT_LV,LV,PIT,13.0,32.0,-19.0,0.3456264145232569,0,False,7,7,0,grass,dome,,,-3.5,00-0038579,00-0036945,-255.32798202437243,False,False,False,False,True,False,False,False,False,False,True,False,False,59.0,8.0,0,0.41159793139995726,0.41159793139995726,0.37201502127393704
2024,6,2024_06_ATL_CAR,CAR,ATL,20.0,38.0,-18.0,0.3121982872757557,0,False,7,10,1,grass,outdoors,79.0,9.0,-6.0,00-0027973,00-0029604,-315.944826424625,False,False,False,False,True,False,False,False,False,False,False,False,True,79.0,9.0,-3,0.34023719472385416,0.34023719472385416,0.3234138502549951
2024,6,2024_06_DET_DAL,DAL,DET,9.0,47.0,-38.0,0.5025359345595326,0,False,7,13,0,matrixturf,closed,,,-3.5,00-0033077,00-0033106,4.057530087264549,False,False,False,False,False,False,True,False,False,True,False,False,False,59.0,8.0,-6,0.4280673766644532,0.4280673766644532,0.47274851140150087
2024,6,2024_06_CIN_NYG,NYG,CIN,7.0,17.0,-10.0,0.44758187843001157,0,False,7,7,0,fieldturf,outdoors,63.0,2.0,-4.5,00-0035710,00-0036442,-84.17829464778141,False,False,False,True,False,False,False,False,False,False,False,False,True,63.0,2.0,0,0.3247491829079329,0.3247491829079329,0.3984488002211801
2024,6,2024_06_BUF_NYJ,NYJ,BUF,20.0,23.0,-3.0,0.38108788417306977,0,False,8,8,1,fieldturf,outdoors,49.0,14.0,-1.0,00-0023459,00-0034857,-193.9733077177173,False,False,False,True,False,False,False,False,False,False,False,False,True,49.0,14.0,0,0.4514416733430414,0.4514416733430414,0.40922939984105844
2024,7,2024_07_DEN_NO,NO,DEN,10.0,33.0,-23.0,0.49437036131894047,0,False,4,4,0,sportturf,dome,,,-2.5,00-0039376,00-0039732,-9.007802546257215,False,False,False,False,False,False,False,True,False,False,True,False,False,59.0,8.0,0,0.4571829722258252,0.4571829722258252,0.47949540568169435
2024,7,2024_07_NE_JAX,JAX,NE,32.0,16.0,16.0,0.7150787816773264,1,True,7,7,0,grass,outdoors,63.0,12.0,6.5,00-0036971,00-0039851,368.07200226823056,False,False,False,False,True,False,False,False,False,False,False,False,True,63.0,12.0,0,0.7344813271304009,0.7344813271304009,0.7228397998585563
2024,7,2024_07_SEA_ATL,ATL,SEA,14.0,34.0,-20.0,0.6128933466064217,0,False,7,10,0,fieldturf,closed,,,3.0,00-0029604,00-0030565,183.79627584506596,False,False,False,True,False,False,False,False,False,True,False,False,False,59.0,8.0,-3,0.5579414643298863,0.5579414643298863,0.5909125936958075
2024,7,2024_07_TEN_BUF,BUF,TEN,34.0,10.0,24.0,0.8114240611502394,1,False,6,7,0,a_turf,outdoors,66.0,12.0,9.5,00-0034857,00-0034771,583.7160079284359,True,False,False,False,False,False,False,False,False,False,False,False,True,66.0,12.0,-1,0.8452075018807933,0.8452075018807933,0.824937437442461
2024,7,2024_07_CIN_CLE,CLE,CIN,14.0,21.0,-7.0,0.3782202766869847,0,False,7,7,1,grass,outdoors,62.0,8.0,-5.5,00-0033537,00-0036442,-198.8436475932279,False,False,False,False,True,False,False,False,False,False,False,False,True,62.0,8.0,0,0.27562897937596487,0.27562897937596487,0.3371837577625768
2024,7,2024_07_HOU_GB,GB,HOU,24.0,22.0,2.0,0.6622252049729335,1,False,7,7,0,grass,outdoors,72.0,3.0,3.0,00-0036264,00-0039163,269.29052014148255,False,False,False,False,True,False,False,False,False,False,False,False,True,72.0,3.0,0,0.5905244091529387,0.5905244091529387,0.6335448866449356
2024,7,2024_07_MIA_IND,IND,MIA,16.0,10.0,6.0,0.6566620153215303,1,False,7,14,0,fieldturf,closed,,,3.0,00-0039164,00-0034177,259.3816438804544,False,False,False,True,False,False,False,False,False,True,False,False,False,59.0,8.0,-7,0.5853548851000049,0.5853548851000049,0.6281391632329202
2024,7,2024_07_DET_MIN,MIN,DET,29.0,31.0,-2.0,0.5498298164892949,0,False,14,7,1,sportturf,dome,,,1.0,00-0034869,00-0033106,79.99324357214847,False,False,False,False,False,False,False,True,False,False,True,False,False,59.0,8.0,7,0.4694605818401997,0.4694605818401997,0.5176821226296567
2024,7,2024_07_PHI_NYG,NYG,PHI,3.0,28.0,-25.0,0.39871171725880905,0,False,7,7,1,fieldturf,outdoors,71.0,4.0,-3.0,00-0035710,00-0036389,-164.33433947847269,False,False,False,True,False,False,False,False,False,False,False,False,True,71.0,4.0,0,0.4332262326914391,0.4332262326914391,0.4125175234318611
2024,7,2024_07_LV_LA,LA,LV,20.0,15.0,5.0,0.7393493784225298,1,False,14,7,0,matrixturf,dome,,,7.0,00-0026498,00-0038579,417.0358740716327,False,False,False,False,False,False,True,False,False,False,True,False,False,59.0,8.0,7,0.7473269574086013,0.7473269574086013,0.7425404100169584
2024,7,2024_07_CAR_WAS,WAS,CAR,40.0,7.0,33.0,0.7462949100319906,1,False,7,7,0,grass,outdoors,76.0,2.0,10.0,00-0039910,00-0027973,431.5793257995624,False,False,False,False,True,False,False,False,False,False,False,False,True,76.0,2.0,0,0.809270256129677,0.809270256129677,0.7714850484710651
2024,7,2024_07_KC_SF,SF,KC,18.0,28.0,-10.0,0.5839546358683289,0,False,10,13,0,grass,outdoors,78.0,3.0,2.5,00-0037834,00-0033873,135.61159951763813,False,False,False,False,True,False,False,False,False,False,False,False,True,78.0,3.0,-3,0.5397654236929555,0.5397654236929555,0.5662789509981796
2024,7,2024_07_NYJ_PIT,PIT,NYJ,37.0,15.0,22.0,0.6592172135932051,1,False,7,6,0,grass,outdoors,60.0,4.0,-3.0,00-0029263,00-0023459,263.9231227193243,False,False,False,False,True,False,False,False,False,False,False,False,True,60.0,4.0,1,0.4971990084244618,0.4971990084244618,0.5944099315257078
2024,7,2024_07_BAL_TB,TB,BAL,31.0,41.0,-10.0,0.3694154895411647,0,False,8,8,0,grass,outdoors,80.0,8.0,-4.5,00-0034855,00-0034796,-213.89007404859188,False,False,False,False,True,False,False,False,False,False,False,False,True,80.0,8.0,0,0.3824195313064997,0.3824195313064997,0.3746171062472987
2024,7,2024_07_LAC_ARI,ARI,LAC,17.0,15.0,2.0,0.44059745983129295,1,False,8,8,0,grass,closed,,,-1.0,00-0035228,00-0036355,-95.49506101427934,False,False,False,False,True,False,False,False,False,True,False,False,False,59.0,8.0,0,0.4590443328580029,0.4590443328580029,0.44797620904197694
2024,8,2024_08_MIN_LA,LA,MIN,30.0,20.0,10.0,0.3702863956224403,1,False,4,4,0,matrixturf,dome,,,-3.0,00-0026498,00-0034869,-212.39534854175793,False,False,False,False,False,False,True,False,False,False,True,False,False,59.0,8.0,0,0.42192246184736987,0.42192246184736987,0.39094082211241216
2024,8,2024_08_PHI_CIN,CIN,PHI,17.0,37.0,-20.0,0.5789394710695209,0,False,7,7,0,fieldturf,outdoors,59.0,6.0,2.5,00-0036442,00-0036389,127.3685336446345,False,False,False,True,False,False,False,False,False,False,False,False,True,59.0,6.0,0,0.543908076754105,0.543908076754105,0.5649269133433545
2024,8,2024_08_BAL_CLE,CLE,BAL,29.0,24.0,5.0,0.2431990630723534,1,False,7,6,1,grass,outdoors,52.0,4.0,-7.5,00-0031503,00-0034796,-454.0879832652305,False,False,False,False,True,False,False,False,False,False,False,False,True,52.0,4.0,1,0.20389938633709917,0.20389938633709917,0.2274791923782517
2024,8,2024_08_TEN_DET,DET,TEN,52.0,14.0,38.0,0.8348924112145284,1,False,7,7,0,fieldturf,dome,,,12.5,00-0033106,00-0034771,648.2822212210965,False,False,False,True,False,False,False,False,False,False,True,False,False,59.0,8.0,0,0.8847491177113121,0.8847491177113121,0.8548350938132419
2024,8,2024_08_IND_HOU,HOU,IND,23.0,20.0,3.0,0.6488145571090087,1,False,7,7,1,astroturf,closed,,,5.0,00-0039163,00-0026158,245.53301129961667,False,False,True,False,False,False,False,False,False,True,False,False,False,59.0,8.0,0,0.6209667638772688,0.6209667638772688,0.6376754398163127
2024,8,2024_08_GB_JAX,JAX,GB,27.0,30.0,-3.0,0.34841981681180256,0,False,7,7,0,grass,outdoors,84.0,4.0,-3.5,00-0036971,00-0036264,-250.39693635229153,False,False,False,False,True,False,False,False,False,False,False,False,True,84.0,4.0,0,0.4232218388124285,0.4232218388124285,0.37834062561205295
2024,8,2024_08_ARI_MIA,MIA,ARI,27.0,28.0,-1.0,0.6595381029577976,0,False,7,6,0,grass,outdoors,82.0,14.0,4.0,00-0034177,00-0035228,264.4946118575188,False,False,False,False,True,False,False,False,False,False,False,False,True,82.0,14.0,1,0.630613914413297,0.630613914413297,0.6479684275399973
2024,8,2024_08_NYJ_NE,NE,NYJ,25.0,22.0,3.0,0.2986566325272713,1,False,7,7,1,fieldturf,outdoors,53.0,8.0,-7.0,00-0039851,00-0023459,-341.481226010617,False,False,False,True,False,False,False,False,False,False,False,False,True,53.0,8.0,0,0.2733505166985324,0.2733505166985324,0.28853418619577575
2024,8,2024_08_ATL_TB,TB,ATL,26.0,31.0,-5.0,0.6662947892411372,0,False,6,7,1,grass,outdoors,79.0,6.0,-1.5,00-0034855,00-0029604,276.5896793451933,False,False,False,False,True,False,False,False,False,False,False,False,True,79.0,6.0,-1,0.5192188699120058,0.5192188699120058,0.6074644215094847
2024,8,2024_08_NO_LAC,LAC,NO,26.0,8.0,18.0,0.7293391367590549,1,False,6,10,0,matrixturf,dome,,,7.0,00-0036355,00-0039376,396.50888878860155,False,False,False,False,False,False,True,False,False,False,True,False,False,59.0,8.0,-4,0.7344813271304009,0.7344813271304009,0.7313960129075934
2024,8,2024_08_BUF_SEA,SEA,BUF,10.0,31.0,-21.0,0.3766224626203306,0,False,7,7,0,fieldturf,outdoors,55.0,14.0,-3.0,00-0030565,00-0034857,-201.56362958887212,False,False,False,True,False,False,False,False,False,False,False,False,True,55.0,14.0,0,0.42461701666339047,0.42461701666339047,0.39582028423755455
2024,8,2024_08_CAR_DEN,DEN,CAR,28.0,14.0,14.0,0.8300443194947343,1,False,10,7,0,grass,outdoors,76.0,4.0,13.0,00-0039732,00-0039150,634.3765584782138,False,False,False,False,True,False,False,False,False,False,False,False,True,76.0,4.0,3,0.8742628285982074,0.8742628285982074,0.8477317231361235
2024,8,2024_08_KC_LV,LV,KC,20.0,27.0,-7.0,0.24472020303849076,0,False,7,7,1,grass,dome,,,-9.0,00-0038579,00-0033873,-450.78909723189156,False,False,False,False,True,False,False,False,False,False,True,False,False,59.0,8.0,0,0.2452893350022084,0.2452893350022084,0.24494785582397782
2024,8,2024_08_CHI_WAS,WAS,CHI,18.0,15.0,3.0,0.5632648944168681,1,False,7,14,0,grass,outdoors,58.0,2.0,1.5,00-0039910,00-0039918,101.76927083142088,False,False,False,False,True,False,False,False,False,False,False,False,True,58.0,2.0,-7,0.4956241292057491,0.4956241292057491,0.5362085883324205
2024,8,2024_08_DAL_SF,SF,DAL,30.0,24.0,6.0,0.7069134227757619,1,False,7,14,0,grass,outdoors,69.0,9.0,5.5,00-0037834,00-0033077,352.17606017765274,False,False,False,False,True,False,False,False,False,False,False,False,True,69.0,9.0,-7,0.614766963343191,0.614766963343191,0.6700548390027335
2024,8,2024_08_NYG_PIT,PIT,NYG,26.0,18.0,8.0,0.7289738203381441,1,False,8,8,0,grass,outdoors,54.0,7.0,6.0,00-0029263,00-0035710,395.7689597948109,False,False,False,False,True,False,False,False,False,False,False,False,True,54.0,7.0,0,0.6461278130025774,0.6461278130025774,0.6958354174039174
2024,9,2024_09_HOU_NYJ,NYJ,HOU,21.0,13.0,8.0,0.4717199816222237,1,False,4,4,0,fieldturf,outdoors,71.0,8.0,2.5,00-0023459,00-0039163,-45.29637228034349,False,False,False,True,False,False,False,False,False,False,False,False,True,71.0,8.0,0,0.5288742688667204,0.5288742688667204,0.4945816965200224
2024,9,2024_09_DAL_ATL,ATL,DAL,27.0,21.0,6.0,0.5449436676714708,1,False,7,7,0,fieldturf,closed,,,3.0,00-0029604,00-0033077,72.10448345896623,False,False,False,True,False,False,False,False,False,True,False,False,False,59.0,8.0,0,0.5338270700146873,0.5338270700146873,0.5404970286087575
2024,9,2024_09_DEN_BAL,BAL,DEN,41.0,10.0,31.0,0.6973897927224016,1,False,7,7,0,grass,outdoors,57.0,3.0,9.0,00-0034796,00-0039732,333.95958609822964,False,False,False,False,True,False,False,False,False,False,False,False,True,57.0,3.0,0,0.7252788300638039,0.7252788300638039,0.7085454076589626
2024,9,2024_09_MIA_BUF,BUF,MIA,30.0,27.0,3.0,0.8078653158450377,1,False,7,7,1,a_turf,outdoors,54.0,9.0,6.5,00-0034857,00-0036212,574.4795000947968,True,False,False,False,False,False,False,False,False,False,False,False,True,54.0,9.0,0,0.7962492601143739,0.7962492601143739,0.8032188935527722
2024,9,2024_09_NO_CAR,CAR,NO,23.0,22.0,1.0,0.27254615044944985,1,False,7,7,1,grass,outdoors,66.0,7.0,-7.0,00-0039150,00-0031280,-392.6970403113548,False,False,False,False,True,False,False,False,False,False,False,False,True,66.0,7.0,0,0.2733505166985324,0.2733505166985324,0.27286789694908287
2024,9,2024_09_LV_CIN,CIN,LV,41.0,24.0,17.0,0.7221337820127491,1,False,7,7,0,fieldturf,outdoors,67.0,7.0,8.0,00-0036442,00-0035289,382.0282591096161,False,False,False,True,False,False,False,False,False,False,False,False,True,67.0,7.0,0,0.7384493965838943,0.7384493965838943,0.7286600278412072
2024,9,2024_09_LAC_CLE,CLE,LAC,10.0,27.0,-17.0,0.42531386235478214,0,False,7,7,0,grass,outdoors,57.0,10.0,-2.0,00-0031503,00-0036355,-120.3986592675041,False,False,False,False,True,False,False,False,False,False,False,False,True,57.0,10.0,0,0.45065122570888344,0.45065122570888344,0.4354488076964227
2024,9,2024_09_WAS_NYG,NYG,WAS,22.0,27.0,-5.0,0.4130595990177676,0,False,6,7,1,fieldturf,outdoors,52.0,6.0,-4.5,00-0035710,00-0032268,-140.53255721127732,False,False,False,True,False,False,False,False,False,False,False,False,True,52.0,6.0,-1,0.3190517634492219,0.3190517634492219,0.37545646479034933
2024,9,2024_09_NE_TEN,TEN,NE,20.0,17.0,3.0,0.6140473963972335,1,False,7,7,0,grass,outdoors,75.0,10.0,3.0,00-0034771,00-0039851,185.74301786618986,False,False,False,False,True,False,False,False,False,False,False,False,True,75.0,10.0,0,0.5590403271354499,0.5590403271354499,0.59204456869252
2024,9,2024_09_CHI_ARI,ARI,CHI,29.0,9.0,20.0,0.48966336052718257,1,False,7,7,0,grass,closed,,,1.5,00-0035228,00-0039918,-16.540979877728425,False,False,False,False,True,False,False,False,False,True,False,False,False,59.0,8.0,0,0.49170238287077844,0.49170238287077844,0.4904789694646209
2024,9,2024_09_JAX_PHI,PHI,JAX,28.0,23.0,5.0,0.7333420669912359,1,False,7,7,0,grass,outdoors,57.0,6.0,7.5,00-0036389,00-0036971,404.6582291578132,False,False,False,False,True,False,False,False,False,False,False,False,True,57.0,6.0,0,0.7252788300638039,0.7252788300638039,0.7301167722202632
2024,9,2024_09_DET_GB,GB,DET,14.0,24.0,-10.0,0.4531178725182525,0,False,7,7,1,grass,outdoors,50.0,15.0,-2.5,00-0036264,00-0033106,-75.23239770643735,False,False,False,False,True,False,False,False,False,False,False,False,True,50.0,15.0,0,0.44508831129943105,0.44508831129943105,0.4499060480307239
2024,9,2024_09_LA_SEA,SEA,LA,20.0,26.0,-6.0,0.5495887688561812,0,False,7,10,1,fieldturf,outdoors,52.0,4.0,-1.5,00-0030565,00-0026498,79.60371725170225,False,False,False,True,False,False,False,False,False,False,False,False,True,52.0,4.0,-3,0.4453782736943854,0.4453782736943854,0.5079045707914629
2024,9,2024_09_IND_MIN,MIN,IND,21.0,13.0,8.0,0.6546236762415768,1,False,10,7,0,sportturf,dome,,,6.5,00-0034869,00-0026158,255.77036575343394,False,False,False,False,False,False,False,True,False,False,True,False,False,59.0,8.0,3,0.7224174281771686,0.7224174281771686,0.6817411770158135
2024,9,2024_09_TB_KC,KC,TB,30.0,24.0,6.0,0.7428643602542594,1,False,8,8,0,grass,outdoors,63.0,6.0,9.0,00-0033873,00-0034855,424.3638977657241,False,False,False,False,True,False,False,False,False,False,False,False,True,63.0,6.0,0,0.7252788300638039,0.7252788300638039,0.7358301481780772
2024,10,2024_10_CIN_BAL,BAL,CIN,35.0,34.0,1.0,0.7283431077310252,1,False,4,4,1,grass,outdoors,69.0,6.0,6.0,00-0034796,00-0036442,394.4929577798886,False,False,False,False,True,False,False,False,False,False,False,False,True,69.0,6.0,0,0.647518898765482,0.647518898765482,0.6960134241448079
2024,10,2024_10_NYG_CAR,CAR,NYG,20.0,17.0,3.0,0.27923519557646764,1,True,7,7,0,,outdoors,,,-6.5,00-0027973,00-0035710,-379.30338200492037,False,False,False,False,False,False,False,False,True,False,False,False,True,59.0,8.0,0,0.27668817378430105,0.27668817378430105,0.27821638685960104
2024,10,2024_10_NE_CHI,CHI,NE,3.0,19.0,-16.0,0.7092086920335658,0,False,7,7,0,grass,outdoors,60.0,6.0,6.5,00-0039918,00-0039851,356.61759003878376,False,False,False,False,True,False,False,False,False,False,False,False,True,60.0,6.0,0,0.7252788300638039,0.7252788300638039,0.7156367472456611
2024,10,2024_10_BUF_IND,IND,BUF,20.0,30.0,-10.0,0.3405239301716494,0,False,7,7,0,fieldturf,closed,,,-4.5,00-0026158,00-0034857,-264.38411341946784,False,False,False,True,False,False,False,False,False,True,False,False,False,59.0,8.0,0,0.3295457881398377,0.3295457881398377,0.3361326733589247
2024,10,2024_10_MIN_JAX,JAX,MIN,7.0,12.0,-5.0,0.35408130543186533,0,False,7,7,0,grass,outdoors,79.0,7.0,-7.0,00-0036972,00-0034869,-240.45882917461796,False,False,False,False,True,False,False,False,False,False,False,False,True,79.0,7.0,0,0.3633194745816577,0.3633194745816577,0.3577765730917823
2024,10,2024_10_DEN_KC,KC,DEN,16.0,14.0,2.0,0.7581942192140831,1,False,6,7,1,grass,outdoors,57.0,12.0,7.5,00-0033873,00-0039732,457.1218934000388,False,False,False,False,True,False,False,False,False,False,False,False,True,57.0,12.0,-1,0.7136077272228761,0.7136077272228761,0.7403596224176003
2024,10,2024_10_ATL_NO,NO,ATL,20.0,17.0,3.0,0.38973272126186154,1,False,7,7,1,sportturf,dome,,,-3.5,00-0031280,00-0029604,-179.37433959535943,False,False,False,False,False,False,False,True,False,False,True,False,False,59.0,8.0,0,0.4354143284797056,0.4354143284797056,0.4080053641489992
2024,10,2024_10_SF_TB,TB,SF,20.0,23.0,-3.0,0.3317337791421123,0,False,6,14,0,grass,outdoors,85.0,9.0,-6.5,00-0034855,00-0037834,-280.1415404674096,False,False,False,False,True,False,False,False,False,False,False,False,True,85.0,9.0,-8,0.3621639676668801,0.3621639676668801,0.3439058545520194
2024,10,2024_10_PIT_WAS,WAS,PIT,27.0,28.0,-1.0,0.49164947189640645,0,False,7,13,0,grass,outdoors,57.0,9.0,1.5,00-0032268,00-0029263,-13.362087399484812,False,False,False,False,True,False,False,False,False,False,False,False,True,57.0,9.0,-6,0.5112274673277917,0.5112274673277917,0.4994806700689605
2024,10,2024_10_TEN_LAC,LAC,TEN,27.0,17.0,10.0,0.7133308915191596,1,False,7,7,0,matrixturf,dome,,,8.0,00-0036355,00-0034771,364.6467110953443,False,False,False,False,False,False,True,False,False,False,True,False,False,59.0,8.0,0,0.7136077272228761,0.7136077272228761,0.7134416258006462
2024,10,2024_10_NYJ_ARI,ARI,NYJ,31.0,6.0,25.0,0.5393257471963122,1,False,7,10,0,grass,closed,,,-2.0,00-0035228,00-0023459,63.051423929807314,False,False,False,False,True,False,False,False,False,True,False,False,False,59.0,8.0,-3,0.4569889683625134,0.4569889683625134,0.5063910356627926
2024,10,2024_10_PHI_DAL,DAL,PHI,6.0,34.0,-28.0,0.3117982256379893,0,False,7,7,1,matrixturf,closed,,,-7.5,00-0033662,00-0036389,-316.6903222892967,False,False,False,False,False,False,True,False,False,True,False,False,False,59.0,8.0,0,0.2549255076677938,0.2549255076677938,0.2890491384499111
2024,10,2024_10_DET_HOU,HOU,DET,23.0,26.0,-3.0,0.30890078030307916,0,False,10,7,0,astroturf,closed,,,-4.5,00-0039163,00-0033106,-322.10531041245173,False,False,True,False,False,False,False,False,False,True,False,False,False,59.0,8.0,3,0.30197190687813363,0.30197190687813363,0.30612923093310096
2024,10,2024_10_MIA_LA,LA,MIA,15.0,23.0,-8.0,0.6824247296547099,0,False,8,8,0,matrixturf,dome,,,2.5,00-0026498,00-0036212,305.9749490270545,False,False,False,False,False,False,True,False,False,False,True,False,False,59.0,8.0,0,0.5921876682683169,0.5921876682683169,0.6463299051001528
2024,11,2024_11_WAS_PHI,PHI,WAS,26.0,18.0,8.0,0.729451145998595,1,False,4,4,1,grass,outdoors,46.0,9.0,4.5,00-0036389,00-0032268,396.7358833169549,False,False,False,False,True,False,False,False,False,False,False,False,True,46.0,9.0,0,0.6355979004395967,0.6355979004395967,0.6919098477749956
2024,11,2024_11_GB_CHI,CHI,GB,19.0,20.0,-1.0,0.30712142365888717,0,False,7,14,1,grass,outdoors,54.0,5.0,-6.0,00-0039918,00-0036264,-325.4446332511286,False,False,False,False,True,False,False,False,False,False,False,False,True,54.0,5.0,-7,0.2299387004062078,0.2299387004062078,0.27624833435781543
2024,11,2024_11_JAX_DET,DET,JAX,52.0,6.0,46.0,0.8518702260314708,1,False,7,7,0,fieldturf,dome,,,14.0,00-0033106,00-0036972,699.7381830680027,False,False,False,True,False,False,False,False,False,False,True,False,False,59.0,8.0,0,0.8847491177113121,0.8847491177113121,0.8650217827034072
2024,11,2024_11_LV_MIA,MIA,LV,34.0,19.0,15.0,0.6756667694089525,1,False,6,14,0,grass,outdoors,80.0,16.0,8.0,00-0036212,00-0035289,293.5714132426238,False,False,False,False,True,False,False,False,False,False,False,False,True,80.0,16.0,-8,0.7084223521553649,0.7084223521553649,0.6887690025075175
2024,11,2024_11_LA_NE,NE,LA,22.0,28.0,-6.0,0.3759408420092435,0,False,7,6,0,fieldturf,outdoors,59.0,9.0,-4.0,00-0039851,00-0026498,-202.7253489674004,False,False,False,True,False,False,False,False,False,False,False,False,True,59.0,9.0,1,0.3887532874116453,0.3887532874116453,0.3810658201702042
2024,11,2024_11_CLE_NO,NO,CLE,35.0,14.0,21.0,0.5810662162494098,1,False,7,14,0,sportturf,dome,,,-1.0,00-0031280,00-0031503,130.86073855231461,False,False,False,False,False,False,False,True,False,False,True,False,False,59.0,8.0,-7,0.4751218888548057,0.4751218888548057,0.5386884852915681
2024,11,2024_11_IND_NYJ,NYJ,IND,27.0,28.0,-1.0,0.5951028594751393,0,False,7,7,0,fieldturf,outdoors,62.0,4.0,4.0,00-0023459,00-0026158,154.04048113411028,False,False,False,True,False,False,False,False,False,False,False,False,True,62.0,4.0,0,0.6239662380645622,0.6239662380645622,0.6066482109109084
2024,11,2024_11_BAL_PIT,PIT,BAL,18.0,16.0,2.0,0.44513724888263895,1,False,7,10,1,grass,outdoors,52.0,5.0,-3.0,00-0029263,00-0034796,-88.13525152452635,False,False,False,False,True,False,False,False,False,False,False,False,True,52.0,5.0,-3,0.4258742240736464,0.4258742240736464,0.4374320389590419
2024,11,2024_11_MIN_TEN,TEN,MIN,13.0,23.0,-10.0,0.333140807174232,0,False,7,7,0,grass,outdoors,66.0,7.0,-6.0,00-0034771,00-0034869,-277.60546937880736,False,False,False,False,True,False,False,False,False,False,False,False,True,66.0,7.0,0,0.274988266726732,0.274988266726732,0.309879790995232
2024,11,2024_11_ATL_DEN,DEN,ATL,38.0,6.0,32.0,0.6313713863393525,1,False,7,7,0,grass,outdoors,55.0,9.0,2.0,00-0039732,00-0029604,215.2418348504464,False,False,False,False,True,False,False,False,False,False,False,False,True,55.0,9.0,0,0.5713404895695985,0.5713404895695985,0.6073590276314509
2024,11,2024_11_SEA_SF,SF,SEA,17.0,20.0,-3.0,0.730620781698467,0,False,7,14,1,grass,outdoors,59.0,4.0,6.0,00-0037834,00-0030565,399.1097753336261,False,False,False,False,True,False,False,False,False,False,False,False,True,59.0,4.0,-7,0.6375784606166749,0.6375784606166749,0.6934038532657502
2024,11,2024_11_KC_BUF,BUF,KC,30.0,21.0,9.0,0.5953847566178812,1,False,7,7,0,a_turf,outdoors,50.0,3.0,2.5,00-0034857,00-0033873,154.50849884845815,True,False,False,False,False,False,False,False,False,False,False,False,True,50.0,3.0,0,0.5628186436344195,0.5628186436344195,0.5823583114244965
2024,11,2024_11_CIN_LAC,LAC,CIN,34.0,27.0,7.0,0.6133112495286667,1,False,7,10,0,matrixturf,dome,,,1.0,00-0036355,00-0036442,184.50097919763678,False,False,False,False,False,False,True,False,False,False,True,False,False,59.0,8.0,-3,0.48816095118453945,0.48816095118453945,0.5632511301910157
2024,11,2024_11_HOU_DAL,DAL,HOU,10.0,34.0,-24.0,0.38524025192841665,0,False,8,8,0,matrixturf,closed,,,-7.5,00-0033662,00-0039163,-186.9457469180354,False,False,False,False,False,False,True,False,False,True,False,False,False,59.0,8.0,0,0.24681606554906066,0.24681606554906066,0.32987057737667425
2024,12,2024_12_PIT_CLE,CLE,PIT,24.0,19.0,5.0,0.3069331141898273,1,False,4,4,1,grass,outdoors,36.0,13.0,-3.5,00-0031503,00-0029263,-325.7986624365317,False,False,False,False,True,False,False,False,False,False,False,False,True,36.0,13.0,0,0.407792457752994,0.407792457752994,0.34727685161509403
2024,12,2024_12_KC_CAR,CAR,KC,27.0,30.0,-3.0,0.18529806354782677,0,False,14,7,0,grass,outdoors,61.0,5.0,-11.0,00-0027973,00-0033873,-592.3426565317754,False,False,False,False,True,False,False,False,False,False,False,False,True,61.0,5.0,7,0.20523855534691898,0.20523855534691898,0.19327426026746364
2024,12,2024_12_MIN_CHI,CHI,MIN,27.0,30.0,-3.0,0.3237322144847283,0,False,7,7,1,grass,outdoors,47.0,5.0,-3.0,00-0039918,00-0034869,-294.6689817888269,False,False,False,False,True,False,False,False,False,False,False,False,True,47.0,5.0,0,0.41166106007436665,0.41166106007436665,0.3589037527205836
2024,12,2024_12_TEN_HOU,HOU,TEN,27.0,32.0,-5.0,0.746599760535414,0,False,6,7,1,astroturf,closed,,,8.0,00-0039163,00-0034771,432.2236131389777,False,False,True,False,False,False,False,False,False,True,False,False,False,59.0,8.0,-1,0.7110288068317615,0.7110288068317615,0.732371379053953
2024,12,2024_12_DET_IND,IND,DET,6.0,24.0,-18.0,0.3002872120838134,0,False,7,7,0,fieldturf,closed,,,-7.0,00-0026158,00-0033106,-338.3722230360587,False,False,False,True,False,False,False,False,False,True,False,False,False,59.0,8.0,0,0.274988266726732,0.274988266726732,0.2901676339409809
2024,12,2024_12_NE_MIA,MIA,NE,34.0,15.0,19.0,0.711143498607434,1,False,7,7,1,grass,outdoors,77.0,6.0,7.5,00-0036212,00-0039851,360.37768242672365,False,False,False,False,True,False,False,False,False,False,False,False,True,77.0,6.0,0,0.7252788300638039,0.7252788300638039,0.716797631189982
2024,12,2024_12_TB_NYG,NYG,TB,7.0,30.0,-23.0,0.2837007759071865,0,False,14,14,0,fieldturf,outdoors,50.0,13.0,-6.5,00-0038476,00-0034855,-370.471165454705,False,False,False,True,False,False,False,False,False,False,False,False,True,50.0,13.0,0,0.2626492823138138,0.2626492823138138,0.27528017846983743
2024,12,2024_12_DAL_WAS,WAS,DAL,26.0,34.0,-8.0,0.6529286537773262,0,False,10,6,1,grass,outdoors,55.0,5.0,10.5,00-0032268,00-0033662,252.77499865501642,False,False,False,False,True,False,False,False,False,False,False,False,True,55.0,5.0,4,0.7982992809679403,0.7982992809679403,0.7110769046535719
2024,12,2024_12_DEN_LV,LV,DEN,19.0,29.0,-10.0,0.3275657249619659,0,False,7,7,1,grass,dome,,,-6.5,00-0035289,00-0039732,-287.68626102691303,False,False,False,False,True,False,False,False,False,False,True,False,False,59.0,8.0,0,0.26204723100388094,0.26204723100388094,0.3013583273787319
2024,12,2024_12_SF_GB,GB,SF,38.0,10.0,28.0,0.684645709658725,1,False,7,7,0,grass,outdoors,43.0,11.0,6.5,00-0036264,00-0032434,310.0819017013455,False,False,False,False,True,False,False,False,False,False,False,False,True,43.0,11.0,0,0.7216211187214152,0.7216211187214152,0.6994358732838011
2024,12,2024_12_ARI_SEA,SEA,ARI,16.0,6.0,10.0,0.570968783085729,1,False,7,14,1,fieldturf,outdoors,45.0,5.0,-1.0,00-0030565,00-0035228,114.32194183120407,False,False,False,True,False,False,False,False,False,False,False,False,True,45.0,5.0,-7,0.45623542445632886,0.45623542445632886,0.525075439633969
2024,12,2024_12_PHI_LA,LA,PHI,20.0,37.0,-17.0,0.35914407396364467,0,False,7,10,0,matrixturf,dome,,,-3.0,00-0026498,00-0036389,-231.63241562786615,False,False,False,False,False,False,True,False,False,False,True,False,False,59.0,8.0,-3,0.4155481316211302,0.4155481316211302,0.38170569702663887
2024,12,2024_12_BAL_LAC,LAC,BAL,23.0,30.0,-7.0,0.40033485544258124,0,False,8,8,0,matrixturf,dome,,,-3.0,00-0036355,00-0034796,-161.62802860438669,False,False,False,False,False,False,True,False,False,False,True,False,False,59.0,8.0,0,0.4323196512876472,0.4323196512876472,0.41312877378060764
2024,13,2024_13_CHI_DET,DET,CHI,23.0,20.0,3.0,0.8437150035276941,1,False,4,4,1,fieldturf,dome,,,9.5,00-0033106,00-0039918,674.4534092263807,False,False,False,True,False,False,False,False,False,False,True,False,False,59.0,8.0,0,0.8273388944119325,0.8273388944119325,0.8371645598813895
2024,13,2024_13_NYG_DAL,DAL,NYG,27.0,20.0,7.0,0.751607308059488,1,False,4,4,1,matrixturf,closed,,,4.5,00-0033662,00-0035704,442.8812246924191,False,False,False,False,False,False,True,False,False,True,False,False,False,59.0,8.0,0,0.6340938677328721,0.6340938677328721,0.7046019319288417
2024,13,2024_13_MIA_GB,GB,MIA,30.0,17.0,13.0,0.6836076189144926,1,False,4,4,0,grass,outdoors,27.0,10.0,3.5,00-0036264,00-0036212,308.1603763460886,False,False,False,False,True,False,False,False,False,False,False,False,True,27.0,10.0,0,0.6299909257648731,0.6299909257648731,0.6621609416546448
2024,13,2024_13_LV_KC,KC,LV,19.0,17.0,2.0,0.8643004550957778,1,False,5,5,1,grass,outdoors,37.0,5.0,13.5,00-0033873,00-0035289,740.5908976647917,False,False,False,False,True,False,False,False,False,False,False,False,True,37.0,5.0,0,0.9031388076247783,0.9031388076247783,0.8798357961073779
2024,13,2024_13_LAC_ATL,ATL,LAC,13.0,17.0,-4.0,0.4379988002184992,0,False,14,6,0,fieldturf,closed,,,-1.0,00-0029604,00-0036355,-99.71512543536676,False,False,False,True,False,False,False,False,False,True,False,False,False,59.0,8.0,8,0.4619055454829875,0.4619055454829875,0.4475614983242945
2024,13,2024_13_PIT_CIN,CIN,PIT,38.0,44.0,-6.0,0.510869422725343,0,False,14,10,1,fieldturf,outdoors,32.0,9.0,3.0,00-0036442,00-0029263,17.3938166808242,False,False,False,True,False,False,False,False,False,False,False,False,True,32.0,9.0,4,0.5423603732228846,0.5423603732228846,0.5234658029243596
2024,13,2024_13_HOU_JAX,JAX,HOU,20.0,23.0,-3.0,0.38316445020039847,0,False,14,7,1,grass,outdoors,,,-3.5,00-0036971,00-0039163,-190.45527421306912,False,False,False,False,True,False,False,False,False,False,False,False,True,59.0,8.0,7,0.3823416650381419,0.3823416650381419,0.3828353361354958
2024,13,2024_13_ARI_MIN,MIN,ARI,23.0,22.0,1.0,0.7274691644591559,1,False,7,7,0,sportturf,dome,,,3.5,00-0034869,00-0035228,392.72793874989014,False,False,False,False,False,False,False,True,False,False,True,False,False,59.0,8.0,0,0.6470982314980583,0.6470982314980583,0.6953207912747168
2024,13,2024_13_IND_NE,NE,IND,24.0,25.0,-1.0,0.40676312623250327,0,False,7,7,0,fieldturf,outdoors,36.0,9.0,-2.5,00-0039851,00-0026158,-150.945101005317,False,False,False,True,False,False,False,False,False,False,False,False,True,36.0,9.0,0,0.4479921886650973,0.4479921886650973,0.4232547512055409
2024,13,2024_13_SEA_NYJ,NYJ,SEA,21.0,26.0,-5.0,0.46216046198410626,0,False,14,7,0,fieldturf,outdoors,37.0,12.0,1.0,00-0023459,00-0030565,-60.65924324260878,False,False,False,True,False,False,False,False,False,False,False,False,True,37.0,12.0,7,0.4752190982284825,0.4752190982284825,0.46738391648185673
2024,13,2024_13_TEN_WAS,WAS,TEN,42.0,19.0,23.0,0.6614037849429952,1,False,7,7,0,grass,outdoors,42.0,6.0,6.0,00-0032268,00-0034771,267.8224926924772,False,False,False,False,True,False,False,False,False,False,False,False,True,42.0,6.0,0,0.6575068165142564,0.6575068165142564,0.6598449975714997
2024,13,2024_13_TB_CAR,CAR,TB,23.0,26.0,-3.0,0.2835540893232108,0,False,7,7,1,grass,outdoors,51.0,7.0,-6.5,00-0027973,00-0034855,-370.7599428621342,False,False,False,False,True,False,False,False,False,False,False,False,True,51.0,7.0,0,0.26204723100388094,0.26204723100388094,0.2749513459954789
2024,13,2024_13_LA_NO,NO,LA,14.0,21.0,-7.0,0.5160301202563671,0,False,14,7,0,sportturf,dome,,,-2.5,00-0031280,00-0026498,25.656985408922495,False,False,False,False,False,False,False,True,False,False,True,False,False,59.0,8.0,7,0.4506912530857587,0.4506912530857587,0.48989457338812376
2024,13,2024_13_PHI_BAL,BAL,PHI,19.0,24.0,-5.0,0.6435838302075934,0,False,6,7,0,grass,outdoors,41.0,7.0,3.0,00-0034796,00-0036389,236.38129058759364,False,False,False,False,True,False,False,False,False,False,False,False,True,41.0,7.0,-1,0.6070525624255354,0.6070525624255354,0.6289713230947702
2024,13,2024_13_SF_BUF,BUF,SF,35.0,10.0,25.0,0.7121590210161196,1,False,14,7,0,a_turf,outdoors,28.0,11.0,6.5,00-0034857,00-0037834,362.3572237050432,True,False,False,False,False,False,False,False,False,False,False,False,True,28.0,11.0,7,0.7262999904871484,0.7262999904871484,0.7178154088045312
2024,13,2024_13_CLE_DEN,DEN,CLE,41.0,32.0,9.0,0.7087732996920348,1,False,8,11,0,grass,outdoors,48.0,4.0,6.5,00-0039732,00-0031503,355.7734904437679,False,False,False,False,True,False,False,False,False,False,False,False,True,48.0,4.0,-3,0.7421219980912176,0.7421219980912176,0.7221127790517079
2024,14,2024_14_GB_DET,DET,GB,34.0,31.0,3.0,0.6655348935898232,1,False,7,7,1,fieldturf,dome,,,3.0,00-0033106,00-0036264,275.2234040556995,False,False,False,True,False,False,False,False,False,False,True,False,False,59.0,8.0,0,0.5935255180761067,0.5935255180761067,0.6367311433843366
2024,14,2024_14_NYJ_MIA,MIA,NYJ,32.0,26.0,6.0,0.6768574856795876,1,False,10,7,1,grass,outdoors,77.0,12.0,6.5,00-0036212,00-0023459,295.74691817410456,False,False,False,False,True,False,False,False,False,False,False,False,True,77.0,12.0,3,0.7224174281771686,0.7224174281771686,0.6950814626786199
2024,14,2024_14_ATL_MIN,MIN,ATL,42.0,21.0,21.0,0.7530802555774254,1,False,7,7,0,sportturf,dome,,,6.0,00-0034869,00-0029604,446.04337630766037,False,False,False,False,False,False,False,True,False,False,True,False,False,59.0,8.0,0,0.6470982314980583,0.6470982314980583,0.7106874459456786
2024,14,2024_14_NO_NYG,NYG,NO,11.0,14.0,-3.0,0.30587377111758624,0,False,10,7,0,fieldturf,outdoors,54.0,13.0,-5.5,00-0038476,00-0031280,-327.79253032291064,False,False,False,True,False,False,False,False,False,False,False,False,True,54.0,13.0,3,0.2524282198611395,0.2524282198611395,0.28449555061500753
2024,14,2024_14_CAR_PHI,PHI,CAR,22.0,16.0,6.0,0.8932531313353399,1,False,7,7,0,grass,outdoors,55.0,16.0,14.0,00-0036389,00-0027973,849.7638736496558,False,False,False,False,True,False,False,False,False,False,False,False,True,55.0,16.0,0,0.8990435512035648,0.8990435512035648,0.8955692992826298
2024,14,2024_14_CLE_PIT,PIT,CLE,27.0,14.0,13.0,0.7786353574438872,1,False,7,6,1,grass,outdoors,49.0,12.0,6.0,00-0029263,00-0031503,503.0926150293876,False,False,False,False,True,False,False,False,False,False,False,False,True,49.0,12.0,1,0.5606457401829921,0.5606457401829921,0.6914395105395291
2024,14,2024_14_LV_TB,TB,LV,28.0,13.0,15.0,0.7574102699151215,1,False,7,9,0,grass,outdoors,71.0,4.0,7.0,00-0034855,00-0035289,455.4133647617129,False,False,False,False,True,False,False,False,False,False,False,False,True,71.0,4.0,-2,0.7252788300638039,0.7252788300638039,0.7445576939745945
2024,14,2024_14_JAX_TEN,TEN,JAX,6.0,10.0,-4.0,0.6387563428640745,0,False,7,7,1,grass,outdoors,53.0,9.0,3.0,00-0034771,00-0036972,227.98815616689606,False,False,False,False,True,False,False,False,False,False,False,False,True,53.0,9.0,0,0.5757582962567139,0.5757582962567139,0.6135571242211302
2024,14,2024_14_SEA_ARI,ARI,SEA,18.0,30.0,-12.0,0.5339289739142258,0,False,7,7,1,grass,closed,,,3.0,00-0035228,00-0030565,54.36991338324803,False,False,False,False,True,False,False,False,False,True,False,False,False,59.0,8.0,0,0.5221887860450757,0.5221887860450757,0.5292328987665658
2024,14,2024_14_BUF_LA,LA,BUF,44.0,42.0,2.0,0.3175869155013664,1,False,7,7,0,matrixturf,dome,,,-3.5,00-0026498,00-0034857,-305.9534558995464,False,False,False,False,False,False,True,False,False,False,True,False,False,59.0,8.0,0,0.4052702293289514,0.4052702293289514,0.35266024103240046
2024,14,2024_14_CHI_SF,SF,CHI,38.0,13.0,25.0,0.7194470542925385,1,False,7,10,0,grass,outdoors,65.0,4.0,3.0,00-0037834,00-0039918,376.68818996476045,False,False,False,False,True,False,False,False,False,False,False,False,True,65.0,4.0,-3,0.6004272150473309,0.6004272150473309,0.6718391185944554
2024,14,2024_14_LAC_KC,KC,LAC,19.0,17.0,2.0,0.7027400654405298,1,False,9,7,1,grass,outdoors,50.0,10.0,5.0,00-0033873,00-0036355,344.1520465683767,False,False,False,False,True,False,False,False,False,False,False,False,True,50.0,10.0,2,0.6299909257648731,0.6299909257648731,0.6736404095702672
2024,14,2024_14_CIN_DAL,DAL,CIN,20.0,27.0,-7.0,0.4986061986114346,0,False,11,8,0,matrixturf,closed,,,-5.0,00-0033662,00-0036442,-2.230087998186603,False,False,False,False,False,False,True,False,False,True,False,False,False,59.0,8.0,3,0.2968664129750485,0.2968664129750485,0.41791028435688016
2024,15,2024_15_LA_SF,SF,LA,6.0,12.0,-6.0,0.6781092064676784,0,False,4,4,1,grass,outdoors,53.0,4.0,3.0,00-0037834,00-0026498,298.0384035827617,False,False,False,False,True,False,False,False,False,False,False,False,True,53.0,4.0,0,0.6104158055901233,0.6104158055901233,0.6510318461166563
2024,15,2024_15_DAL_CAR,CAR,DAL,14.0,30.0,-16.0,0.3103713412654245,0,False,7,6,0,grass,outdoors,45.0,7.0,2.5,00-0039150,00-0033662,-319.3535285306819,False,False,False,False,True,False,False,False,False,False,False,False,True,45.0,7.0,1,0.5308274599578909,0.5308274599578909,0.3985537887424111
2024,15,2024_15_KC_CLE,CLE,KC,7.0,21.0,-14.0,0.24938756765192147,0,False,7,7,0,grass,outdoors,40.0,18.0,-4.5,00-0031503,00-0033873,-440.752506721536,False,False,False,False,True,False,False,False,False,False,False,False,True,40.0,18.0,0,0.3154962686576547,0.3154962686576547,0.27583104805421477
2024,15,2024_15_MIA_HOU,HOU,MIA,20.0,12.0,8.0,0.6251108227270225,1,False,14,7,0,astroturf,closed,,,2.5,00-0039163,00-0036212,204.51939814375515,False,False,True,False,False,False,False,False,False,True,False,False,False,59.0,8.0,7,0.5761299968713726,0.5761299968713726,0.6055184923847625
2024,15,2024_15_NYJ_JAX,JAX,NYJ,25.0,32.0,-7.0,0.534808859707332,0,False,7,7,0,grass,outdoors,,,-3.5,00-0036972,00-0023459,55.784414385501655,False,False,False,False,True,False,False,False,False,False,False,False,True,59.0,8.0,0,0.42192639616599686,0.42192639616599686,0.489655874290798
2024,15,2024_15_WAS_NO,NO,WAS,19.0,20.0,-1.0,0.4002830652814608,0,False,7,14,0,sportturf,dome,,,-7.5,00-0038998,00-0039910,-161.71432335595543,False,False,False,False,False,False,False,True,False,False,True,False,False,59.0,8.0,-7,0.2534951243815363,0.2534951243815363,0.341567888921491
2024,15,2024_15_BAL_NYG,NYG,BAL,14.0,35.0,-21.0,0.2147829681806378,0,False,7,14,0,fieldturf,outdoors,36.0,6.0,-16.5,00-0038476,00-0034796,-518.5328341035644,False,False,False,True,False,False,False,False,False,False,False,False,True,36.0,6.0,-7,0.2160274736775445,0.2160274736775445,0.21528077037940047
2024,15,2024_15_CIN_TEN,TEN,CIN,27.0,37.0,-10.0,0.3515095172889876,0,False,7,6,0,grass,outdoors,52.0,12.0,-6.0,00-0039152,00-0036442,-244.96421628036023,False,False,False,False,True,False,False,False,False,False,False,False,True,52.0,12.0,1,0.2502752804495495,0.2502752804495495,0.31101582255321236
2024,15,2024_15_NE_ARI,ARI,NE,30.0,17.0,13.0,0.677521459916421,1,False,7,14,0,grass,closed,,,6.0,00-0035228,00-0039851,296.9618543041248,False,False,False,False,True,False,False,False,False,True,False,False,False,59.0,8.0,-7,0.6117822006668073,0.6117822006668073,0.6512257562165755
2024,15,2024_15_IND_DEN,DEN,IND,31.0,13.0,18.0,0.7271847043814424,1,False,13,14,0,grass,outdoors,55.0,15.0,4.5,00-0039732,00-0039164,392.15420627308123,False,False,False,False,True,False,False,False,False,False,False,False,True,55.0,15.0,-1,0.6232769163758761,0.6232769163758761,0.6856215891792159
2024,15,2024_15_BUF_DET,DET,BUF,42.0,48.0,-6.0,0.637256896434049,0,False,10,7,0,fieldturf,dome,,,2.5,00-0033106,00-0034857,225.39119413123788,False,False,False,True,False,False,False,False,False,False,True,False,False,59.0,8.0,3,0.5857635277675259,0.5857635277675259,0.6166595489674398
2024,15,2024_15_TB_LAC,LAC,TB,17.0,40.0,-23.0,0.636475144732402,0,False,7,7,0,matrixturf,dome,,,3.0,00-0036355,00-0034855,224.03907802469672,False,False,False,False,False,False,True,False,False,False,True,False,False,59.0,8.0,0,0.580697483931955,0.580697483931955,0.6141640804122231
2024,15,2024_15_PIT_PHI,PHI,PIT,27.0,13.0,14.0,0.7188812928273829,1,False,7,7,0,grass,outdoors,37.0,5.0,5.5,00-0036389,00-0029263,375.5676872513509,False,False,False,False,True,False,False,False,False,False,False,False,True,37.0,5.0,0,0.6575068165142564,0.6575068165142564,0.6943315023021324
2024,15,2024_15_GB_SEA,SEA,GB,13.0,30.0,-17.0,0.4352604311929444,0,False,7,10,0,fieldturf,outdoors,43.0,3.0,-3.0,00-0030565,00-0036264,-104.16805614996072,False,False,False,True,False,False,False,False,False,False,False,False,True,43.0,3.0,-3,0.43531918732436253,0.43531918732436253,0.43528393364551166
2024,15,2024_15_CHI_MIN,MIN,CHI,30.0,12.0,18.0,0.8022527338942932,1,False,8,8,1,sportturf,dome,,,7.0,00-0034869,00-0039918,560.173562487274,False,False,False,False,False,False,False,True,False,False,True,False,False,59.0,8.0,0,0.7636721527681638,0.7636721527681638,0.7868205014438414
2024,15,2024_15_ATL_LV,LV,ATL,9.0,15.0,-6.0,0.3168374386179207,0,False,8,8,0,grass,dome,,,-6.5,00-0038579,00-0029604,-307.33760465824133,False,False,False,False,True,False,False,False,False,False,True,False,False,59.0,8.0,0,0.274988266726732,0.274988266726732,0.3000977698614452
2024,16,2024_16_DEN_LAC,LAC,DEN,34.0,27.0,7.0,0.5464508139541875,1,False,4,4,1,matrixturf,dome,,,3.0,00-0036355,00-0039732,74.53623168905241,False,False,False,False,False,False,True,False,False,False,True,False,False,59.0,8.0,0,0.5289179717862534,0.5289179717862534,0.5394376770870138
2024,16,2024_16_HOU_KC,KC,HOU,27.0,19.0,8.0,0.7361403925537019,1,False,6,6,0,grass,outdoors,30.0,5.0,3.5,00-0033873,00-0039163,410.40147182833755,False,False,False,False,True,False,False,False,False,False,False,False,True,30.0,5.0,0,0.6629199254955541,0.6629199254955541,0.7068522057304427
2024,16,2024_16_PIT_BAL,BAL,PIT,34.0,17.0,17.0,0.6474464496553739,1,False,6,6,1,grass,outdoors,35.0,15.0,7.0,00-0034796,00-0029263,243.13342413323687,False,False,False,False,True,False,False,False,False,False,False,False,True,35.0,15.0,0,0.7188017750639385,0.7188017750639385,0.6759885798187997
2024,16,2024_16_NYG_ATL,ATL,NYG,34.0,7.0,27.0,0.6610398439214074,1,False,6,7,0,fieldturf,closed,,,9.5,00-0039917,00-0038476,267.17261980035215,False,False,False,True,False,False,False,False,False,True,False,False,False,59.0,8.0,-1,0.7771263896229502,0.7771263896229502,0.7074744622020245
2024,16,2024_16_ARI_CAR,CAR,ARI,36.0,30.0,6.0,0.3180662288117995,1,False,7,7,0,grass,outdoors,37.0,10.0,-5.5,00-0039150,00-0035228,-305.06916625353597,False,False,False,False,True,False,False,False,False,False,False,False,True,37.0,10.0,0,0.27727517155114145,0.27727517155114145,0.3017498059075363
2024,16,2024_16_DET_CHI,CHI,DET,17.0,34.0,-17.0,0.21925676825178567,0,False,6,7,1,grass,outdoors,29.0,7.0,-7.0,00-0039918,00-0033106,-508.0011305679417,False,False,False,False,True,False,False,False,False,False,False,False,True,29.0,7.0,-1,0.26204723100388094,0.26204723100388094,0.23637295335262376
2024,16,2024_16_CLE_CIN,CIN,CLE,24.0,6.0,18.0,0.7201306496339751,1,False,7,7,1,fieldturf,outdoors,33.0,6.0,10.0,00-0036442,00-0031503,378.0439059737362,False,False,False,True,False,False,False,False,False,False,False,False,True,33.0,6.0,0,0.8049340399126071,0.8049340399126071,0.7540520057454279
2024,16,2024_16_TEN_IND,IND,TEN,38.0,30.0,8.0,0.6745792991184903,1,False,7,7,1,fieldturf,closed,,,4.0,00-0026158,00-0034771,291.58817060628775,False,False,False,True,False,False,False,False,False,True,False,False,False,59.0,8.0,0,0.6483758172881594,0.6483758172881594,0.6640979063863579
2024,16,2024_16_LA_NYJ,NYJ,LA,9.0,19.0,-10.0,0.36372604460832586,0,False,7,10,0,fieldturf,outdoors,23.0,8.0,-3.0,00-0023459,00-0026498,-223.6913033984268,False,False,False,True,False,False,False,False,False,False,False,False,True,23.0,8.0,-3,0.419303552756904,0.419303552756904,0.3859570478677571
2024,16,2024_16_PHI_WAS,WAS,PHI,36.0,33.0,3.0,0.30410399793281917,1,False,7,7,1,grass,outdoors,32.0,8.0,-4.0,00-0039910,00-0036389,-331.1321941941674,False,False,False,False,True,False,False,False,False,False,False,False,True,32.0,8.0,0,0.4051294945878839,0.4051294945878839,0.34451419659484506
2024,16,2024_16_MIN_SEA,SEA,MIN,24.0,27.0,-3.0,0.39740138873210906,0,False,7,6,0,fieldturf,outdoors,48.0,5.0,-2.5,00-0030565,00-0034869,-166.5217989880252,False,False,False,True,False,False,False,False,False,False,False,False,True,48.0,5.0,1,0.4414529145358246,0.4414529145358246,0.41502199905359527
2024,16,2024_16_NE_BUF,BUF,NE,24.0,21.0,3.0,0.90151395124464,1,False,7,7,1,a_turf,outdoors,14.0,2.0,14.0,00-0034857,00-0039851,885.6642467875016,True,False,False,False,False,False,False,False,False,False,False,False,True,14.0,2.0,0,0.9031388076247783,0.9031388076247783,0.9021638937966954
2024,16,2024_16_JAX_LV,LV,JAX,19.0,14.0,5.0,0.4886136156573038,1,False,6,7,0,grass,dome,,,2.5,00-0038579,00-0036972,-18.22136524459541,False,False,False,False,True,False,False,False,False,False,True,False,False,59.0,8.0,-1,0.5319160103489983,0.5319160103489983,0.5059345735339816
2024,16,2024_16_SF_MIA,MIA,SF,29.0,17.0,12.0,0.463157584160514,1,False,7,10,0,grass,outdoors,73.0,12.0,-2.0,00-0036212,00-0037834,-59.05489915727258,False,False,False,False,True,False,False,False,False,False,False,False,True,73.0,12.0,-3,0.4565322952875082,0.4565322952875082,0.4605074686113117
2024,16,2024_16_TB_DAL,DAL,TB,26.0,24.0,2.0,0.4040993111047634,1,False,7,7,0,matrixturf,closed,,,-4.5,00-0033662,00-0034855,-155.3653425968034,False,False,False,False,False,False,True,False,False,True,False,False,False,59.0,8.0,0,0.3241906169387043,0.3241906169387043,0.3721358334383398
2024,16,2024_16_NO_GB,GB,NO,34.0,0.0,34.0,0.7963368354802629,1,False,8,8,0,grass,outdoors,34.0,12.0,14.0,00-0036264,00-0038998,545.4219126467697,False,False,False,False,True,False,False,False,False,False,False,False,True,34.0,12.0,0,0.8297502940165581,0.8297502940165581,0.8097022188947809
2024,17,2024_17_KC_PIT,PIT,KC,10.0,29.0,-19.0,0.36897474922855056,0,False,4,4,0,grass,outdoors,39.0,2.0,-3.0,00-0029263,00-0033873,-214.6470669547424,False,False,False,False,True,False,False,False,False,False,False,False,True,39.0,2.0,0,0.419303552756904,0.419303552756904,0.38910627063989195
2024,17,2024_17_BAL_HOU,HOU,BAL,2.0,31.0,-29.0,0.29416742289667686,0,False,4,4,0,astroturf,closed,,,-5.5,00-0039163,00-0034796,-350.0915982270647,False,False,True,False,False,False,False,False,False,True,False,False,False,59.0,8.0,0,0.27727517155114145,0.27727517155114145,0.2874105223584627
2024,17,2024_17_SEA_CHI,CHI,SEA,3.0,6.0,-3.0,0.3420116969129427,0,False,4,4,0,grass,outdoors,47.0,5.0,-3.5,00-0039918,00-0030565,-261.73688669051825,False,False,False,False,True,False,False,False,False,False,False,False,True,47.0,5.0,0,0.4052702293289514,0.4052702293289514,0.36731510987934624
2024,17,2024_17_LAC_NE,NE,LAC,7.0,40.0,-33.0,0.31475977748524053,0,False,6,9,0,fieldturf,outdoors,40.0,4.0,-6.0,00-0039851,00-0036355,-311.18389194225745,False,False,False,True,False,False,False,False,False,False,False,False,True,40.0,4.0,-3,0.2535103534971574,0.2535103534971574,0.2902600078900073
2024,17,2024_17_DEN_CIN,CIN,DEN,30.0,24.0,6.0,0.6080446948041418,1,False,6,9,0,fieldturf,outdoors,60.0,8.0,3.5,00-0036442,00-0039732,175.64022980915584,False,False,False,True,False,False,False,False,False,False,False,False,True,60.0,8.0,-3,0.6335198678546233,0.6335198678546233,0.6182347640243344
2024,17,2024_17_ARI_LA,LA,ARI,13.0,9.0,4.0,0.711912358539777,1,False,6,6,1,matrixturf,dome,,,6.5,00-0026498,00-0035228,361.8760269713571,False,False,False,False,False,False,True,False,False,False,True,False,False,59.0,8.0,0,0.717281313842285,0.717281313842285,0.7140599406607802
2024,17,2024_17_NYJ_BUF,BUF,NYJ,40.0,14.0,26.0,0.8693950597795108,1,False,7,7,1,a_turf,outdoors,54.0,15.0,10.0,00-0034857,00-0023459,758.2482371876104,True,False,False,False,False,False,False,False,False,False,False,False,True,54.0,15.0,0,0.8647329756044043,0.8647329756044043,0.8675302261094682
2024,17,2024_17_TEN_JAX,JAX,TEN,20.0,13.0,7.0,0.5990018996632033,1,False,7,7,1,grass,outdoors,72.0,16.0,-1.0,00-0036972,00-0034771,160.52323180831368,False,False,False,False,True,False,False,False,False,False,False,False,True,72.0,16.0,0,0.46178189860741,0.46178189860741,0.5441138992408859
2024,17,2024_17_LV_NO,NO,LV,10.0,25.0,-15.0,0.6850435807890655,0,False,6,7,0,sportturf,dome,,,-2.0,00-0038998,00-0038579,310.8192721142005,False,False,False,False,False,False,False,True,False,False,True,False,False,59.0,8.0,-1,0.5380035608452972,0.5380035608452972,0.6262275728115582
2024,17,2024_17_IND_NYG,NYG,IND,45.0,33.0,12.0,0.2756580020329162,1,False,7,7,0,fieldturf,outdoors,54.0,0.0,-7.5,00-0038476,00-0026158,-386.4410717740996,False,False,False,True,False,False,False,False,False,False,False,False,True,54.0,0.0,0,0.24726903242690654,0.24726903242690654,0.2643024141905123
2024,17,2024_17_DAL_PHI,PHI,DAL,41.0,7.0,34.0,0.7556721016969293,1,False,7,7,1,grass,outdoors,62.0,10.0,7.5,00-0036389,00-0033662,451.6385542131581,False,False,False,False,True,False,False,False,False,False,False,False,True,62.0,10.0,0,0.7136077272228761,0.7136077272228761,0.7388463519073081
2024,17,2024_17_CAR_TB,TB,CAR,48.0,14.0,34.0,0.8430684727099897,1,False,7,7,1,grass,outdoors,76.0,8.0,9.5,00-0034855,00-0039150,672.4954405761697,False,False,False,False,True,False,False,False,False,False,False,False,True,76.0,8.0,0,0.8437005740822684,0.8437005740822684,0.8433213132589011
2024,17,2024_17_MIA_CLE,CLE,MIA,3.0,20.0,-17.0,0.3852122463099212,0,False,7,7,0,grass,outdoors,54.0,15.0,-3.0,00-0031503,00-0035993,-186.99304831550708,False,False,False,False,True,False,False,False,False,False,False,False,True,54.0,15.0,0,0.4182314298974488,0.4182314298974488,0.39841991974493224
2024,17,2024_17_GB_MIN,MIN,GB,27.0,25.0,2.0,0.5376570078554169,1,False,7,6,1,sportturf,dome,,,-1.0,00-0034869,00-0036264,60.36552084460411,False,False,False,False,False,False,False,True,False,False,True,False,False,59.0,8.0,1,0.4683374358579263,0.4683374358579263,0.5099291790564207
2024,17,2024_17_ATL_WAS,WAS,ATL,30.0,24.0,6.0,0.6494644758327272,1,False,7,7,0,grass,outdoors,58.0,10.0,3.5,00-0039910,00-0039917,246.67443432287993,False,False,False,False,True,False,False,False,False,False,False,False,True,58.0,10.0,0,0.6174267463707931,0.6174267463707931,0.6366493840479536
2024,17,2024_17_DET_SF,SF,DET,34.0,40.0,-6.0,0.34478847050258754,0,False,8,8,0,grass,outdoors,,,-4.0,00-0037834,00-0033106,-256.8108117136575,False,False,False,False,True,False,False,False,False,False,False,False,True,59.0,8.0,0,0.4052702293289514,0.4052702293289514,0.36898117403313313
2024,18,2024_18_CLE_BAL,BAL,CLE,35.0,10.0,25.0,0.89897957518639,1,False,10,6,1,grass,outdoors,31.0,16.0,19.5,00-0034796,00-0038108,874.3750369834509,False,False,False,False,True,False,False,False,False,False,False,False,True,31.0,16.0,4,0.87561898320456,0.87561898320456,0.8896353383936579
2024,18,2024_18_CIN_PIT,PIT,CIN,17.0,19.0,-2.0,0.5268003108389789,0,False,10,7,1,grass,outdoors,19.0,10.0,-2.5,00-0029263,00-0036442,42.921633881302235,False,False,False,False,True,False,False,False,False,False,False,False,True,19.0,10.0,3,0.4384857769288776,0.4384857769288776,0.4914744972749384
2024,18,2024_18_CAR_ATL,ATL,CAR,38.0,44.0,-6.0,0.7019147815636622,0,False,7,7,1,fieldturf,closed,,,7.5,00-0039917,00-0039150,342.5730357365929,False,False,False,True,False,False,False,False,False,True,False,False,False,59.0,8.0,0,0.7246231536948676,0.7246231536948676,0.7109981304161443
2024,18,2024_18_WAS_DAL,DAL,WAS,19.0,23.0,-4.0,0.3473029833001234,0,False,7,7,1,matrixturf,closed,,,-7.0,00-0037012,00-0039910,-252.36619409236224,False,False,False,False,False,False,True,False,False,True,False,False,False,59.0,8.0,0,0.26204723100388094,0.26204723100388094,0.3132006823816264
2024,18,2024_18_CHI_GB,GB,CHI,22.0,24.0,-2.0,0.841008755466001,0,False,7,10,1,grass,outdoors,16.0,13.0,10.0,00-0036264,00-0039918,666.3011743274534,False,False,False,False,True,False,False,False,False,False,False,False,True,16.0,13.0,-3,0.8336849067068016,0.8336849067068016,0.8380792159623213
2024,18,2024_18_JAX_IND,IND,JAX,26.0,23.0,3.0,0.6650565333743842,1,False,7,7,1,fieldturf,closed,,,3.5,00-0026158,00-0036972,274.36411535715195,False,False,False,True,False,False,False,False,False,True,False,False,False,59.0,8.0,0,0.6483758172881594,0.6483758172881594,0.6583842469398943
2024,18,2024_18_BUF_NE,NE,BUF,23.0,16.0,7.0,0.14326812120171634,1,False,8,7,1,fieldturf,outdoors,33.0,14.0,-3.0,00-0039398,00-0033869,-715.3628645219612,False,False,False,True,False,False,False,False,False,False,False,False,True,33.0,14.0,1,0.3987532531964097,0.3987532531964097,0.2454621739995937
2024,18,2024_18_NYG_PHI,PHI,NYG,20.0,13.0,7.0,0.8861103058383354,1,False,7,7,1,grass,outdoors,31.0,19.0,3.0,00-0038400,00-0035704,820.6444226582199,False,False,False,False,True,False,False,False,False,False,False,False,True,31.0,19.0,0,0.516448888346822,0.516448888346822,0.7382457388417301
2024,18,2024_18_NO_TB,TB,NO,27.0,19.0,8.0,0.7786288975394025,1,False,7,7,1,grass,outdoors,68.0,6.0,14.5,00-0034855,00-0039376,503.0776237334539,False,False,False,False,True,False,False,False,False,False,False,False,True,68.0,6.0,0,0.826035471616432,0.826035471616432,0.7975915271702143
2024,18,2024_18_HOU_TEN,TEN,HOU,14.0,23.0,-9.0,0.42012119079854554,0,False,7,11,1,grass,outdoors,35.0,10.0,2.5,00-0034771,00-0036898,-128.91036515177038,False,False,False,False,True,False,False,False,False,False,False,False,True,35.0,10.0,-4,0.5375855948193096,0.5375855948193096,0.4671069524068512
2024,18,2024_18_SF_ARI,ARI,SF,47.0,24.0,23.0,0.5791135269501926,1,False,8,6,1,grass,closed,,,4.5,00-0035228,00-0033949,127.65415817184964,False,False,False,False,True,False,False,False,False,True,False,False,False,59.0,8.0,2,0.5912951471841128,0.5912951471841128,0.5839861750437607
2024,18,2024_18_KC_DEN,DEN,KC,38.0,0.0,38.0,0.5729456735950571,1,False,8,11,1,grass,outdoors,28.0,5.0,10.5,00-0039732,00-0032950,117.55186739587064,False,False,False,False,True,False,False,False,False,False,False,False,True,28.0,5.0,-3,0.6581781463703866,0.6581781463703866,0.6070386627051889
2024,18,2024_18_SEA_LA,LA,SEA,25.0,30.0,-5.0,0.44607202106491917,0,False,8,10,1,matrixturf,dome,,,-7.5,00-0031345,00-0030565,-86.62170207300402,False,False,False,False,False,False,True,False,False,False,True,False,False,59.0,8.0,-2,0.24867994404914856,0.24867994404914856,0.3671151902586109
2024,18,2024_18_LAC_LV,LV,LAC,20.0,34.0,-14.0,0.35116814879020536,0,False,7,8,1,grass,dome,,,-7.0,00-0038579,00-0036355,-245.56337158095278,False,False,False,False,True,False,False,False,False,False,True,False,False,59.0,8.0,-1,0.26204723100388094,0.26204723100388094,0.31551978167567557
2024,18,2024_18_MIA_NYJ,NYJ,MIA,32.0,20.0,12.0,0.4171909492248225,1,False,7,7,1,fieldturf,outdoors,34.0,10.0,1.5,00-0023459,00-0036212,-133.72623008577241,False,False,False,True,False,False,False,False,False,False,False,False,True,34.0,10.0,0,0.49831720784705197,0.49831720784705197,0.4496414526737143
2024,18,2024_18_MIN_DET,DET,MIN,31.0,9.0,22.0,0.6457079691536317,1,False,6,7,1,fieldturf,dome,,,3.0,00-0033106,00-0034869,240.09032899691692,False,False,False,True,False,False,False,False,False,False,True,False,False,59.0,8.0,-1,0.5840832358670645,0.5840832358670645,0.6210580758390047
2025,1,2025_01_DAL_PHI,PHI,DAL,24.0,20.0,4.0,0.7556413929208914,1,False,7,7,1,grass,outdoors,75.0,11.0,8.5,00-0036389,00-0033077,451.5720272677214,False,False,False,False,True,False,False,False,False,False,False,False,True,75.0,11.0,0,0.7295179751077495,0.7295179751077495,0.7451920257956346
2025,1,2025_01_KC_LAC,LAC,KC,27.0,21.0,6.0,0.37887143502595766,1,True,7,7,1,,dome,,,-3.0,00-0036355,00-0033873,-197.73646539330812,False,False,False,False,False,False,False,False,True,False,True,False,False,59.0,8.0,0,0.4218581317376174,0.4218581317376174,0.39606611371062156
2025,1,2025_01_TB_ATL,ATL,TB,20.0,23.0,-3.0,0.42606218913378724,0,False,7,7,1,fieldturf,closed,,,-1.5,00-0039917,00-0034855,-119.17429100577932,False,False,False,True,False,False,False,False,False,True,False,False,False,59.0,8.0,0,0.4382138592224254,0.4382138592224254,0.4309228571692425
2025,1,2025_01_CIN_CLE,CLE,CIN,16.0,17.0,-1.0,0.2839396212525697,0,False,7,7,1,grass,outdoors,63.0,10.0,-5.5,00-0026158,00-0036442,-370.00115077190986,False,False,False,False,True,False,False,False,False,False,False,False,True,63.0,10.0,0,0.29496671935595603,0.29496671935595603,0.2883504604939242
2025,1,2025_01_MIA_IND,IND,MIA,33.0,8.0,25.0,0.5027336738163796,1,False,7,7,0,fieldturf,closed,,,1.5,00-0035710,00-0036212,4.373921688150206,False,False,False,True,False,False,False,False,False,True,False,False,False,59.0,8.0,0,0.5150716275810977,0.5150716275810977,0.5076688553222668
2025,1,2025_01_CAR_JAX,JAX,CAR,26.0,10.0,16.0,0.6428588605326748,1,False,7,7,0,grass,outdoors,85.0,3.0,4.5,00-0036971,00-0039150,235.11765853652838,False,False,False,False,True,False,False,False,False,False,False,False,True,85.0,3.0,0,0.6174802678545372,0.6174802678545372,0.6327074234614198
2025,1,2025_01_LV_NE,NE,LV,13.0,20.0,-7.0,0.6468314147505998,0,False,7,7,0,fieldturf,outdoors,62.0,4.0,2.5,00-0039851,00-0030565,242.05606979250894,False,False,False,True,False,False,False,False,False,False,False,False,True,62.0,4.0,0,0.5675249664798684,0.5675249664798684,0.6151088354423073
2025,1,2025_01_ARI_NO,NO,ARI,13.0,20.0,-7.0,0.3810945870045136,0,False,7,7,0,sportturf,dome,,,-6.0,00-0039376,00-0035228,-193.96194027705315,False,False,False,False,False,False,False,True,False,False,True,False,False,59.0,8.0,0,0.30768333926122393,0.30768333926122393,0.35173008790719773
2025,1,2025_01_PIT_NYJ,NYJ,PIT,32.0,34.0,-2.0,0.427198076764068,0,False,7,7,0,fieldturf,outdoors,67.0,3.0,-3.0,00-0036945,00-0023459,-117.31687502653898,False,False,False,True,False,False,False,False,False,False,False,False,True,67.0,3.0,0,0.41850235643615213,0.41850235643615213,0.42371978863290166
2025,1,2025_01_NYG_WAS,WAS,NYG,21.0,6.0,15.0,0.7527174025004987,1,False,7,7,1,grass,outdoors,68.0,5.0,6.0,00-0039910,00-0029263,445.263223928616,False,False,False,False,True,False,False,False,False,False,False,False,True,68.0,5.0,0,0.6519595748630707,0.6519595748630707,0.7124142714455275
2025,1,2025_01_TEN_DEN,DEN,TEN,20.0,12.0,8.0,0.78817171286311,1,False,7,7,0,grass,outdoors,84.0,6.0,8.5,00-0039732,00-0040676,525.5759982828558,False,False,False,False,True,False,False,False,False,False,False,False,True,84.0,6.0,0,0.7100694957770224,0.7100694957770224,0.756930826028675
2025,1,2025_01_SF_SEA,SEA,SF,13.0,17.0,-4.0,0.5386870666554566,0,False,7,7,1,fieldturf,outdoors,67.0,6.0,-2.5,00-0034869,00-0037834,62.023277623696856,False,False,False,True,False,False,False,False,False,False,False,False,True,67.0,6.0,0,0.41987587707884594,0.41987587707884594,0.4911625908248124
2025,1,2025_01_DET_GB,GB,DET,27.0,13.0,14.0,0.5139291173989871,1,False,7,7,1,grass,outdoors,60.0,5.0,1.5,00-0036264,00-0033106,22.292355925473473,False,False,False,False,True,False,False,False,False,False,False,False,True,60.0,5.0,0,0.5122365209217629,0.5122365209217629,0.5132520788080974
2025,1,2025_01_HOU_LA,LA,HOU,14.0,9.0,5.0,0.6481874948093443,1,False,7,7,0,matrixturf,dome,,,3.5,00-0026498,00-0039163,244.4326481454856,False,False,False,False,False,False,True,False,False,False,True,False,False,59.0,8.0,0,0.6311053824090277,0.6311053824090277,0.6413546498492178
2025,1,2025_01_BAL_BUF,BUF,BAL,41.0,40.0,1.0,0.5293171027285869,1,False,7,7,0,a_turf,outdoors,58.0,8.0,-1.5,00-0034857,00-0034796,46.96123089564903,True,False,False,False,False,False,False,False,False,False,False,False,True,58.0,8.0,0,0.47270971678643453,0.47270971678643453,0.506674148351726
2025,1,2025_01_MIN_CHI,CHI,MIN,24.0,27.0,-3.0,0.40940929993843167,0,False,7,7,1,grass,outdoors,68.0,6.0,-1.5,00-0039918,00-0039923,-146.56313344120605,False,False,False,False,True,False,False,False,False,False,False,False,True,68.0,6.0,0,0.41987587707884594,0.41987587707884594,0.4135959307945974
2025,2,2025_02_WAS_GB,GB,WAS,27.0,18.0,9.0,0.6416652441385102,1,False,4,4,0,grass,outdoors,65.0,7.0,3.5,00-0036264,00-0039910,233.03964775701155,False,False,False,False,True,False,False,False,False,False,False,False,True,65.0,7.0,0,0.6306446152078712,0.6306446152078712,0.6372569925662546
2025,2,2025_02_CLE_BAL,BAL,CLE,41.0,17.0,24.0,0.8221804649352714,1,False,7,7,1,grass,outdoors,82.0,3.0,12.5,00-0034796,00-0026158,612.476290650884,False,False,False,False,True,False,False,False,False,False,False,False,True,82.0,3.0,0,0.9018417127994861,0.9018417127994861,0.8540449640809573
2025,2,2025_02_JAX_CIN,CIN,JAX,31.0,27.0,4.0,0.7191693459806854,1,False,7,7,0,fieldturf,outdoors,85.0,3.0,3.5,00-0036442,00-0036971,376.13801077406674,False,False,False,True,False,False,False,False,False,False,False,False,True,85.0,3.0,0,0.6527588017805573,0.6527588017805573,0.6926051283006341
2025,2,2025_02_NYG_DAL,DAL,NYG,40.0,37.0,3.0,0.6775725801337101,1,False,10,7,1,matrixturf,closed,,,4.5,00-0033077,00-0029263,297.05544805420595,False,False,False,False,False,False,True,False,False,True,False,False,False,59.0,8.0,3,0.6386342349034426,0.6386342349034426,0.6619972420416032
2025,2,2025_02_CHI_DET,DET,CHI,52.0,21.0,31.0,0.774084594643612,1,False,7,6,1,fieldturf,dome,,,6.0,00-0033106,00-0039918,492.6082185620449,False,False,False,True,False,False,False,False,False,False,True,False,False,59.0,8.0,1,0.6558474756688708,0.6558474756688708,0.7267897470537155
2025,2,2025_02_NE_MIA,MIA,NE,27.0,33.0,-6.0,0.6576422692692777,0,False,7,7,1,grass,outdoors,89.0,4.0,1.5,00-0036212,00-0039851,261.1219732335118,False,False,False,False,True,False,False,False,False,False,False,False,True,89.0,4.0,0,0.5706299424824308,0.5706299424824308,0.6228373385545389
2025,2,2025_02_SF_NO,NO,SF,21.0,26.0,-5.0,0.4200162257304932,0,False,7,7,0,sportturf,dome,,,-3.0,00-0039376,00-0036972,-129.08271381156123,False,False,False,False,False,False,False,True,False,False,True,False,False,59.0,8.0,0,0.4420849127980615,0.4420849127980615,0.4288437005575205
2025,2,2025_02_BUF_NYJ,NYJ,BUF,10.0,30.0,-20.0,0.32011123186320306,0,False,7,7,1,fieldturf,outdoors,80.0,3.0,-6.0,00-0036945,00-0034857,-301.304269421253,False,False,False,True,False,False,False,False,False,False,False,False,True,80.0,3.0,0,0.31037548104939944,0.31037548104939944,0.3162169315376816
2025,2,2025_02_SEA_PIT,PIT,SEA,17.0,31.0,-14.0,0.6586879403761069,0,False,7,7,0,grass,outdoors,79.0,5.0,3.5,00-0023459,00-0034869,262.9810790366312,False,False,False,False,True,False,False,False,False,False,False,False,True,79.0,5.0,0,0.6348884222037787,0.6348884222037787,0.6491681331071757
2025,2,2025_02_LA_TEN,TEN,LA,19.0,33.0,-14.0,0.3228584906297584,0,False,7,7,0,grass,outdoors,83.0,3.0,-5.5,00-0040676,00-0026498,-296.26646301242897,False,False,False,False,True,False,False,False,False,False,False,False,True,83.0,3.0,0,0.3154710051991798,0.3154710051991798,0.31990349645752697
2025,2,2025_02_CAR_ARI,ARI,CAR,27.0,22.0,5.0,0.7110312142535152,1,False,7,7,0,grass,closed,,,7.0,00-0035228,00-0039150,360.1590625046877,False,False,False,False,True,False,False,False,False,True,False,False,False,59.0,8.0,0,0.7295179751077495,0.7295179751077495,0.7184259185952089
2025,2,2025_02_DEN_IND,IND,DEN,29.0,28.0,1.0,0.39526457437193235,1,False,7,7,0,fieldturf,closed,,,-2.5,00-0035710,00-0039732,-170.0942800616486,False,False,False,True,False,False,False,False,False,True,False,False,False,59.0,8.0,0,0.4410096949642788,0.4410096949642788,0.4135626226088709
2025,2,2025_02_PHI_KC,KC,PHI,17.0,20.0,-3.0,0.48430257331130633,0,False,9,10,0,grass,outdoors,88.0,12.0,-1.5,00-0033873,00-0036389,-25.12413929817079,False,False,False,False,True,False,False,False,False,False,False,False,True,88.0,12.0,-1,0.4410096949642788,0.4410096949642788,0.46698542197249526
2025,2,2025_02_ATL_MIN,MIN,ATL,6.0,22.0,-16.0,0.6975617238984453,0,False,6,7,0,sportturf,dome,,,3.5,00-0039923,00-0039917,334.2855168476768,False,False,False,False,False,False,False,True,False,False,True,False,False,59.0,8.0,-1,0.6488323171420749,0.6488323171420749,0.6780699611958971
2025,2,2025_02_TB_HOU,HOU,TB,19.0,20.0,-1.0,0.5381914679668716,0,False,8,8,0,astroturf,closed,,,2.5,00-0039163,00-0034855,61.225605164315944,False,False,True,False,False,False,False,False,False,True,False,False,False,59.0,8.0,0,0.5150716275810977,0.5150716275810977,0.528943531812562
2025,2,2025_02_LAC_LV,LV,LAC,9.0,20.0,-11.0,0.3188850404255341,0,False,8,10,1,grass,dome,,,-3.5,00-0030565,00-0036355,-303.56017554315855,False,False,False,False,True,False,False,False,False,False,True,False,False,59.0,8.0,-2,0.4069456448807687,0.4069456448807687,0.35410928220762794
2025,3,2025_03_MIA_BUF,BUF,MIA,31.0,21.0,10.0,0.7752468447833183,1,False,4,4,1,a_turf,outdoors,68.0,7.0,12.5,00-0034857,00-0036212,495.2715104002957,True,False,False,False,False,False,False,False,False,False,False,False,True,68.0,7.0,0,0.8493764352746735,0.8493764352746735,0.8048986809798604
2025,3,2025_03_ATL_CAR,CAR,ATL,30.0,0.0,30.0,0.3328981572825338,1,False,7,7,1,grass,outdoors,83.0,5.0,-5.5,00-0039150,00-0039917,-278.0424451100255,False,False,False,False,True,False,False,False,False,False,False,False,True,83.0,5.0,0,0.3154710051991798,0.3154710051991798,0.3259272964491922
2025,3,2025_03_GB_CLE,CLE,GB,13.0,10.0,3.0,0.293140348977261,1,False,7,10,0,grass,outdoors,79.0,10.0,-8.5,00-0026158,00-0036264,-352.072252682798,False,False,False,False,True,False,False,False,False,False,False,False,True,79.0,10.0,-3,0.27289843833714855,0.27289843833714855,0.28504358472121605
2025,3,2025_03_HOU_JAX,JAX,HOU,17.0,10.0,7.0,0.4897745670139108,1,False,7,6,1,grass,outdoors,85.0,11.0,1.5,00-0036971,00-0039163,-16.362974237652807,False,False,False,False,True,False,False,False,False,False,False,False,True,85.0,11.0,1,0.5122365209217629,0.5122365209217629,0.4987593485770516
2025,3,2025_03_CIN_MIN,MIN,CIN,48.0,10.0,38.0,0.6125243702317031,1,False,7,7,0,sportturf,dome,,,3.0,00-0032950,00-0035100,183.17430954623504,False,False,False,False,False,False,False,True,False,False,True,False,False,59.0,8.0,0,0.5755424891813942,0.5755424891813942,0.5977316178115796
2025,3,2025_03_PIT_NE,NE,PIT,14.0,21.0,-7.0,0.47137967772083156,0,False,7,7,0,fieldturf,outdoors,66.0,5.0,-1.5,00-0039851,00-0023459,-45.84262712525664,False,False,False,True,False,False,False,False,False,False,False,False,True,66.0,5.0,0,0.4282938438614576,0.4282938438614576,0.45414534417708197
2025,3,2025_03_LA_PHI,PHI,LA,33.0,26.0,7.0,0.6672558057898078,1,False,7,7,0,grass,outdoors,73.0,9.0,3.5,00-0036389,00-0026498,278.3197920393213,False,False,False,False,True,False,False,False,False,False,False,False,True,73.0,9.0,0,0.6283165451106455,0.6283165451106455,0.6516801015181428
2025,3,2025_03_NYJ_TB,TB,NYJ,29.0,27.0,2.0,0.7546061965319208,1,False,6,7,0,grass,outdoors,88.0,5.0,6.5,00-0034855,00-0028118,449.3326951829671,False,False,False,False,True,False,False,False,False,False,False,False,True,88.0,5.0,-1,0.7183035189543906,0.7183035189543906,0.7400851255009087
2025,3,2025_03_IND_TEN,TEN,IND,20.0,41.0,-21.0,0.30276001347118237,0,False,7,7,1,grass,outdoors,84.0,8.0,-6.0,00-0040676,00-0035710,-333.67568323615313,False,False,False,False,True,False,False,False,False,False,False,False,True,84.0,8.0,0,0.3378488818980776,0.3378488818980776,0.31679556084194044
2025,3,2025_03_LV_WAS,WAS,LV,41.0,24.0,17.0,0.6968088166797267,1,False,10,6,0,grass,outdoors,72.0,6.0,2.5,00-0032268,00-0030565,332.85900158852326,False,False,False,False,True,False,False,False,False,False,False,False,True,72.0,6.0,4,0.5867206594178977,0.5867206594178977,0.6527735537749951
2025,3,2025_03_DEN_LAC,LAC,DEN,23.0,20.0,3.0,0.6369705304557483,1,False,6,7,1,matrixturf,dome,,,2.5,00-0036355,00-0039732,224.89575087761278,False,False,False,False,False,False,True,False,False,False,True,False,False,59.0,8.0,-1,0.5542379204127099,0.5542379204127099,0.6038774864385329
2025,3,2025_03_NO_SEA,SEA,NO,44.0,13.0,31.0,0.6818740053781412,1,False,7,7,0,fieldturf,outdoors,63.0,3.0,7.5,00-0034869,00-0039376,304.95895364659253,False,False,False,True,False,False,False,False,False,False,False,False,True,63.0,3.0,0,0.7240104603630786,0.7240104603630786,0.6987285873721162
2025,3,2025_03_DAL_CHI,CHI,DAL,31.0,14.0,17.0,0.4514598280031634,1,False,7,7,0,grass,outdoors,82.0,4.0,-1.5,00-0039918,00-0033077,-77.90964895845795,False,False,False,False,True,False,False,False,False,False,False,False,True,82.0,4.0,0,0.4282938438614576,0.4282938438614576,0.44219343434648106
2025,3,2025_03_ARI_SF,SF,ARI,16.0,15.0,1.0,0.5680526763249578,1,False,7,7,1,grass,outdoors,72.0,7.0,1.5,00-0036972,00-0035228,109.5642038231496,False,False,False,False,True,False,False,False,False,False,False,False,True,72.0,7.0,0,0.5122365209217629,0.5122365209217629,0.5457262141636798
2025,3,2025_03_KC_NYG,NYG,KC,9.0,22.0,-13.0,0.3369901064643871,0,False,7,7,0,fieldturf,outdoors,65.0,5.0,-6.0,00-0029263,00-0033873,-270.694536080816,False,False,False,True,False,False,False,False,False,False,False,False,True,65.0,5.0,0,0.26956083529521224,0.26956083529521224,0.31001839799671715
2025,3,2025_03_DET_BAL,BAL,DET,30.0,38.0,-8.0,0.6477704611132413,0,False,8,8,0,grass,outdoors,74.0,7.0,4.5,00-0034796,00-0033106,243.70133789524812,False,False,False,False,True,False,False,False,False,False,False,False,True,74.0,7.0,0,0.6306446152078712,0.6306446152078712,0.6409201227510932
2025,4,2025_04_SEA_ARI,ARI,SEA,20.0,23.0,-3.0,0.46952063178911463,0,False,4,4,1,grass,closed,,,-1.5,00-0035228,00-0034869,-48.82752969120836,False,False,False,False,True,False,False,False,False,True,False,False,False,59.0,8.0,0,0.4382138592224254,0.4382138592224254,0.4569979227624389
2025,4,2025_04_MIN_PIT,PIT,MIN,24.0,21.0,3.0,0.42588871604504625,1,True,7,7,0,grass,outdoors,61.0,5.0,-2.5,00-0023459,00-0032950,-119.45806792505569,False,False,False,False,True,False,False,False,False,False,False,False,True,61.0,5.0,0,0.4282938438614576,0.4282938438614576,0.42685076717161075
2025,4,2025_04_WAS_ATL,ATL,WAS,34.0,27.0,7.0,0.4741122072492008,1,False,7,7,0,fieldturf,closed,,,2.5,00-0039917,00-0039910,-41.45754015203087,False,False,False,True,False,False,False,False,False,True,False,False,False,59.0,8.0,0,0.5150716275810977,0.5150716275810977,0.49049597538195955
2025,4,2025_04_NO_BUF,BUF,NO,31.0,19.0,12.0,0.8295587974212656,1,False,10,7,0,a_turf,outdoors,73.0,7.0,15.5,00-0034857,00-0039376,633.0014422992416,True,False,False,False,False,False,False,False,False,False,False,False,True,73.0,7.0,3,0.8918122402325239,0.8918122402325239,0.854460174545769
2025,4,2025_04_CLE_DET,DET,CLE,34.0,10.0,24.0,0.8148738770294403,1,False,6,7,0,fieldturf,dome,,,10.0,00-0033106,00-0026158,592.7984042289446,False,False,False,True,False,False,False,False,False,False,True,False,False,59.0,8.0,-1,0.8429181143129324,0.8429181143129324,0.8260915719428371
2025,4,2025_04_TEN_HOU,HOU,TEN,26.0,0.0,26.0,0.716410932838652,1,False,7,7,1,astroturf,closed,,,7.5,00-0039163,00-0040676,370.6910748656674,False,False,True,False,False,False,False,False,False,True,False,False,False,59.0,8.0,0,0.7295179751077495,0.7295179751077495,0.7216537497462909
2025,4,2025_04_CAR_NE,NE,CAR,42.0,13.0,29.0,0.6603152339404987,1,False,7,7,0,fieldturf,outdoors,76.0,7.0,5.5,00-0039851,00-0039150,265.8797277164966,False,False,False,True,False,False,False,False,False,False,False,False,True,76.0,7.0,0,0.6485990261918182,0.6485990261918182,0.6556287508410266
2025,4,2025_04_LAC_NYG,NYG,LAC,21.0,18.0,3.0,0.2640817442190469,1,False,7,7,0,fieldturf,outdoors,81.0,4.0,-6.0,00-0040691,00-0036355,-409.9441418534651,False,False,False,True,False,False,False,False,False,False,False,False,True,81.0,4.0,0,0.31037548104939944,0.31037548104939944,0.2825992389511879
2025,4,2025_04_PHI_TB,TB,PHI,25.0,31.0,-6.0,0.4066284790285779,0,False,7,7,0,grass,outdoors,88.0,6.0,-3.5,00-0034855,00-0036389,-151.16830924514906,False,False,False,False,True,False,False,False,False,False,False,False,True,88.0,6.0,0,0.39807342079094604,0.39807342079094604,0.4032064557335252
2025,4,2025_04_IND_LA,LA,IND,27.0,20.0,7.0,0.6579263858578073,1,False,7,7,0,matrixturf,dome,,,3.5,00-0026498,00-0035710,261.6268358161732,False,False,False,False,False,False,True,False,False,False,True,False,False,59.0,8.0,0,0.6386342349034426,0.6386342349034426,0.6502095254760614
2025,4,2025_04_JAX_SF,SF,JAX,21.0,26.0,-5.0,0.6584541893579852,0,False,7,7,0,grass,outdoors,72.0,7.0,3.5,00-0037834,00-0036971,262.5652540845774,False,False,False,False,True,False,False,False,False,False,False,False,True,72.0,7.0,0,0.6381774802005572,0.6381774802005572,0.650343505695014
2025,4,2025_04_BAL_KC,KC,BAL,37.0,20.0,17.0,0.48789292171953597,1,False,7,6,0,grass,outdoors,89.0,10.0,-2.5,00-0033873,00-0034796,-19.37511254771809,False,False,False,False,True,False,False,False,False,False,False,False,True,89.0,10.0,1,0.4453626906245073,0.4453626906245073,0.47088082928152447
2025,4,2025_04_CHI_LV,LV,CHI,24.0,25.0,-1.0,0.5491614861741876,0,False,7,7,0,grass,dome,,,1.5,00-0030565,00-0039918,78.91333255252601,False,False,False,False,True,False,False,False,False,False,True,False,False,59.0,8.0,0,0.5188321118268847,0.5188321118268847,0.5370297364352664
2025,4,2025_04_GB_DAL,DAL,GB,40.0,40.0,0.0,0.2787135693815173,0,False,7,7,0,matrixturf,closed,,,-7.0,00-0033077,00-0036264,-380.34068220189255,False,False,False,False,False,False,True,False,False,True,False,False,False,59.0,8.0,0,0.28506871583506993,0.28506871583506993,0.28125562796293835
2025,4,2025_04_NYJ_MIA,MIA,NYJ,27.0,21.0,6.0,0.6245979011476931,1,False,11,8,1,grass,outdoors,88.0,17.0,2.5,00-0036212,00-0036945,203.64414776659342,False,False,False,False,True,False,False,False,False,False,False,False,True,88.0,17.0,3,0.5436744302985678,0.5436744302985678,0.592228512808043
2025,4,2025_04_CIN_DEN,DEN,CIN,28.0,3.0,25.0,0.6412090127925394,1,False,8,8,0,grass,outdoors,66.0,12.0,7.5,00-0039732,00-0035100,232.24618646651,False,False,False,False,True,False,False,False,False,False,False,False,True,66.0,12.0,0,0.7174734622082982,0.7174734622082982,0.6717147925588429
2025,5,2025_05_SF_LA,LA,SF,23.0,26.0,-3.0,0.6807106015079107,0,False,4,4,1,matrixturf,dome,,,8.5,00-0026498,00-0036972,302.81574317030504,False,False,False,False,False,False,True,False,False,False,True,False,False,59.0,8.0,0,0.7240104603630786,0.7240104603630786,0.6980305450499779
2025,5,2025_05_MIN_CLE,CLE,MIN,17.0,21.0,-4.0,0.30115755879680894,0,True,7,7,0,grass,outdoors,61.0,14.0,-3.5,00-0040704,00-0032950,-336.71669274949585,False,False,False,False,True,False,False,False,False,False,False,False,True,61.0,14.0,0,0.4069456448807687,0.4069456448807687,0.3434727932303928
2025,5,2025_05_HOU_BAL,BAL,HOU,10.0,44.0,-34.0,0.643754745488862,0,False,7,7,0,grass,outdoors,78.0,2.0,-2.5,00-0033662,00-0039163,236.67936510412392,False,False,False,False,True,False,False,False,False,False,False,False,True,78.0,2.0,0,0.4686922628900271,0.4686922628900271,0.5737297524493281
2025,5,2025_05_MIA_CAR,CAR,MIA,27.0,24.0,3.0,0.44582452819815455,1,False,7,6,0,grass,outdoors,77.0,8.0,-1.5,00-0039150,00-0036212,-87.02237305212046,False,False,False,False,True,False,False,False,False,False,False,False,True,77.0,8.0,1,0.43593355629941066,0.43593355629941066,0.441868139438657
2025,5,2025_05_LV_IND,IND,LV,40.0,6.0,34.0,0.6903742933286491,1,False,7,7,0,fieldturf,closed,,,7.0,00-0035710,00-0030565,320.7478937851729,False,False,False,True,False,False,False,False,False,True,False,False,False,59.0,8.0,0,0.7240104603630786,0.7240104603630786,0.7038287601424209
2025,5,2025_05_NYG_NO,NO,NYG,26.0,14.0,12.0,0.6309337781530785,1,False,7,7,0,sportturf,dome,,,1.5,00-0039376,00-0040691,214.4899274542492,False,False,False,False,False,False,False,True,False,False,True,False,False,59.0,8.0,0,0.5679830735679248,0.5679830735679248,0.605753496319017
2025,5,2025_05_DAL_NYJ,NYJ,DAL,22.0,37.0,-15.0,0.5447131115534738,0,False,6,7,0,fieldturf,outdoors,82.0,3.0,1.5,00-0036945,00-0033077,71.73260437356181,False,False,False,True,False,False,False,False,False,False,False,False,True,82.0,3.0,-1,0.5150716275810977,0.5150716275810977,0.5328565179645234
2025,5,2025_05_DEN_PHI,PHI,DEN,17.0,21.0,-4.0,0.6805998300772413,0,False,7,6,0,grass,outdoors,80.0,6.0,3.5,00-0036389,00-0039732,302.611897845502,False,False,False,False,True,False,False,False,False,False,False,False,True,80.0,6.0,1,0.6348884222037787,0.6348884222037787,0.6623152669278562
2025,5,2025_05_TEN_ARI,ARI,TEN,21.0,22.0,-1.0,0.7534997178238332,0,False,10,7,0,grass,closed,,,7.5,00-0035228,00-0040676,446.94620214648353,False,False,False,False,True,False,False,False,False,True,False,False,False,59.0,8.0,3,0.7295179751077495,0.7295179751077495,0.7439070207373997
2025,5,2025_05_TB_SEA,SEA,TB,35.0,38.0,-3.0,0.6451128188434337,0,False,10,7,0,fieldturf,outdoors,61.0,8.0,3.5,00-0034869,00-0034855,239.0501100113514,False,False,False,True,False,False,False,False,False,False,False,False,True,61.0,8.0,3,0.6346371856245616,0.6346371856245616,0.6409225655558849
2025,5,2025_05_DET_CIN,CIN,DET,24.0,37.0,-13.0,0.32399780674769035,0,False,6,7,0,fieldturf,outdoors,84.0,7.0,-10.5,00-0035100,00-0033106,-294.1838296086459,False,False,False,True,False,False,False,False,False,False,False,False,True,84.0,7.0,-1,0.30444830138899215,0.30444830138899215,0.3161780046042111
2025,5,2025_05_WAS_LAC,LAC,WAS,10.0,27.0,-17.0,0.6654296722560262,0,False,7,7,0,matrixturf,dome,,,2.5,00-0036355,00-0039910,275.0343403462161,False,False,False,False,False,False,True,False,False,False,True,False,False,59.0,8.0,0,0.5734580888338233,0.5734580888338233,0.6286410388871451
2025,5,2025_05_NE_BUF,BUF,NE,20.0,23.0,-3.0,0.8026162381226457,0,False,7,7,1,a_turf,outdoors,66.0,3.0,7.5,00-0034857,00-0039851,561.0907303620338,True,False,False,False,False,False,False,False,False,False,False,False,True,66.0,3.0,0,0.7945974661415652,0.7945974661415652,0.7994087293302135
2025,5,2025_05_KC_JAX,JAX,KC,31.0,28.0,3.0,0.35427575091598035,1,False,8,8,0,grass,outdoors,80.0,12.0,-3.5,00-0036971,00-0033873,-240.118794542239,False,False,False,False,True,False,False,False,False,False,False,False,True,80.0,12.0,0,0.4069456448807687,0.4069456448807687,0.3753437085018957
2025,6,2025_06_PHI_NYG,NYG,PHI,34.0,17.0,17.0,0.20909746218449718,1,False,4,4,1,fieldturf,outdoors,53.0,3.0,-7.0,00-0040691,00-0036389,-532.149710711687,False,False,False,True,False,False,False,False,False,False,False,False,True,53.0,3.0,0,0.26956083529521224,0.26956083529521224,0.2332828114287832
2025,6,2025_06_DEN_NYJ,NYJ,DEN,11.0,13.0,-2.0,0.2599599784725454,0,True,7,7,0,grass,outdoors,59.0,6.0,-7.5,00-0036945,00-0039732,-418.4706310661925,False,False,False,False,True,False,False,False,False,False,False,False,True,59.0,6.0,0,0.2389592604559065,0.2389592604559065,0.25155969126588984
2025,6,2025_06_LA_BAL,BAL,LA,3.0,17.0,-14.0,0.4044360066762847,0,False,7,10,0,grass,outdoors,64.0,15.0,-7.0,00-0033662,00-0026498,-154.80612962368195,False,False,False,False,True,False,False,False,False,False,False,False,True,64.0,15.0,-3,0.2977979024492132,0.2977979024492132,0.3617807649854561
2025,6,2025_06_DAL_CAR,CAR,DAL,30.0,27.0,3.0,0.41488852775035573,1,False,7,7,0,grass,outdoors,68.0,15.0,-3.0,00-0039150,00-0033077,-137.51700144590222,False,False,False,False,True,False,False,False,False,False,False,False,True,68.0,15.0,0,0.4311467349747417,0.4311467349747417,0.4213918106401101
2025,6,2025_06_ARI_IND,IND,ARI,31.0,27.0,4.0,0.6665884019700765,1,False,7,7,0,fieldturf,closed,,,8.5,00-0035710,00-0033119,277.11800403741427,False,False,False,True,False,False,False,False,False,True,False,False,False,59.0,8.0,0,0.7260358948068143,0.7260358948068143,0.6903673991047716
2025,6,2025_06_SEA_JAX,JAX,SEA,12.0,20.0,-8.0,0.4735911221573447,0,False,6,7,0,grass,outdoors,76.0,8.0,-1.5,00-0036971,00-0034869,-42.293562848880754,False,False,False,False,True,False,False,False,False,False,False,False,True,76.0,8.0,-1,0.4410096949642788,0.4410096949642788,0.46055855128011836
2025,6,2025_06_LAC_MIA,MIA,LAC,27.0,29.0,-2.0,0.3835746395305588,0,False,7,7,0,grass,outdoors,85.0,4.0,-3.5,00-0036212,00-0036355,-189.76120656339498,False,False,False,False,True,False,False,False,False,False,False,False,True,85.0,4.0,0,0.39451878191690043,0.39451878191690043,0.38795229648509544
2025,6,2025_06_NE_NO,NO,NE,19.0,25.0,-6.0,0.4473676532013218,0,False,7,7,0,sportturf,dome,,,-3.5,00-0039376,00-0039851,-84.52487979458314,False,False,False,False,False,False,False,True,False,False,True,False,False,59.0,8.0,0,0.42698548583266627,0.42698548583266627,0.4392147862538596
2025,6,2025_06_CLE_PIT,PIT,CLE,23.0,9.0,14.0,0.7677539253487162,1,False,14,7,1,grass,outdoors,64.0,8.0,5.5,00-0023459,00-0040704,478.26871837841304,False,False,False,False,True,False,False,False,False,False,False,False,True,64.0,8.0,7,0.653803518086801,0.653803518086801,0.7221737624439502
2025,6,2025_06_TEN_LV,LV,TEN,20.0,10.0,10.0,0.6784586035061756,1,False,7,7,0,grass,dome,,,3.5,00-0030565,00-0040676,298.67886790592115,False,False,False,False,True,False,False,False,False,False,True,False,False,59.0,8.0,0,0.6306860298561783,0.6306860298561783,0.6593495740461767
2025,6,2025_06_CIN_GB,GB,CIN,27.0,18.0,9.0,0.7492845072870825,1,False,14,7,0,grass,outdoors,64.0,14.0,14.0,00-0036264,00-0026158,437.9199839341994,False,False,False,False,True,False,False,False,False,False,False,False,True,64.0,14.0,7,0.8191637110499321,0.8191637110499321,0.7772361887922223
2025,6,2025_06_SF_TB,TB,SF,30.0,19.0,11.0,0.6882981045336477,1,False,7,10,0,grass,outdoors,82.0,10.0,3.5,00-0034855,00-0036972,316.8699070993531,False,False,False,False,True,False,False,False,False,False,False,False,True,82.0,10.0,-3,0.6175222633582054,0.6175222633582054,0.6599877680634708
2025,6,2025_06_DET_KC,KC,DET,30.0,17.0,13.0,0.5075780736161595,1,False,6,7,0,grass,outdoors,85.0,13.0,2.5,00-0033873,00-0033106,12.12584631393372,False,False,False,False,True,False,False,False,False,False,False,False,True,85.0,13.0,-1,0.5176087808670815,0.5176087808670815,0.5115903565165283
2025,6,2025_06_BUF_ATL,ATL,BUF,24.0,14.0,10.0,0.3066566879323364,1,False,15,8,0,fieldturf,closed,,,-3.5,00-0039917,00-0034857,-326.318573933794,False,False,False,True,False,False,False,False,False,True,False,False,False,59.0,8.0,7,0.3737263735746576,0.3737263735746576,0.33348456218926487
2025,6,2025_06_CHI_WAS,WAS,CHI,24.0,25.0,-1.0,0.6942624977270982,0,False,8,15,0,grass,outdoors,59.0,12.0,5.5,00-0039910,00-0039918,328.04929188043826,False,False,False,False,True,False,False,False,False,False,False,False,True,59.0,12.0,-7,0.6306860298561783,0.6306860298561783,0.6688319105787303
2025,7,2025_07_PIT_CIN,CIN,PIT,33.0,31.0,2.0,0.33113049170895426,1,False,4,4,1,fieldturf,outdoors,60.0,5.0,-5.5,00-0026158,00-0023459,-281.23058150958514,False,False,False,True,False,False,False,False,False,False,False,False,True,60.0,5.0,0,0.2742527681847591,0.2742527681847591,0.3083794022992762
2025,7,2025_07_LA_JAX,JAX,LA,7.0,35.0,-28.0,0.34211480504680924,0,True,7,7,0,grass,outdoors,59.0,9.0,-3.0,00-0036971,00-0026498,-261.5536289376046,False,False,False,False,True,False,False,False,False,False,False,False,True,59.0,9.0,0,0.4218581317376174,0.4218581317376174,0.3740121357231325
2025,7,2025_07_NO_CHI,CHI,NO,26.0,14.0,12.0,0.6531984224987454,1,False,6,7,0,grass,outdoors,49.0,8.0,4.5,00-0039918,00-0039376,253.2512609707506,False,False,False,False,True,False,False,False,False,False,False,False,True,49.0,8.0,-1,0.6337835956326744,0.6337835956326744,0.645432491752317
2025,7,2025_07_MIA_CLE,CLE,MIA,31.0,6.0,25.0,0.5080210492306068,1,False,7,7,0,grass,outdoors,65.0,17.0,2.5,00-0040704,00-0036212,12.83477985012964,False,False,False,False,True,False,False,False,False,False,False,False,True,65.0,17.0,0,0.5176087808670815,0.5176087808670815,0.5118561418851966
2025,7,2025_07_LV_KC,KC,LV,31.0,0.0,31.0,0.807490858226061,1,False,7,7,1,grass,outdoors,57.0,9.0,13.5,00-0033873,00-0030565,573.5152366461862,False,False,False,False,True,False,False,False,False,False,False,False,True,57.0,9.0,0,0.8862952687628589,0.8862952687628589,0.8390126224407801
2025,7,2025_07_PHI_MIN,MIN,PHI,22.0,28.0,-6.0,0.49971472786058746,0,False,14,10,0,sportturf,dome,,,-2.5,00-0032950,00-0036389,-0.45643547258649164,False,False,False,False,False,False,False,True,False,False,True,False,False,59.0,8.0,4,0.41494159048500007,0.41494159048500007,0.4658054729103525
2025,7,2025_07_CAR_NYJ,NYJ,CAR,6.0,13.0,-7.0,0.5683032088685551,0,False,7,7,0,fieldturf,outdoors,71.0,13.0,1.5,00-0036945,00-0039150,109.97265011434854,False,False,False,True,False,False,False,False,False,False,False,False,True,71.0,13.0,0,0.5176087808670815,0.5176087808670815,0.5480254376679656
2025,7,2025_07_NE_TEN,TEN,NE,13.0,31.0,-18.0,0.27867382021253434,0,False,7,7,0,grass,outdoors,60.0,18.0,-6.5,00-0040676,00-0039851,-380.41977577099783,False,False,False,False,True,False,False,False,False,False,False,False,True,60.0,18.0,0,0.29496671935595603,0.29496671935595603,0.28519097986990305
2025,7,2025_07_NYG_DEN,DEN,NYG,33.0,32.0,1.0,0.7747046341460895,1,False,7,10,0,grass,outdoors,72.0,3.0,7.5,00-0039732,00-0040691,494.0278244128036,False,False,False,False,True,False,False,False,False,False,False,False,True,72.0,3.0,-3,0.7315179792275202,0.7315179792275202,0.7574299721786617
2025,7,2025_07_IND_LAC,LAC,IND,24.0,38.0,-14.0,0.6246096155668676,0,False,7,7,0,matrixturf,dome,,,2.5,00-0036355,00-0035710,203.6641319422397,False,False,False,False,False,False,True,False,False,False,True,False,False,59.0,8.0,0,0.5595453533832695,0.5595453533832695,0.5985839106934283
2025,7,2025_07_GB_ARI,ARI,GB,23.0,27.0,-4.0,0.33854133672705977,0,False,7,7,0,grass,closed,,,-7.0,00-0033119,00-0036264,-267.9205159841913,False,False,False,False,True,False,False,False,False,True,False,False,False,59.0,8.0,0,0.28506871583506993,0.28506871583506993,0.3171522883702639
2025,7,2025_07_WAS_DAL,DAL,WAS,44.0,22.0,22.0,0.4847751844419033,1,False,7,6,1,matrixturf,closed,,,1.5,00-0033077,00-0039910,-24.367237694636312,False,False,False,False,False,False,True,False,False,True,False,False,False,59.0,8.0,1,0.5147745337344393,0.5147745337344393,0.49677492415891766
2025,7,2025_07_ATL_SF,SF,ATL,20.0,10.0,10.0,0.5983138120524771,1,False,7,6,0,grass,outdoors,74.0,5.0,1.5,00-0036972,00-0039917,159.37769154039657,False,False,False,False,True,False,False,False,False,False,False,False,True,74.0,5.0,1,0.538456421304925,0.538456421304925,0.5743708557534564
2025,7,2025_07_TB_DET,DET,TB,24.0,9.0,15.0,0.6418068511965562,1,False,8,8,0,fieldturf,dome,,,6.0,00-0033106,00-0034855,233.28601635262802,False,False,False,True,False,False,False,False,False,False,True,False,False,59.0,8.0,0,0.6369896562033865,0.6369896562033865,0.6398799731992884
2025,7,2025_07_HOU_SEA,SEA,HOU,27.0,19.0,8.0,0.6696056719620127,1,False,8,15,0,fieldturf,outdoors,56.0,5.0,3.0,00-0034869,00-0039163,282.5608461068907,False,False,False,True,False,False,False,False,False,False,False,False,True,56.0,5.0,-7,0.6130365130530557,0.6130365130530557,0.6469780083984299
2025,8,2025_08_MIN_LAC,LAC,MIN,37.0,10.0,27.0,0.5737586246465362,1,False,4,4,0,matrixturf,dome,,,3.0,00-0036355,00-0032950,118.88119948291921,False,False,False,False,False,False,True,False,False,False,True,False,False,59.0,8.0,0,0.5439217339160999,0.5439217339160999,0.5618238683543616
2025,8,2025_08_MIA_ATL,ATL,MIA,10.0,34.0,-24.0,0.7310124806477196,0,False,7,7,0,fieldturf,closed,,,7.0,00-0029604,00-0036212,399.9062203711829,False,False,False,True,False,False,False,False,False,True,False,False,False,59.0,8.0,0,0.7315179792275202,0.7315179792275202,0.7312146800796399
2025,8,2025_08_CHI_BAL,BAL,CHI,30.0,16.0,14.0,0.6222212051536146,1,False,14,7,0,grass,outdoors,60.0,2.0,2.5,00-0035993,00-0039918,199.59473572251838,False,False,False,False,True,False,False,False,False,False,False,False,True,60.0,2.0,7,0.5761038542839071,0.5761038542839071,0.6037742648057316
2025,8,2025_08_BUF_CAR,CAR,BUF,9.0,40.0,-31.0,0.35033430946020583,0,False,7,13,0,grass,outdoors,63.0,9.0,-7.0,00-0039150,00-0034857,-247.02801593955064,False,False,False,False,True,False,False,False,False,False,False,False,True,63.0,9.0,-6,0.2571853274797064,0.2571853274797064,0.31307471666800607
2025,8,2025_08_NYJ_CIN,CIN,NYJ,38.0,39.0,-1.0,0.6695848972727261,0,False,10,7,0,fieldturf,outdoors,57.0,8.0,5.5,00-0026158,00-0036945,282.52328521422305,False,False,False,True,False,False,False,False,False,False,False,False,True,57.0,8.0,3,0.6498065314193613,0.6498065314193613,0.6616735509313801
2025,8,2025_08_SF_HOU,HOU,SF,26.0,15.0,11.0,0.605915017082764,1,False,6,7,0,astroturf,closed,,,2.5,00-0039163,00-0036972,172.06926467015015,False,False,True,False,False,False,False,False,False,True,False,False,False,59.0,8.0,-1,0.5416933529453145,0.5416933529453145,0.5802263514277841
2025,8,2025_08_CLE_NE,NE,CLE,32.0,13.0,19.0,0.658563284876037,1,False,7,7,0,fieldturf,outdoors,53.0,7.0,7.0,00-0039851,00-0040704,262.75930949905364,False,False,False,True,False,False,False,False,False,False,False,False,True,53.0,7.0,0,0.7358323925806327,0.7358323925806327,0.6894709279578752
2025,8,2025_08_NYG_PHI,PHI,NYG,38.0,20.0,18.0,0.7936633771619268,1,False,7,7,1,grass,outdoors,60.0,4.0,7.0,00-0036389,00-0040691,538.8601946221103,False,False,False,False,True,False,False,False,False,False,False,False,True,60.0,4.0,0,0.7768319324428244,0.7768319324428244,0.7869307992742859
2025,8,2025_08_TB_NO,NO,TB,3.0,23.0,-20.0,0.3299713255188726,0,False,7,6,1,sportturf,dome,,,-4.5,00-0039376,00-0034855,-283.32590035365126,False,False,False,False,False,False,False,True,False,False,True,False,False,59.0,8.0,1,0.3239324225116824,0.3239324225116824,0.32755576431599653
2025,8,2025_08_DAL_DEN,DEN,DAL,44.0,24.0,20.0,0.6974076595468957,1,False,7,7,0,grass,outdoors,67.0,4.0,3.5,00-0039732,00-0033077,333.9934514398583,False,False,False,False,True,False,False,False,False,False,False,False,True,67.0,4.0,0,0.6435150943401421,0.6435150943401421,0.6758506334641943
2025,8,2025_08_TEN_IND,IND,TEN,38.0,14.0,24.0,0.8352961158834036,1,False,7,7,1,fieldturf,closed,,,15.5,00-0035710,00-0040676,649.4548287603222,False,False,False,True,False,False,False,False,False,True,False,False,False,59.0,8.0,0,0.904157289850392,0.904157289850392,0.862840585470199
2025,8,2025_08_GB_PIT,PIT,GB,25.0,35.0,-10.0,0.4102759957466051,0,False,10,7,0,grass,outdoors,46.0,5.0,-3.0,00-0023459,00-0036264,-145.12981778640886,False,False,False,False,True,False,False,False,False,False,False,False,True,46.0,5.0,3,0.4011141619340746,0.4011141619340746,0.40661126222159294
2025,8,2025_08_WAS_KC,KC,WAS,28.0,7.0,21.0,0.7161087194062273,1,False,8,8,0,grass,outdoors,54.0,8.0,10.5,00-0033873,00-0039910,370.0962592486316,False,False,False,False,True,False,False,False,False,False,False,False,True,54.0,8.0,0,0.756746452681758,0.756746452681758,0.7323638127164396
2025,9,2025_09_BAL_MIA,MIA,BAL,6.0,28.0,-22.0,0.3534142646574753,0,False,4,4,0,grass,outdoors,73.0,5.0,-7.5,00-0036212,00-0034796,-241.62595235909993,False,False,False,False,True,False,False,False,False,False,False,False,True,73.0,5.0,0,0.24318885557603484,0.24318885557603484,0.3093241010248991
2025,9,2025_09_CHI_CIN,CIN,CHI,42.0,47.0,-5.0,0.5420360611459758,0,False,7,7,0,fieldturf,outdoors,50.0,6.0,-3.0,00-0026158,00-0039918,67.41683512732153,False,False,False,True,False,False,False,False,False,False,False,False,True,50.0,6.0,0,0.4128871371040967,0.4128871371040967,0.49037649152922413
2025,9,2025_09_MIN_DET,DET,MIN,24.0,27.0,-3.0,0.7638885493658191,0,False,13,10,1,fieldturf,dome,,,9.5,00-0033106,00-0039923,469.6471834922262,False,False,False,True,False,False,False,False,False,False,True,False,False,59.0,8.0,3,0.7557228513928924,0.7557228513928924,0.7606222701766484
2025,9,2025_09_CAR_GB,GB,CAR,13.0,16.0,-3.0,0.8186503637042576,0,False,7,7,0,grass,outdoors,47.0,15.0,12.5,00-0036264,00-0039150,602.8920904677526,False,False,False,False,True,False,False,False,False,False,False,False,True,47.0,15.0,0,0.9010794329347463,0.9010794329347463,0.8516219913964531
2025,9,2025_09_DEN_HOU,HOU,DEN,15.0,18.0,-3.0,0.4918203465770148,0,False,7,7,0,astroturf,closed,,,1.5,00-0039163,00-0039732,-13.088613181864295,False,False,True,False,False,False,False,False,False,True,False,False,False,59.0,8.0,0,0.5208618195359015,0.5208618195359015,0.5034369357605695
2025,9,2025_09_ATL_NE,NE,ATL,24.0,23.0,1.0,0.6543587415531429,1,False,7,7,0,fieldturf,outdoors,52.0,7.0,5.5,00-0039851,00-0039917,255.30172946705045,False,False,False,True,False,False,False,False,False,False,False,False,True,52.0,7.0,0,0.668212223491866,0.668212223491866,0.6599001343286321
2025,9,2025_09_SF_NYG,NYG,SF,24.0,34.0,-10.0,0.4009412420145939,0,False,7,7,0,fieldturf,outdoors,56.0,5.0,-2.5,00-0040691,00-0036972,-160.61791953643856,False,False,False,True,False,False,False,False,False,False,False,False,True,56.0,5.0,0,0.4282938438614576,0.4282938438614576,0.4118822827533394
2025,9,2025_09_IND_PIT,PIT,IND,27.0,20.0,7.0,0.45085719530178714,1,False,7,7,0,grass,outdoors,56.0,2.0,-3.5,00-0023459,00-0035710,-78.88315051983929,False,False,False,False,True,False,False,False,False,False,False,False,True,56.0,2.0,0,0.4036256773946967,0.4036256773946967,0.43196458813895094
2025,9,2025_09_LAC_TEN,TEN,LAC,20.0,27.0,-7.0,0.2559246818485748,0,False,7,10,0,grass,outdoors,46.0,5.0,-10.0,00-0040676,00-0036355,-426.90362964876397,False,False,False,False,True,False,False,False,False,False,False,False,True,46.0,5.0,-3,0.23872629113136784,0.23872629113136784,0.249045325561692
2025,9,2025_09_NO_LA,LA,NO,34.0,10.0,24.0,0.840234544913,1,False,14,7,0,matrixturf,dome,,,14.0,00-0026498,00-0040743,663.9896955842252,False,False,False,False,False,False,True,False,False,False,True,False,False,59.0,8.0,7,0.8880516297493399,0.8880516297493399,0.859361378847536
2025,9,2025_09_JAX_LV,LV,JAX,29.0,30.0,-1.0,0.43102787408177234,0,False,14,14,0,grass,dome,,,-2.5,00-0030565,00-0036971,-111.06347361154714,False,False,False,False,True,False,False,False,False,False,True,False,False,59.0,8.0,0,0.4447253509083774,0.4447253509083774,0.4365068648124144
2025,9,2025_09_KC_BUF,BUF,KC,28.0,21.0,7.0,0.48264429440385387,1,False,7,6,0,a_turf,outdoors,54.0,6.0,-2.5,00-0034857,00-0033873,-27.780289865325347,True,False,False,False,False,False,False,False,False,False,False,False,True,54.0,6.0,1,0.45145191019185965,0.45145191019185965,0.4701673407190562
2025,9,2025_09_SEA_WAS,WAS,SEA,14.0,38.0,-24.0,0.40447455576562275,0,False,6,13,0,grass,outdoors,53.0,3.0,-2.5,00-0039910,00-0034869,-154.74211352165491,False,False,False,False,True,False,False,False,False,False,False,False,True,53.0,3.0,-7,0.4282938438614576,0.4282938438614576,0.4140022710039567
2025,9,2025_09_ARI_DAL,DAL,ARI,17.0,27.0,-10.0,0.6866004918894765,0,False,8,15,0,matrixturf,closed,,,3.5,00-0033077,00-0033119,313.70953481687536,False,False,False,False,False,False,True,False,False,True,False,False,False,59.0,8.0,-7,0.6439688700631417,0.6439688700631417,0.6695478431589426
2025,10,2025_10_LV_DEN,DEN,LV,10.0,7.0,3.0,0.8279021159069629,1,False,4,4,1,grass,outdoors,60.0,10.0,9.5,00-0039732,00-0030565,628.3326085552246,False,False,False,False,True,False,False,False,False,False,False,False,True,60.0,10.0,0,0.8501318789621118,0.8501318789621118,0.8367940211290226
2025,10,2025_10_ATL_IND,IND,ATL,31.0,25.0,6.0,0.6455303964061581,1,True,7,7,0,grass,closed,46.0,2.0,6.5,00-0035710,00-0039917,239.77988041427488,False,False,False,False,True,False,False,False,False,True,False,False,False,46.0,2.0,0,0.7462451477110094,0.7462451477110094,0.6858162969280985
2025,10,2025_10_NO_CAR,CAR,NO,7.0,17.0,-10.0,0.7063965474950483,0,False,7,7,1,grass,outdoors,73.0,15.0,5.5,00-0039150,00-0040743,351.17868237159735,False,False,False,False,True,False,False,False,False,False,False,False,True,73.0,15.0,0,0.6337161357745323,0.6337161357745323,0.6773243828068419
2025,10,2025_10_NYG_CHI,CHI,NYG,24.0,20.0,4.0,0.6809423975678242,1,False,7,7,0,grass,outdoors,33.0,10.0,4.5,00-0039918,00-0040691,303.24242365252684,False,False,False,False,True,False,False,False,False,False,False,False,True,33.0,10.0,0,0.6524569891470325,0.6524569891470325,0.6695482341995076
2025,10,2025_10_JAX_HOU,HOU,JAX,36.0,29.0,7.0,0.5817422181822515,1,False,7,7,1,astroturf,closed,,,-1.5,00-0036898,00-0036971,131.97179206847113,False,False,True,False,False,False,False,False,False,True,False,False,False,59.0,8.0,0,0.44416451889654385,0.44416451889654385,0.5267111384679684
2025,10,2025_10_BUF_MIA,MIA,BUF,30.0,13.0,17.0,0.2969393856043353,1,False,10,7,1,grass,outdoors,84.0,6.0,-8.5,00-0036212,00-0034857,-344.7660325852887,False,False,False,False,True,False,False,False,False,False,False,False,True,84.0,6.0,3,0.25209663248026526,0.25209663248026526,0.2790022843547073
2025,10,2025_10_BAL_MIN,MIN,BAL,19.0,27.0,-8.0,0.47508967889557213,0,False,7,10,0,sportturf,dome,,,-4.5,00-0039923,00-0034796,-39.88953886692377,False,False,False,False,False,False,False,True,False,False,True,False,False,59.0,8.0,-3,0.34350602603813857,0.34350602603813857,0.4224562177525987
2025,10,2025_10_CLE_NYJ,NYJ,CLE,27.0,20.0,7.0,0.47846172281596616,1,False,14,14,0,fieldturf,outdoors,62.0,12.0,-1.5,00-0028118,00-0040704,-34.48258256504202,False,False,False,True,False,False,False,False,False,False,False,False,True,62.0,12.0,0,0.44696811406652365,0.44696811406652365,0.4658642793161892
2025,10,2025_10_NE_TB,TB,NE,23.0,28.0,-5.0,0.6532251953656122,0,False,14,7,0,grass,outdoors,82.0,11.0,2.5,00-0034855,00-0039851,253.29853651552838,False,False,False,False,True,False,False,False,False,False,False,False,True,82.0,11.0,7,0.5362278740603409,0.5362278740603409,0.6064262668435036
2025,10,2025_10_ARI_SEA,SEA,ARI,44.0,22.0,22.0,0.7220530568052506,1,False,7,6,1,fieldturf,outdoors,59.0,5.0,7.0,00-0034869,00-0033119,381.8673513656225,False,False,False,True,False,False,False,False,False,False,False,False,True,59.0,5.0,1,0.7287209194660125,0.7287209194660125,0.7247202018695553
2025,10,2025_10_LA_SF,SF,LA,26.0,42.0,-16.0,0.36209930765070925,0,False,7,7,1,grass,outdoors,77.0,3.0,-5.5,00-0036972,00-0026498,-226.5056447494247,False,False,False,False,True,False,False,False,False,False,False,False,True,77.0,3.0,0,0.2901253628842934,0.2901253628842934,0.3333097297441429
2025,10,2025_10_DET_WAS,WAS,DET,22.0,44.0,-22.0,0.3113341705302332,0,False,7,7,0,grass,outdoors,64.0,9.0,-8.5,00-0032268,00-0033106,-317.5557226825478,False,False,False,False,True,False,False,False,False,False,False,False,True,64.0,9.0,0,0.2717683452560442,0.2717683452560442,0.2955078404205576
2025,10,2025_10_PIT_LAC,LAC,PIT,25.0,10.0,15.0,0.639209046566777,1,False,7,7,0,matrixturf,dome,,,3.0,00-0036355,00-0023459,228.77313322501834,False,False,False,False,False,False,True,False,False,False,True,False,False,59.0,8.0,0,0.5874298505586723,0.5874298505586723,0.6184973681635351
2025,10,2025_10_PHI_GB,GB,PHI,7.0,10.0,-3.0,0.5907807569284189,0,False,8,15,0,grass,outdoors,33.0,9.0,1.5,00-0036264,00-0036389,146.87756794586068,False,False,False,False,True,False,False,False,False,False,False,False,True,33.0,9.0,-7,0.56772771725931,0.56772771725931,0.5815595410607755
2025,11,2025_11_NYJ_NE,NE,NYJ,27.0,14.0,13.0,0.7631963199518956,1,False,4,4,1,fieldturf,outdoors,39.0,9.0,12.5,00-0039851,00-0028118,468.1135418494833,False,False,False,True,False,False,False,False,False,False,False,False,True,39.0,9.0,0,0.8394072056740435,0.8394072056740435,0.7936806742407547
2025,11,2025_11_WAS_MIA,MIA,WAS,16.0,13.0,3.0,0.586464026465317,1,True,7,7,0,grass,outdoors,,,2.5,00-0036212,00-0032268,139.74672876688993,False,False,False,False,True,False,False,False,False,False,False,False,True,59.0,8.0,0,0.5314750296732068,0.5314750296732068,0.564468427748473
2025,11,2025_11_CAR_ATL,ATL,CAR,27.0,30.0,-3.0,0.6704327512843898,0,False,7,7,1,fieldturf,closed,,,4.5,00-0039917,00-0039150,284.0571899940811,False,False,False,True,False,False,False,False,False,True,False,False,False,59.0,8.0,0,0.6474463161084298,0.6474463161084298,0.6612381772140059
2025,11,2025_11_TB_BUF,BUF,TB,44.0,32.0,12.0,0.7050820302441652,1,False,7,7,0,a_turf,outdoors,38.0,20.0,6.0,00-0034857,00-0034855,348.6467607810143,True,False,False,False,False,False,False,False,False,False,False,False,True,38.0,20.0,0,0.6624645500936933,0.6624645500936933,0.6880350381839764
2025,11,2025_11_LAC_JAX,JAX,LAC,35.0,6.0,29.0,0.35040778067832795,1,False,7,7,0,grass,outdoors,74.0,9.0,-3.0,00-0036971,00-0036355,-246.89889887304233,False,False,False,False,True,False,False,False,False,False,False,False,True,74.0,9.0,0,0.4107819794342341,0.4107819794342341,0.3745574601806904
2025,11,2025_11_CHI_MIN,MIN,CHI,17.0,19.0,-2.0,0.6316813225921553,0,False,7,7,1,sportturf,dome,,,3.0,00-0039923,00-0039918,215.77459836918464,False,False,False,False,False,False,False,True,False,False,True,False,False,59.0,8.0,0,0.5954328513258769,0.5954328513258769,0.6171819340856439
2025,11,2025_11_GB_NYG,NYG,GB,20.0,27.0,-7.0,0.2459919794078011,0,False,7,6,0,fieldturf,outdoors,55.0,17.0,-7.5,00-0031503,00-0036264,-448.04162958962104,False,False,False,True,False,False,False,False,False,False,False,False,True,55.0,17.0,1,0.29169576779388584,0.29169576779388584,0.264273494762235
2025,11,2025_11_CIN_PIT,PIT,CIN,34.0,12.0,22.0,0.6530622450831662,1,False,7,14,1,grass,outdoors,46.0,17.0,5.5,00-0023459,00-0026158,253.01082529620683,False,False,False,False,True,False,False,False,False,False,False,False,True,46.0,17.0,-7,0.6206766484388779,0.6206766484388779,0.640108006425451
2025,11,2025_11_HOU_TEN,TEN,HOU,13.0,16.0,-3.0,0.29619993666059213,0,False,14,7,1,grass,outdoors,64.0,8.0,-5.5,00-0040676,00-0036898,-346.18385075604874,False,False,False,False,True,False,False,False,False,False,False,False,True,64.0,8.0,7,0.23408041046123781,0.23408041046123781,0.2713521261808504
2025,11,2025_11_SF_ARI,ARI,SF,22.0,41.0,-19.0,0.514777749572949,0,False,7,7,1,grass,closed,,,-3.5,00-0033119,00-0037834,23.651287605254012,False,False,False,False,True,False,False,False,False,True,False,False,False,59.0,8.0,0,0.40237893190155216,0.40237893190155216,0.46981822250439026
2025,11,2025_11_SEA_LA,LA,SEA,21.0,19.0,2.0,0.6151144733262234,1,False,7,7,1,matrixturf,dome,,,3.0,00-0026498,00-0034869,187.54497168585874,False,False,False,False,False,False,True,False,False,False,True,False,False,59.0,8.0,0,0.5846766691088382,0.5846766691088382,0.6029393516392693
2025,11,2025_11_BAL_CLE,CLE,BAL,16.0,23.0,-7.0,0.31829498412471846,0,False,7,7,1,grass,outdoors,44.0,20.0,-7.5,00-0040704,00-0034796,-304.6473841586393,False,False,False,False,True,False,False,False,False,False,False,False,True,44.0,20.0,0,0.30925660132244215,0.30925660132244215,0.3146796310038079
2025,11,2025_11_KC_DEN,DEN,KC,22.0,19.0,3.0,0.5136118633020326,1,False,10,14,1,grass,outdoors,70.0,6.0,-3.5,00-0039732,00-0033873,21.784364038551285,False,False,False,False,True,False,False,False,False,False,False,False,True,70.0,6.0,-4,0.39075745640563964,0.39075745640563964,0.4644701005434754
2025,11,2025_11_DET_PHI,PHI,DET,16.0,9.0,7.0,0.5848056983533166,1,False,6,7,0,grass,outdoors,45.0,15.0,2.5,00-0036389,00-0033106,137.01321803780556,False,False,False,False,True,False,False,False,False,False,False,False,True,45.0,15.0,-1,0.5419687204361138,0.5419687204361138,0.5676709071864355
2025,11,2025_11_DAL_LV,LV,DAL,16.0,33.0,-17.0,0.412569571275298,0,False,11,14,0,grass,dome,,,-3.5,00-0030565,00-0033077,-141.341188249396,False,False,False,False,True,False,False,False,False,False,True,False,False,59.0,8.0,-3,0.40511100576121933,0.40511100576121933,0.4095861450696665
2025,12,2025_12_BUF_HOU,HOU,BUF,23.0,19.0,4.0,0.3514808533595323,1,False,4,4,0,astroturf,closed,,,-5.5,00-0036898,00-0034857,-245.01451571834195,False,False,True,False,False,False,False,False,False,True,False,False,False,59.0,8.0,0,0.2569061250897581,0.2569061250897581,0.3136509620516226
2025,12,2025_12_NYJ_BAL,BAL,NYJ,23.0,10.0,13.0,0.8215645840779321,1,False,7,10,0,grass,outdoors,54.0,3.0,14.0,00-0034796,00-0028118,610.7935325838932,False,False,False,False,True,False,False,False,False,False,False,False,True,54.0,3.0,-3,0.8703456797314055,0.8703456797314055,0.8410770223393215
2025,12,2025_12_PIT_CHI,CHI,PIT,31.0,28.0,3.0,0.5996490668555526,1,False,7,7,0,grass,outdoors,51.0,3.0,3.0,00-0039918,00-0034771,161.6012400761778,False,False,False,False,True,False,False,False,False,False,False,False,True,51.0,3.0,0,0.5862320038818531,0.5862320038818531,0.5942822416660729
2025,12,2025_12_NE_CIN,CIN,NE,20.0,26.0,-6.0,0.30672721853499985,0,False,7,10,0,fieldturf,outdoors,54.0,7.0,-7.5,00-0026158,00-0039851,-326.18589286375584,False,False,False,True,False,False,False,False,False,False,False,False,True,54.0,7.0,-3,0.23561699752935478,0.23561699752935478,0.2782831301327418
2025,12,2025_12_NYG_DET,DET,NYG,34.0,27.0,7.0,0.8699848906149587,1,False,7,7,0,fieldturf,dome,,,14.0,00-0033106,00-0031503,760.3300698591748,False,False,False,True,False,False,False,False,False,False,True,False,False,59.0,8.0,0,0.8995416781885411,0.8995416781885411,0.8818076056443916
2025,12,2025_12_MIN_GB,GB,MIN,23.0,6.0,17.0,0.6946870403038755,1,False,7,7,1,grass,outdoors,43.0,10.0,6.5,00-0036264,00-0039923,328.8496378135155,False,False,False,False,True,False,False,False,False,False,False,False,True,43.0,10.0,0,0.7384659492822536,0.7384659492822536,0.7121986038952267
2025,12,2025_12_IND_KC,KC,IND,23.0,20.0,3.0,0.6401659994904753,1,False,7,14,0,grass,outdoors,,,3.5,00-0033873,00-0035710,230.43388060611534,False,False,False,False,True,False,False,False,False,False,False,False,True,59.0,8.0,-7,0.6327698254833776,0.6327698254833776,0.6372075298876362
2025,12,2025_12_SEA_TEN,TEN,SEA,24.0,30.0,-6.0,0.18926075707843953,0,False,7,7,0,grass,outdoors,55.0,1.0,-12.5,00-0040676,00-0034869,-581.928298306281,False,False,False,False,True,False,False,False,False,False,False,False,True,55.0,1.0,0,0.2224182957991712,0.2224182957991712,0.2025237725667322
2025,12,2025_12_JAX_ARI,ARI,JAX,24.0,27.0,-3.0,0.45882719978723535,0,False,7,7,0,grass,closed,,,-2.5,00-0033119,00-0036971,-66.02598744664787,False,False,False,False,True,False,False,False,False,True,False,False,False,59.0,8.0,0,0.4298045268929135,0.4298045268929135,0.4472181306295066
2025,12,2025_12_CLE_LV,LV,CLE,10.0,24.0,-14.0,0.6480225631907469,0,False,6,7,0,grass,dome,,,3.0,00-0030565,00-0040668,244.14337676599823,False,False,False,False,True,False,False,False,False,False,True,False,False,59.0,8.0,-1,0.5766193945825161,0.5766193945825161,0.6194612957474546
2025,12,2025_12_PHI_DAL,DAL,PHI,24.0,21.0,3.0,0.33658082575683723,1,False,6,7,1,matrixturf,closed,,,-3.0,00-0033077,00-0036389,-271.42748537124015,False,False,False,False,False,False,True,False,False,True,False,False,False,59.0,8.0,-1,0.39919812892247586,0.39919812892247586,0.3616277470230927
2025,12,2025_12_ATL_NO,NO,ATL,10.0,24.0,-14.0,0.5512943320577449,0,False,14,7,1,sportturf,dome,,,1.5,00-0040743,00-0029604,82.3606798689172,False,False,False,False,False,False,False,True,False,False,True,False,False,59.0,8.0,7,0.5190905651443376,0.5190905651443376,0.538412825292382
2025,12,2025_12_TB_LA,LA,TB,34.0,7.0,27.0,0.6829884388377186,1,False,7,7,0,matrixturf,dome,,,7.0,00-0026498,00-0034855,307.0158754562587,False,False,False,False,False,False,True,False,False,False,True,False,False,59.0,8.0,0,0.7288532133783057,0.7288532133783057,0.7013343486539534
2025,12,2025_12_CAR_SF,SF,CAR,20.0,9.0,11.0,0.6563364168993143,1,False,8,8,0,grass,outdoors,58.0,3.0,7.5,00-0037834,00-0039150,258.80410614837007,False,False,False,False,True,False,False,False,False,False,False,False,True,58.0,3.0,0,0.7308949594222593,0.7308949594222593,0.6861598339084923
2025,13,2025_13_GB_DET,DET,GB,24.0,31.0,-7.0,0.6284366952412448,0,False,4,4,1,fieldturf,dome,,,2.5,00-0033106,00-0036264,210.2064186541222,False,False,False,True,False,False,False,False,False,False,True,False,False,59.0,8.0,0,0.5637020450599336,0.5637020450599336,0.6025428351687203
2025,13,2025_13_KC_DAL,DAL,KC,31.0,28.0,3.0,0.3394639763653943,1,False,4,4,0,matrixturf,closed,,,-3.5,00-0033077,00-0033873,-266.27353158406527,False,False,False,False,False,False,True,False,False,True,False,False,False,59.0,8.0,0,0.3845538598920133,0.3845538598920133,0.35749992977604195
2025,13,2025_13_CIN_BAL,BAL,CIN,14.0,32.0,-18.0,0.7972777689651284,0,False,4,4,1,grass,outdoors,38.0,11.0,7.0,00-0034796,00-0036442,547.746565683804,False,False,False,False,True,False,False,False,False,False,False,False,True,38.0,11.0,0,0.7862963210469986,0.7862963210469986,0.7928851897978765
2025,13,2025_13_CHI_PHI,PHI,CHI,15.0,24.0,-9.0,0.7240065765751564,0,False,5,5,0,grass,outdoors,42.0,18.0,7.0,00-0036389,00-0039918,385.76937549976213,False,False,False,False,True,False,False,False,False,False,False,False,True,42.0,18.0,0,0.7422665159639803,0.7422665159639803,0.731310552330686
2025,13,2025_13_LA_CAR,CAR,LA,31.0,28.0,3.0,0.2627896746905684,1,False,6,7,0,grass,outdoors,45.0,3.0,-10.0,00-0039150,00-0026498,-412.6076942342664,False,False,False,False,True,False,False,False,False,False,False,False,True,45.0,3.0,-1,0.2224182957991712,0.2224182957991712,0.24664112313400952
2025,13,2025_13_SF_CLE,CLE,SF,8.0,26.0,-18.0,0.3015797345748325,0,False,7,6,0,grass,outdoors,35.0,20.0,-5.5,00-0040668,00-0037834,-335.9146320856917,False,False,False,False,True,False,False,False,False,False,False,False,True,35.0,20.0,1,0.26615345056690987,0.26615345056690987,0.28740922097166344
2025,13,2025_13_HOU_IND,IND,HOU,16.0,20.0,-4.0,0.647682951158164,0,False,7,10,1,fieldturf,closed,,,3.0,00-0035710,00-0039163,243.54793062924657,False,False,False,True,False,False,False,False,False,True,False,False,False,59.0,8.0,-3,0.5847110147911787,0.5847110147911787,0.6224941766113699
2025,13,2025_13_NO_MIA,MIA,NO,21.0,17.0,4.0,0.7087745625307496,1,False,14,7,0,grass,outdoors,76.0,10.0,5.5,00-0036212,00-0040743,355.775937646198,False,False,False,False,True,False,False,False,False,False,False,False,True,76.0,10.0,7,0.6463009912395056,0.6463009912395056,0.683785134014252
2025,13,2025_13_ATL_NYJ,NYJ,ATL,27.0,24.0,3.0,0.4821225364758645,1,False,7,7,0,fieldturf,outdoors,43.0,8.0,-3.0,00-0028118,00-0029604,-28.61614023108965,False,False,False,True,False,False,False,False,False,False,False,False,True,43.0,8.0,0,0.42000387516478155,0.42000387516478155,0.45727507195143136
2025,13,2025_13_ARI_TB,TB,ARI,20.0,17.0,3.0,0.6796883440645484,1,False,7,7,0,grass,outdoors,80.0,8.0,4.5,00-0034855,00-0033119,300.93597156936687,False,False,False,False,True,False,False,False,False,False,False,False,True,80.0,8.0,0,0.637003269318894,0.637003269318894,0.6626143141662866
2025,13,2025_13_JAX_TEN,TEN,JAX,3.0,25.0,-22.0,0.29208896911765697,0,False,7,7,1,grass,outdoors,38.0,7.0,-6.0,00-0040676,00-0036971,-354.10399143310644,False,False,False,False,True,False,False,False,False,False,False,False,True,38.0,7.0,0,0.26619036374838084,0.26619036374838084,0.2817295269699465
2025,13,2025_13_MIN_SEA,SEA,MIN,26.0,0.0,26.0,0.7528413024281974,1,False,7,7,0,fieldturf,outdoors,45.0,2.0,12.5,00-0034869,00-0040494,445.5295284948226,False,False,False,True,False,False,False,False,False,False,False,False,True,45.0,2.0,0,0.8426605985284118,0.8426605985284118,0.7887690208682832
2025,13,2025_13_LV_LAC,LAC,LV,31.0,14.0,17.0,0.798619097406009,1,False,14,7,1,matrixturf,dome,,,10.0,00-0036355,00-0030565,551.0743821712963,False,False,False,False,False,False,True,False,False,False,True,False,False,59.0,8.0,7,0.8567361693411112,0.8567361693411112,0.8218659261800498
2025,13,2025_13_BUF_PIT,PIT,BUF,7.0,26.0,-19.0,0.43583091400669655,0,False,7,10,0,grass,outdoors,34.0,16.0,-3.0,00-0023459,00-0034857,-103.23985928353059,False,False,False,False,True,False,False,False,False,False,False,False,True,34.0,16.0,-3,0.43227306077347855,0.43227306077347855,0.43440777271340936
2025,13,2025_13_DEN_WAS,WAS,DEN,26.0,27.0,-1.0,0.2841044454712407,0,False,14,14,0,grass,outdoors,40.0,13.0,-6.5,00-0032268,00-0039732,-369.6769385844445,False,False,False,False,True,False,False,False,False,False,False,False,True,40.0,13.0,0,0.2133468742782649,0.2133468742782649,0.2558014169940504
2025,13,2025_13_NYG_NE,NE,NYG,33.0,15.0,18.0,0.7907889343127122,1,False,8,8,0,fieldturf,outdoors,30.0,5.0,7.0,00-0039851,00-0040691,531.8749888492125,False,False,False,True,False,False,False,False,False,False,False,False,True,30.0,5.0,0,0.7976767423775094,0.7976767423775094,0.7935440575386311
2025,14,2025_14_DAL_DET,DET,DAL,44.0,30.0,14.0,0.7130306885513307,1,False,7,7,0,fieldturf,dome,,,3.5,00-0033106,00-0033077,364.0596718569809,False,False,False,True,False,False,False,False,False,False,True,False,False,59.0,8.0,0,0.6673977991412555,0.6673977991412555,0.6947775327873006
2025,14,2025_14_SEA_ATL,ATL,SEA,9.0,37.0,-28.0,0.2602523753117768,0,False,7,7,0,fieldturf,closed,,,-7.0,00-0029604,00-0034869,-417.86289832705756,False,False,False,True,False,False,False,False,False,True,False,False,False,59.0,8.0,0,0.2569061250897581,0.2569061250897581,0.25891387522296927
2025,14,2025_14_PIT_BAL,BAL,PIT,22.0,27.0,-5.0,0.7139788097296482,0,False,10,7,1,grass,outdoors,44.0,6.0,5.5,00-0034796,00-0023459,365.91495348792813,False,False,False,False,True,False,False,False,False,False,False,False,True,44.0,6.0,3,0.6877428327011648,0.6877428327011648,0.7034844189182548
2025,14,2025_14_TEN_CLE,CLE,TEN,29.0,31.0,-2.0,0.6633873250994035,0,False,7,7,0,grass,outdoors,33.0,6.0,4.5,00-0040668,00-0040676,271.37043345454816,False,False,False,False,True,False,False,False,False,False,False,False,True,33.0,6.0,0,0.6834811023822236,0.6834811023822236,0.6714248360125314
2025,14,2025_14_CHI_GB,GB,CHI,28.0,21.0,7.0,0.7102508773637386,1,False,10,9,1,grass,outdoors,16.0,9.0,6.5,00-0036264,00-0039918,358.64112072376855,False,False,False,False,True,False,False,False,False,False,False,False,True,16.0,9.0,1,0.7045784980735273,0.7045784980735273,0.707981925647654
2025,14,2025_14_IND_JAX,JAX,IND,36.0,19.0,17.0,0.4984677158525481,1,False,7,7,1,grass,outdoors,61.0,7.0,-2.5,00-0036971,00-0035710,-2.451662310935543,False,False,False,False,True,False,False,False,False,False,False,False,True,61.0,7.0,0,0.42702546125919827,0.42702546125919827,0.46989081401520816
2025,14,2025_14_WAS_MIN,MIN,WAS,31.0,0.0,31.0,0.5916548314791357,1,False,7,7,0,sportturf,dome,,,-1.5,00-0039923,00-0032268,148.3242367536284,False,False,False,False,False,False,False,True,False,False,True,False,False,59.0,8.0,0,0.47250069594924754,0.47250069594924754,0.5439931772671804
2025,14,2025_14_MIA_NYJ,NYJ,MIA,10.0,34.0,-24.0,0.4069193966052698,0,False,7,7,1,fieldturf,outdoors,41.0,6.0,-2.5,00-0028118,00-0036212,-150.68607658018513,False,False,False,True,False,False,False,False,False,False,False,False,True,41.0,6.0,0,0.41518668432340833,0.41518668432340833,0.4102263116925252
2025,14,2025_14_NO_TB,TB,NO,20.0,24.0,-4.0,0.7754375518749352,0,False,7,7,1,grass,outdoors,73.0,6.0,7.5,00-0034855,00-0040743,495.7094476925823,False,False,False,False,True,False,False,False,False,False,False,False,True,73.0,6.0,0,0.7342995537012816,0.7342995537012816,0.7589823526054738
2025,14,2025_14_DEN_LV,LV,DEN,17.0,24.0,-7.0,0.19618188602054792,0,False,7,7,1,grass,dome,,,-8.5,00-0030565,00-0039732,-564.1323193509426,False,False,False,False,True,False,False,False,False,False,True,False,False,59.0,8.0,0,0.2400397661189063,0.2400397661189063,0.2137250380598913
2025,14,2025_14_LA_ARI,ARI,LA,17.0,45.0,-28.0,0.30627714593542393,0,False,7,7,1,grass,closed,,,-9.5,00-0033119,00-0026498,-327.0328549195942,False,False,False,False,True,False,False,False,False,True,False,False,False,59.0,8.0,0,0.2313800202166172,0.2313800202166172,0.2763182956479012
2025,14,2025_14_CIN_BUF,BUF,CIN,39.0,34.0,5.0,0.7804325372051452,1,False,7,10,0,a_turf,outdoors,31.0,12.0,6.0,00-0034857,00-0036442,507.2755071943953,True,False,False,False,False,False,False,False,False,False,False,False,True,31.0,12.0,-3,0.676090715483911,0.676090715483911,0.7386958085166515
2025,14,2025_14_HOU_KC,KC,HOU,10.0,20.0,-10.0,0.6535134676662101,0,False,10,7,0,grass,outdoors,27.0,8.0,4.5,00-0033873,00-0039163,253.80767648736895,False,False,False,False,True,False,False,False,False,False,False,False,True,27.0,8.0,3,0.6433466577724977,0.6433466577724977,0.6494467437087251
2025,14,2025_14_PHI_LAC,LAC,PHI,22.0,19.0,3.0,0.4727348858847264,1,False,8,10,0,matrixturf,dome,,,-1.5,00-0036355,00-0036389,-43.66749939495418,False,False,False,False,False,False,True,False,False,False,True,False,False,59.0,8.0,-2,0.44351632559756315,0.44351632559756315,0.4610474617698611
2025,15,2025_15_ATL_TB,TB,ATL,28.0,29.0,-1.0,0.6918605060750777,0,False,4,4,1,grass,outdoors,56.0,5.0,6.0,00-0034855,00-0029604,323.5327086733042,False,False,False,False,True,False,False,False,False,False,False,False,True,56.0,5.0,0,0.6523566481440556,0.6523566481440556,0.6760589629026688
2025,15,2025_15_CLE_CHI,CHI,CLE,31.0,3.0,28.0,0.7576855103350881,1,False,7,7,0,grass,outdoors,8.0,6.0,7.5,00-0039918,00-0040668,456.01279159319006,False,False,False,False,True,False,False,False,False,False,False,False,True,8.0,6.0,0,0.7187541113355735,0.7187541113355735,0.7421129507352823
2025,15,2025_15_BAL_CIN,CIN,BAL,0.0,24.0,-24.0,0.3767712292165255,0,False,7,7,1,fieldturf,outdoors,10.0,7.0,-2.5,00-0036442,00-0034796,-201.31019019946385,False,False,False,True,False,False,False,False,False,False,False,False,True,10.0,7.0,0,0.42522332261490225,0.42522332261490225,0.3961520665758762
2025,15,2025_15_ARI_HOU,HOU,ARI,40.0,20.0,20.0,0.7556202703290021,1,False,7,7,0,astroturf,closed,,,10.5,00-0039163,00-0033119,451.5262709445335,False,False,True,False,False,False,False,False,False,True,False,False,False,59.0,8.0,0,0.8074671356610521,0.8074671356610521,0.7763590164618221
2025,15,2025_15_NYJ_JAX,JAX,NYJ,48.0,20.0,28.0,0.8007468708404335,1,False,7,7,0,grass,outdoors,70.0,11.0,13.5,00-0036971,00-0040398,556.3875433833177,False,False,False,False,True,False,False,False,False,False,False,False,True,70.0,11.0,0,0.8791247800356792,0.8791247800356792,0.8320980345185318
2025,15,2025_15_LAC_KC,KC,LAC,13.0,16.0,-3.0,0.6830819786381668,0,False,7,6,1,grass,outdoors,,,5.5,00-0033873,00-0036355,307.1886987662405,False,False,False,False,True,False,False,False,False,False,False,False,True,59.0,8.0,1,0.6402840701211846,0.6402840701211846,0.6659628152313739
2025,15,2025_15_BUF_NE,NE,BUF,31.0,35.0,-4.0,0.4562363814425033,0,False,13,7,1,fieldturf,outdoors,32.0,6.0,-2.5,00-0039851,00-0034857,-70.20142886166774,False,False,False,True,False,False,False,False,False,False,False,False,True,32.0,6.0,6,0.4150735590910322,0.4150735590910322,0.43977125250191484
2025,15,2025_15_WAS_NYG,NYG,WAS,21.0,29.0,-8.0,0.5262568940928867,0,False,13,7,1,fieldturf,outdoors,27.0,13.0,2.5,00-0040691,00-0032268,42.0497124836098,False,False,False,True,False,False,False,False,False,False,False,False,True,27.0,13.0,6,0.5410387753198497,0.5410387753198497,0.5321696465836718
2025,15,2025_15_LV_PHI,PHI,LV,31.0,0.0,31.0,0.8719569418880646,1,False,6,7,0,grass,outdoors,30.0,20.0,12.5,00-0036389,00-0038102,767.349378107563,False,False,False,False,True,False,False,False,False,False,False,False,True,30.0,20.0,-1,0.9008206470506095,0.9008206470506095,0.8835024239530826
2025,15,2025_15_GB_DEN,DEN,GB,34.0,26.0,8.0,0.5270343243897861,1,False,7,7,0,grass,outdoors,65.0,3.0,-1.5,00-0039732,00-0036264,43.297143860514794,False,False,False,False,True,False,False,False,False,False,False,False,True,65.0,3.0,0,0.4335428196417058,0.4335428196417058,0.48963772249055404
2025,15,2025_15_DET_LA,LA,DET,41.0,34.0,7.0,0.6623821441941455,1,False,7,10,0,matrixturf,dome,,,5.5,00-0026498,00-0033106,269.5711978942965,False,False,False,False,False,False,True,False,False,False,True,False,False,59.0,8.0,-3,0.6504543649864682,0.6504543649864682,0.6576110325110747
2025,15,2025_15_CAR_NO,NO,CAR,20.0,17.0,3.0,0.4570770192488897,1,False,7,14,1,sportturf,dome,,,-2.5,00-0040743,00-0039150,-68.84622426750937,False,False,False,False,False,False,False,True,False,False,True,False,False,59.0,8.0,-7,0.4416498029533986,0.4416498029533986,0.45090613273069324
2025,15,2025_15_IND_SEA,SEA,IND,18.0,16.0,2.0,0.7689608591038789,1,False,7,7,0,fieldturf,outdoors,51.0,9.0,13.5,00-0034869,00-0022942,480.98117299950695,False,False,False,True,False,False,False,False,False,False,False,False,True,51.0,9.0,0,0.8394072056740435,0.8394072056740435,0.7971393977319448
2025,15,2025_15_TEN_SF,SF,TEN,37.0,24.0,13.0,0.8449973760559166,1,False,14,7,0,grass,outdoors,54.0,4.0,12.5,00-0037834,00-0040676,678.3565906582472,False,False,False,False,True,False,False,False,False,False,False,False,True,54.0,4.0,7,0.8931324402165588,0.8931324402165588,0.8642514017201735
2025,15,2025_15_MIN_DAL,DAL,MIN,26.0,34.0,-8.0,0.6473078362990835,0,False,10,7,0,matrixturf,closed,,,5.5,00-0033077,00-0039923,242.890541057792,False,False,False,False,False,False,True,False,False,True,False,False,False,59.0,8.0,3,0.6430341275182933,0.6430341275182933,0.6455983527867675
2025,15,2025_15_MIA_PIT,PIT,MIA,28.0,15.0,13.0,0.6546068285840941,1,False,8,8,0,grass,outdoors,17.0,7.0,3.0,00-0023459,00-0036212,255.7405593043182,False,False,False,False,True,False,False,False,False,False,False,False,True,17.0,7.0,0,0.5723642199136387,0.5723642199136387,0.6217097851159119
2025,16,2025_16_LA_SEA,SEA,LA,38.0,37.0,1.0,0.5911873724814999,1,False,4,4,1,fieldturf,outdoors,51.0,17.0,1.5,00-0034869,00-0026498,147.55043305156036,False,False,False,True,False,False,False,False,False,False,False,False,True,51.0,17.0,0,0.557062201459703,0.557062201459703,0.5775373040727811
2025,16,2025_16_GB_CHI,CHI,GB,22.0,16.0,6.0,0.46168160107201717,1,False,6,6,1,grass,outdoors,37.0,6.0,1.5,00-0039918,00-0036264,-61.42989054072725,False,False,False,False,True,False,False,False,False,False,False,False,True,37.0,6.0,0,0.5498865480633212,0.5498865480633212,0.4969635798685388
2025,16,2025_16_PHI_WAS,WAS,PHI,18.0,29.0,-11.0,0.347173837007284,0,False,6,6,1,grass,outdoors,42.0,7.0,-7.0,00-0032268,00-0036389,-252.59410210216205,False,False,False,False,True,False,False,False,False,False,False,False,True,42.0,7.0,0,0.26619036374838084,0.26619036374838084,0.3147804477037227
2025,16,2025_16_NE_BAL,BAL,NE,24.0,28.0,-4.0,0.6309710286156812,0,False,7,7,0,grass,outdoors,40.0,2.0,3.5,00-0034796,00-0039851,214.55391753846715,False,False,False,False,True,False,False,False,False,False,False,False,True,40.0,2.0,0,0.6764131826987207,0.6764131826987207,0.649147890248897
2025,16,2025_16_TB_CAR,CAR,TB,23.0,20.0,3.0,0.40486467802833503,1,False,7,10,1,grass,outdoors,61.0,8.0,-3.0,00-0039150,00-0034855,-154.09437144957448,False,False,False,False,True,False,False,False,False,False,False,False,True,61.0,8.0,-3,0.417241808355833,0.417241808355833,0.40981553015933425
2025,16,2025_16_BUF_CLE,CLE,BUF,20.0,23.0,-3.0,0.22378948413207822,0,False,7,7,0,grass,outdoors,25.0,16.0,-10.5,00-0040668,00-0034857,-497.48718389838314,False,False,False,False,True,False,False,False,False,False,False,False,True,25.0,16.0,0,0.2939654800371655,0.2939654800371655,0.2518598824941131
2025,16,2025_16_LAC_DAL,DAL,LAC,17.0,34.0,-17.0,0.45880406847965155,0,False,7,7,0,matrixturf,closed,,,1.5,00-0033077,00-0036355,-66.06325035300009,False,False,False,False,False,False,True,False,False,True,False,False,False,59.0,8.0,0,0.5208618195359015,0.5208618195359015,0.4836271689021515
2025,16,2025_16_NYJ_NO,NO,NYJ,29.0,6.0,23.0,0.7124151830160541,1,False,7,7,0,sportturf,dome,,,6.5,00-0040743,00-0028118,362.85721254025873,False,False,False,False,False,False,False,True,False,False,True,False,False,59.0,8.0,0,0.7342995537012816,0.7342995537012816,0.7211689312901451
2025,16,2025_16_MIN_NYG,NYG,MIN,13.0,16.0,-3.0,0.2909143908666138,0,False,7,7,0,fieldturf,outdoors,46.0,20.0,-2.5,00-0040691,00-0039923,-356.37889244993335,False,False,False,True,False,False,False,False,False,False,False,False,True,46.0,20.0,0,0.41666760193636465,0.41666760193636465,0.34121567529451413
2025,16,2025_16_KC_TEN,TEN,KC,26.0,9.0,17.0,0.24581065704164956,1,False,7,7,0,grass,outdoors,51.0,8.0,-3.5,00-0040676,00-0035289,-448.43276068647697,False,False,False,False,True,False,False,False,False,False,False,False,True,51.0,8.0,0,0.3959928499132369,0.3959928499132369,0.3058835341902845
2025,16,2025_16_ATL_ARI,ARI,ATL,19.0,26.0,-7.0,0.5025837942268466,0,False,7,10,0,grass,closed,,,-2.5,00-0033119,00-0029604,4.134107562245326,False,False,False,False,True,False,False,False,False,True,False,False,False,59.0,8.0,-3,0.4298045268929135,0.4298045268929135,0.47347208729327334
2025,16,2025_16_JAX_DEN,DEN,JAX,20.0,34.0,-14.0,0.7070003223308682,0,False,7,7,0,grass,outdoors,62.0,3.0,3.5,00-0039732,00-0036971,352.34384515955696,False,False,False,False,True,False,False,False,False,False,False,False,True,62.0,3.0,0,0.6500043627197533,0.6500043627197533,0.6842019384864222
2025,16,2025_16_PIT_DET,DET,PIT,24.0,29.0,-5.0,0.6656448877707871,0,False,7,6,0,fieldturf,dome,,,7.5,00-0033106,00-0023459,275.42107534258275,False,False,False,True,False,False,False,False,False,False,True,False,False,59.0,8.0,1,0.7288532133783057,0.7288532133783057,0.6909282180137946
2025,16,2025_16_LV_HOU,HOU,LV,23.0,21.0,2.0,0.8693027545236652,1,False,7,7,0,astroturf,closed,,,14.5,00-0039163,00-0030565,757.9231654010011,False,False,True,False,False,False,False,False,False,True,False,False,False,59.0,8.0,0,0.904157289850392,0.904157289850392,0.883244568654356
2025,16,2025_16_CIN_MIA,MIA,CIN,21.0,45.0,-24.0,0.5292221517432673,0,False,6,7,0,grass,outdoors,81.0,7.0,-3.5,00-0040234,00-0036442,46.80878691689134,False,False,False,False,True,False,False,False,False,False,False,False,True,81.0,7.0,-1,0.40511100576121933,0.40511100576121933,0.4795776933504481
2025,16,2025_16_SF_IND,IND,SF,27.0,48.0,-21.0,0.38500156898838755,0,False,8,8,0,fieldturf,closed,,,-4.5,00-0022942,00-0037834,-187.34892281145602,False,False,False,True,False,False,False,False,False,True,False,False,False,59.0,8.0,0,0.26327461832391663,0.26327461832391663,0.3363107887225992
2025,17,2025_17_DAL_WAS,WAS,DAL,23.0,30.0,-7.0,0.337921923364536,0,False,5,4,1,grass,outdoors,50.0,7.0,-8.5,00-0026300,00-0033077,-269.0274466732374,False,False,False,False,True,False,False,False,False,False,False,False,True,50.0,7.0,1,0.23248387105292712,0.23248387105292712,0.29574670243989243
2025,17,2025_17_DET_MIN,MIN,DET,23.0,10.0,13.0,0.3165934885732974,1,False,4,4,1,sportturf,dome,,,-7.0,00-0040494,00-0033106,-307.78851484716165,False,False,False,False,False,False,False,True,False,False,True,False,False,59.0,8.0,0,0.27815583125356835,0.27815583125356835,0.3012184256454058
2025,17,2025_17_DEN_KC,KC,DEN,13.0,20.0,-7.0,0.19617256476783157,0,False,4,4,1,grass,outdoors,,,-13.5,00-0037324,00-0039732,-564.1559635920514,False,False,False,False,True,False,False,False,False,False,False,False,True,59.0,8.0,0,0.2400397661189063,0.2400397661189063,0.21371944530826148
2025,17,2025_17_SEA_CAR,CAR,SEA,10.0,27.0,-17.0,0.2737012756032541,0,False,7,10,0,grass,outdoors,43.0,2.0,-6.5,00-0039150,00-0034869,-390.36964787284535,False,False,False,False,True,False,False,False,False,False,False,False,True,43.0,2.0,-3,0.24276031932806316,0.24276031932806316,0.2613248930931777
2025,17,2025_17_ARI_CIN,CIN,ARI,37.0,14.0,23.0,0.6792695529804709,1,False,7,7,0,fieldturf,outdoors,65.0,9.0,7.0,00-0036442,00-0033119,300.1667970302128,False,False,False,True,False,False,False,False,False,False,False,False,True,65.0,9.0,0,0.7288532133783057,0.7288532133783057,0.6991030171396049
2025,17,2025_17_PIT_CLE,CLE,PIT,13.0,6.0,7.0,0.28908149503448394,1,False,7,7,1,grass,outdoors,45.0,14.0,-4.5,00-0040668,00-0023459,-359.93966593306783,False,False,False,False,True,False,False,False,False,False,False,False,True,45.0,14.0,0,0.29330608612878223,0.29330608612878223,0.29077133147220324
2025,17,2025_17_BAL_GB,GB,BAL,24.0,41.0,-17.0,0.6661804776381487,0,False,7,6,0,grass,outdoors,36.0,10.0,2.5,00-0038128,00-0035993,276.3840506203137,False,False,False,False,True,False,False,False,False,False,False,False,True,36.0,10.0,1,0.5865421623654642,0.5865421623654642,0.6343251515290749
2025,17,2025_17_JAX_IND,IND,JAX,17.0,23.0,-6.0,0.3335889319726899,0,False,6,7,1,fieldturf,closed,,,-3.5,00-0022942,00-0036971,-276.79888280193705,False,False,False,True,False,False,False,False,False,True,False,False,False,59.0,8.0,-1,0.3845538598920133,0.3845538598920133,0.35397490314041924
2025,17,2025_17_HOU_LAC,LAC,HOU,16.0,20.0,-4.0,0.5740050144051645,0,False,6,6,0,matrixturf,dome,,,1.5,00-0036355,00-0039163,119.28422275318282,False,False,False,False,False,False,True,False,False,False,True,False,False,59.0,8.0,0,0.5246188437683807,0.5246188437683807,0.554250546150451
2025,17,2025_17_NYG_LV,LV,NYG,10.0,34.0,-24.0,0.4920645297284738,0,False,7,7,0,grass,dome,,,-3.0,00-0030565,00-0040691,-12.697818643502723,False,False,False,False,True,False,False,False,False,False,True,False,False,59.0,8.0,0,0.42000387516478155,0.42000387516478155,0.4632402679029969
2025,17,2025_17_TB_MIA,MIA,TB,20.0,17.0,3.0,0.3897668641400281,1,False,7,7,0,grass,outdoors,80.0,3.0,-5.5,00-0040234,00-0034855,-179.3169191850638,False,False,False,False,True,False,False,False,False,False,False,False,True,80.0,3.0,0,0.29546607536144537,0.29546607536144537,0.35204654862859497
2025,17,2025_17_NE_NYJ,NYJ,NE,10.0,42.0,-32.0,0.2657638119214872,0,False,7,7,1,fieldturf,outdoors,29.0,4.0,-12.5,00-0028118,00-0039851,-406.4891078966246,False,False,False,True,False,False,False,False,False,False,False,False,True,29.0,4.0,0,0.2224182957991712,0.2224182957991712,0.2484256054725608
2025,17,2025_17_NO_TEN,TEN,NO,26.0,34.0,-8.0,0.43295385700675815,0,False,7,7,0,grass,outdoors,71.0,14.0,-1.5,00-0040676,00-0040743,-107.92380993490696,False,False,False,False,True,False,False,False,False,False,False,False,True,71.0,14.0,0,0.43980277027292897,0.43980277027292897,0.4356934223132265
2025,17,2025_17_PHI_BUF,BUF,PHI,12.0,13.0,-1.0,0.6510929212352485,0,False,7,8,0,a_turf,outdoors,38.0,6.0,3.0,00-0034857,00-0036389,249.53869255252278,True,False,False,False,False,False,False,False,False,False,False,False,True,38.0,6.0,-1,0.6205891770508295,0.6205891770508295,0.6388914235614809
2025,17,2025_17_CHI_SF,SF,CHI,42.0,38.0,4.0,0.6491148547439608,1,False,6,8,0,grass,outdoors,53.0,5.0,3.5,00-0037834,00-0039918,246.06028979698397,False,False,False,False,True,False,False,False,False,False,False,False,True,53.0,5.0,-2,0.6539381393434027,0.6539381393434027,0.6510441685837376
2025,17,2025_17_LA_ATL,ATL,LA,27.0,24.0,3.0,0.2896901343755599,1,False,8,11,0,fieldturf,closed,,,-7.5,00-0029604,00-0026498,-358.75578228494254,False,False,False,True,False,False,False,False,False,True,False,False,False,59.0,8.0,-3,0.18371689114102924,0.18371689114102924,0.24730083708174763
2025,18,2025_18_NO_ATL,ATL,NO,19.0,17.0,2.0,0.6802330678609693,1,False,6,7,1,fieldturf,closed,,,4.5,00-0029604,00-0040743,301.9372371753159,False,False,False,True,False,False,False,False,False,True,False,False,False,59.0,8.0,-1,0.6539025102332706,0.6539025102332706,0.6697008448098898
2025,18,2025_18_NYJ_BUF,BUF,NYJ,35.0,8.0,27.0,0.8787185189176453,1,False,7,7,1,a_turf,outdoors,27.0,13.0,12.5,00-0033869,00-0040398,792.1401934912858,True,False,False,False,False,False,False,False,False,False,False,False,True,27.0,13.0,0,0.907947846781684,0.907947846781684,0.8904102500632609
2025,18,2025_18_DET_CHI,CHI,DET,16.0,19.0,-3.0,0.5962676037523834,0,False,7,10,1,grass,outdoors,33.0,4.0,3.5,00-0039918,00-0033106,155.97491716740072,False,False,False,False,True,False,False,False,False,False,False,False,True,33.0,4.0,-3,0.6577668992495568,0.6577668992495568,0.6208673219512528
2025,18,2025_18_CLE_CIN,CIN,CLE,18.0,20.0,-2.0,0.7066307198700076,0,False,7,7,1,fieldturf,outdoors,37.0,0.0,9.5,00-0036442,00-0040668,351.6304209607735,False,False,False,True,False,False,False,False,False,False,False,False,True,37.0,0.0,0,0.8081850095874441,0.8081850095874441,0.7472524357569822
2025,18,2025_18_LAC_DEN,DEN,LAC,19.0,3.0,16.0,0.691814333740514,1,False,10,8,1,grass,outdoors,66.0,8.0,14.5,00-0039732,00-0037012,323.446080755473,False,False,False,False,True,False,False,False,False,False,False,False,True,66.0,8.0,2,0.7523817223564816,0.7523817223564816,0.716041289186901
2025,18,2025_18_IND_HOU,HOU,IND,38.0,30.0,8.0,0.7849166178152874,1,False,8,7,1,astroturf,closed,,,9.5,00-0039163,00-0040206,517.8206862955522,False,False,True,False,False,False,False,False,False,True,False,False,False,59.0,8.0,1,0.802491161114584,0.802491161114584,0.7919464351350061
2025,18,2025_18_TEN_JAX,JAX,TEN,41.0,7.0,34.0,0.8629292620510054,1,False,7,7,1,grass,outdoors,55.0,8.0,12.5,00-0036971,00-0040676,735.9342369043908,False,False,False,False,True,False,False,False,False,False,False,False,True,55.0,8.0,0,0.904157289850392,0.904157289850392,0.87942047317076
2025,18,2025_18_ARI_LA,LA,ARI,37.0,20.0,17.0,0.8530313777635965,1,False,6,7,1,matrixturf,dome,,,14.5,00-0026498,00-0033119,703.4308888724091,False,False,False,False,False,False,True,False,False,False,True,False,False,59.0,8.0,-1,0.8968593332616558,0.8968593332616558,0.8705625599628203
2025,18,2025_18_KC_LV,LV,KC,14.0,12.0,2.0,0.2790173548772831,1,False,7,10,1,grass,dome,,,-3.5,00-0038102,00-0037324,-379.73643307293867,False,False,False,False,True,False,False,False,False,False,True,False,False,59.0,8.0,-3,0.3959928499132369,0.3959928499132369,0.32580755289166463
2025,18,2025_18_GB_MIN,MIN,GB,16.0,3.0,13.0,0.7594573812046482,1,False,10,8,1,sportturf,dome,,,12.5,00-0039923,00-0038582,459.8827692829414,False,False,False,False,False,False,False,True,False,False,True,False,False,59.0,8.0,2,0.7714144328961458,0.7714144328961458,0.7642402018812473
2025,18,2025_18_MIA_NE,NE,MIA,38.0,10.0,28.0,0.7530371824840459,1,False,7,7,1,fieldturf,outdoors,29.0,6.0,14.0,00-0039851,00-0040234,445.9507267144316,False,False,False,True,False,False,False,False,False,False,False,False,True,29.0,6.0,0,0.8426605985284118,0.8426605985284118,0.7888865489017923
2025,18,2025_18_DAL_NYG,NYG,DAL,34.0,17.0,17.0,0.36480458911220887,1,False,7,10,1,fieldturf,outdoors,33.0,7.0,-3.0,00-0040691,00-0033077,-221.8283389238798,False,False,False,True,False,False,False,False,False,False,False,False,True,33.0,7.0,-3,0.4229782349626979,0.4229782349626979,0.3880740474524045
2025,18,2025_18_WAS_PHI,PHI,WAS,17.0,24.0,-7.0,0.8096858796273653,0,False,7,10,1,grass,outdoors,35.0,9.0,3.0,00-0038400,00-0026300,579.188158952419,False,False,False,False,True,False,False,False,False,False,False,False,True,35.0,9.0,-3,0.5918377000386481,0.5918377000386481,0.7225466077918784
2025,18,2025_18_BAL_PIT,PIT,BAL,26.0,24.0,2.0,0.4423382712524404,1,False,7,8,1,grass,outdoors,25.0,3.0,-4.5,00-0023459,00-0034796,-92.67105949078518,False,False,False,False,True,False,False,False,False,False,False,False,True,25.0,3.0,-1,0.2935827764844277,0.2935827764844277,0.38283607334523534
2025,18,2025_18_SEA_SF,SF,SEA,3.0,13.0,-10.0,0.42297973820768026,0,False,6,6,1,grass,outdoors,57.0,8.0,-2.5,00-0037834,00-0034869,-124.22124158747985,False,False,False,False,True,False,False,False,False,False,False,False,True,57.0,8.0,0,0.42702546125919827,0.42702546125919827,0.42459802742828745
2025,18,2025_18_CAR_TB,TB,CAR,16.0,14.0,2.0,0.6858141035331332,1,False,6,6,1,grass,outdoors,69.0,11.0,3.0,00-0034855,00-0039150,312.24870688209654,False,False,False,False,True,False,False,False,False,False,False,False,True,69.0,11.0,0,0.5864524859655992,0.5864524859655992,0.6460694565061196
